source_file,sbom_name,spdx_version,n_packages_total,n_dependencies,n_ecosystems,ecosystems,n_versions_exact,n_versions_range,has_unresolved_comment,created,recovered_concat,n_json_objects
20250423_921_sbom_data.json,com.github.liuxingyu980316/test_2,SPDX-2.3,1,0,0,,0,0,False,2025-04-23T12:47:25Z,False,1
20250220_774_sbom_data.json,com.github.aymankahya/Book-Club-Sign-Up-Form,SPDX-2.3,1,0,0,,0,0,False,2025-02-20T12:07:09Z,False,1
20250210_447_sbom_data.json,com.github.sekthor/singing-city,SPDX-2.3,933,932,3,"github_actions,golang,npm",928,0,False,2025-02-10T13:52:21Z,False,1
20250502_jumbo_4118_sbom_data.json,com.github.NomeDeUsuario1/nome-do-repositorio,SPDX-2.3,1,0,0,,0,0,False,2025-05-02T19:41:16Z,False,1
20250312_248_sbom_data.json,com.github.minetest-mods/vehicle_mash,SPDX-2.3,3,2,1,github_actions,1,0,False,2025-03-12T12:04:14Z,False,1
20250308_540_sbom_data.json,com.github.sashmlv/modules-hash,SPDX-2.3,14,13,1,npm,0,13,True,2025-03-08T13:54:56Z,False,1
20250306_1252_sbom_data.json,com.github.PhilipTayl/UnityTetrisX-master,SPDX-2.3,1,0,0,,0,0,False,2025-03-06T07:03:01Z,False,1
20250224_1572_sbom_data.json,com.github.GGandolph/GGandolph,SPDX-2.3,1,0,0,,0,0,False,2025-02-24T15:53:27Z,False,1
20250502_jumbo_3179_sbom_data.json,com.github.Nagajothi-Ganesh/Coffee-full-stack,SPDX-2.3,1064,1063,2,"npm,pypi",1062,0,False,2025-05-02T19:21:47Z,False,1
20250219_675_sbom_data.json,com.github.yuu/doxymacs,SPDX-2.3,1,0,0,,0,0,False,2025-02-19T11:16:38Z,False,1
20250428_1559_sbom_data.json,com.github.lava82/Opensearch,SPDX-2.3,1,0,0,,0,0,False,2025-04-28T11:54:24Z,False,1
20250502_jumbo_3958_sbom_data.json,com.github.nofarbs90/Tazuzu,SPDX-2.3,1,0,0,,0,0,False,2025-05-02T19:37:26Z,False,1
20250412_958_sbom_data.json,com.github.AlvaroSCclase/SorianoCaseroExaman3v,SPDX-2.3,1,0,0,,0,0,False,2025-04-12T18:53:24Z,False,1
20250217_898_sbom_data.json,com.github.bunmoom/vue-boss,SPDX-2.3,1,0,0,,0,0,False,2025-02-17T11:43:30Z,False,1
20250418_1503_sbom_data.json,com.github.jigardave/ChatDemo,SPDX-2.3,1,0,0,,0,0,False,2025-04-19T15:36:19Z,False,1
20250329_232_sbom_data.json,com.github.Vasilevykh-M/DipolomEngineer,SPDX-2.3,1,0,0,,0,0,False,2025-03-29T14:41:59Z,False,1
20250211_185_sbom_data.json,com.github.Kratos012/social-proof-section-master,SPDX-2.3,1,0,0,,0,0,False,2025-02-11T12:23:45Z,False,1
20250211_1366_sbom_data.json,com.github.exwhyeye/sandbox,SPDX-2.3,802,801,1,npm,798,0,False,2025-02-11T13:21:54Z,False,1
20250218_600_sbom_data.json,com.github.romainmoyon/LearnWebhookTest,SPDX-2.3,1,0,0,,0,0,False,2025-02-18T12:25:49Z,False,1
20250305_461_sbom_data.json,com.github.Dokloa/Asynchronous-Programming,SPDX-2.3,1,0,0,,0,0,False,2025-03-05T11:56:10Z,False,1
20250307_139_sbom_data.json,com.github.James-W-Berry/James-W-Berry.github.io,SPDX-2.3,1544,1543,1,npm,1540,0,False,2025-03-07T10:22:29Z,False,1
20250408_1328_sbom_data.json,com.github.Kangin-Lee/gitTest,SPDX-2.3,1,0,0,,0,0,False,2025-04-09T12:26:58Z,False,1
20250419_491_sbom_data.json,com.github.cobeisfresh/lemon-box,SPDX-2.3,556,555,1,npm,555,0,False,2025-04-19T15:44:44Z,False,1
20250210_735_sbom_data.json,com.github.aldo-rankpay/aldo-rankpay,SPDX-2.3,1,0,0,,0,0,False,2025-02-10T13:58:48Z,False,1
20250414_793_sbom_data.json,com.github.hgupta12/go-todo-rest-api,SPDX-2.3,21,20,1,golang,18,0,False,2025-04-14T09:39:31Z,False,1
20250303_1466_sbom_data.json,com.github.mathproger/test,SPDX-2.3,1,0,0,,0,0,False,2025-03-03T13:51:14Z,False,1
20250502_jumbo_12963_sbom_data.json,com.github.Cerynna/SpacialGame,SPDX-2.3,432,431,1,npm,431,0,False,2025-05-03T15:47:50Z,False,1
20250425_1297_sbom_data.json,com.github.luisg1119/Collaborative-Editing-Tool,SPDX-2.3,1,0,0,,0,0,False,2025-04-25T20:00:51Z,False,1
20250502_jumbo_1030_sbom_data.json,com.github.lernwithshubh/icici,SPDX-2.3,1,0,0,,0,0,False,2025-05-02T17:29:03Z,False,1
20250412_884_sbom_data.json,com.github.LAzyDev-101/Kaptcha-stupid-run-game-shit6,SPDX-2.3,1,0,0,,0,0,False,2025-04-12T16:08:05Z,False,1
20250329_1311_sbom_data.json,com.github.nikolaz03/WebShop,SPDX-2.3,1,0,0,,0,0,False,2025-03-29T14:56:57Z,False,1
20250305_747_sbom_data.json,com.github.buivanle/oop,SPDX-2.3,1,0,0,,0,0,False,2025-03-05T12:06:51Z,False,1
20250401_444_sbom_data.json,com.github.shraddha15-creator/ejs-book-reading,SPDX-2.3,1,0,0,,0,0,False,2025-04-05T13:32:26Z,True,2
20250418_1277_sbom_data.json,com.github.Petrosbid/LutosProject,SPDX-2.3,1,0,0,,0,0,False,2025-04-19T15:33:57Z,False,1
20250312_806_sbom_data.json,com.github.vitovicenti/dama_italiana_java,SPDX-2.3,1,0,0,,0,0,False,2025-03-12T12:38:37Z,False,1
20250208_631_sbom_data.json,com.github.np185182/Git_Assignment,SPDX-2.3,1,0,0,,0,0,False,2025-02-09T20:57:16Z,False,1
20250502_jumbo_7276_sbom_data.json,com.github.amilleker/redshift_scripts,SPDX-2.3,1,0,0,,0,0,False,2025-05-03T01:02:03Z,False,1
20250226_578_sbom_data.json,com.github.13stMichael/Springbootexample,SPDX-2.3,1,0,0,,0,0,False,2025-02-26T12:36:43Z,False,1
20250430_754_sbom_data.json,com.github.louvetr/cl_snake,SPDX-2.3,1,0,0,,0,0,False,2025-04-30T13:52:22Z,False,1
20250329_365_sbom_data.json,com.github.Lucian-Ga/starter-pete-thinkful-portfolio,SPDX-2.3,1,0,0,,0,0,False,2025-03-29T14:43:40Z,False,1
20250320_1023_sbom_data.json,com.github.klefo0/mirai_maintain,SPDX-2.3,334,333,1,npm,331,0,False,2025-03-20T14:19:11Z,False,1
20250312_751_sbom_data.json,com.github.volpato30/2017-fall-DC1-,SPDX-2.3,1,0,0,,0,0,False,2025-03-12T12:37:49Z,False,1
20250226_1388_sbom_data.json,com.github.rohakd/CSES,SPDX-2.3,1,0,0,,0,0,False,2025-02-26T12:46:36Z,False,1
20250305_13_sbom_data.json,com.github.Faskhetdinova/Faskhetdinova,SPDX-2.3,1,0,0,,0,0,False,2025-03-05T11:41:50Z,False,1
20250502_jumbo_8130_sbom_data.json,com.github.lannistar1/AirBnB-clone---Deploy-static,SPDX-2.3,1,0,0,,0,0,False,2025-05-03T01:44:59Z,False,1
20250319_388_sbom_data.json,com.github.DarkRebel/inmoov_model,SPDX-2.3,1,0,0,,0,0,False,2025-03-19T08:59:32Z,False,1
20250219_622_sbom_data.json,com.github.ricchie92/pasartengah,SPDX-2.3,1,0,0,,0,0,False,2025-02-19T11:14:58Z,False,1
20250218_441_sbom_data.json,com.github.Baltazzzzar/GIT-3-task-UiA,SPDX-2.3,1,0,0,,0,0,False,2025-02-18T12:23:09Z,False,1
20250324_485_sbom_data.json,com.github.SamCambraia1/SamCambraia1,SPDX-2.3,3,2,1,github_actions,1,0,False,2025-03-24T11:39:48Z,False,1
20250219_1142_sbom_data.json,com.github.samyak-hash/sign-language-recognition,SPDX-2.3,41,40,1,pub,40,0,False,2025-02-19T11:22:18Z,False,1
20250322_1313_sbom_data.json,com.github.amindoy/Catastrophego,SPDX-2.3,1,0,0,,0,0,False,2025-03-22T15:26:56Z,False,1
20250320_1664_sbom_data.json,com.github.tanu555/Plypicker,SPDX-2.3,1,0,0,,0,0,False,2025-03-20T14:29:21Z,False,1
20250419_796_sbom_data.json,com.github.AyoubZit/rebasing,SPDX-2.3,1,0,0,,0,0,False,2025-04-19T16:45:52Z,False,1
20250311_101_sbom_data.json,com.github.Rasoul-Zahedifar/Lyapunov-Based-Formation-Control-of-Underwater-Robots,SPDX-2.3,1,0,0,,0,0,False,2025-03-11T11:49:48Z,False,1
20250212_779_sbom_data.json,com.github.afortier12/RCA_Fiix_scripts,SPDX-2.3,1,0,0,,0,0,False,2025-02-12T12:44:06Z,False,1
20250502_jumbo_1943_sbom_data.json,com.github.littles1/AVL_BST,SPDX-2.3,1,0,0,,0,0,False,2025-05-02T18:20:51Z,False,1
20250402_776_sbom_data.json,com.github.romaniptv1/mpd,SPDX-2.3,1,0,0,,0,0,False,2025-04-02T17:03:26Z,True,2
20250411_866_sbom_data.json,com.github.intoffset/flutter_examples,SPDX-2.3,47,46,1,pub,45,1,True,2025-04-11T14:46:04Z,False,1
20250222_440_sbom_data.json,com.github.martinhasenbalg/Landing-Video-Page,SPDX-2.3,1,0,0,,0,0,False,2025-02-22T13:36:41Z,False,1
20250324_242_sbom_data.json,com.github.kritikm/TheAgeBlog,SPDX-2.3,2,1,1,composer,1,0,False,2025-03-24T11:36:18Z,False,1
20250216_994_sbom_data.json,com.github.jitendrarawat4/CS623_Project,SPDX-2.3,1,0,0,,0,0,False,2025-02-16T13:05:02Z,False,1
20250413_645_sbom_data.json,com.github.Sidoine45/Sidoine45,SPDX-2.3,1,0,0,,0,0,False,2025-04-13T13:52:50Z,False,1
20250314_336_sbom_data.json,com.github.MahnFrammen/VBA-Challenge,SPDX-2.3,1,0,0,,0,0,False,2025-03-14T11:32:19Z,False,1
20250422_593_sbom_data.json,com.github.Frosku/ocellus,SPDX-2.3,1,0,0,,0,0,False,2025-04-23T14:33:52Z,False,1
20250421_382_sbom_data.json,com.github.math-reis/leet,SPDX-2.3,1,0,0,,0,0,False,2025-04-21T11:50:46Z,False,1
20250322_241_sbom_data.json,com.github.markitr/tabulate,SPDX-2.3,7,6,1,github_actions,5,0,False,2025-03-22T14:30:04Z,False,1
20250416_657_sbom_data.json,com.github.JSoulas/github-slideshow,SPDX-2.3,95,94,2,"gem,npm",94,0,False,2025-04-16T19:33:52Z,False,1
20250302_31_sbom_data.json,com.github.kevinsenjaya24/coba,SPDX-2.3,1,0,0,,0,0,False,2025-03-02T12:50:52Z,False,1
20250502_jumbo_10892_sbom_data.json,com.github.samithaf/nextjs-docker,SPDX-2.3,31,30,2,"github_actions,npm",29,1,False,2025-05-03T14:32:05Z,False,1
20250215_886_sbom_data.json,com.github.cread/pytest-caplog-ray,SPDX-2.3,1,0,0,,0,0,False,2025-02-15T14:58:34Z,False,1
20250213_1182_sbom_data.json,com.github.ntaxus/ActivityPatterns,SPDX-2.3,1,0,0,,0,0,False,2025-02-13T13:07:04Z,False,1
20250426_291_sbom_data.json,com.github.PinkGerbil/VRGameJam,SPDX-2.3,1,0,0,,0,0,False,2025-04-26T10:14:48Z,False,1
20250306_550_sbom_data.json,com.github.SwanandPurkar/TextUtils-React,SPDX-2.3,1217,1216,1,npm,1211,0,False,2025-03-06T06:53:59Z,False,1
20250502_jumbo_979_sbom_data.json,com.github.AnushanR/emojiDictionary,SPDX-2.3,1392,1391,1,npm,1388,0,False,2025-05-02T17:28:08Z,False,1
20250314_1168_sbom_data.json,com.github.Adisibolga2020/recall,SPDX-2.3,1,0,0,,0,0,False,2025-03-14T12:32:54Z,False,1
20250217_1156_sbom_data.json,com.github.Krtiiik/RCPSPSandbox,SPDX-2.3,1,0,0,,0,0,False,2025-02-17T11:51:59Z,False,1
20250307_1428_sbom_data.json,com.github.kashtech79/advanced-java,SPDX-2.3,3,2,1,maven,1,0,False,2025-03-07T13:10:22Z,False,1
20250219_396_sbom_data.json,com.github.kovavishal/Doodleblue_task,SPDX-2.3,1,0,0,,0,0,False,2025-02-19T11:12:17Z,False,1
20250324_527_sbom_data.json,com.github.ashleysmith-711/.NetCoreNg6Workshop,SPDX-2.3,1,0,0,,0,0,False,2025-03-24T11:40:23Z,False,1
20250312_76_sbom_data.json,com.github.Ubivam/Resume,SPDX-2.3,1,0,0,,0,0,False,2025-03-12T12:01:45Z,False,1
20250402_1205_sbom_data.json,com.github.Liaso1/Homework14,SPDX-2.3,1,0,0,,0,0,False,2025-04-02T18:58:44Z,True,2
20250423_246_sbom_data.json,com.github.CartamApps/FoodProject,SPDX-2.3,1,0,0,,0,0,False,2025-04-23T12:24:27Z,False,1
20250322_820_sbom_data.json,com.github.edongashi/e-Travel-PHP,SPDX-2.3,1,0,0,,0,0,False,2025-03-22T14:42:40Z,False,1
20250227_1133_sbom_data.json,com.github.DataDog/go-runtime-metrics-internal,SPDX-2.3,7,6,2,"github_actions,golang",4,2,False,2025-02-27T10:20:49Z,False,1
20250323_221_sbom_data.json,com.github.nvirth/BookTera-WinStore,SPDX-2.3,4,3,1,nuget,3,0,False,2025-03-23T12:17:48Z,False,1
20250321_648_sbom_data.json,com.github.lbl1985/learnPug,SPDX-2.3,3,2,1,npm,0,2,True,2025-03-21T12:39:46Z,False,1
20250304_332_sbom_data.json,com.github.DestinyObs/alx-pre_course,SPDX-2.3,1,0,0,,0,0,False,2025-03-04T11:23:19Z,False,1
20250427_371_sbom_data.json,com.github.lucasalmeida07/dio-challanges,SPDX-2.3,1,0,0,,0,0,False,2025-04-27T12:38:57Z,False,1
20250311_1412_sbom_data.json,com.github.jnweiger/freecad-macro-MeasureDistance,SPDX-2.3,1,0,0,,0,0,False,2025-03-11T14:29:06Z,False,1
20250502_jumbo_10401_sbom_data.json,com.github.marjofeb/2349,SPDX-2.3,1,0,0,,0,0,False,2025-05-03T13:26:43Z,False,1
20250429_1254_sbom_data.json,com.github.freedy8910/UNITY_2D_RUN,SPDX-2.3,1,0,0,,0,0,False,2025-04-29T13:48:51Z,False,1
20250424_976_sbom_data.json,com.github.juliamchdo/Mochila-para-viagem,SPDX-2.3,1,0,0,,0,0,False,2025-04-24T12:04:34Z,False,1
20250216_1198_sbom_data.json,com.github.xifenggpiaoliu/first,SPDX-2.3,1,0,0,,0,0,False,2025-02-16T13:07:29Z,False,1
20250420_249_sbom_data.json,com.github.smy329/car-doctor-express-server,SPDX-2.3,86,85,1,npm,85,0,False,2025-04-20T11:10:29Z,False,1
20250423_1657_sbom_data.json,com.github.lucassc/conteinerizacao-ada-mar-2024,SPDX-2.3,1,0,0,,0,0,False,2025-04-23T13:49:18Z,False,1
20250228_1192_sbom_data.json,com.github.lb5848/TCellMultipotencyIndex,SPDX-2.3,1,0,0,,0,0,False,2025-02-28T12:42:50Z,False,1
20250411_46_sbom_data.json,com.github.bmclol/lol,SPDX-2.3,1,0,0,,0,0,False,2025-04-11T14:04:50Z,False,1
20250502_jumbo_1842_sbom_data.json,com.github.AlexTretyakov1488/AndroidStudio,SPDX-2.3,1,0,0,,0,0,False,2025-05-02T18:19:16Z,False,1
20250308_526_sbom_data.json,com.github.a1546240512/Popedom,SPDX-2.3,1,0,0,,0,0,False,2025-03-08T13:53:34Z,False,1
20250227_1257_sbom_data.json,com.github.kishore-work-hard/kishore-work-hard,SPDX-2.3,1,0,0,,0,0,False,2025-02-27T10:29:01Z,False,1
20250403_128_sbom_data.json,com.github.sailibhinganiya/personal-portfolio,SPDX-2.3,1,0,0,,0,0,False,2025-04-03T10:02:58Z,False,1
20250324_396_sbom_data.json,com.github.j2eework/com.pypay.sofa,SPDX-2.3,19,18,1,maven,8,0,True,2025-03-24T11:38:33Z,False,1
20250311_431_sbom_data.json,com.github.XiroLegends/flowersdream,SPDX-2.3,1,0,0,,0,0,False,2025-03-11T11:56:52Z,False,1
20250424_1032_sbom_data.json,com.github.AnusreeDas01/warranty_garage_web,SPDX-2.3,1,0,0,,0,0,False,2025-04-24T12:16:53Z,False,1
20250429_549_sbom_data.json,com.github.mark-burnett/prom-vagrant,SPDX-2.3,1,0,0,,0,0,False,2025-04-29T13:36:03Z,False,1
20250414_1552_sbom_data.json,com.github.mustafashakeel/learningnew,SPDX-2.3,1,0,0,,0,0,False,2025-04-14T10:25:35Z,False,1
20250305_61_sbom_data.json,com.github.Mohemmad2023/Mohemmad2023,SPDX-2.3,1,0,0,,0,0,False,2025-03-05T11:42:32Z,False,1
20250429_1451_sbom_data.json,com.github.Rahulers20/PaintJob,SPDX-2.3,1,0,0,,0,0,False,2025-04-29T14:00:58Z,False,1
20250318_1265_sbom_data.json,com.github.TaapasSharma/asssignment-PW,SPDX-2.3,1,0,0,,0,0,False,2025-03-18T16:12:07Z,False,1
20250502_jumbo_899_sbom_data.json,com.github.wzgl5533/CustomView,SPDX-2.3,1,0,0,,0,0,False,2025-05-02T17:26:43Z,False,1
20250214_1461_sbom_data.json,com.github.LacoAncaLaura/PhoneBook,SPDX-2.3,6,5,1,maven,5,0,False,2025-02-14T13:30:05Z,False,1
20250306_771_sbom_data.json,com.github.yushuz/zoe-null-safety,SPDX-2.3,28,27,2,"pub,pypi",27,0,False,2025-03-06T06:56:35Z,False,1
20250211_242_sbom_data.json,com.github.CostaGabi04/projetoBootstrap,SPDX-2.3,1,0,0,,0,0,False,2025-02-11T12:27:44Z,False,1
20250317_1202_sbom_data.json,com.github.agerome-tes/datasciencecoursera,SPDX-2.3,1,0,0,,0,0,False,2025-03-17T12:48:52Z,False,1
20250327_1054_sbom_data.json,com.github.romaaaa0/Zoo,SPDX-2.3,44,43,1,npm,36,0,False,2025-03-27T12:32:12Z,False,1
20250311_1557_sbom_data.json,com.github.brennerpaiva/java-finance,SPDX-2.3,1,0,0,,0,0,False,2025-03-11T14:30:40Z,False,1
20250215_283_sbom_data.json,com.github.alexyd88/Dijkstra-Visualizer,SPDX-2.3,1304,1303,1,npm,1296,0,False,2025-02-15T14:50:15Z,False,1
20250304_586_sbom_data.json,com.github.kabeerali1825/Intrusion-Detection-system-using-ML-MODEL,SPDX-2.3,1,0,0,,0,0,False,2025-03-04T11:32:49Z,False,1
20250415_340_sbom_data.json,com.github.fadillah1234567/html.css.javasript,SPDX-2.3,1,0,0,,0,0,False,2025-04-16T11:43:14Z,False,1
20250502_jumbo_13314_sbom_data.json,com.github.harodemanish/javascripproject,SPDX-2.3,1226,1225,1,npm,1219,0,False,2025-05-03T15:52:06Z,False,1
20250317_1073_sbom_data.json,com.github.VineshAXL/helloworld,SPDX-2.3,1,0,0,,0,0,False,2025-03-17T12:47:02Z,False,1
20250304_89_sbom_data.json,com.github.yacine-54/test,SPDX-2.3,1,0,0,,0,0,False,2025-03-04T11:19:58Z,False,1
20250425_763_sbom_data.json,com.github.dev-qipeng/cms,SPDX-2.3,1,0,0,,0,0,False,2025-04-25T18:53:58Z,False,1
20250407_203_sbom_data.json,com.github.Elikdev/nestjs-rest-api,SPDX-2.3,704,703,1,npm,701,0,False,2025-04-07T11:01:09Z,False,1
20250326_1599_sbom_data.json,com.github.k0schey/Array_Equal_Num,SPDX-2.3,1,0,0,,0,0,False,2025-03-26T14:18:51Z,False,1
20250424_1557_sbom_data.json,com.github.igor-montezuma-dev/Objetos---Js,SPDX-2.3,1,0,0,,0,0,False,2025-04-25T12:21:55Z,False,1
20250402_682_sbom_data.json,com.github.feu-fire/30-12-17-html,SPDX-2.3,1,0,0,,0,0,False,2025-04-02T17:00:32Z,True,2
20250224_662_sbom_data.json,com.github.Pozo/kotlin-mapper,SPDX-2.3,1,0,0,,0,0,False,2025-02-24T14:31:04Z,False,1
20250311_1083_sbom_data.json,com.github.cwachong/ENSC413_DeepLearning,SPDX-2.3,1,0,0,,0,0,False,2025-03-11T12:22:12Z,False,1
20250224_158_sbom_data.json,com.github.sambloom1/space_distances,SPDX-2.3,1,0,0,,0,0,False,2025-02-24T14:18:48Z,False,1
20250308_841_sbom_data.json,com.github.wanya-park/First-HTML.html,SPDX-2.3,1,0,0,,0,0,False,2025-03-08T14:03:28Z,False,1
20250502_jumbo_4740_sbom_data.json,com.github.abolybook/aboly,SPDX-2.3,1,0,0,,0,0,False,2025-05-02T21:36:18Z,False,1
20250414_812_sbom_data.json,com.github.lifeisstillgood/paperless-engineering,SPDX-2.3,1,0,0,,0,0,False,2025-04-14T09:39:48Z,False,1
20250412_1361_sbom_data.json,com.github.solloc/image-hub-legacy,SPDX-2.3,30,29,1,npm,1,28,False,2025-04-12T18:57:45Z,False,1
20250310_714_sbom_data.json,com.github.Nidhay-max/c-74-project,SPDX-2.3,1,0,0,,0,0,False,2025-03-10T11:17:29Z,False,1
20250502_jumbo_5126_sbom_data.json,com.github.aamixsh/instiWallet,SPDX-2.3,1,0,0,,0,0,False,2025-05-02T21:43:57Z,False,1
20250417_410_sbom_data.json,com.github.tianyi00tiyan/static,SPDX-2.3,1,0,0,,0,0,False,2025-04-17T10:45:52Z,False,1
20250330_1380_sbom_data.json,com.github.julianscott/testblog,SPDX-2.3,1,0,0,,0,0,False,2025-03-30T13:24:48Z,False,1
20250417_208_sbom_data.json,com.github.pedroluzio/EducationEllie,SPDX-2.3,10,9,1,nuget,9,0,False,2025-04-17T10:40:56Z,False,1
20250326_746_sbom_data.json,com.github.kangandroid/download_tool,SPDX-2.3,1,0,0,,0,0,False,2025-03-26T13:00:08Z,False,1
20250322_303_sbom_data.json,com.github.kenwang0726/ken,SPDX-2.3,1,0,0,,0,0,False,2025-03-22T14:30:58Z,False,1
20250305_570_sbom_data.json,com.github.neerajjainmca02/merge_conflict,SPDX-2.3,1,0,0,,0,0,False,2025-03-05T11:57:50Z,False,1
20250224_1367_sbom_data.json,com.github.maxguil/tp3,SPDX-2.3,11,10,1,maven,7,0,True,2025-02-24T14:45:29Z,False,1
20250408_571_sbom_data.json,com.github.O-OF-N/ChemicalFormulaSimplification,SPDX-2.3,1,0,0,,0,0,False,2025-04-08T11:54:56Z,False,1
20250406_695_sbom_data.json,com.github.DaveR2017/Html,SPDX-2.3,1,0,0,,0,0,False,2025-04-06T11:26:20Z,False,1
20250218_1623_sbom_data.json,com.github.GuTaoZi/CS323_Compilers,SPDX-2.3,1,0,0,,0,0,False,2025-02-18T13:27:44Z,False,1
20250502_jumbo_671_sbom_data.json,com.github.pixelandpen/content_inventory,SPDX-2.3,1,0,0,,0,0,False,2025-05-02T17:22:44Z,False,1
20250213_1397_sbom_data.json,com.github.mdbellalh/origin-wordpress-multisite-rw,SPDX-2.3,1,0,0,,0,0,False,2025-02-13T13:54:54Z,False,1
20250220_465_sbom_data.json,com.github.ldsvrn/edt-parser,SPDX-2.3,1,0,0,,0,0,False,2025-02-20T12:02:40Z,False,1
20250225_896_sbom_data.json,com.github.MahikaTiwari/trexgame,SPDX-2.3,1,0,0,,0,0,False,2025-02-25T13:20:44Z,False,1
20250422_385_sbom_data.json,com.github.pssampat/functions_finder,SPDX-2.3,1,0,0,,0,0,False,2025-04-23T14:29:22Z,False,1
20250226_632_sbom_data.json,com.github.meganzhang88/LearnTogether,SPDX-2.3,348,347,1,npm,346,0,False,2025-02-26T12:37:20Z,False,1
20250428_713_sbom_data.json,com.github.ArvinCJH/StudyLanguageBase,SPDX-2.3,1,0,0,,0,0,False,2025-04-28T10:39:30Z,False,1
20250329_276_sbom_data.json,com.github.goblinfactory/git-cheat,SPDX-2.3,1,0,0,,0,0,False,2025-03-29T14:42:35Z,False,1
20250419_1006_sbom_data.json,com.github.Skyggfisk/startpage,SPDX-2.3,1,0,0,,0,0,False,2025-04-19T16:56:42Z,False,1
20250215_1295_sbom_data.json,com.github.anonimtester/cookies_example,SPDX-2.3,1,0,0,,0,0,False,2025-02-15T15:05:32Z,False,1
20250325_132_sbom_data.json,com.github.Shekharrajak/pleasesoundhorn_Website_official,SPDX-2.3,8,7,1,npm,0,7,False,2025-03-25T12:07:19Z,False,1
20250324_780_sbom_data.json,com.github.AbhishekKumar1github/RECOMMENDATION-SYSTEM,SPDX-2.3,1,0,0,,0,0,False,2025-03-24T11:44:37Z,False,1
20250418_910_sbom_data.json,com.github.DidierVigoya/app-pedidos-backend,SPDX-2.3,543,542,1,npm,540,0,False,2025-04-19T14:55:45Z,False,1
20250403_810_sbom_data.json,com.github.simply-codes/Guid-Spoofer-Csharp,SPDX-2.3,1,0,0,,0,0,False,2025-04-03T10:13:09Z,False,1
20250411_1082_sbom_data.json,com.github.JosieSavill/sandbox,SPDX-2.3,1,0,0,,0,0,False,2025-04-11T14:49:11Z,False,1
20250309_192_sbom_data.json,com.github.senai-pod-pa/garagem,SPDX-2.3,1,0,0,,0,0,False,2025-03-09T12:38:17Z,False,1
20250413_84_sbom_data.json,com.github.navrattan12/community-starter-kit,SPDX-2.3,1,0,0,,0,0,False,2025-04-13T13:43:32Z,False,1
20250209_1404_sbom_data.json,com.github.clickteam-plugin/TileMap,SPDX-2.3,1,0,0,,0,0,False,2025-02-09T01:24:51Z,True,2
20250428_680_sbom_data.json,com.github.10153253/iammagisk,SPDX-2.3,1,0,0,,0,0,False,2025-04-28T10:39:00Z,False,1
20250502_jumbo_13802_sbom_data.json,com.github.ya2s34/AIDOUNI-ELBAKKOUCHI_C2,SPDX-2.3,84,83,1,npm,82,0,False,2025-05-03T19:38:32Z,False,1
20250221_1355_sbom_data.json,com.github.yasin-arft/web-developer-portfolio,SPDX-2.3,1,0,0,,0,0,False,2025-02-21T13:25:57Z,False,1
20250428_936_sbom_data.json,com.github.MOTO-M8916/hardware_qcom_display,SPDX-2.3,1,0,0,,0,0,False,2025-04-28T10:42:50Z,False,1
20250411_989_sbom_data.json,com.github.severus2293/qt_compgraph_lab7,SPDX-2.3,1,0,0,,0,0,False,2025-04-11T14:47:53Z,False,1
20250502_jumbo_5822_sbom_data.json,com.github.eapark/Computer-Vision,SPDX-2.3,1,0,0,,0,0,False,2025-05-02T22:34:40Z,False,1
20250311_1388_sbom_data.json,com.github.afroraydude/busycheck-api,SPDX-2.3,235,234,1,npm,232,0,False,2025-03-11T14:28:50Z,False,1
20250502_jumbo_9047_sbom_data.json,com.github.epochwolf/irssi_log_reader,SPDX-2.3,6,5,1,gem,0,5,True,2025-05-03T02:11:38Z,False,1
20250424_11_sbom_data.json,com.github.jcwebd/code-flex,SPDX-2.3,1,0,0,,0,0,False,2025-04-24T11:41:09Z,False,1
20250320_100_sbom_data.json,com.github.WellSilva/ttrends,SPDX-2.3,426,425,1,npm,424,0,False,2025-03-20T12:34:10Z,False,1
20250220_80_sbom_data.json,com.github.Juanpalai/juanpalai,SPDX-2.3,1,0,0,,0,0,False,2025-02-20T11:49:23Z,False,1
20250314_397_sbom_data.json,com.github.gitproject213/newpro_134,SPDX-2.3,1,0,0,,0,0,False,2025-03-14T11:33:19Z,False,1
20250330_99_sbom_data.json,com.github.logue/MabiPack,SPDX-2.3,10,9,1,nuget,9,0,False,2025-03-30T12:42:34Z,False,1
20250226_319_sbom_data.json,com.github.Aboubacar22777/Aboubacar22777,SPDX-2.3,1,0,0,,0,0,False,2025-02-26T12:31:32Z,False,1
20250402_1261_sbom_data.json,com.github.pavan3124/djangoproject1,SPDX-2.3,1,0,0,,0,0,False,2025-04-02T18:59:31Z,True,2
20250208_1601_sbom_data.json,com.github.vulcan942/testimonial-section-frontend-mentor,SPDX-2.3,1,0,0,,0,0,False,2025-02-09T22:35:43Z,False,1
20250502_jumbo_14043_sbom_data.json,com.github.BrandonLavigne/DankDefense,SPDX-2.3,1,0,0,,0,0,False,2025-05-03T19:43:09Z,False,1
20250502_jumbo_13615_sbom_data.json,com.github.hoangpdang578/proxy,SPDX-2.3,1,0,0,,0,0,False,2025-05-03T17:12:00Z,False,1
20250310_824_sbom_data.json,com.github.Nikita-Rao24/Peak-detection,SPDX-2.3,2,1,1,pypi,0,0,True,2025-03-10T11:19:32Z,False,1
20250407_447_sbom_data.json,com.github.Deol/Handwriting,SPDX-2.3,1,0,0,,0,0,False,2025-04-07T11:06:18Z,False,1
20250502_jumbo_7862_sbom_data.json,com.github.Dreon207/ya-pytalsya-3.1,SPDX-2.3,1,0,0,,0,0,False,2025-05-03T01:10:10Z,False,1
20250228_949_sbom_data.json,com.github.zy0531/website,SPDX-2.3,1,0,0,,0,0,False,2025-02-28T12:37:02Z,False,1
20250408_224_sbom_data.json,com.github.piwenprivate/repertory,SPDX-2.3,1,0,0,,0,0,False,2025-04-08T11:44:28Z,False,1
20250220_1377_sbom_data.json,com.github.ridhomyers/senjacoffe,SPDX-2.3,1,0,0,,0,0,False,2025-02-20T12:57:12Z,False,1
20250422_1521_sbom_data.json,com.github.TeagaH-BL/Portifolio,SPDX-2.3,1,0,0,,0,0,False,2025-04-24T00:52:32Z,False,1
20250315_1221_sbom_data.json,com.github.Rajikul340/atg-world,SPDX-2.3,1225,1224,1,npm,1219,0,False,2025-03-15T15:31:05Z,True,2
20250423_839_sbom_data.json,com.github.zsb-stu/zsb-stu.github.io,SPDX-2.3,1,0,0,,0,0,False,2025-04-23T12:45:47Z,False,1
20250408_221_sbom_data.json,com.github.kjenod/pubsub-facades,SPDX-2.3,3,2,1,pypi,0,0,True,2025-04-08T11:44:26Z,False,1
20250420_21_sbom_data.json,com.github.beunwa/blog,SPDX-2.3,1,0,0,,0,0,False,2025-04-20T11:07:02Z,False,1
20250303_1483_sbom_data.json,com.github.yuki-koma2/continuous-integration-circle,SPDX-2.3,101,100,1,gem,100,0,False,2025-03-03T13:51:27Z,False,1
20250225_895_sbom_data.json,com.github.kikofrickmann/kiko,SPDX-2.3,1,0,0,,0,0,False,2025-02-25T13:20:44Z,False,1
20250323_91_sbom_data.json,com.github.SparkEquation/basic-app-react-native,SPDX-2.3,809,808,1,npm,807,0,False,2025-03-23T12:16:20Z,False,1
20250502_jumbo_7959_sbom_data.json,com.github.KovalevskayaX5/ProductMananger,SPDX-2.3,7,6,2,"github_actions,maven",6,0,False,2025-05-03T01:11:09Z,False,1
20250226_912_sbom_data.json,com.github.RufusMbugua/laravel-5,SPDX-2.3,1,0,0,,0,0,False,2025-02-26T12:40:27Z,False,1
20250412_1438_sbom_data.json,com.github.prajwaljadhav/Hadoop_Assign1_Prajwal_7045,SPDX-2.3,1,0,0,,0,0,False,2025-04-12T18:58:39Z,False,1
20250411_1310_sbom_data.json,com.github.WPPlugins/syntax-highlighter-for-postpage-html-editor,SPDX-2.3,1,0,0,,0,0,False,2025-04-11T14:52:35Z,False,1
20250208_109_sbom_data.json,com.github.parth0180/Landingpage,SPDX-2.3,1,0,0,,0,0,False,2025-02-09T20:43:48Z,False,1
20250419_1455_sbom_data.json,com.github.Kuchezai/laravel-mysql-example,SPDX-2.3,113,112,2,"composer,npm",107,5,False,2025-04-19T17:02:18Z,False,1
20250318_1242_sbom_data.json,com.github.claudiavazquezmayor/Coursera_Capstone,SPDX-2.3,1,0,0,,0,0,False,2025-03-18T16:11:41Z,False,1
20250406_1338_sbom_data.json,com.github.ArtemBlyshchyk/HW_6_DOM,SPDX-2.3,1,0,0,,0,0,False,2025-04-06T11:32:13Z,False,1
20250209_999_sbom_data.json,com.github.loragriffin/blog_app,SPDX-2.3,1,0,0,,0,0,False,2025-02-09T01:06:42Z,True,2
20250220_86_sbom_data.json,com.github.Jose21/SystemPod,SPDX-2.3,1,0,0,,0,0,False,2025-02-20T11:49:29Z,False,1
20250322_485_sbom_data.json,com.github.arafat877/devconnector_2.0,SPDX-2.3,1,0,0,,0,0,False,2025-03-22T14:38:05Z,False,1
20250316_1292_sbom_data.json,com.github.fajaramaulana/perpustakaan-expressjs,SPDX-2.3,345,344,1,npm,343,0,False,2025-03-16T12:08:41Z,False,1
20250308_1092_sbom_data.json,com.github.Ferdimanaaa/polymer-template,SPDX-2.3,552,551,1,npm,549,0,False,2025-03-08T14:23:07Z,False,1
20250214_296_sbom_data.json,com.github.lucapericlp/whirlwind-fortran,SPDX-2.3,1,0,0,,0,0,False,2025-02-14T12:31:05Z,False,1
20250308_1329_sbom_data.json,com.github.ehimmelstoss-usgs/dsasv5,SPDX-2.3,6,5,1,nuget,5,0,False,2025-03-08T14:37:41Z,False,1
20250415_378_sbom_data.json,com.github.preetam73/Analysis-Vaccine-,SPDX-2.3,1,0,0,,0,0,False,2025-04-16T11:43:36Z,False,1
20250216_983_sbom_data.json,com.github.DMHSoftUKLtd/StockController,SPDX-2.3,1,0,0,,0,0,False,2025-02-16T13:04:54Z,False,1
20250217_661_sbom_data.json,com.github.F4LliNgyo/F4LliNgyo,SPDX-2.3,1,0,0,,0,0,False,2025-02-17T11:36:54Z,False,1
20250502_jumbo_2331_sbom_data.json,com.github.whitexgod/notifying-bot,SPDX-2.3,25,24,1,pypi,24,0,False,2025-05-02T18:31:03Z,False,1
20250405_877_sbom_data.json,com.github.altun42/ReCapProject,SPDX-2.3,2,1,1,nuget,1,0,False,2025-04-05T15:43:53Z,False,1
20250215_821_sbom_data.json,com.github.zhtpandog/multilabel_evaluator,SPDX-2.3,1,0,0,,0,0,False,2025-02-15T14:57:48Z,False,1
20250502_jumbo_7618_sbom_data.json,com.github.sayan08/HCA_Target_Response,SPDX-2.3,1,0,0,,0,0,False,2025-05-03T01:05:44Z,False,1
20250411_217_sbom_data.json,com.github.rogerpence/generate-json-table-schema,SPDX-2.3,4,3,1,nuget,3,0,False,2025-04-11T14:07:20Z,False,1
20250502_jumbo_855_sbom_data.json,com.github.theNnamthe/Shopsmart_Customer_behaviour_Analysis,SPDX-2.3,1,0,0,,0,0,False,2025-05-02T17:25:57Z,False,1
20250222_614_sbom_data.json,com.github.GamesAtHome/GamesAtHomegithub.io,SPDX-2.3,1,0,0,,0,0,False,2025-02-22T13:38:55Z,False,1
20250223_108_sbom_data.json,com.github.h1yashi00/AnnihilationV2,SPDX-2.3,1,0,0,,0,0,False,2025-02-23T13:19:24Z,False,1
20250426_1545_sbom_data.json,com.github.PhuongTMR/pdfgen-python,SPDX-2.3,24,23,1,pypi,23,0,False,2025-04-26T11:23:42Z,False,1
20250404_533_sbom_data.json,com.github.LucasOtw/SAE-1.04-BDD,SPDX-2.3,1,0,0,,0,0,False,2025-04-05T17:19:48Z,False,1
20250413_237_sbom_data.json,com.github.kshiga/SPRING2013,SPDX-2.3,1,0,0,,0,0,False,2025-04-13T13:45:23Z,False,1
20250227_1563_sbom_data.json,com.github.NITIN1001/Parallallization-Of-Rabin-Karp-Algorithm,SPDX-2.3,1,0,0,,0,0,False,2025-02-27T10:36:39Z,False,1
20250311_1109_sbom_data.json,com.github.bruceminanga/Day-Of-The-week.JS-Complete,SPDX-2.3,1,0,0,,0,0,False,2025-03-11T12:22:36Z,False,1
20250410_813_sbom_data.json,com.github.Shadow271109/Project-58,SPDX-2.3,1,0,0,,0,0,False,2025-04-10T10:33:02Z,False,1
20250420_1325_sbom_data.json,com.github.cscott523/hello-csta,SPDX-2.3,1,0,0,,0,0,False,2025-04-20T11:31:15Z,False,1
20250329_448_sbom_data.json,com.github.ShaneFairweather/React-iTunes,SPDX-2.3,21,20,1,npm,0,20,False,2025-03-29T14:44:44Z,False,1
20250304_731_sbom_data.json,com.github.angelapulgarin/MENU-LATERAL-FLEX,SPDX-2.3,1,0,0,,0,0,False,2025-03-04T13:03:57Z,False,1
20250412_1423_sbom_data.json,com.github.zoroplay/hotbet,SPDX-2.3,1294,1293,1,npm,1291,0,False,2025-04-12T18:58:26Z,False,1
20250502_jumbo_6624_sbom_data.json,com.github.thilanj/relman,SPDX-2.3,641,640,1,maven,492,0,True,2025-05-02T23:18:26Z,False,1
20250502_jumbo_1978_sbom_data.json,com.github.vijayg963/Grphql,SPDX-2.3,1,0,0,,0,0,False,2025-05-02T18:21:26Z,False,1
20250429_857_sbom_data.json,com.github.vineelchanda/nodeGraphQL,SPDX-2.3,1,0,0,,0,0,False,2025-04-29T13:41:54Z,False,1
20250303_361_sbom_data.json,com.github.wuhenjun/public,SPDX-2.3,1,0,0,,0,0,False,2025-03-03T12:31:30Z,False,1
20250502_jumbo_12415_sbom_data.json,com.github.Faisaltai/Tops_p1,SPDX-2.3,1,0,0,,0,0,False,2025-05-03T15:36:52Z,False,1
20250316_541_sbom_data.json,com.github.zacksteel/High_Severity_Birds,SPDX-2.3,1,0,0,,0,0,False,2025-03-16T11:55:22Z,False,1
20250326_674_sbom_data.json,com.github.mazlumozmen/kisiselWebProjesi,SPDX-2.3,20,19,1,nuget,19,0,False,2025-03-26T12:58:13Z,False,1
20250427_65_sbom_data.json,com.github.FruitieX/node-switchduino,SPDX-2.3,6,5,1,npm,0,5,False,2025-04-27T12:33:46Z,False,1
20250425_1296_sbom_data.json,com.github.divinagracia/ProjectAPI,SPDX-2.3,1,0,0,,0,0,False,2025-04-25T20:00:51Z,False,1
20250323_832_sbom_data.json,com.github.mahartma/SpringCloudTask,SPDX-2.3,7,6,1,maven,1,0,True,2025-03-23T12:28:00Z,False,1
20250331_1587_sbom_data.json,com.github.limin1224/QuanQuanTeachUSB,SPDX-2.3,1,0,0,,0,0,False,2025-03-31T12:36:44Z,False,1
20250409_50_sbom_data.json,com.github.Deepika-1201/StudentCourseManagementSystem,SPDX-2.3,1,0,0,,0,0,False,2025-04-09T12:34:41Z,False,1
20250401_869_sbom_data.json,com.github.anamaritzameza/definicion,SPDX-2.3,1,0,0,,0,0,False,2025-04-05T13:47:45Z,True,2
20250222_1305_sbom_data.json,com.github.AdityaAgrawal-03/form-validator,SPDX-2.3,1,0,0,,0,0,False,2025-02-22T14:08:47Z,False,1
20250309_1072_sbom_data.json,com.github.camilaGea/primerDesafioBackend,SPDX-2.3,1,0,0,,0,0,False,2025-03-09T13:03:04Z,False,1
20250306_1528_sbom_data.json,com.github.xandertheblanch/PSX-DupeV2,SPDX-2.3,1,0,0,,0,0,False,2025-03-06T12:57:53Z,False,1
20250215_138_sbom_data.json,com.github.AlexQi75/master-docs-htmlproject.github.io,SPDX-2.3,1,0,0,,0,0,False,2025-02-15T14:48:01Z,False,1
20250319_631_sbom_data.json,com.github.AdvanceTech1/AdvanceTech1,SPDX-2.3,1,0,0,,0,0,False,2025-03-19T09:04:18Z,False,1
20250210_1258_sbom_data.json,com.github.MikeyObviously/lawcms,SPDX-2.3,2,1,1,npm,0,1,True,2025-02-10T14:06:18Z,False,1
20250418_1097_sbom_data.json,com.github.Yoges-VR/datasciencecoursera,SPDX-2.3,1,0,0,,0,0,False,2025-04-19T15:32:02Z,False,1
20250413_980_sbom_data.json,com.github.shefeg/python_activity,SPDX-2.3,1,0,0,,0,0,False,2025-04-13T13:56:22Z,False,1
20250306_960_sbom_data.json,com.github.1874cc/Special-Effects-Camera,SPDX-2.3,1,0,0,,0,0,False,2025-03-06T06:59:38Z,False,1
20250418_1115_sbom_data.json,com.github.SERVIANTX/app_angelamaria_movil,SPDX-2.3,107,106,1,pub,106,0,False,2025-04-19T15:32:14Z,False,1
20250305_710_sbom_data.json,com.github.sonalmehta2/file-segregation,SPDX-2.3,1,0,0,,0,0,False,2025-03-05T12:06:18Z,False,1
20250208_756_sbom_data.json,com.github.Anas3679/ant,SPDX-2.3,1,0,0,,0,0,False,2025-02-09T20:59:00Z,False,1
20250216_1131_sbom_data.json,com.github.walkerlangley/basic-node-server,SPDX-2.3,17,16,1,npm,1,15,True,2025-02-16T13:06:39Z,False,1
20250502_jumbo_11496_sbom_data.json,com.github.vaibhav-shirodkar/MavenProject,SPDX-2.3,2,1,1,maven,1,0,False,2025-05-03T14:37:30Z,False,1
20250423_1011_sbom_data.json,com.github.Vasilo94/Vasilo94,SPDX-2.3,1,0,0,,0,0,False,2025-04-23T12:49:12Z,False,1
20250214_449_sbom_data.json,com.github.o-kun8228/git-app,SPDX-2.3,957,956,2,"gem,npm",955,0,False,2025-02-14T12:40:57Z,False,1
20250306_752_sbom_data.json,com.github.xiongchiamiov/rumpleteazer,SPDX-2.3,1,0,0,,0,0,False,2025-03-06T06:56:20Z,False,1
20250215_506_sbom_data.json,com.github.jayalakshmi789123/jayalakshmi789123,SPDX-2.3,1,0,0,,0,0,False,2025-02-15T14:52:46Z,False,1
20250211_1642_sbom_data.json,com.github.Naramsettisrinu/movies-and-directors-code,SPDX-2.3,1,0,0,,0,0,False,2025-02-11T13:31:20Z,False,1
20250318_818_sbom_data.json,com.github.Deyzon/Deyzon,SPDX-2.3,1,0,0,,0,0,False,2025-03-18T16:02:36Z,False,1
20250216_1109_sbom_data.json,com.github.SVDmodel/models,SPDX-2.3,1,0,0,,0,0,False,2025-02-16T13:06:24Z,False,1
20250409_1448_sbom_data.json,com.github.Kan0Shuuya/Kan0Shuuya.github.io,SPDX-2.3,1,0,0,,0,0,False,2025-04-10T09:46:00Z,False,1
20250307_82_sbom_data.json,com.github.DavidValin/books-app,SPDX-2.3,2680,2679,1,npm,2677,0,False,2025-03-07T10:21:40Z,False,1
20250312_863_sbom_data.json,com.github.thomasdubois18/Data_Science,SPDX-2.3,1,0,0,,0,0,False,2025-03-12T12:39:22Z,False,1
20250427_182_sbom_data.json,com.github.forseea/link,SPDX-2.3,1,0,0,,0,0,False,2025-04-27T12:35:43Z,False,1
20250405_772_sbom_data.json,com.github.liu-vis/DualResidualNetworks,SPDX-2.3,1,0,0,,0,0,False,2025-04-05T15:41:05Z,False,1
20250305_1202_sbom_data.json,com.github.schoef/MetAnalysis,SPDX-2.3,1,0,0,,0,0,False,2025-03-05T12:19:02Z,False,1
20250412_140_sbom_data.json,com.github.shankavi08/online-hotel-booking,SPDX-2.3,1,0,0,,0,0,False,2025-04-12T13:08:16Z,False,1
20250223_261_sbom_data.json,com.github.k1lgor/linux-update,SPDX-2.3,1,0,0,,0,0,False,2025-02-23T13:24:35Z,False,1
20250502_jumbo_14282_sbom_data.json,com.github.houdatazi/Digital-Banking-,SPDX-2.3,870,869,2,"maven,npm",861,0,True,2025-05-03T19:47:23Z,False,1
20250416_1056_sbom_data.json,com.github.updraftnetworks/weather-tools-text,SPDX-2.3,1,0,0,,0,0,False,2025-04-16T19:39:09Z,False,1
20250416_453_sbom_data.json,com.github.vinod62/SnowLearning,SPDX-2.3,1,0,0,,0,0,False,2025-04-16T19:30:45Z,False,1
20250404_1633_sbom_data.json,com.github.surendra-1390/Data-Structures-Algorithms-and-Design-Analysis,SPDX-2.3,1,0,0,,0,0,False,2025-04-05T18:28:25Z,False,1
20250308_194_sbom_data.json,com.github.jellive/react_native_test,SPDX-2.3,1087,1086,1,npm,1017,0,False,2025-03-08T13:45:24Z,False,1
20250404_1683_sbom_data.json,com.github.Darthteddy13/dm-rollbar-demo,SPDX-2.3,66,65,1,npm,65,0,False,2025-04-05T18:28:58Z,False,1
20250327_599_sbom_data.json,com.github.Muhabi1/0x01-git,SPDX-2.3,1,0,0,,0,0,False,2025-03-27T11:57:59Z,False,1
20250302_1497_sbom_data.json,com.github.aimhigh-learning/spring--boot-large-payload-support,SPDX-2.3,1,0,0,,0,0,False,2025-03-02T14:40:05Z,False,1
20250218_714_sbom_data.json,com.github.fs200817-gotou-kei/asobi,SPDX-2.3,1,0,0,,0,0,False,2025-02-18T12:28:43Z,False,1
20250219_1181_sbom_data.json,com.github.CUCSec/text-file-process-yusithiesun,SPDX-2.3,1,0,0,,0,0,False,2025-02-19T11:22:48Z,False,1
20250426_1419_sbom_data.json,com.github.DidinPrint/newapps,SPDX-2.3,1,0,0,,0,0,False,2025-04-26T11:19:36Z,False,1
20250330_343_sbom_data.json,com.github.ejaramos/random,SPDX-2.3,1,0,0,,0,0,False,2025-03-30T12:54:47Z,False,1
20250321_480_sbom_data.json,com.github.Martinnesskens/Martinnesskens,SPDX-2.3,1,0,0,,0,0,False,2025-03-21T12:37:51Z,False,1
20250329_52_sbom_data.json,com.github.Hallexxx/PortfolioAlex,SPDX-2.3,1,0,0,,0,0,False,2025-03-29T14:39:26Z,False,1
20250328_1332_sbom_data.json,com.github.DataScienceHU/lab-2--dataset,SPDX-2.3,1,0,0,,0,0,False,2025-03-28T12:57:40Z,False,1
20250403_622_sbom_data.json,com.github.codeserver-test-org/Namedpzzh,SPDX-2.3,1,0,0,,0,0,False,2025-04-03T10:10:22Z,False,1
20250502_jumbo_1832_sbom_data.json,com.github.tatamidani/tatamidani.github.io,SPDX-2.3,1,0,0,,0,0,False,2025-05-02T18:19:05Z,False,1
20250214_1123_sbom_data.json,com.github.ellijayne/react-redux-miniapps,SPDX-2.3,8,7,1,npm,2,5,True,2025-02-14T12:58:59Z,False,1
20250427_948_sbom_data.json,com.github.totobagliani/challenge-4,SPDX-2.3,1,0,0,,0,0,False,2025-04-27T13:52:35Z,False,1
20250425_404_sbom_data.json,com.github.amri651/AMRI-Mostapha,SPDX-2.3,1,0,0,,0,0,False,2025-04-25T18:25:51Z,False,1
20250424_647_sbom_data.json,com.github.somelcher/Exercise-2,SPDX-2.3,1,0,0,,0,0,False,2025-04-24T11:57:31Z,False,1
20250219_1451_sbom_data.json,com.github.hyphenliu/EasyWork,SPDX-2.3,4,3,1,npm,3,0,False,2025-02-19T12:09:26Z,False,1
20250214_765_sbom_data.json,com.github.thakhong/repo,SPDX-2.3,1,0,0,,0,0,False,2025-02-14T12:51:20Z,False,1
20250327_1336_sbom_data.json,com.github.Efrain-DiazM/pkemon,SPDX-2.3,1,0,0,,0,0,False,2025-03-27T12:45:14Z,False,1
20250502_jumbo_1677_sbom_data.json,com.github.uttej7/ProjectData,SPDX-2.3,1,0,0,,0,0,False,2025-05-02T18:16:24Z,False,1
20250319_857_sbom_data.json,com.github.AppBuilderMS/Laravel-Portifolio-Template,SPDX-2.3,822,821,2,"composer,npm",820,0,False,2025-03-19T09:08:52Z,False,1
20250220_388_sbom_data.json,com.github.SebastianOcampoA/esp32website.github.io,SPDX-2.3,1,0,0,,0,0,False,2025-02-20T12:01:38Z,False,1
20250309_121_sbom_data.json,com.github.xdanxlei/Aula-Mentor,SPDX-2.3,1,0,0,,0,0,False,2025-03-09T12:36:34Z,False,1
20250302_183_sbom_data.json,com.github.iftekharrahi37/iam,SPDX-2.3,1,0,0,,0,0,False,2025-03-02T12:53:14Z,False,1
20250302_1466_sbom_data.json,com.github.RoyDavinci/RingoPlusApp,SPDX-2.3,932,931,2,"gem,npm",925,1,True,2025-03-02T14:39:46Z,False,1
20250411_875_sbom_data.json,com.github.spyder5632/the_rep2,SPDX-2.3,1,0,0,,0,0,False,2025-04-11T14:46:15Z,False,1
20250401_347_sbom_data.json,com.github.kkulkarnee/Customer-Segmentation,SPDX-2.3,1,0,0,,0,0,False,2025-04-05T13:29:44Z,True,2
20250224_1689_sbom_data.json,com.github.laurasprauer-quotient/front-end-interview,SPDX-2.3,1,0,0,,0,0,False,2025-02-24T15:54:37Z,False,1
20250329_223_sbom_data.json,com.github.dhruv8433/chat-web,SPDX-2.3,463,462,1,npm,461,0,False,2025-03-29T14:41:51Z,False,1
20250301_261_sbom_data.json,com.github.AbhiJain2196/Netflix-clone,SPDX-2.3,1848,1847,1,npm,1843,0,False,2025-03-01T13:10:17Z,False,1
20250312_876_sbom_data.json,com.github.Ieptor/ScreenGrabber,SPDX-2.3,472,471,1,cargo,470,0,False,2025-03-12T12:39:35Z,False,1
20250403_1352_sbom_data.json,com.github.Hiplok/DIM-wishlist,SPDX-2.3,1,0,0,,0,0,False,2025-04-03T10:25:36Z,False,1
20250309_1429_sbom_data.json,com.github.connorjardine/whatkpasswords,SPDX-2.3,1,0,0,,0,0,False,2025-03-09T14:04:03Z,False,1
20250216_38_sbom_data.json,com.github.safiyaobrien/js1-10,SPDX-2.3,1,0,0,,0,0,False,2025-02-16T12:46:35Z,False,1
20250331_886_sbom_data.json,com.github.HiagoHGomes/Projeto-Awax,SPDX-2.3,1,0,0,,0,0,False,2025-03-31T10:34:03Z,False,1
20250413_334_sbom_data.json,com.github.santoswilliamsantos/aula01,SPDX-2.3,1,0,0,,0,0,False,2025-04-13T13:49:32Z,False,1
20250219_1364_sbom_data.json,com.github.Eloquence98/CardChallengeByEloquence,SPDX-2.3,1,0,0,,0,0,False,2025-02-19T11:28:30Z,False,1
20250213_47_sbom_data.json,com.github.eduardossampaio/turtlebot,SPDX-2.3,1,0,0,,0,0,False,2025-02-13T12:26:51Z,False,1
20250425_184_sbom_data.json,com.github.antonioramsan/antonioramsan,SPDX-2.3,1,0,0,,0,0,False,2025-04-25T18:23:35Z,False,1
20250412_1644_sbom_data.json,com.github.LEvader/LEvader,SPDX-2.3,1,0,0,,0,0,False,2025-04-12T20:42:37Z,False,1
20250209_351_sbom_data.json,com.github.GuilhermeMLopes/dev,SPDX-2.3,7,6,1,nuget,6,0,False,2025-02-09T15:37:07Z,True,2
20250218_533_sbom_data.json,com.github.TT-TutoriaIs/GANG-Nuker,SPDX-2.3,40,39,1,pypi,0,0,True,2025-02-18T12:24:52Z,False,1
20250502_jumbo_6318_sbom_data.json,com.github.IT21212772/IT21212772,SPDX-2.3,1,0,0,,0,0,False,2025-05-02T23:14:06Z,False,1
20250307_529_sbom_data.json,com.github.fh-bower-packages/fh.pie,SPDX-2.3,1,0,0,,0,0,False,2025-03-07T10:30:37Z,False,1
20250227_268_sbom_data.json,com.github.Sleighs/HedgeWik,SPDX-2.3,1,0,0,,0,0,False,2025-02-27T08:37:58Z,False,1
20250327_488_sbom_data.json,com.github.j-josy/Estrutura--Condicional--Switch-Case,SPDX-2.3,1,0,0,,0,0,False,2025-03-27T11:55:02Z,False,1
20250405_813_sbom_data.json,com.github.Noah217/sachin,SPDX-2.3,1,0,0,,0,0,False,2025-04-05T15:42:10Z,False,1
20250405_1585_sbom_data.json,com.github.Tmee/Ruby-Finder,SPDX-2.3,81,80,1,gem,80,0,False,2025-04-05T16:56:15Z,False,1
20250305_110_sbom_data.json,com.github.hemanthjegan/Youtube-Clone,SPDX-2.3,1,0,0,,0,0,False,2025-03-05T11:43:14Z,False,1
20250327_1031_sbom_data.json,com.github.Akshay99264/cloud_computing_assignment_1,SPDX-2.3,1,0,0,,0,0,False,2025-03-27T12:31:31Z,False,1
20250214_412_sbom_data.json,com.github.QuyBauTroi/Java23,SPDX-2.3,1,0,0,,0,0,False,2025-02-14T12:39:11Z,False,1
20250227_1478_sbom_data.json,com.github.mcornielly/speaksmarter-app,SPDX-2.3,319,318,2,"composer,npm",318,0,False,2025-02-27T10:32:06Z,False,1
20250324_320_sbom_data.json,com.github.wolfgio/wolfgio,SPDX-2.3,1,0,0,,0,0,False,2025-03-24T11:37:22Z,False,1
20250208_1394_sbom_data.json,com.github.KseniaZakh/florusin,SPDX-2.3,2,1,1,npm,1,0,False,2025-02-09T21:07:21Z,False,1
20250325_816_sbom_data.json,com.github.awhina1/github-slideshow,SPDX-2.3,95,94,2,"gem,npm",94,0,False,2025-03-25T12:23:38Z,False,1
20250311_1136_sbom_data.json,com.github.paul411/phonegap-workshop-master,SPDX-2.3,1,0,0,,0,0,False,2025-03-11T12:23:01Z,False,1
20250402_1511_sbom_data.json,com.github.maina2/Medicare-project,SPDX-2.3,595,594,1,npm,591,0,False,2025-04-02T21:38:54Z,True,2
20250313_412_sbom_data.json,com.github.arronm/user-interface-ii,SPDX-2.3,1,0,0,,0,0,False,2025-03-13T15:17:56Z,False,1
20250329_428_sbom_data.json,com.github.jardimgarden12/EX5_LauraJardim,SPDX-2.3,1,0,0,,0,0,False,2025-03-29T14:44:28Z,False,1
20250430_486_sbom_data.json,com.github.rdp/restaurant_time_selector,SPDX-2.3,1,0,0,,0,0,False,2025-04-30T13:48:13Z,False,1
20250502_jumbo_207_sbom_data.json,com.github.quevedo2003/XMOS-PostGF,SPDX-2.3,1,0,0,,0,0,False,2025-05-02T17:13:40Z,False,1
20250414_1344_sbom_data.json,com.github.PatrickUser1234/PatrickUser1234,SPDX-2.3,1,0,0,,0,0,False,2025-04-14T09:48:08Z,False,1
20250426_400_sbom_data.json,com.github.phpnginx/XtoolkitPython,SPDX-2.3,1,0,0,,0,0,False,2025-04-26T10:16:59Z,False,1
20250502_jumbo_13394_sbom_data.json,com.github.flybprice/web_development,SPDX-2.3,1,0,0,,0,0,False,2025-05-03T15:52:49Z,False,1
20250406_1002_sbom_data.json,com.github.gshamalta-godaddy/uxcore-bundle,SPDX-2.3,466,465,1,npm,463,0,False,2025-04-06T11:28:55Z,False,1
20250226_1259_sbom_data.json,com.github.sampath-ms/git-github,SPDX-2.3,1,0,0,,0,0,False,2025-02-26T12:45:14Z,False,1
20250302_140_sbom_data.json,com.github.NdaAzr/Segmentation-Auto-Deeplab,SPDX-2.3,1,0,0,,0,0,False,2025-03-02T12:52:36Z,False,1
20250314_965_sbom_data.json,com.github.arthurcantarela/phaser-playground,SPDX-2.3,1,0,0,,0,0,False,2025-03-14T12:26:18Z,False,1
20250305_28_sbom_data.json,com.github.MichaelMahon777/Cellular-Automata-Fun,SPDX-2.3,1,0,0,,0,0,False,2025-03-05T11:42:03Z,False,1
20250214_38_sbom_data.json,com.github.romanoRomaniuk/romanoRomaniuk,SPDX-2.3,1,0,0,,0,0,False,2025-02-14T12:27:01Z,False,1
20250416_973_sbom_data.json,com.github.jacksoncarl/AWS-DVA-C02-Course,SPDX-2.3,1,0,0,,0,0,False,2025-04-16T19:38:12Z,False,1
20250502_jumbo_3053_sbom_data.json,com.github.kocesat/skechyblog,SPDX-2.3,1,0,0,,0,0,False,2025-05-02T19:19:38Z,False,1
20250412_407_sbom_data.json,com.github.Abhishekkl14/cat-and-dog-detection,SPDX-2.3,1,0,0,,0,0,False,2025-04-12T13:14:50Z,False,1
20250214_822_sbom_data.json,com.github.j-five-ekreative/test,SPDX-2.3,1,0,0,,0,0,False,2025-02-14T12:53:23Z,False,1
20250502_jumbo_5307_sbom_data.json,com.github.qq362826684/learngit,SPDX-2.3,1,0,0,,0,0,False,2025-05-02T21:47:01Z,False,1
20250316_883_sbom_data.json,com.github.Annemarie-Volkers/huiswerk-opdracht-flexbox,SPDX-2.3,1,0,0,,0,0,False,2025-03-16T12:01:06Z,False,1
20250214_1689_sbom_data.json,com.github.Jawabreh0/python-send-email,SPDX-2.3,1,0,0,,0,0,False,2025-02-14T13:37:51Z,False,1
20250213_404_sbom_data.json,com.github.anandaBelajar/belajarBottomNavMenuAndroid,SPDX-2.3,1,0,0,,0,0,False,2025-02-13T12:37:46Z,False,1
20250417_331_sbom_data.json,com.github.elmo-lee/elmo-lee,SPDX-2.3,1,0,0,,0,0,False,2025-04-17T10:42:46Z,False,1
20250404_778_sbom_data.json,com.github.Stefan0549/RepoCloneStefan,SPDX-2.3,1,0,0,,0,0,False,2025-04-05T18:13:43Z,False,1
20250407_861_sbom_data.json,com.github.0xadada/vital-cause,SPDX-2.3,528,527,1,npm,527,0,False,2025-04-07T11:18:12Z,False,1
20250411_1462_sbom_data.json,com.github.Cesar3651/Pfinalfrontend,SPDX-2.3,1,0,0,,0,0,False,2025-04-11T15:06:54Z,False,1
20250226_192_sbom_data.json,com.github.joshuaewell/AccessModifiers,SPDX-2.3,4,3,1,nuget,3,0,False,2025-02-26T12:30:01Z,False,1
20250214_1642_sbom_data.json,com.github.Ponssj/examen,SPDX-2.3,1,0,0,,0,0,False,2025-02-14T13:36:56Z,False,1
20250408_255_sbom_data.json,com.github.Lavaruz/DarkMode-Exp,SPDX-2.3,1,0,0,,0,0,False,2025-04-08T11:44:58Z,False,1
20250217_1222_sbom_data.json,com.github.JavierArriagada/repository_research,SPDX-2.3,2,1,1,npm,1,0,False,2025-02-17T11:53:56Z,False,1
20250301_67_sbom_data.json,com.github.thisisamna/amna-ahmed,SPDX-2.3,1,0,0,,0,0,False,2025-03-01T13:06:07Z,False,1
20250215_700_sbom_data.json,com.github.MisterDeejay/CatRentalAPI,SPDX-2.3,59,58,1,gem,58,0,False,2025-02-15T14:55:00Z,False,1
20250418_758_sbom_data.json,com.github.sakshyamaryal/LeetCodeProblems,SPDX-2.3,1,0,0,,0,0,False,2025-04-19T14:54:10Z,False,1
20250215_605_sbom_data.json,com.github.Megha-Singhal/ecommerce,SPDX-2.3,1,0,0,,0,0,False,2025-02-15T14:53:53Z,False,1
20250428_1296_sbom_data.json,com.github.LakiSveta/My-learning-in-GIT-new-repository,SPDX-2.3,1,0,0,,0,0,False,2025-04-28T10:49:30Z,False,1
20250307_324_sbom_data.json,com.github.Lalinga/Odin-recipes,SPDX-2.3,1,0,0,,0,0,False,2025-03-07T10:25:10Z,False,1
20250327_1532_sbom_data.json,com.github.CodeByCK/Iron-Budget-Client,SPDX-2.3,1489,1488,1,npm,1481,0,False,2025-03-27T12:50:30Z,False,1
20250222_1100_sbom_data.json,com.github.w0xel/docker-gcc-5-arm-gnueabihf,SPDX-2.3,1,0,0,,0,0,False,2025-02-22T14:06:09Z,False,1
20250415_797_sbom_data.json,com.github.cfisher5693/Creative3,SPDX-2.3,1,0,0,,0,0,False,2025-04-16T11:51:42Z,False,1
20250308_774_sbom_data.json,com.github.barczi91/LEARNING_Python_Data_Analysis,SPDX-2.3,1,0,0,,0,0,False,2025-03-08T14:01:48Z,False,1
20250416_928_sbom_data.json,com.github.htmlacademy-htmlcss/1759551-sedona-1,SPDX-2.3,1,0,0,,0,0,False,2025-04-16T19:37:39Z,False,1
20250418_674_sbom_data.json,com.github.igormorgado/vim-hints,SPDX-2.3,1,0,0,,0,0,False,2025-04-19T14:53:17Z,False,1
20250212_1620_sbom_data.json,com.github.Arshcode99/ddf,SPDX-2.3,1,0,0,,0,0,False,2025-02-12T13:56:48Z,False,1
20250421_528_sbom_data.json,com.github.andrew-bingham1/stars_and_planets,SPDX-2.3,91,90,1,gem,90,0,False,2025-04-21T11:52:22Z,False,1
20250217_1561_sbom_data.json,com.github.jimspags/todolist-csharpangular,SPDX-2.3,904,903,2,"npm,nuget",900,0,False,2025-02-17T12:44:35Z,False,1
20250329_126_sbom_data.json,com.github.eprouteau/archipel_zd,SPDX-2.3,1,0,0,,0,0,False,2025-03-29T14:40:19Z,False,1
20250426_1120_sbom_data.json,com.github.n33l9261/designlabfinal,SPDX-2.3,2432,2431,1,npm,2366,0,False,2025-04-26T10:26:35Z,False,1
20250417_234_sbom_data.json,com.github.ntimanu/Portfolio,SPDX-2.3,837,836,2,"github_actions,npm",835,0,False,2025-04-17T10:41:20Z,False,1
20250415_1518_sbom_data.json,com.github.791125/github-slideshow,SPDX-2.3,96,95,2,"gem,npm",95,0,False,2025-04-16T12:46:30Z,False,1
20250410_1473_sbom_data.json,com.github.codefingas/nodejs-wesbos,SPDX-2.3,866,865,1,npm,864,0,False,2025-04-10T11:53:24Z,False,1
20250317_1379_sbom_data.json,com.github.malay0024/Malay-Patel,SPDX-2.3,1,0,0,,0,0,False,2025-03-17T13:23:34Z,False,1
20250310_364_sbom_data.json,com.github.PagotoLuis/testes_linux,SPDX-2.3,1,0,0,,0,0,False,2025-03-10T11:11:24Z,False,1
20250303_921_sbom_data.json,com.github.nazym-nurbayeva/nazym-nurbayeva,SPDX-2.3,1,0,0,,0,0,False,2025-03-03T12:52:16Z,False,1
20250427_294_sbom_data.json,com.github.dutra-diego/todolist-em-java,SPDX-2.3,9,8,1,maven,2,0,True,2025-04-27T12:37:40Z,False,1
20250502_jumbo_12992_sbom_data.json,com.github.siuyunyip/Location-Tracking,SPDX-2.3,1,0,0,,0,0,False,2025-05-03T15:48:05Z,False,1
20250316_979_sbom_data.json,com.github.anhtuandev0810/MD1-nollowa,SPDX-2.3,1,0,0,,0,0,False,2025-03-16T12:03:38Z,False,1
20250307_954_sbom_data.json,com.github.S1beriantiger/h1,SPDX-2.3,1,0,0,,0,0,False,2025-03-07T10:38:25Z,False,1
20250311_1206_sbom_data.json,com.github.hitenPanwar/ZC,SPDX-2.3,1,0,0,,0,0,False,2025-03-11T12:24:03Z,False,1
20250326_1627_sbom_data.json,com.github.neowhoru/LD47-Guntron,SPDX-2.3,1,0,0,,0,0,False,2025-03-26T14:19:36Z,False,1
20250223_1540_sbom_data.json,com.github.chendalin-32/cda,SPDX-2.3,1,0,0,,0,0,False,2025-02-23T14:48:55Z,False,1
20250424_518_sbom_data.json,com.github.DeboraNMP/AULA-DEPLOY,SPDX-2.3,1,0,0,,0,0,False,2025-04-24T11:55:24Z,False,1
20250315_1483_sbom_data.json,com.github.SriShathurika21ITR105/consultancyfurniture,SPDX-2.3,1332,1331,1,npm,1325,0,False,2025-03-15T15:35:55Z,False,1
20250402_393_sbom_data.json,com.github.niklasbec/photowall,SPDX-2.3,1,0,0,,0,0,False,2025-04-02T16:52:13Z,True,2
20250317_1341_sbom_data.json,com.github.Prerit007/Genoshi,SPDX-2.3,335,334,1,npm,333,0,False,2025-03-17T12:50:41Z,False,1
20250502_jumbo_5995_sbom_data.json,com.github.AravindRavi95/Node-ExternalAPI,SPDX-2.3,3,2,1,npm,0,2,False,2025-05-02T23:09:42Z,False,1
20250216_1411_sbom_data.json,com.github.Mohamedaashraf4/alx-pre_course,SPDX-2.3,1,0,0,,0,0,False,2025-02-16T13:58:41Z,False,1
20250209_1113_sbom_data.json,com.github.playrough/nodejs-blog,SPDX-2.3,150,149,1,npm,149,0,False,2025-02-09T01:11:04Z,True,2
20250402_570_sbom_data.json,com.github.shvets-sergey/heirloom,SPDX-2.3,1,0,0,,0,0,False,2025-04-02T16:57:19Z,True,2
20250421_847_sbom_data.json,com.github.Bhanu0301/Daily-Journal,SPDX-2.3,77,76,1,npm,76,0,False,2025-04-21T12:04:21Z,False,1
20250415_1117_sbom_data.json,com.github.erwinreyzon/params-practice-app,SPDX-2.3,55,54,1,gem,53,0,False,2025-04-16T11:56:16Z,False,1
20250219_1_sbom_data.json,com.github.anadon22/RBG-Color-Game,SPDX-2.3,1,0,0,,0,0,False,2025-02-19T11:06:48Z,False,1
20250216_1536_sbom_data.json,com.github.dolphinnunu/Mars,SPDX-2.3,1,0,0,,0,0,False,2025-02-16T14:01:10Z,False,1
20250412_1106_sbom_data.json,com.github.Kiki-Q/weixin,SPDX-2.3,1,0,0,,0,0,False,2025-04-12T18:54:54Z,False,1
20250304_9_sbom_data.json,com.github.SudTechnology/SudMGPWrapper,SPDX-2.3,1,0,0,,0,0,False,2025-03-04T11:18:47Z,False,1
20250408_1430_sbom_data.json,com.github.sanjanagangadhara/airbyte_transformation_01,SPDX-2.3,1,0,0,,0,0,False,2025-04-09T12:28:20Z,False,1
20250223_285_sbom_data.json,com.github.andreabarraza/tienda_inacap,SPDX-2.3,49,48,1,composer,48,0,False,2025-02-23T13:26:27Z,False,1
20250321_1041_sbom_data.json,com.github.mukeshnikhil2000/sxastarternew,SPDX-2.3,1,0,0,,0,0,False,2025-03-21T12:44:33Z,False,1
20250215_753_sbom_data.json,com.github.freshc0w/FullStackOpenEx,SPDX-2.3,2228,2227,1,npm,2219,0,False,2025-02-15T14:55:37Z,False,1
20250308_430_sbom_data.json,com.github.staple-stable/staple-stable.github.io,SPDX-2.3,1,0,0,,0,0,False,2025-03-08T13:51:19Z,False,1
20250323_1639_sbom_data.json,com.github.johnnyguitarhero/ECE285_crispybacon,SPDX-2.3,1,0,0,,0,0,False,2025-03-23T14:02:19Z,False,1
20250313_365_sbom_data.json,com.github.tejas298/FlashLightApp,SPDX-2.3,1,0,0,,0,0,False,2025-03-13T15:17:11Z,False,1
20250226_253_sbom_data.json,com.github.BL4ZEE/HTML5-e-CSS3-parte-3,SPDX-2.3,1,0,0,,0,0,False,2025-02-26T12:30:45Z,False,1
20250331_159_sbom_data.json,com.github.sikupe/robotics-2-exercise,SPDX-2.3,3,2,1,pypi,0,0,True,2025-03-31T09:53:23Z,False,1
20250412_58_sbom_data.json,com.github.kittycha/kittycha,SPDX-2.3,1,0,0,,0,0,False,2025-04-12T13:07:06Z,False,1
20250502_jumbo_10700_sbom_data.json,com.github.minefarmer/PythonMegaSkill,SPDX-2.3,1,0,0,,0,0,False,2025-05-03T13:29:22Z,False,1
20250315_393_sbom_data.json,com.github.SVaish/consumerBankingPolling,SPDX-2.3,2,1,1,maven,1,0,False,2025-03-15T14:18:16Z,False,1
20250420_714_sbom_data.json,com.github.akguleren/Element-Sorting-By-Frequency,SPDX-2.3,1,0,0,,0,0,False,2025-04-20T11:20:06Z,False,1
20250425_49_sbom_data.json,com.github.mirkomaya/Responsive-Portfolio,SPDX-2.3,1,0,0,,0,0,False,2025-04-25T12:27:12Z,False,1
20250411_1050_sbom_data.json,com.github.solisyon01/ezz,SPDX-2.3,1,0,0,,0,0,False,2025-04-11T14:48:43Z,False,1
20250208_883_sbom_data.json,com.github.Tibemichael04/Tibemichael04,SPDX-2.3,1,0,0,,0,0,False,2025-02-09T21:00:38Z,False,1
20250427_1493_sbom_data.json,com.github.vanessaamaia/grid,SPDX-2.3,1,0,0,,0,0,False,2025-04-27T20:42:04Z,False,1
20250414_1116_sbom_data.json,com.github.Shreyanshparmar111/sorry,SPDX-2.3,1,0,0,,0,0,False,2025-04-14T09:44:58Z,False,1
20250315_1369_sbom_data.json,com.github.jianpingye/MyBlog,SPDX-2.3,1,0,0,,0,0,False,2025-03-15T15:34:22Z,False,1
20250426_678_sbom_data.json,com.github.isaacmtz31/Redes2-ExamenUno,SPDX-2.3,1,0,0,,0,0,False,2025-04-26T10:20:52Z,False,1
20250219_866_sbom_data.json,com.github.stoneloney/okex,SPDX-2.3,5,4,1,golang,4,0,False,2025-02-19T11:18:58Z,False,1
20250223_621_sbom_data.json,com.github.nishikawa202112/books-app,SPDX-2.3,1021,1020,2,"gem,npm",1018,0,False,2025-02-23T13:31:30Z,False,1
20250311_1011_sbom_data.json,com.github.StarkOne/jilfond-report,SPDX-2.3,320,319,1,npm,319,0,False,2025-03-11T12:21:08Z,False,1
20250221_264_sbom_data.json,com.github.BradLeftley/crypto-dash,SPDX-2.3,1439,1438,1,npm,1434,0,False,2025-02-21T12:50:10Z,False,1
20250220_1488_sbom_data.json,com.github.sakshamskhanuja/udemy_data_struct_insertion_sort,SPDX-2.3,1,0,0,,0,0,False,2025-02-20T12:58:45Z,False,1
20250502_jumbo_4274_sbom_data.json,com.github.jfrey212/git_test,SPDX-2.3,1,0,0,,0,0,False,2025-05-02T21:27:06Z,False,1
20250226_1377_sbom_data.json,com.github.jeffknbtx/IntroToR,SPDX-2.3,1,0,0,,0,0,False,2025-02-26T12:46:30Z,False,1
20250311_875_sbom_data.json,com.github.RileyTemp/SpaceGame,SPDX-2.3,1,0,0,,0,0,False,2025-03-11T12:03:33Z,False,1
20250313_1395_sbom_data.json,com.github.Louis1404/rails-mister-cocktail,SPDX-2.3,1013,1012,2,"gem,npm",1012,0,False,2025-03-13T02:05:58Z,True,2
20250419_996_sbom_data.json,com.github.farhan3001/movie-review,SPDX-2.3,1,0,0,,0,0,False,2025-04-19T16:56:35Z,False,1
20250304_526_sbom_data.json,com.github.grubhub101/unity,SPDX-2.3,1,0,0,,0,0,False,2025-03-04T11:26:01Z,False,1
20250502_jumbo_13260_sbom_data.json,com.github.Arjun2007-kade/c34,SPDX-2.3,1,0,0,,0,0,False,2025-05-03T15:51:38Z,False,1
20250320_1496_sbom_data.json,com.github.luccadcavalcante/testeGithub,SPDX-2.3,1,0,0,,0,0,False,2025-03-20T14:26:55Z,False,1
20250303_813_sbom_data.json,com.github.Axeltherabbit/ludumdare46,SPDX-2.3,1,0,0,,0,0,False,2025-03-03T12:40:19Z,False,1
20250429_422_sbom_data.json,com.github.azarai/spring-boot-intermediate-microservices,SPDX-2.3,26,25,1,maven,6,0,True,2025-04-29T13:33:57Z,False,1
20250423_1523_sbom_data.json,com.github.sumitjagdale/librealsense,SPDX-2.3,236,235,3,"npm,nuget,pypi",227,4,True,2025-04-23T13:46:22Z,False,1
20250310_928_sbom_data.json,com.github.jhangmez/deporte,SPDX-2.3,1,0,0,,0,0,False,2025-03-10T11:21:29Z,False,1
20250408_1341_sbom_data.json,com.github.NicoFJCruz/PresupuestoSobres-Frontend,SPDX-2.3,1,0,0,,0,0,False,2025-04-09T12:27:07Z,False,1
20250406_1326_sbom_data.json,com.github.luoyanbei/testHookzz,SPDX-2.3,1,0,0,,0,0,False,2025-04-06T11:32:07Z,False,1
20250309_1672_sbom_data.json,com.github.aythamirg/PruebasGH,SPDX-2.3,1,0,0,,0,0,False,2025-03-09T14:11:00Z,False,1
20250213_519_sbom_data.json,com.github.fruktijs/PRAKTISKIE-DARBI,SPDX-2.3,1,0,0,,0,0,False,2025-02-13T12:42:11Z,False,1
20250218_34_sbom_data.json,com.github.karuppiah7890/merge_my_pdfs,SPDX-2.3,20,19,1,pub,19,0,False,2025-02-18T12:16:17Z,False,1
20250423_1531_sbom_data.json,com.github.onlyfelony/BroadcastStudy,SPDX-2.3,1,0,0,,0,0,False,2025-04-23T13:46:33Z,False,1
20250329_529_sbom_data.json,com.github.GmailYan/MAScw2,SPDX-2.3,1,0,0,,0,0,False,2025-03-29T14:45:49Z,False,1
20250312_536_sbom_data.json,com.github.WPPlugins/tap-cookies,SPDX-2.3,1,0,0,,0,0,False,2025-03-12T12:08:17Z,False,1
20250212_890_sbom_data.json,com.github.hemant0844/hemant0844,SPDX-2.3,1,0,0,,0,0,False,2025-02-12T12:45:50Z,False,1
20250208_1644_sbom_data.json,com.github.OmarGonD/ReproducibleResearch,SPDX-2.3,1,0,0,,0,0,False,2025-02-09T22:36:10Z,False,1
20250319_1393_sbom_data.json,com.github.Irene-lab80/cssBayan,SPDX-2.3,1,0,0,,0,0,False,2025-03-19T10:08:57Z,False,1
20250502_jumbo_9485_sbom_data.json,com.github.Vidhan9/Testing,SPDX-2.3,1,0,0,,0,0,False,2025-05-03T13:16:15Z,False,1
20250223_1526_sbom_data.json,com.github.Moufas21/Malakies-tou-Mike,SPDX-2.3,1,0,0,,0,0,False,2025-02-23T14:48:48Z,False,1
20250423_496_sbom_data.json,com.github.Panaccione1/Homework-2-Code,SPDX-2.3,1,0,0,,0,0,False,2025-04-23T12:29:32Z,False,1
20250310_582_sbom_data.json,com.github.SnehilKR8/Gloom,SPDX-2.3,1,0,0,,0,0,False,2025-03-10T11:15:07Z,False,1
20250226_923_sbom_data.json,com.github.flying-flying-fish/FFConfigsKit,SPDX-2.3,1,0,0,,0,0,False,2025-02-26T12:40:33Z,False,1
20250502_jumbo_4060_sbom_data.json,com.github.beestreams/laravelimageable,SPDX-2.3,2,1,1,composer,0,1,True,2025-05-02T19:40:22Z,False,1
20250331_650_sbom_data.json,com.github.haskell-mafia/mafia,SPDX-2.3,1,0,0,,0,0,False,2025-03-31T10:13:54Z,False,1
20250413_583_sbom_data.json,com.github.Saku-aby/sakura-sketch,SPDX-2.3,1,0,0,,0,0,False,2025-04-13T13:52:14Z,False,1
20250502_jumbo_11096_sbom_data.json,com.github.greentree31/WeatherDash,SPDX-2.3,1,0,0,,0,0,False,2025-05-03T14:33:53Z,False,1
20250330_1258_sbom_data.json,com.github.huazin/My,SPDX-2.3,1,0,0,,0,0,False,2025-03-30T13:22:49Z,False,1
20250414_727_sbom_data.json,com.github.stevenklar/SublimePHPCoverage,SPDX-2.3,1,0,0,,0,0,False,2025-04-14T09:38:33Z,False,1
20250209_1160_sbom_data.json,com.github.Fraudxw/Frauds-too-cool,SPDX-2.3,6,5,1,npm,0,4,True,2025-02-09T16:15:12Z,True,2
20250220_870_sbom_data.json,com.github.nguyenainhi740/nadm5,SPDX-2.3,1,0,0,,0,0,False,2025-02-20T12:13:24Z,False,1
20250216_365_sbom_data.json,com.github.Gema09K/Gema09K,SPDX-2.3,1,0,0,,0,0,False,2025-02-16T12:51:18Z,False,1
20250430_1055_sbom_data.json,com.github.Kerrmike/hello-world,SPDX-2.3,1,0,0,,0,0,False,2025-04-30T13:58:00Z,False,1
20250225_218_sbom_data.json,com.github.gitjovicega/spring4,SPDX-2.3,638,637,1,npm,636,0,False,2025-02-25T13:09:58Z,False,1
20250412_995_sbom_data.json,com.github.kuyota/kuyota,SPDX-2.3,1,0,0,,0,0,False,2025-04-12T18:53:47Z,False,1
20250211_958_sbom_data.json,com.github.evannn/gitskills,SPDX-2.3,1,0,0,,0,0,False,2025-02-11T13:12:32Z,False,1
20250323_1585_sbom_data.json,com.github.Daniel-Magdziarz/PaintBuckets,SPDX-2.3,1,0,0,,0,0,False,2025-03-23T14:01:43Z,False,1
20250417_1559_sbom_data.json,com.github.Yk240/Basketbll,SPDX-2.3,1,0,0,,0,0,False,2025-04-17T13:45:05Z,False,1
20250413_728_sbom_data.json,com.github.jacksonargo/personal-queue,SPDX-2.3,1,0,0,,0,0,False,2025-04-13T13:53:41Z,False,1
20250225_1593_sbom_data.json,com.github.gaopeng91/Video2Picture,SPDX-2.3,1,0,0,,0,0,False,2025-02-25T14:19:30Z,False,1
20250330_1622_sbom_data.json,com.github.Jugal-Chanda/Emotion-Detection-From-Facial-Expression,SPDX-2.3,1,0,0,,0,0,False,2025-03-30T14:17:46Z,False,1
20250222_938_sbom_data.json,com.github.slymnsarii/slymnsarii,SPDX-2.3,1,0,0,,0,0,False,2025-02-22T14:04:05Z,False,1
20250212_486_sbom_data.json,com.github.simple-second-father/sql_exporter_spring,SPDX-2.3,1,0,0,,0,0,False,2025-02-12T12:37:24Z,False,1
20250316_1433_sbom_data.json,com.github.ibrahimakamara/championant,SPDX-2.3,1,0,0,,0,0,False,2025-03-16T12:47:40Z,False,1
20250322_78_sbom_data.json,com.github.vivekBharati81/Massive_MIMO_Channel_Capacity_Spatial_Modulation,SPDX-2.3,1,0,0,,0,0,False,2025-03-22T14:27:37Z,False,1
20250212_1656_sbom_data.json,com.github.Ryuta-Yamamoto/RL,SPDX-2.3,1,0,0,,0,0,False,2025-02-12T13:57:26Z,False,1
20250322_1102_sbom_data.json,com.github.Lucky21EDGE/Chat-GPT-by-Lucky,SPDX-2.3,1,0,0,,0,0,False,2025-03-22T14:54:49Z,False,1
20250304_442_sbom_data.json,com.github.LUFFYEIEI/SEP-next-development-2567,SPDX-2.3,1,0,0,,0,0,False,2025-03-04T11:24:50Z,False,1
20250428_9_sbom_data.json,com.github.h21bensaid/hello-world,SPDX-2.3,1,0,0,,0,0,False,2025-04-28T10:26:48Z,False,1
20250309_1384_sbom_data.json,com.github.congsiyc/rocketmq-console,SPDX-2.3,25,24,1,maven,20,0,True,2025-03-09T14:02:58Z,False,1
20250427_1324_sbom_data.json,com.github.Dzaenal/Dzaenal-,SPDX-2.3,1,0,0,,0,0,False,2025-04-27T14:41:50Z,False,1
20250219_732_sbom_data.json,com.github.rolodromo/heroku-cron-scheduler,SPDX-2.3,7,6,1,npm,6,0,False,2025-02-19T11:17:21Z,False,1
20250321_361_sbom_data.json,com.github.francine-oss/Agent-script,SPDX-2.3,1,0,0,,0,0,False,2025-03-21T12:36:07Z,False,1
20250414_535_sbom_data.json,com.github.FilipWu/quiz3,SPDX-2.3,5,4,1,maven,4,0,False,2025-04-14T09:35:36Z,False,1
20250327_480_sbom_data.json,com.github.v11run/ott_backend,SPDX-2.3,171,170,1,npm,170,0,False,2025-03-27T11:54:48Z,False,1
20250421_753_sbom_data.json,com.github.com-480-data-visualization/data-visualization-project-2021-poso,SPDX-2.3,1,0,0,,0,0,False,2025-04-21T11:56:22Z,False,1
20250502_jumbo_5565_sbom_data.json,com.github.shidokun557/CMS,SPDX-2.3,1,0,0,,0,0,False,2025-05-02T21:53:20Z,False,1
20250226_1202_sbom_data.json,com.github.picidaejs/picidae-transformer-style-loader,SPDX-2.3,1,0,0,,0,0,False,2025-02-26T12:44:35Z,False,1
20250307_59_sbom_data.json,com.github.KokichisTacoBell/I-,SPDX-2.3,1,0,0,,0,0,False,2025-03-07T10:21:22Z,False,1
20250227_1109_sbom_data.json,com.github.fundanedir1/patika-dev-css-homework,SPDX-2.3,1,0,0,,0,0,False,2025-02-27T10:20:25Z,False,1
20250228_676_sbom_data.json,com.github.Jabernathy88/unit-test-redux,SPDX-2.3,11,10,1,npm,5,5,True,2025-02-28T12:32:08Z,False,1
20250328_1532_sbom_data.json,com.github.kaitongwang/idUtil,SPDX-2.3,1,0,0,,0,0,False,2025-03-28T13:39:45Z,False,1
20250210_407_sbom_data.json,com.github.Sami606713/Machine-learning-,SPDX-2.3,1,0,0,,0,0,False,2025-02-10T13:42:11Z,False,1
20250301_105_sbom_data.json,com.github.mcpaulxxi/mcmc,SPDX-2.3,1,0,0,,0,0,False,2025-03-01T13:06:39Z,False,1
20250502_jumbo_3200_sbom_data.json,com.github.bonifazy/nova,SPDX-2.3,19,18,1,pypi,18,0,False,2025-05-02T19:22:07Z,False,1
20250319_1140_sbom_data.json,com.github.MarvinBost/front-portfolio,SPDX-2.3,296,295,1,npm,294,0,False,2025-03-19T09:15:40Z,False,1
20250328_1438_sbom_data.json,com.github.aradhyuladhanunjay/Forms,SPDX-2.3,1,0,0,,0,0,False,2025-03-28T13:37:53Z,False,1
20250427_31_sbom_data.json,com.github.TT-jessica/Jessica,SPDX-2.3,1,0,0,,0,0,False,2025-04-27T12:33:10Z,False,1
20250502_jumbo_2925_sbom_data.json,com.github.mego74/A-computational-tool-for-calculating-the-average-value.,SPDX-2.3,1,0,0,,0,0,False,2025-05-02T19:17:38Z,False,1
20250309_1131_sbom_data.json,com.github.kbobkov37/firts_repo,SPDX-2.3,1,0,0,,0,0,False,2025-03-09T13:04:30Z,False,1
20250311_1384_sbom_data.json,com.github.AbdulmateenAl/Java-Calculator,SPDX-2.3,1,0,0,,0,0,False,2025-03-11T14:28:48Z,False,1
20250226_506_sbom_data.json,com.github.urvashisri98/Grocery,SPDX-2.3,1,0,0,,0,0,False,2025-02-26T12:35:53Z,False,1
20250502_jumbo_10302_sbom_data.json,com.github.HiimLuki/Car4You,SPDX-2.3,13,12,1,npm,1,11,False,2025-05-03T13:25:52Z,False,1
20250220_1698_sbom_data.json,com.github.jacksonDenisov/java-shareit,SPDX-2.3,24,23,2,"github_actions,maven",5,0,True,2025-02-20T13:01:44Z,False,1
20250324_943_sbom_data.json,com.github.lkaver/test,SPDX-2.3,1,0,0,,0,0,False,2025-03-24T11:47:32Z,False,1
20250212_143_sbom_data.json,com.github.bolikonda/github-demo,SPDX-2.3,1,0,0,,0,0,False,2025-02-12T12:31:20Z,False,1
20250404_1280_sbom_data.json,com.github.jwcoleman87/Gogger,SPDX-2.3,1,0,0,,0,0,False,2025-04-05T18:22:22Z,False,1
20250306_1109_sbom_data.json,com.github.georgelgore/rack-http-request-readme-web-103017,SPDX-2.3,1,0,0,,0,0,False,2025-03-06T07:01:23Z,False,1
20250303_1589_sbom_data.json,com.github.Netsoro/projetJee,SPDX-2.3,1,0,0,,0,0,False,2025-03-03T13:53:05Z,False,1
20250402_939_sbom_data.json,com.github.Piefan33/LA5MK3,SPDX-2.3,1,0,0,,0,0,False,2025-04-02T17:07:54Z,True,2
20250321_1152_sbom_data.json,com.github.moohy-ga/testing_repo,SPDX-2.3,1,0,0,,0,0,False,2025-03-21T12:46:00Z,False,1
20250315_864_sbom_data.json,com.github.lucasMedeirosOS/Desafio-F2-caluladoraDeRanqueadas,SPDX-2.3,1,0,0,,0,0,False,2025-03-15T14:24:35Z,False,1
20250306_500_sbom_data.json,com.github.sichamuceror/QuestionsStudents,SPDX-2.3,1,0,0,,0,0,False,2025-03-06T06:51:18Z,False,1
20250306_1196_sbom_data.json,com.github.mysticslippers/Lab2_prog,SPDX-2.3,1,0,0,,0,0,False,2025-03-06T07:02:25Z,False,1
20250210_194_sbom_data.json,com.github.daniyoyo/last,SPDX-2.3,1,0,0,,0,0,False,2025-02-10T13:39:19Z,False,1
20250426_1598_sbom_data.json,com.github.louishugens/gatsby-starter-hello-world,SPDX-2.3,2490,2489,1,npm,2477,0,False,2025-04-26T11:24:28Z,False,1
20250302_470_sbom_data.json,com.github.GondhaShivani/MADproject,SPDX-2.3,1,0,0,,0,0,False,2025-03-02T12:58:10Z,False,1
20250326_577_sbom_data.json,com.github.PhoenixBureau/flaming-tribble,SPDX-2.3,1,0,0,,0,0,False,2025-03-26T12:55:30Z,False,1
20250318_438_sbom_data.json,com.github.mehulgoe/c-29,SPDX-2.3,1,0,0,,0,0,False,2025-03-18T15:11:37Z,False,1
20250312_886_sbom_data.json,com.github.VishalPadme/Spit-E-Magazine,SPDX-2.3,1,0,0,,0,0,False,2025-03-12T12:39:44Z,False,1
20250215_867_sbom_data.json,com.github.sanajnasingh/MYSQL,SPDX-2.3,1,0,0,,0,0,False,2025-02-15T14:58:20Z,False,1
20250502_jumbo_9847_sbom_data.json,com.github.Krishna-code3301/Pexelicons,SPDX-2.3,1,0,0,,0,0,False,2025-05-03T13:21:29Z,False,1
20250312_982_sbom_data.json,com.github.jagasanD/spring-batch,SPDX-2.3,11,10,1,maven,0,0,True,2025-03-12T12:41:16Z,False,1
20250321_1419_sbom_data.json,com.github.nahom4/unit_converter,SPDX-2.3,22,21,1,pub,21,0,False,2025-03-21T13:36:18Z,False,1
20250424_128_sbom_data.json,com.github.shrutitagade/weather-forecasting-app,SPDX-2.3,1285,1284,1,npm,1277,0,False,2025-04-24T11:42:52Z,False,1
20250408_548_sbom_data.json,com.github.feralexei/portfolio,SPDX-2.3,1,0,0,,0,0,False,2025-04-08T11:54:40Z,False,1
20250326_802_sbom_data.json,com.github.ryanvdev/demo-vue-admin-dashboard,SPDX-2.3,1,0,0,,0,0,False,2025-03-26T13:01:36Z,False,1
20250428_542_sbom_data.json,com.github.Xander1796/alexandru-albici-portofolio,SPDX-2.3,1,0,0,,0,0,False,2025-04-28T10:36:53Z,False,1
20250411_862_sbom_data.json,com.github.dobios/Thesis,SPDX-2.3,1,0,0,,0,0,False,2025-04-11T14:46:02Z,False,1
20250318_944_sbom_data.json,com.github.JoshKeesee/Gemkit,SPDX-2.3,181,180,1,npm,180,0,False,2025-03-18T16:06:15Z,False,1
20250210_945_sbom_data.json,com.github.acciojob/Headline-With-The-H2-Element-sabari882578358,SPDX-2.3,2,1,1,github_actions,0,0,False,2025-02-10T14:02:28Z,False,1
20250221_247_sbom_data.json,com.github.Foxik007/FastApi_SqlAlchemy_alembic,SPDX-2.3,23,22,1,pypi,22,0,False,2025-02-21T12:49:47Z,False,1
20250310_444_sbom_data.json,com.github.fxmsp/github-slideshow,SPDX-2.3,100,99,2,"gem,npm",99,0,False,2025-03-10T11:12:42Z,False,1
20250228_936_sbom_data.json,com.github.ZhaoGuan/ig_crawler,SPDX-2.3,1,0,0,,0,0,False,2025-02-28T12:35:46Z,False,1
20250417_1221_sbom_data.json,com.github.girdharsourabh/xerowrapper,SPDX-2.3,3,2,1,maven,2,0,False,2025-04-17T10:57:44Z,False,1
20250311_1185_sbom_data.json,com.github.MoldavianDron/resume-builder,SPDX-2.3,1605,1604,1,npm,1597,0,False,2025-03-11T12:23:46Z,False,1
20250212_1351_sbom_data.json,com.github.yasashi23/myBpulsa-project,SPDX-2.3,19,18,1,npm,1,17,True,2025-02-12T12:57:20Z,False,1
20250220_222_sbom_data.json,com.github.xinako/mo-minjam,SPDX-2.3,1,0,0,,0,0,False,2025-02-20T11:51:26Z,False,1
20250419_1038_sbom_data.json,com.github.PhylisFu/hello-world,SPDX-2.3,1,0,0,,0,0,False,2025-04-19T16:57:05Z,False,1
20250330_970_sbom_data.json,com.github.yanoz/tennisme_pg,SPDX-2.3,1,0,0,,0,0,False,2025-03-30T13:05:08Z,False,1
20250320_448_sbom_data.json,com.github.vykrum/TstngWtrs,SPDX-2.3,2,1,1,nuget,1,0,False,2025-03-20T12:38:38Z,False,1
20250502_jumbo_1735_sbom_data.json,com.github.leejangtower/smu-gitgit,SPDX-2.3,1,0,0,,0,0,False,2025-05-02T18:17:20Z,False,1
20250316_893_sbom_data.json,com.github.starmedom3/fbtools,SPDX-2.3,1,0,0,,0,0,False,2025-03-16T12:01:14Z,False,1
20250331_1284_sbom_data.json,com.github.Dany2074/proyectos,SPDX-2.3,1,0,0,,0,0,False,2025-03-31T12:33:06Z,False,1
20250420_1248_sbom_data.json,com.github.LebGuillaume/Selecteur-de-periode,SPDX-2.3,1194,1193,1,npm,1186,0,False,2025-04-20T11:30:06Z,False,1
20250408_942_sbom_data.json,com.github.Christoph551/Team-Profile-Generator,SPDX-2.3,4,3,1,npm,0,3,False,2025-04-09T12:12:51Z,False,1
20250221_2_sbom_data.json,com.github.MarioMartinez00072520/moviles-parcial,SPDX-2.3,1,0,0,,0,0,False,2025-02-21T12:44:57Z,False,1
20250325_1408_sbom_data.json,com.github.konyka/momomq,SPDX-2.3,1,0,0,,0,0,False,2025-03-25T14:19:45Z,False,1
20250416_515_sbom_data.json,com.github.enseromer/Java,SPDX-2.3,1,0,0,,0,0,False,2025-04-16T19:31:31Z,False,1
20250302_1439_sbom_data.json,com.github.maheshnd/AmazonCognito,SPDX-2.3,131,130,1,npm,130,0,False,2025-03-02T14:39:32Z,False,1
20250309_788_sbom_data.json,com.github.shahrozdomore/vue-ionic,SPDX-2.3,1558,1557,1,npm,1551,0,False,2025-03-09T12:55:48Z,False,1
20250212_934_sbom_data.json,com.github.myanreeks/myanreeks.github.io,SPDX-2.3,1,0,0,,0,0,False,2025-02-12T12:46:37Z,False,1
20250502_jumbo_11656_sbom_data.json,com.github.ibaiC/FlipperExperiments,SPDX-2.3,1,0,0,,0,0,False,2025-05-03T14:38:54Z,False,1
20250331_1219_sbom_data.json,com.github.winfr34k/ruby-koans-solution,SPDX-2.3,1,0,0,,0,0,False,2025-03-31T12:32:23Z,False,1
20250208_130_sbom_data.json,com.github.lautaroMiguez/pp_04_inicio_flask_G16,SPDX-2.3,1,0,0,,0,0,False,2025-02-09T20:45:13Z,False,1
20250409_947_sbom_data.json,com.github.SSYP2023/plan,SPDX-2.3,1,0,0,,0,0,False,2025-04-09T22:13:06Z,False,1
20250412_1260_sbom_data.json,com.github.b1nary/railstastic,SPDX-2.3,86,85,1,gem,84,0,False,2025-04-12T18:56:34Z,False,1
20250429_321_sbom_data.json,com.github.Khasiyeva/BE-ExamMVC,SPDX-2.3,7,6,1,nuget,6,0,False,2025-04-29T12:53:17Z,False,1
20250502_jumbo_13568_sbom_data.json,com.github.MayurG25/time_series_exponential_smoothing,SPDX-2.3,1,0,0,,0,0,False,2025-05-03T15:54:37Z,False,1
20250502_jumbo_4183_sbom_data.json,com.github.torinstuartbrown/APIsDemo,SPDX-2.3,1,0,0,,0,0,False,2025-05-02T19:42:18Z,False,1
20250502_jumbo_3292_sbom_data.json,com.github.Jasonm1988/project,SPDX-2.3,1,0,0,,0,0,False,2025-05-02T19:23:35Z,False,1
20250427_454_sbom_data.json,com.github.Jeanne126/resume,SPDX-2.3,1,0,0,,0,0,False,2025-04-27T12:40:18Z,False,1
20250303_1161_sbom_data.json,com.github.AggroCow/MakerslabSoSe22SmartPetfeeder,SPDX-2.3,3,2,1,pypi,0,0,True,2025-03-03T12:55:44Z,False,1
20250322_708_sbom_data.json,com.github.DanZhao1027/paperhub,SPDX-2.3,1,0,0,,0,0,False,2025-03-22T14:41:07Z,False,1
20250330_387_sbom_data.json,com.github.RubendeBruin/env,SPDX-2.3,1,0,0,,0,0,False,2025-03-30T12:55:35Z,False,1
20250215_957_sbom_data.json,com.github.mrrichardasmith/plazaGardenProject,SPDX-2.3,1,0,0,,0,0,False,2025-02-15T14:59:22Z,False,1
20250426_84_sbom_data.json,com.github.junnyda/python-practices,SPDX-2.3,1,0,0,,0,0,False,2025-04-26T10:11:42Z,False,1
20250318_773_sbom_data.json,com.github.DevAlbertQ/Java-SpringREST-api,SPDX-2.3,1,0,0,,0,0,False,2025-03-18T16:01:43Z,False,1
20250422_11_sbom_data.json,com.github.kirlangic05/Hal,SPDX-2.3,7,6,1,maven,0,0,True,2025-04-23T14:21:02Z,False,1
20250316_928_sbom_data.json,com.github.kangbada0728/study-system-design-interview,SPDX-2.3,1,0,0,,0,0,False,2025-03-16T12:02:49Z,False,1
20250222_403_sbom_data.json,com.github.michael24214/diskord-bot,SPDX-2.3,1,0,0,,0,0,False,2025-02-22T13:36:14Z,False,1
20250502_jumbo_13628_sbom_data.json,com.github.myroom9/testsetset1111,SPDX-2.3,1,0,0,,0,0,False,2025-05-03T17:12:09Z,False,1
20250315_1535_sbom_data.json,com.github.daemonlair/spatial-filtering,SPDX-2.3,1,0,0,,0,0,False,2025-03-15T15:36:35Z,False,1
20250408_1651_sbom_data.json,com.github.piere23/jogos,SPDX-2.3,1,0,0,,0,0,False,2025-04-09T12:31:27Z,False,1
20250316_161_sbom_data.json,com.github.antigo-icaroteles/frontend-bloxs-challenge,SPDX-2.3,2356,2355,1,npm,2347,0,False,2025-03-16T11:35:21Z,False,1
20250427_1312_sbom_data.json,com.github.saivnct/cwm-android,SPDX-2.3,1,0,0,,0,0,False,2025-04-27T14:41:40Z,False,1
20250327_836_sbom_data.json,com.github.focuskey/library_william,SPDX-2.3,1,0,0,,0,0,False,2025-03-27T12:16:59Z,False,1
20250318_1615_sbom_data.json,com.github.juliasweet/TooFarToWalk,SPDX-2.3,1,0,0,,0,0,False,2025-03-18T16:18:52Z,False,1
20250327_1292_sbom_data.json,com.github.scottcagno/qr-scanner,SPDX-2.3,1,0,0,,0,0,False,2025-03-27T12:43:51Z,False,1
20250430_599_sbom_data.json,com.github.JonathanChu444/ThermostatOptimizer,SPDX-2.3,1,0,0,,0,0,False,2025-04-30T13:49:57Z,False,1
20250314_785_sbom_data.json,com.github.Surfndez/build-images,SPDX-2.3,1,0,0,,0,0,False,2025-03-14T12:22:36Z,False,1
20250414_1079_sbom_data.json,com.github.xaviwblack/wblack,SPDX-2.3,1,0,0,,0,0,False,2025-04-14T09:44:28Z,False,1
20250222_902_sbom_data.json,com.github.shamil9/vimeo-test,SPDX-2.3,835,834,1,npm,832,0,False,2025-02-22T14:03:32Z,False,1
20250302_225_sbom_data.json,com.github.chickenfan/Paintball,SPDX-2.3,1,0,0,,0,0,False,2025-03-02T12:53:54Z,False,1
20250329_1494_sbom_data.json,com.github.ZA-702210/UnoClubROBLOX,SPDX-2.3,1,0,0,,0,0,False,2025-03-29T15:44:58Z,False,1
20250426_96_sbom_data.json,com.github.jasonmcaffee/tower-defense,SPDX-2.3,1993,1992,1,npm,1989,0,False,2025-04-26T10:11:51Z,False,1
20250324_344_sbom_data.json,com.github.B1ztn/Search,SPDX-2.3,1,0,0,,0,0,False,2025-03-24T11:37:42Z,False,1
20250428_1675_sbom_data.json,com.github.4training/html-sq,SPDX-2.3,1,0,0,,0,0,False,2025-04-28T11:58:20Z,False,1
20250502_jumbo_5339_sbom_data.json,com.github.Morpa/Remix-Good-Morning,SPDX-2.3,1349,1348,2,"github_actions,npm",1342,0,False,2025-05-02T21:47:29Z,False,1
20250228_168_sbom_data.json,com.github.Sayali-Gavade/ark-studio,SPDX-2.3,1,0,0,,0,0,False,2025-02-28T12:23:28Z,False,1
20250421_1376_sbom_data.json,com.github.Vineti-Internship/tdd_with_jest,SPDX-2.3,1339,1338,1,npm,1321,0,False,2025-04-21T14:05:34Z,False,1
20250415_694_sbom_data.json,com.github.mxsg/minijava-compiler,SPDX-2.3,1,0,0,,0,0,False,2025-04-16T11:46:50Z,False,1
20250315_1642_sbom_data.json,com.github.TheAcme/prueba1,SPDX-2.3,1,0,0,,0,0,False,2025-03-15T15:37:59Z,False,1
20250327_42_sbom_data.json,com.github.code-warrior/examples--nime--uisa-115--uhart--fall-2022,SPDX-2.3,1,0,0,,0,0,False,2025-03-27T11:42:43Z,False,1
20250413_1416_sbom_data.json,com.github.FernandaFranco/assessment-oop-and-more-topics,SPDX-2.3,1,0,0,,0,0,False,2025-04-13T16:01:23Z,False,1
20250208_1069_sbom_data.json,com.github.mayday91/tictactoe,SPDX-2.3,1,0,0,,0,0,False,2025-02-09T21:03:05Z,False,1
20250315_625_sbom_data.json,com.github.Mucahitakin/DotNetCoreWithAngular,SPDX-2.3,5,4,1,nuget,4,0,False,2025-03-15T14:21:25Z,False,1
20250313_711_sbom_data.json,com.github.comp2086/comp2007f,SPDX-2.3,33,32,1,nuget,32,0,False,2025-03-13T15:23:13Z,False,1
20250304_458_sbom_data.json,com.github.Takkino31/MiseANiveauSymfony,SPDX-2.3,1,0,0,,0,0,False,2025-03-04T11:25:04Z,False,1
20250330_1642_sbom_data.json,com.github.RafaelCCampos/proffy,SPDX-2.3,1810,1809,1,npm,1805,0,False,2025-03-30T14:18:05Z,False,1
20250417_1111_sbom_data.json,com.github.Anandsubramaniam6/repo,SPDX-2.3,1,0,0,,0,0,False,2025-04-17T10:56:12Z,False,1
20250420_1335_sbom_data.json,com.github.xkizer/jsday-canarias-2019-examples,SPDX-2.3,510,509,1,npm,509,0,False,2025-04-20T11:31:23Z,False,1
20250425_625_sbom_data.json,com.github.Shaynme43/https-github.com-machine1337-fake-s,SPDX-2.3,1,0,0,,0,0,False,2025-04-25T18:28:22Z,False,1
20250317_900_sbom_data.json,com.github.Dodop12/OOP23-jurassiko,SPDX-2.3,3,2,1,github_actions,2,0,False,2025-03-17T12:39:21Z,False,1
20250403_246_sbom_data.json,com.github.ncode-repo/moj,SPDX-2.3,2,1,1,maven,1,0,False,2025-04-03T10:04:56Z,False,1
20250331_639_sbom_data.json,com.github.psychemist/buddy,SPDX-2.3,1,0,0,,0,0,False,2025-03-31T10:13:46Z,False,1
20250331_704_sbom_data.json,com.github.dvlazohotmails/cm-3470d,SPDX-2.3,1,0,0,,0,0,False,2025-03-31T10:31:52Z,False,1
20250428_1368_sbom_data.json,com.github.jepaguyo/DoubleCosets,SPDX-2.3,1,0,0,,0,0,False,2025-04-28T10:52:08Z,False,1
20250305_1103_sbom_data.json,com.github.ilaria1996I/ProgettoFigliuzziI,SPDX-2.3,1,0,0,,0,0,False,2025-03-05T12:12:03Z,False,1
20250408_885_sbom_data.json,com.github.ComputerEnchiladas/WNMSpring18,SPDX-2.3,1,0,0,,0,0,False,2025-04-09T12:12:04Z,False,1
20250404_190_sbom_data.json,com.github.Cassese03/pipeline.promedya.it,SPDX-2.3,2454,2453,3,"composer,gem,npm",2440,11,False,2025-04-05T17:13:39Z,False,1
20250502_jumbo_3088_sbom_data.json,com.github.Ductp1/SUR-hop,SPDX-2.3,1,0,0,,0,0,False,2025-05-02T19:20:13Z,False,1
20250227_911_sbom_data.json,com.github.elenaanov/Tic-Tac-Toe,SPDX-2.3,1,0,0,,0,0,False,2025-02-27T10:09:34Z,False,1
20250426_1396_sbom_data.json,com.github.kostinvlad/KOSTINVLAD,SPDX-2.3,1,0,0,,0,0,False,2025-04-26T10:30:36Z,False,1
20250217_520_sbom_data.json,com.github.Abhinav1604/Project-28,SPDX-2.3,1,0,0,,0,0,False,2025-02-17T11:27:45Z,False,1
20250313_1683_sbom_data.json,com.github.Kishore1427/assignment-3,SPDX-2.3,1,0,0,,0,0,False,2025-03-13T02:08:59Z,True,2
20250409_1665_sbom_data.json,com.github.Fassilsis/Flower_Garden,SPDX-2.3,1,0,0,,0,0,False,2025-04-10T10:10:10Z,False,1
20250426_76_sbom_data.json,com.github.BuHu-IIyx/ITMO.WPF.Calculator,SPDX-2.3,1,0,0,,0,0,False,2025-04-26T10:11:36Z,False,1
20250423_1305_sbom_data.json,com.github.Polychlorobenzene/grid-sandbox,SPDX-2.3,1156,1155,1,npm,1152,0,False,2025-04-23T13:40:19Z,True,2
20250421_508_sbom_data.json,com.github.baikaifa/mobx_react_learning,SPDX-2.3,1353,1352,1,npm,1348,0,False,2025-04-21T11:52:09Z,False,1
20250319_1674_sbom_data.json,com.github.OpenMandrivaAssociation/python-requests-toolbelt,SPDX-2.3,1,0,0,,0,0,False,2025-03-19T10:14:10Z,False,1
20250218_551_sbom_data.json,com.github.P-iyushRaj/primerx,SPDX-2.3,12,11,1,pypi,11,0,False,2025-02-18T12:25:10Z,False,1
20250502_jumbo_5866_sbom_data.json,com.github.johnatanAvotsoa/RestoConnect,SPDX-2.3,1,0,0,,0,0,False,2025-05-02T22:35:19Z,False,1
20250307_263_sbom_data.json,com.github.JesusGarce22/Seguimiento-9,SPDX-2.3,1,0,0,,0,0,False,2025-03-07T10:24:14Z,False,1
20250427_840_sbom_data.json,com.github.huluhuluwa123/TuringClub,SPDX-2.3,1,0,0,,0,0,False,2025-04-27T13:50:50Z,False,1
20250316_300_sbom_data.json,com.github.syaviudin/kelompok-f31,SPDX-2.3,1,0,0,,0,0,False,2025-03-16T11:38:06Z,False,1
20250306_1519_sbom_data.json,com.github.bippisb/Dataset_QA,SPDX-2.3,1,0,0,,0,0,False,2025-03-06T12:57:45Z,False,1
20250303_1515_sbom_data.json,com.github.dev-dwr/transfers-realization-service,SPDX-2.3,1,0,0,,0,0,False,2025-03-03T13:51:54Z,False,1
20250225_1469_sbom_data.json,com.github.chaithanya2765/import-and-export-bool,SPDX-2.3,1,0,0,,0,0,False,2025-02-25T14:14:41Z,False,1
20250210_341_sbom_data.json,com.github.luzifer-docker/clasp,SPDX-2.3,1,0,0,,0,0,False,2025-02-10T13:41:22Z,False,1
20250213_1248_sbom_data.json,com.github.Hikmatullo2904/PDPChatApp,SPDX-2.3,1,0,0,,0,0,False,2025-02-13T13:09:03Z,False,1
20250308_533_sbom_data.json,com.github.KaranpalpandyM/Counter,SPDX-2.3,1,0,0,,0,0,False,2025-03-08T13:53:42Z,False,1
20250404_50_sbom_data.json,com.github.WinnieKorir/alx-pre_course,SPDX-2.3,1,0,0,,0,0,False,2025-04-05T17:12:09Z,False,1
20250420_643_sbom_data.json,com.github.ravindukrs/terraform-aws-nginx-iac,SPDX-2.3,1,0,0,,0,0,False,2025-04-20T11:16:20Z,False,1
20250502_jumbo_9029_sbom_data.json,com.github.Peterka100/Node.js,SPDX-2.3,91,90,1,npm,0,0,False,2025-05-03T02:11:27Z,False,1
20250216_145_sbom_data.json,com.github.Harshallad/Movie-Recommendation-system,SPDX-2.3,1,0,0,,0,0,False,2025-02-16T12:47:51Z,False,1
20250402_1582_sbom_data.json,com.github.DN92/planetScottishFold,SPDX-2.3,1437,1436,1,npm,1428,0,False,2025-04-02T22:29:29Z,True,2
20250328_390_sbom_data.json,com.github.rajatrawal/dsa-cpp,SPDX-2.3,1,0,0,,0,0,False,2025-03-28T12:32:48Z,False,1
20250422_780_sbom_data.json,com.github.anamicrorez/Timbre-con-telegram,SPDX-2.3,3,2,1,npm,0,2,False,2025-04-23T21:36:09Z,False,1
20250416_362_sbom_data.json,com.github.hp-liyt/ninesixteen,SPDX-2.3,1,0,0,,0,0,False,2025-04-16T19:29:29Z,False,1
20250302_691_sbom_data.json,com.github.gurumoorthy/MusicApp,SPDX-2.3,1,0,0,,0,0,False,2025-03-02T13:01:42Z,False,1
20250502_jumbo_13384_sbom_data.json,com.github.Arvind0089/Danger-Project,SPDX-2.3,1,0,0,,0,0,False,2025-05-03T15:52:43Z,False,1
20250430_446_sbom_data.json,com.github.akurilov/java-commons,SPDX-2.3,1,0,0,,0,0,False,2025-04-30T13:47:35Z,False,1
20250325_1189_sbom_data.json,com.github.itsrazib1/phero_assignment-9,SPDX-2.3,240,239,1,npm,238,0,False,2025-03-25T12:34:17Z,False,1
20250406_83_sbom_data.json,com.github.w3slee/greenpanda,SPDX-2.3,1,0,0,,0,0,False,2025-04-06T11:20:46Z,False,1
20250326_7_sbom_data.json,com.github.Rohit-blips/website-bootstrap,SPDX-2.3,1,0,0,,0,0,False,2025-03-26T12:14:32Z,False,1
20250308_379_sbom_data.json,com.github.WebArtWork/startup-car-store-dealership,SPDX-2.3,1,0,0,,0,0,False,2025-03-08T13:50:02Z,False,1
20250225_1505_sbom_data.json,com.github.epjishnu/code-for-adding-name-here-cat-using-list-function,SPDX-2.3,1,0,0,,0,0,False,2025-02-25T14:15:07Z,False,1
20250425_86_sbom_data.json,com.github.IrinkaT/magic8Ball,SPDX-2.3,1,0,0,,0,0,False,2025-04-25T12:28:09Z,False,1
20250429_44_sbom_data.json,com.github.yosaddis/api-project-for-bag,SPDX-2.3,62,61,1,gem,61,0,False,2025-04-29T12:48:14Z,False,1
20250208_465_sbom_data.json,com.github.elinori/pro,SPDX-2.3,1,0,0,,0,0,False,2025-02-09T20:52:15Z,False,1
20250502_jumbo_5835_sbom_data.json,com.github.nick722/thunks-ex,SPDX-2.3,1046,1045,1,npm,1045,0,False,2025-05-02T22:34:53Z,False,1
20250502_jumbo_9301_sbom_data.json,com.github.dummythiqgenderless/CSC-254-Project-4,SPDX-2.3,1,0,0,,0,0,False,2025-05-03T02:16:47Z,False,1
20250220_1408_sbom_data.json,com.github.rlaqjatn906/202021034-,SPDX-2.3,1,0,0,,0,0,False,2025-02-20T12:57:39Z,False,1
20250329_813_sbom_data.json,com.github.abcurrie/BigRatKlipper,SPDX-2.3,1,0,0,,0,0,False,2025-03-29T14:50:29Z,False,1
20250305_493_sbom_data.json,com.github.bhavanapanduru/counter-react-redux,SPDX-2.3,1318,1317,1,npm,1314,0,False,2025-03-05T11:56:39Z,False,1
20250228_467_sbom_data.json,com.github.igorrmkd/devtutlist,SPDX-2.3,1662,1661,1,npm,1658,0,False,2025-02-28T12:29:24Z,False,1
20250430_375_sbom_data.json,com.github.brodingid/hello,SPDX-2.3,1,0,0,,0,0,False,2025-04-30T13:46:25Z,False,1
20250409_577_sbom_data.json,com.github.wangshuaitong/mapping,SPDX-2.3,1,0,0,,0,0,False,2025-04-09T22:07:13Z,False,1
20250403_170_sbom_data.json,com.github.renesugar/cpptask,SPDX-2.3,1,0,0,,0,0,False,2025-04-03T10:03:32Z,False,1
20250213_421_sbom_data.json,com.github.PawanPawar03/roxiler_backend_Assignment,SPDX-2.3,218,217,1,npm,217,0,False,2025-02-13T12:38:13Z,False,1
20250414_1641_sbom_data.json,com.github.Naman36/NameClassification,SPDX-2.3,1,0,0,,0,0,False,2025-04-14T10:26:47Z,False,1
20250309_1322_sbom_data.json,com.github.AndreLuizLeaoArruda/aprendendo_python,SPDX-2.3,1,0,0,,0,0,False,2025-03-09T13:09:31Z,False,1
20250222_1370_sbom_data.json,com.github.bjarneo/format2,SPDX-2.3,7,6,1,npm,0,6,True,2025-02-22T14:09:33Z,False,1
20250402_252_sbom_data.json,com.github.saturnrobot/CyberPolice-CyberPatriotScripts,SPDX-2.3,1,0,0,,0,0,False,2025-04-02T12:36:35Z,True,2
20250223_438_sbom_data.json,com.github.yjkeem/clone-website,SPDX-2.3,1,0,0,,0,0,False,2025-02-23T13:27:44Z,False,1
20250403_188_sbom_data.json,com.github.Yurilima20/PaginaTeste,SPDX-2.3,1,0,0,,0,0,False,2025-04-03T10:03:47Z,False,1
20250427_1443_sbom_data.json,com.github.giridhar276/epsilon19062023,SPDX-2.3,1,0,0,,0,0,False,2025-04-27T20:41:05Z,False,1
20250411_1463_sbom_data.json,com.github.emmagerard/joint_model_code,SPDX-2.3,1,0,0,,0,0,False,2025-04-11T15:06:54Z,False,1
20250414_369_sbom_data.json,com.github.YessNandez89/desarrollo,SPDX-2.3,1,0,0,,0,0,False,2025-04-14T09:28:18Z,False,1
20250418_831_sbom_data.json,com.github.CHANDRSHEKHRSHARNGAT/Interview-Questions-and-Answer,SPDX-2.3,1,0,0,,0,0,False,2025-04-19T14:54:55Z,False,1
20250317_1533_sbom_data.json,com.github.Reham-007/Rupontir-fol,SPDX-2.3,1,0,0,,0,0,False,2025-03-17T13:47:28Z,False,1
20250502_jumbo_6622_sbom_data.json,com.github.410262638/410262638.github.io,SPDX-2.3,1,0,0,,0,0,False,2025-05-02T23:18:24Z,False,1
20250331_77_sbom_data.json,com.github.alexd3armas/poop,SPDX-2.3,1,0,0,,0,0,False,2025-03-31T09:52:28Z,False,1
20250420_888_sbom_data.json,com.github.RPBMedia/reactTeamRegistry,SPDX-2.3,2247,2246,1,npm,2246,0,False,2025-04-20T11:22:48Z,False,1
20250502_jumbo_13539_sbom_data.json,com.github.nourinz/mood,SPDX-2.3,1,0,0,,0,0,False,2025-05-03T15:54:21Z,False,1
20250408_1217_sbom_data.json,com.github.kenthjoelcardente/FINALS-IPTECH2,SPDX-2.3,1,0,0,,0,0,False,2025-04-09T12:25:28Z,False,1
20250330_1092_sbom_data.json,com.github.waterflower124/Uberlike-taxi-driver-app,SPDX-2.3,1,0,0,,0,0,False,2025-03-30T13:14:20Z,False,1
20250413_1405_sbom_data.json,com.github.younusrahman/SLClone,SPDX-2.3,1226,1225,1,npm,1220,0,False,2025-04-13T16:01:16Z,False,1
20250401_1395_sbom_data.json,com.github.gsongX/mykali-custom-script,SPDX-2.3,1,0,0,,0,0,False,2025-04-05T15:11:24Z,True,2
20250226_4_sbom_data.json,com.github.C123R/terraform-azure,SPDX-2.3,1,0,0,,0,0,False,2025-02-26T12:27:01Z,False,1
20250502_jumbo_4499_sbom_data.json,com.github.gauravsingh2012/Test,SPDX-2.3,1,0,0,,0,0,False,2025-05-02T21:30:57Z,False,1
20250404_42_sbom_data.json,com.github.jo-jordan/blog-middleware,SPDX-2.3,8,7,1,golang,6,0,False,2025-04-05T17:12:04Z,False,1
20250401_603_sbom_data.json,com.github.jvalen01/react-portfolio-website,SPDX-2.3,1236,1235,1,npm,1228,0,False,2025-04-05T13:34:22Z,True,2
20250310_1603_sbom_data.json,com.github.nonsequitur/rum,SPDX-2.3,1,0,0,,0,0,False,2025-03-10T13:19:02Z,False,1
20250502_jumbo_5978_sbom_data.json,com.github.shifan-sadique/CPP-STL,SPDX-2.3,1,0,0,,0,0,False,2025-05-02T23:09:30Z,False,1
20250308_958_sbom_data.json,com.github.ravinasri/sample2,SPDX-2.3,1,0,0,,0,0,False,2025-03-08T14:06:25Z,False,1
20250423_603_sbom_data.json,com.github.Wendy-B-Hub/imageUpload_mern__awsS3,SPDX-2.3,1350,1349,1,npm,1343,0,False,2025-04-23T12:31:53Z,False,1
20250312_643_sbom_data.json,com.github.Arnav324/Snake-Game-V1.0,SPDX-2.3,1,0,0,,0,0,False,2025-03-12T12:35:51Z,False,1
20250502_jumbo_8556_sbom_data.json,com.github.TryToCatchMyPromise/task_for_mobile_data_house,SPDX-2.3,1451,1450,1,npm,1447,0,False,2025-05-03T01:53:37Z,False,1
20250410_120_sbom_data.json,com.github.Darakry/MINI-PROJECT,SPDX-2.3,1,0,0,,0,0,False,2025-04-10T10:18:17Z,False,1
20250405_628_sbom_data.json,com.github.juliano/deathstar-zio-stream,SPDX-2.3,1,0,0,,0,0,False,2025-04-05T15:35:59Z,False,1
20250422_256_sbom_data.json,com.github.shittuadams/exercise-tracker,SPDX-2.3,85,84,1,npm,84,0,False,2025-04-23T14:26:44Z,False,1
20250308_1053_sbom_data.json,com.github.Athira502/Solidity,SPDX-2.3,1,0,0,,0,0,False,2025-03-08T14:22:03Z,False,1
20250312_180_sbom_data.json,com.github.limbolily/exiv2,SPDX-2.3,1,0,0,,0,0,False,2025-03-12T12:03:11Z,False,1
20250331_324_sbom_data.json,com.github.Moldrok/Moldrok,SPDX-2.3,1,0,0,,0,0,False,2025-03-31T09:57:33Z,True,2
20250216_75_sbom_data.json,com.github.SejalSarada/MarioGame,SPDX-2.3,1,0,0,,0,0,False,2025-02-16T12:47:02Z,False,1
20250502_jumbo_12512_sbom_data.json,com.github.shaadab/project-57,SPDX-2.3,1,0,0,,0,0,False,2025-05-03T15:43:40Z,False,1
20250313_494_sbom_data.json,com.github.ilyafeynberg/first_app,SPDX-2.3,43,42,1,gem,42,0,False,2025-03-13T15:19:29Z,False,1
20250307_185_sbom_data.json,com.github.matsad3547/server-demo,SPDX-2.3,6,5,1,npm,0,5,True,2025-03-07T10:23:07Z,False,1
20250311_762_sbom_data.json,com.github.sjwjsys/Papers,SPDX-2.3,1,0,0,,0,0,False,2025-03-11T12:01:25Z,False,1
20250319_259_sbom_data.json,com.github.Aarond2018/trpc-nextjs-demo,SPDX-2.3,349,348,1,npm,346,0,False,2025-03-19T08:57:08Z,False,1
20250317_434_sbom_data.json,com.github.nyshitha619/mustache-filter-app,SPDX-2.3,1,0,0,,0,0,False,2025-03-17T12:26:38Z,False,1
20250412_1572_sbom_data.json,com.github.gigaSproule/has-my-alias-been-pwned,SPDX-2.3,293,292,1,cargo,290,0,False,2025-04-12T20:41:51Z,False,1
20250217_1303_sbom_data.json,com.github.Diego-Monjaraz/Diego-Monjaraz,SPDX-2.3,1,0,0,,0,0,False,2025-02-17T11:57:12Z,False,1
20250224_1374_sbom_data.json,com.github.ecnu-bing/test,SPDX-2.3,5,4,1,maven,4,0,False,2025-02-24T15:49:55Z,False,1
20250225_536_sbom_data.json,com.github.reitermarkus/dnsparse,SPDX-2.3,2,1,1,github_actions,0,0,False,2025-02-25T13:15:37Z,False,1
20250307_1155_sbom_data.json,com.github.amandagpf/SupermarketList,SPDX-2.3,1,0,0,,0,0,False,2025-03-07T10:43:03Z,False,1
20250325_1025_sbom_data.json,com.github.Jarvis-zou/CS106B_Assignments,SPDX-2.3,1,0,0,,0,0,False,2025-03-25T12:31:49Z,False,1
20250430_1557_sbom_data.json,com.github.IrinaPrykhodko/MedKit,SPDX-2.3,4,3,1,maven,1,0,True,2025-04-30T14:47:02Z,False,1
20250225_88_sbom_data.json,com.github.danrigg11/Childrens-Books,SPDX-2.3,1,0,0,,0,0,False,2025-02-25T13:08:36Z,False,1
20250502_jumbo_11229_sbom_data.json,com.github.techcater/fire-notifications-docs,SPDX-2.3,1,0,0,,0,0,False,2025-05-03T14:35:06Z,False,1
20250305_1149_sbom_data.json,com.github.Daksh3K/Daksh3K.github.io,SPDX-2.3,1,0,0,,0,0,False,2025-03-05T12:18:17Z,False,1
20250215_1426_sbom_data.json,com.github.WuYutong11/learngit,SPDX-2.3,1,0,0,,0,0,False,2025-02-15T15:45:12Z,False,1
20250328_470_sbom_data.json,com.github.Axelhrdz/React-Academlo-entregable-1,SPDX-2.3,314,313,1,npm,311,0,False,2025-03-28T12:35:43Z,False,1
20250327_696_sbom_data.json,com.github.cbryer/Translatable-Domains,SPDX-2.3,1,0,0,,0,0,False,2025-03-27T12:06:44Z,False,1
20250318_89_sbom_data.json,com.github.RobertooB/api_authz,SPDX-2.3,1,0,0,,0,0,False,2025-03-18T14:08:43Z,False,1
20250412_47_sbom_data.json,com.github.regregerggggggggg/FQAETSXQVDSPHAXYNHRGFEMLPPXTSLQDKAD,SPDX-2.3,1,0,0,,0,0,False,2025-04-12T13:06:57Z,False,1
20250403_415_sbom_data.json,com.github.sukune332/higarashi_AndAR,SPDX-2.3,1,0,0,,0,0,False,2025-04-03T10:07:27Z,False,1
20250328_628_sbom_data.json,com.github.GittestCC/repo71537204517033,SPDX-2.3,1,0,0,,0,0,False,2025-03-28T12:38:52Z,False,1
20250215_1069_sbom_data.json,com.github.jannik-brinkmann/advanced-quantitative-methods-paper,SPDX-2.3,1,0,0,,0,0,False,2025-02-15T15:00:36Z,False,1
20250304_1399_sbom_data.json,com.github.Resident234/big-o,SPDX-2.3,1,0,0,,0,0,False,2025-03-04T13:30:30Z,False,1
20250329_1429_sbom_data.json,com.github.anushka200030/Banking-system-in-HTML,SPDX-2.3,1,0,0,,0,0,False,2025-03-29T15:44:09Z,False,1
20250325_633_sbom_data.json,com.github.spilorenzo/LS_aes_codes,SPDX-2.3,1,0,0,,0,0,False,2025-03-25T12:14:53Z,False,1
20250502_jumbo_924_sbom_data.json,com.github.JivkoDikov/Join,SPDX-2.3,1,0,0,,0,0,False,2025-05-02T17:27:09Z,False,1
20250417_313_sbom_data.json,com.github.Sproff/1AIM-,SPDX-2.3,1,0,0,,0,0,False,2025-04-17T10:42:28Z,False,1
20250430_299_sbom_data.json,com.github.StuartGiant/HomeAutomation,SPDX-2.3,1,0,0,,0,0,False,2025-04-30T13:45:04Z,False,1
20250210_1009_sbom_data.json,com.github.ChaimaBouhlel/Deep-learning-lab-1-perceptron,SPDX-2.3,1,0,0,,0,0,False,2025-02-10T14:03:10Z,False,1
20250502_jumbo_8515_sbom_data.json,com.github.gopalec111/basic-cpp-programs-vs,SPDX-2.3,1,0,0,,0,0,False,2025-05-03T01:52:22Z,False,1
20250416_365_sbom_data.json,com.github.intanmhcr/541211091-XIRPL3-INTAN,SPDX-2.3,96,95,1,npm,95,0,False,2025-04-16T19:29:31Z,False,1
20250324_56_sbom_data.json,com.github.calvinmzimela/module1,SPDX-2.3,1,0,0,,0,0,False,2025-03-24T11:31:35Z,False,1
20250404_811_sbom_data.json,com.github.Reechajoshi/angular-file-manager,SPDX-2.3,32,31,1,npm,0,31,False,2025-04-05T18:15:31Z,False,1
20250208_519_sbom_data.json,com.github.habbis/my-docker-compose,SPDX-2.3,1,0,0,,0,0,False,2025-02-09T20:53:01Z,False,1
20250321_1536_sbom_data.json,com.github.Hatch-ST/Gomoku,SPDX-2.3,1,0,0,,0,0,False,2025-03-21T13:37:49Z,False,1
20250315_1244_sbom_data.json,com.github.mgrecu35/radarProfiling,SPDX-2.3,1,0,0,,0,0,False,2025-03-15T15:31:25Z,True,2
20250502_jumbo_6297_sbom_data.json,com.github.Amahseyn/Barcode,SPDX-2.3,1,0,0,,0,0,False,2025-05-02T23:13:48Z,False,1
20250325_730_sbom_data.json,com.github.gumodi35/portfolio,SPDX-2.3,1179,1178,1,npm,1173,0,False,2025-03-25T12:22:20Z,False,1
20250329_1229_sbom_data.json,com.github.mn3na3a/test_dummy,SPDX-2.3,1,0,0,,0,0,False,2025-03-29T14:55:53Z,False,1
20250412_1220_sbom_data.json,com.github.tjdgkwy95/test,SPDX-2.3,1,0,0,,0,0,False,2025-04-12T18:56:07Z,False,1
20250502_jumbo_5214_sbom_data.json,com.github.houtengbu/git-app,SPDX-2.3,78,77,1,gem,77,0,False,2025-05-02T21:45:45Z,False,1
20250502_jumbo_2841_sbom_data.json,com.github.luaxlou/fileutils,SPDX-2.3,1,0,0,,0,0,False,2025-05-02T19:16:16Z,False,1
20250413_1101_sbom_data.json,com.github.Advay0809/console-project,SPDX-2.3,1,0,0,,0,0,False,2025-04-13T13:57:37Z,False,1
20250419_712_sbom_data.json,com.github.sai-pesari/sai-pesari.github.io,SPDX-2.3,1,0,0,,0,0,False,2025-04-19T16:44:47Z,False,1
20250305_76_sbom_data.json,com.github.janetgbadegun/Static,SPDX-2.3,1,0,0,,0,0,False,2025-03-05T11:42:45Z,False,1
20250406_1270_sbom_data.json,com.github.anderselfallo/Fist-Web,SPDX-2.3,1,0,0,,0,0,False,2025-04-06T11:31:36Z,False,1
20250305_592_sbom_data.json,com.github.songyanyi/Model-and-Algorithm,SPDX-2.3,1,0,0,,0,0,False,2025-03-05T11:58:11Z,False,1
20250311_991_sbom_data.json,com.github.rod-laycock/C-Playground,SPDX-2.3,1,0,0,,0,0,False,2025-03-11T12:11:25Z,False,1
20250331_1181_sbom_data.json,com.github.ashu-coffee-powered-coder/tic-tac-toe,SPDX-2.3,1,0,0,,0,0,False,2025-03-31T12:31:53Z,False,1
20250405_816_sbom_data.json,com.github.AireeAhri/AireeAhri,SPDX-2.3,1,0,0,,0,0,False,2025-04-05T15:42:11Z,False,1
20250211_1220_sbom_data.json,com.github.Rishabhmall/c-34,SPDX-2.3,1,0,0,,0,0,False,2025-02-11T13:18:37Z,False,1
20250325_512_sbom_data.json,com.github.jcvetas/cs130-coursework,SPDX-2.3,1,0,0,,0,0,False,2025-03-25T12:12:54Z,False,1
20250319_307_sbom_data.json,com.github.niyogakiza/O-Reilly-Touch-screen-Todo,SPDX-2.3,1,0,0,,0,0,False,2025-03-19T08:58:01Z,False,1
20250427_1692_sbom_data.json,com.github.awh/calcifer,SPDX-2.3,1,0,0,,0,0,False,2025-04-27T20:46:16Z,False,1
20250428_472_sbom_data.json,com.github.amradelata/pharmacydist,SPDX-2.3,1,0,0,,0,0,False,2025-04-28T10:35:44Z,False,1
20250327_1631_sbom_data.json,com.github.lavakumar578/Project4,SPDX-2.3,1,0,0,,0,0,False,2025-03-27T12:53:17Z,False,1
20250502_jumbo_14440_sbom_data.json,com.github.vadim-kosarev/newweb,SPDX-2.3,1,0,0,,0,0,False,2025-05-03T19:49:05Z,False,1
20250227_1552_sbom_data.json,com.github.Febin-Sunil/Project11---Ship-n-sea,SPDX-2.3,1,0,0,,0,0,False,2025-02-27T10:36:27Z,False,1
20250403_686_sbom_data.json,com.github.rtsite/rt-blue-site,SPDX-2.3,1,0,0,,0,0,False,2025-04-03T10:11:23Z,False,1
20250222_968_sbom_data.json,com.github.GermanQuintero1988/PlatziVideo,SPDX-2.3,1,0,0,,0,0,False,2025-02-22T14:04:29Z,False,1
20250422_1043_sbom_data.json,com.github.sumanthpn07/serversiderendering,SPDX-2.3,1,0,0,,0,0,False,2025-04-23T21:43:32Z,False,1
20250411_466_sbom_data.json,com.github.adageable/balena-heliumnode,SPDX-2.3,1,0,0,,0,0,False,2025-04-11T14:11:38Z,False,1
20250210_835_sbom_data.json,com.github.annadowling/JobCatcherApp,SPDX-2.3,1,0,0,,0,0,False,2025-02-10T13:59:54Z,False,1
20250326_1340_sbom_data.json,com.github.KOUISAmine/html-to-markdown,SPDX-2.3,1,0,0,,0,0,False,2025-03-26T13:15:35Z,True,2
20250418_214_sbom_data.json,com.github.jpvila/servicio-items-config,SPDX-2.3,1,0,0,,0,0,False,2025-04-19T14:10:39Z,False,1
20250415_136_sbom_data.json,com.github.Pouria-Salekani/Infinite-Ice-Cream-Tracker,SPDX-2.3,1,0,0,,0,0,False,2025-04-16T11:41:08Z,False,1
20250426_604_sbom_data.json,com.github.AleRivera99/Software-proyect,SPDX-2.3,3197,3196,1,npm,3189,0,False,2025-04-26T10:19:57Z,False,1
20250210_861_sbom_data.json,com.github.greenycaicai/xmshopApi,SPDX-2.3,1,0,0,,0,0,False,2025-02-10T14:00:14Z,False,1
20250217_372_sbom_data.json,com.github.satyajit1797/Project_1,SPDX-2.3,1,0,0,,0,0,False,2025-02-17T11:23:29Z,False,1
20250424_1532_sbom_data.json,com.github.nelson0708/ddmc_jenkins_dotnet_0422,SPDX-2.3,1,0,0,,0,0,False,2025-04-25T12:20:55Z,False,1
20250330_1407_sbom_data.json,com.github.aman9924/Employee_Management_System,SPDX-2.3,1,0,0,,0,0,False,2025-03-30T13:25:37Z,False,1
20250223_864_sbom_data.json,com.github.Muhammadbinaadil/assignment5,SPDX-2.3,1,0,0,,0,0,False,2025-02-23T13:41:46Z,False,1
20250403_1184_sbom_data.json,com.github.gangapurambhargav/srms,SPDX-2.3,4,3,1,github_actions,2,0,False,2025-04-03T10:19:59Z,False,1
20250301_1471_sbom_data.json,com.github.samuelemarino04/anita-client,SPDX-2.3,1,0,0,,0,0,False,2025-03-01T14:54:19Z,False,1
20250213_430_sbom_data.json,com.github.0Lamport0/zCool,SPDX-2.3,846,845,1,npm,843,0,False,2025-02-13T12:39:39Z,False,1
20250310_242_sbom_data.json,com.github.longrun520/520520,SPDX-2.3,1,0,0,,0,0,False,2025-03-10T11:09:10Z,False,1
20250324_337_sbom_data.json,com.github.Deathslayer89/randomwinnergame,SPDX-2.3,2122,2121,1,npm,2115,0,False,2025-03-24T11:37:37Z,False,1
20250318_298_sbom_data.json,com.github.Team997Coders/WPISwerve,SPDX-2.3,4,3,1,github_actions,2,0,False,2025-03-18T14:12:30Z,False,1
20250304_704_sbom_data.json,com.github.kerrybethr92/project-manager-backend,SPDX-2.3,4,3,1,nuget,3,0,False,2025-03-04T11:34:28Z,False,1
20250402_1456_sbom_data.json,com.github.fishde2020/Crowdfunding_ETL,SPDX-2.3,1,0,0,,0,0,False,2025-04-02T21:37:59Z,True,2
20250318_209_sbom_data.json,com.github.TomHSES/2022-Rapid-React,SPDX-2.3,1,0,0,,0,0,False,2025-03-18T14:11:19Z,False,1
20250319_533_sbom_data.json,com.github.pranithakuppusamy/java,SPDX-2.3,1,0,0,,0,0,False,2025-03-19T09:02:05Z,False,1
20250502_jumbo_7728_sbom_data.json,com.github.mathcunha/amon,SPDX-2.3,1,0,0,,0,0,False,2025-05-03T01:07:54Z,False,1
20250324_340_sbom_data.json,com.github.eric-dev-laravel/grainchaintest_e,SPDX-2.3,1,0,0,,0,0,False,2025-03-24T11:37:39Z,False,1
20250312_817_sbom_data.json,com.github.Sunerniu/Sunerniu,SPDX-2.3,1,0,0,,0,0,False,2025-03-12T12:38:47Z,False,1
20250502_jumbo_6024_sbom_data.json,com.github.miadugas/iLoftz_app,SPDX-2.3,1485,1484,2,"github_actions,npm",1480,0,False,2025-05-02T23:10:04Z,False,1
20250329_171_sbom_data.json,com.github.hapiy-23/clinic.copy,SPDX-2.3,1,0,0,,0,0,False,2025-03-29T14:40:51Z,False,1
20250309_349_sbom_data.json,com.github.danielmurray/rplab,SPDX-2.3,1,0,0,,0,0,False,2025-03-09T12:42:29Z,False,1
20250217_1548_sbom_data.json,com.github.EmbraceLife/character_kur,SPDX-2.3,1,0,0,,0,0,False,2025-02-17T12:44:12Z,False,1
20250404_120_sbom_data.json,com.github.iocodfasil7/apertr-vue-html,SPDX-2.3,1258,1257,1,npm,1253,0,False,2025-04-05T17:12:55Z,False,1
20250209_986_sbom_data.json,com.github.Bouzidhadjer/springboot-jpa-testing,SPDX-2.3,7,6,1,maven,0,0,True,2025-02-09T16:08:55Z,True,2
20250502_jumbo_5485_sbom_data.json,com.github.stark-akib/Test,SPDX-2.3,1,0,0,,0,0,False,2025-05-02T21:51:24Z,False,1
20250412_1445_sbom_data.json,com.github.markotonkovic/Elevator,SPDX-2.3,1,0,0,,0,0,False,2025-04-12T18:58:45Z,False,1
20250213_75_sbom_data.json,com.github.brockComputing/RestAPIv2,SPDX-2.3,1,0,0,,0,0,False,2025-02-13T12:27:36Z,False,1
20250321_1208_sbom_data.json,com.github.kianann/kianbot,SPDX-2.3,1,0,0,,0,0,False,2025-03-21T12:49:58Z,False,1
20250306_1444_sbom_data.json,com.github.BuwungAPETU/tea,SPDX-2.3,1,0,0,,0,0,False,2025-03-06T12:56:38Z,False,1
20250425_1341_sbom_data.json,com.github.oridfp/terraform-aws,SPDX-2.3,1,0,0,,0,0,False,2025-04-25T20:01:14Z,False,1
20250215_719_sbom_data.json,com.github.gtgeek/gtgeek.github.io,SPDX-2.3,2,1,1,npm,1,0,False,2025-02-15T14:55:11Z,False,1
20250425_1644_sbom_data.json,com.github.medo-iq/panel-main,SPDX-2.3,331,330,2,"composer,npm",329,0,False,2025-04-25T20:48:09Z,False,1
20250212_199_sbom_data.json,com.github.Bikram-Kumar/Music-Box,SPDX-2.3,1,0,0,,0,0,False,2025-02-12T12:32:14Z,False,1
20250502_jumbo_6441_sbom_data.json,com.github.elosine/capsens,SPDX-2.3,1,0,0,,0,0,False,2025-05-02T23:15:51Z,False,1
20250211_1582_sbom_data.json,com.github.mesquitadreh/andremesquita,SPDX-2.3,1,0,0,,0,0,False,2025-02-11T13:26:47Z,False,1
20250308_963_sbom_data.json,com.github.delkhalidd/devops-projects,SPDX-2.3,1,0,0,,0,0,False,2025-03-08T14:06:31Z,False,1
20250303_1557_sbom_data.json,com.github.bmalum/WebInfo,SPDX-2.3,1,0,0,,0,0,False,2025-03-03T13:52:36Z,False,1
20250210_1142_sbom_data.json,com.github.Capdog/-,SPDX-2.3,1,0,0,,0,0,False,2025-02-10T14:04:53Z,False,1
20250421_881_sbom_data.json,com.github.shanepaton/shanes-doshin-tools,SPDX-2.3,1,0,0,,0,0,False,2025-04-21T12:04:41Z,False,1
20250225_819_sbom_data.json,com.github.GwtMaterialDesign/gwt-material-tutorial,SPDX-2.3,10,9,1,maven,9,0,False,2025-02-25T13:19:53Z,False,1
20250307_927_sbom_data.json,com.github.Shailly-450/myfirstrepository,SPDX-2.3,1,0,0,,0,0,False,2025-03-07T10:38:03Z,False,1
20250222_695_sbom_data.json,com.github.SreeDivya24/Sree-Divya-Koppeti,SPDX-2.3,1,0,0,,0,0,False,2025-02-22T13:54:18Z,False,1
20250404_242_sbom_data.json,com.github.Mahin-Hasan/Geomerty-Genius-Using-JS,SPDX-2.3,1,0,0,,0,0,False,2025-04-05T17:14:13Z,False,1
20250427_257_sbom_data.json,com.github.KalianePemi/Average,SPDX-2.3,1048,1047,1,npm,1046,0,False,2025-04-27T12:36:59Z,False,1
20250221_1329_sbom_data.json,com.github.SergiuBabin/Interview_Tehnic_Problem,SPDX-2.3,1,0,0,,0,0,False,2025-02-21T13:25:25Z,False,1
20250415_1301_sbom_data.json,com.github.tobyreynold/iLoader,SPDX-2.3,1,0,0,,0,0,False,2025-04-16T12:04:45Z,False,1
20250305_341_sbom_data.json,com.github.umsl-web-dev/web-design-assignment-1-nrs,SPDX-2.3,1,0,0,,0,0,False,2025-03-05T11:54:15Z,False,1
20250403_253_sbom_data.json,com.github.MalcolmD/TheRecipeBookHub,SPDX-2.3,40,39,1,gem,39,0,False,2025-04-03T10:05:02Z,False,1
20250430_97_sbom_data.json,com.github.PrashantNaikHC/DiceRoll,SPDX-2.3,1,0,0,,0,0,False,2025-04-30T13:32:20Z,False,1
20250310_1067_sbom_data.json,com.github.xxdamianxx/sequelizedBurger,SPDX-2.3,87,86,1,npm,86,0,False,2025-03-10T11:24:54Z,False,1
20250502_jumbo_8743_sbom_data.json,com.github.albertyu-0703/CCSP-certification-exam,SPDX-2.3,1,0,0,,0,0,False,2025-05-03T01:59:04Z,False,1
20250323_1534_sbom_data.json,com.github.vandevikas/git,SPDX-2.3,1,0,0,,0,0,False,2025-03-23T14:01:09Z,False,1
20250227_550_sbom_data.json,com.github.humpty-dumpty-sat-on-a-wall/c25,SPDX-2.3,1,0,0,,0,0,False,2025-02-27T09:48:25Z,False,1
20250420_1179_sbom_data.json,com.github.Jemish456/Splitwise,SPDX-2.3,1,0,0,,0,0,False,2025-04-20T11:28:02Z,False,1
20250420_1437_sbom_data.json,com.github.GeorgRopnack/Projekt-3-Komplexni-Webova-Stranka,SPDX-2.3,1,0,0,,0,0,False,2025-04-20T11:32:53Z,False,1
20250502_jumbo_5297_sbom_data.json,com.github.Avokado-an/EPAM_TASK8,SPDX-2.3,3,2,1,maven,1,0,True,2025-05-02T21:46:54Z,False,1
20250502_jumbo_13386_sbom_data.json,com.github.SmartPracticeschool/SPS-4455-Remote-Doctor-Appointment-and-Consulting-App,SPDX-2.3,1,0,0,,0,0,False,2025-05-03T15:52:44Z,False,1
20250221_1353_sbom_data.json,com.github.pkleungae/my_website,SPDX-2.3,1,0,0,,0,0,False,2025-02-21T13:25:55Z,False,1
20250227_1320_sbom_data.json,com.github.Tito-Francis/capstone_project,SPDX-2.3,1,0,0,,0,0,False,2025-02-27T10:29:50Z,False,1
20250316_423_sbom_data.json,com.github.TBXark/homebrew-repo,SPDX-2.3,6,5,1,github_actions,0,1,False,2025-03-16T11:53:33Z,False,1
20250416_892_sbom_data.json,com.github.vinodkumarbalusupati/c105-chat,SPDX-2.3,1,0,0,,0,0,False,2025-04-16T19:36:39Z,False,1
20250210_570_sbom_data.json,com.github.ABBAS051999/RFP-Pratice-Set-11-12,SPDX-2.3,1,0,0,,0,0,False,2025-02-10T13:53:52Z,False,1
20250316_575_sbom_data.json,com.github.hahnrobi/erettsegi_17,SPDX-2.3,1,0,0,,0,0,False,2025-03-16T11:55:55Z,False,1
20250416_385_sbom_data.json,com.github.leofls/Rocketseat-starter-ReactJS,SPDX-2.3,1331,1330,1,npm,1327,0,False,2025-04-16T19:29:45Z,False,1
20250428_1679_sbom_data.json,com.github.AdiGavan/Voice_Recognition_Service,SPDX-2.3,1,0,0,,0,0,False,2025-04-28T11:58:46Z,False,1
20250324_1173_sbom_data.json,com.github.xiaokaixuan/pikpak,SPDX-2.3,3,2,1,github_actions,2,0,False,2025-03-24T12:01:05Z,False,1
20250326_255_sbom_data.json,com.github.ariarishosho/sample_app,SPDX-2.3,82,81,1,gem,81,0,False,2025-03-26T12:21:38Z,False,1
20250502_jumbo_12781_sbom_data.json,com.github.Ashutosh07/Real-World-Stock-Market-Prediction-,SPDX-2.3,1,0,0,,0,0,False,2025-05-03T15:46:05Z,False,1
20250303_137_sbom_data.json,com.github.snowblink/design-patterns,SPDX-2.3,17,16,1,gem,16,0,False,2025-03-03T12:27:53Z,False,1
20250216_493_sbom_data.json,com.github.Gatfanoff/3-2,SPDX-2.3,493,492,1,npm,487,0,False,2025-02-16T12:55:53Z,False,1
20250418_254_sbom_data.json,com.github.VictorZubkov/-legendary-computing-machine,SPDX-2.3,1,0,0,,0,0,False,2025-04-19T14:11:04Z,False,1
20250429_982_sbom_data.json,com.github.vanbinh92/realtime-backend,SPDX-2.3,107,106,1,npm,106,0,False,2025-04-29T13:44:12Z,False,1
20250422_337_sbom_data.json,com.github.tac0x2a/yasuri-python,SPDX-2.3,1,0,0,,0,0,False,2025-04-23T14:28:25Z,False,1
20250308_1694_sbom_data.json,com.github.radu-ciora/RoCoFake,SPDX-2.3,1,0,0,,0,0,False,2025-03-08T14:55:08Z,False,1
20250219_566_sbom_data.json,com.github.estevsv/estevsv,SPDX-2.3,1,0,0,,0,0,False,2025-02-19T11:14:14Z,False,1
20250430_595_sbom_data.json,com.github.lozano28/SecurityAsync,SPDX-2.3,1,0,0,,0,0,False,2025-04-30T13:49:54Z,False,1
20250502_jumbo_9700_sbom_data.json,com.github.MASTER-INK/MASTER-INK,SPDX-2.3,1,0,0,,0,0,False,2025-05-03T13:20:09Z,False,1
20250315_219_sbom_data.json,com.github.Preethi-Dev/Modern-Layout-29,SPDX-2.3,1,0,0,,0,0,False,2025-03-15T14:15:38Z,False,1
20250429_137_sbom_data.json,com.github.apictech/pixel-art,SPDX-2.3,1,0,0,,0,0,False,2025-04-29T12:49:54Z,False,1
20250419_181_sbom_data.json,com.github.bbcode00000/DDzz,SPDX-2.3,1,0,0,,0,0,False,2025-04-19T15:41:24Z,False,1
20250222_1316_sbom_data.json,com.github.Crigerprogrammer/EscuelaC-,SPDX-2.3,1,0,0,,0,0,False,2025-02-22T14:08:55Z,False,1
20250415_1647_sbom_data.json,com.github.410983045/test,SPDX-2.3,4,3,2,"gem,github_actions",2,1,True,2025-04-16T12:51:34Z,False,1
20250212_341_sbom_data.json,com.github.Sovere7gn/react-dictionetworks,SPDX-2.3,1,0,0,,0,0,False,2025-02-12T12:34:47Z,False,1
20250320_731_sbom_data.json,com.github.technerds-waqas/notifications_demo_flutter,SPDX-2.3,59,58,1,pub,58,0,False,2025-03-20T12:49:37Z,False,1
20250411_227_sbom_data.json,com.github.srnjak/backup-scheduler,SPDX-2.3,4,3,1,github_actions,3,0,False,2025-04-11T14:07:27Z,False,1
20250330_1370_sbom_data.json,com.github.daemy/hello-world,SPDX-2.3,1,0,0,,0,0,False,2025-03-30T13:24:37Z,False,1
20250426_342_sbom_data.json,com.github.samhaque1504106/codeforces,SPDX-2.3,1,0,0,,0,0,False,2025-04-26T10:15:52Z,False,1
20250323_290_sbom_data.json,com.github.hmnth07/project1,SPDX-2.3,1,0,0,,0,0,False,2025-03-23T12:18:31Z,False,1
20250215_777_sbom_data.json,com.github.tentenymy/Computer-Graphics,SPDX-2.3,1,0,0,,0,0,False,2025-02-15T14:57:20Z,False,1
20250408_1441_sbom_data.json,com.github.solo-yolo/versioning-poc,SPDX-2.3,13,12,1,maven,7,0,True,2025-04-09T12:28:28Z,False,1
20250424_885_sbom_data.json,com.github.Yulia-lin/Time-series-forecasting,SPDX-2.3,1,0,0,,0,0,False,2025-04-24T12:03:16Z,False,1
20250320_1197_sbom_data.json,com.github.AnonioAnonio/spotifyclone,SPDX-2.3,1,0,0,,0,0,False,2025-03-20T14:21:35Z,False,1
20250209_1561_sbom_data.json,com.github.whiterabbit07/GettingAndCleaningData,SPDX-2.3,1,0,0,,0,0,False,2025-02-09T01:29:00Z,False,1
20250329_1410_sbom_data.json,com.github.uzonnadi/course-name,SPDX-2.3,3,2,1,github_actions,2,0,False,2025-03-29T15:43:56Z,False,1
20250406_1635_sbom_data.json,com.github.Alexon1999/JustAnimeBack,SPDX-2.3,24,23,1,pypi,23,0,False,2025-04-06T12:24:02Z,False,1
20250220_1212_sbom_data.json,com.github.andrewsomeister/Overpriced,SPDX-2.3,1,0,0,,0,0,False,2025-02-20T12:23:21Z,False,1
20250330_783_sbom_data.json,com.github.Christopher-J-1/pizza-Dojo,SPDX-2.3,1,0,0,,0,0,False,2025-03-30T13:02:06Z,False,1
20250322_339_sbom_data.json,com.github.yulikafsd/js-trainings,SPDX-2.3,1,0,0,,0,0,False,2025-03-22T14:31:31Z,False,1
20250423_227_sbom_data.json,com.github.jonghwanhyeon/devcontainers,SPDX-2.3,1,0,0,,0,0,False,2025-04-23T12:24:05Z,False,1
20250402_832_sbom_data.json,com.github.nhatgiau/meowpage,SPDX-2.3,3,2,1,npm,2,0,False,2025-04-02T17:05:02Z,True,2
20250502_jumbo_11395_sbom_data.json,com.github.bblais/twitter-infections,SPDX-2.3,1,0,0,,0,0,False,2025-05-03T14:36:33Z,False,1
20250225_923_sbom_data.json,com.github.haledic/solanatea,SPDX-2.3,1,0,0,,0,0,False,2025-02-25T13:21:00Z,False,1
20250331_1121_sbom_data.json,com.github.12211382/shortest-clock-angle,SPDX-2.3,1,0,0,,0,0,False,2025-03-31T10:46:59Z,False,1
20250228_511_sbom_data.json,com.github.Indrajitsaha1997/leaflet-playground,SPDX-2.3,917,916,1,npm,914,0,False,2025-02-28T12:29:57Z,False,1
20250502_jumbo_2697_sbom_data.json,com.github.Dea10/dba-diplo-2021-fe,SPDX-2.3,1463,1462,1,npm,1459,0,False,2025-05-02T18:40:22Z,False,1
20250410_1295_sbom_data.json,com.github.bharatyerra/Angular-Paginate-Directive,SPDX-2.3,1,0,0,,0,0,False,2025-04-10T10:45:05Z,False,1
20250425_1396_sbom_data.json,com.github.omarfarquek05/Next_Blog,SPDX-2.3,201,200,1,npm,200,0,False,2025-04-25T20:01:44Z,False,1
20250311_454_sbom_data.json,com.github.vikas12gangwar/BasicBankingSystem,SPDX-2.3,1,0,0,,0,0,False,2025-03-11T11:57:12Z,False,1
20250421_1443_sbom_data.json,com.github.ElviraSh/WeatherProject,SPDX-2.3,1,0,0,,0,0,False,2025-04-21T14:07:05Z,False,1
20250412_1215_sbom_data.json,com.github.gabrieldev525/data-analysis-in-spreadsheets,SPDX-2.3,2,1,1,pypi,1,0,False,2025-04-12T18:56:03Z,False,1
20250405_424_sbom_data.json,com.github.3307705969/learnGit,SPDX-2.3,1,0,0,,0,0,False,2025-04-05T15:31:43Z,False,1
20250403_224_sbom_data.json,com.github.rameshrapalli/cat-infra,SPDX-2.3,1,0,0,,0,0,False,2025-04-03T10:04:19Z,False,1
20250331_1138_sbom_data.json,com.github.abdullah121242/abdullah121242,SPDX-2.3,1,0,0,,0,0,False,2025-03-31T10:47:12Z,False,1
20250502_jumbo_2170_sbom_data.json,com.github.fabiusspop/SDM,SPDX-2.3,4,3,1,maven,3,0,False,2025-05-02T18:24:23Z,False,1
20250418_320_sbom_data.json,com.github.TanhGL/movie-laravel,SPDX-2.3,13,12,2,"composer,npm",1,11,True,2025-04-19T14:11:47Z,False,1
20250311_1683_sbom_data.json,com.github.0stone2/Swift_Introduction_for_CPP_Programmer,SPDX-2.3,1,0,0,,0,0,False,2025-03-11T14:32:03Z,False,1
20250317_90_sbom_data.json,com.github.BelaSantos/github-slideshow,SPDX-2.3,96,95,2,"gem,npm",95,0,False,2025-03-17T12:21:19Z,False,1
20250308_646_sbom_data.json,com.github.Andre-lucs/LojaAutoPecas,SPDX-2.3,8,7,1,maven,7,0,False,2025-03-08T13:57:26Z,False,1
20250217_841_sbom_data.json,com.github.Ivbl95/externalbrowser,SPDX-2.3,1,0,0,,0,0,False,2025-02-17T11:41:53Z,False,1
20250312_947_sbom_data.json,com.github.Ritellium/OS_Lab_1_C-98,SPDX-2.3,1,0,0,,0,0,False,2025-03-12T12:40:40Z,False,1
20250401_740_sbom_data.json,com.github.LBeber/e.creativa_,SPDX-2.3,304,303,1,npm,303,0,False,2025-04-05T13:36:26Z,True,2
20250308_359_sbom_data.json,com.github.schnorres/Mytest,SPDX-2.3,1,0,0,,0,0,False,2025-03-08T13:49:35Z,False,1
20250502_jumbo_5753_sbom_data.json,com.github.erileff/erileff,SPDX-2.3,1,0,0,,0,0,False,2025-05-02T22:33:33Z,False,1
20250403_200_sbom_data.json,com.github.aydanramazanli/reactNative-todo,SPDX-2.3,857,856,1,npm,850,0,False,2025-04-03T10:03:59Z,False,1
20250415_825_sbom_data.json,com.github.vikas62081/react-aggrid-app,SPDX-2.3,2299,2298,1,npm,2290,0,False,2025-04-16T11:51:59Z,False,1
20250420_474_sbom_data.json,com.github.Alwil17/rating-api,SPDX-2.3,18,17,2,"github_actions,pypi",6,3,True,2025-04-20T11:13:49Z,False,1
20250427_1555_sbom_data.json,com.github.RoroL/youtubeDownloader,SPDX-2.3,1,0,0,,0,0,False,2025-04-27T20:43:19Z,False,1
20250324_322_sbom_data.json,com.github.SirmaCaleb/Log-in-App,SPDX-2.3,1,0,0,,0,0,False,2025-03-24T11:37:24Z,False,1
20250319_353_sbom_data.json,com.github.ranjith0055/CodTech-IT-Solutions,SPDX-2.3,1,0,0,,0,0,False,2025-03-19T08:58:50Z,False,1
20250211_1160_sbom_data.json,com.github.AlexRabolin/Whitelist-Iframe-Kitedor,SPDX-2.3,1,0,0,,0,0,False,2025-02-11T13:17:15Z,False,1
20250406_828_sbom_data.json,com.github.central-poc/powerbuy-loki,SPDX-2.3,11,10,1,composer,4,6,True,2025-04-06T11:27:32Z,False,1
20250318_1397_sbom_data.json,com.github.HSSEOB/java505_java_chap02,SPDX-2.3,1,0,0,,0,0,False,2025-03-18T16:14:26Z,False,1
20250301_1490_sbom_data.json,com.github.trulyshelton/douban-movie-analyzer,SPDX-2.3,9,8,1,pypi,0,8,True,2025-03-01T14:55:22Z,False,1
20250406_1148_sbom_data.json,com.github.salarpatel7/github-profile-search,SPDX-2.3,1,0,0,,0,0,False,2025-04-06T11:30:37Z,False,1
20250304_788_sbom_data.json,com.github.MahmoudEl-Husseni/Practical-Linear-Algebra-for-Data-Science-Excercies,SPDX-2.3,1,0,0,,0,0,False,2025-03-04T13:04:42Z,False,1
20250321_572_sbom_data.json,com.github.ibrahimashraf169/Flutter_with_GDSC_ASU,SPDX-2.3,4,3,1,pub,0,3,True,2025-03-21T12:38:50Z,False,1
20250310_1444_sbom_data.json,com.github.rfminguez/ironhack_challenges,SPDX-2.3,1,0,0,,0,0,False,2025-03-10T13:16:07Z,False,1
20250320_1038_sbom_data.json,com.github.mosety/niuero,SPDX-2.3,1,0,0,,0,0,False,2025-03-20T14:19:23Z,False,1
20250313_1070_sbom_data.json,com.github.1ewr32/1ewr32,SPDX-2.3,1,0,0,,0,0,False,2025-03-13T15:27:52Z,False,1
20250418_961_sbom_data.json,com.github.henrikcozza/Ecommerce_FullCycle,SPDX-2.3,1,0,0,,0,0,False,2025-04-19T15:30:12Z,False,1
20250502_jumbo_10286_sbom_data.json,com.github.MingA21/springcloud-config,SPDX-2.3,1,0,0,,0,0,False,2025-05-03T13:25:43Z,False,1
20250312_468_sbom_data.json,com.github.silently84/Clash_Helper,SPDX-2.3,1,0,0,,0,0,False,2025-03-12T12:07:19Z,False,1
20250414_1349_sbom_data.json,com.github.RusJJ/ScoreboardTweaks,SPDX-2.3,1,0,0,,0,0,False,2025-04-14T09:48:12Z,False,1
20250209_1224_sbom_data.json,com.github.jbarrocas/backend_proj,SPDX-2.3,2,1,1,composer,1,0,False,2025-02-09T01:16:51Z,True,2
20250409_336_sbom_data.json,com.github.chasfricke/git_drill_v1,SPDX-2.3,1,0,0,,0,0,False,2025-04-09T22:03:45Z,False,1
20250302_160_sbom_data.json,com.github.OnderAlp/TheGreatFleece,SPDX-2.3,1,0,0,,0,0,False,2025-03-02T12:52:55Z,False,1
20250217_657_sbom_data.json,com.github.RashitAbdullaev/Project-Plan,SPDX-2.3,1,0,0,,0,0,False,2025-02-17T11:36:48Z,False,1
20250308_1414_sbom_data.json,com.github.habibie1234/Hero,SPDX-2.3,729,728,1,npm,724,0,False,2025-03-08T14:40:53Z,False,1
20250502_jumbo_13684_sbom_data.json,com.github.web-ruby/tutorial,SPDX-2.3,1,0,0,,0,0,False,2025-05-03T17:12:53Z,False,1
20250327_490_sbom_data.json,com.github.Zainababdi/Prototype,SPDX-2.3,1,0,0,,0,0,False,2025-03-27T11:55:05Z,False,1
20250406_1333_sbom_data.json,com.github.andy369369/hola-mundo,SPDX-2.3,1,0,0,,0,0,False,2025-04-06T11:32:11Z,False,1
20250414_1238_sbom_data.json,com.github.Amaria3/TUTORIAL-HUB--1,SPDX-2.3,1,0,0,,0,0,False,2025-04-14T09:46:35Z,False,1
20250502_jumbo_7161_sbom_data.json,com.github.shashavali916/minikube,SPDX-2.3,1,0,0,,0,0,False,2025-05-03T01:00:26Z,False,1
20250308_1242_sbom_data.json,com.github.pitiessayer/2013286021683808452320,SPDX-2.3,1,0,0,,0,0,False,2025-03-08T14:35:20Z,False,1
20250429_981_sbom_data.json,com.github.spalaios/holygrail,SPDX-2.3,1587,1586,1,npm,1584,0,False,2025-04-29T13:44:11Z,False,1
20250404_664_sbom_data.json,com.github.FranciscoStanley/BreakingNews-front-end,SPDX-2.3,715,714,1,npm,707,0,False,2025-04-05T17:22:28Z,False,1
20250424_5_sbom_data.json,com.github.anujprajapati-Beginner/Basic_Banking,SPDX-2.3,1,0,0,,0,0,False,2025-04-24T11:41:01Z,False,1
20250502_jumbo_12208_sbom_data.json,com.github.Marin-Sandra/CovidPortfolioProjects,SPDX-2.3,1,0,0,,0,0,False,2025-05-03T15:35:03Z,False,1
20250406_211_sbom_data.json,com.github.itcherokee/AdsProject,SPDX-2.3,1,0,0,,0,0,False,2025-04-06T11:22:28Z,False,1
20250401_26_sbom_data.json,com.github.usahexo/80c58593cc994,SPDX-2.3,235,234,1,npm,229,5,False,2025-04-05T13:08:37Z,True,2
20250209_698_sbom_data.json,com.github.vailum/ResponsiveImage,SPDX-2.3,1,0,0,,0,0,False,2025-02-09T00:45:14Z,True,2
20250218_494_sbom_data.json,com.github.jayhawker6/Pickhacks-2022,SPDX-2.3,1,0,0,,0,0,False,2025-02-18T12:23:50Z,False,1
20250314_527_sbom_data.json,com.github.GGEZ7788/7788,SPDX-2.3,1,0,0,,0,0,False,2025-03-14T11:35:32Z,False,1
20250305_961_sbom_data.json,com.github.learn-co-curriculum/uci-mod-3-collaborating-objects-readme,SPDX-2.3,1,0,0,,0,0,False,2025-03-05T12:09:59Z,False,1
20250327_1645_sbom_data.json,com.github.UnderTheSameSun/gr_avg,SPDX-2.3,1,0,0,,0,0,False,2025-03-27T12:53:42Z,False,1
20250430_1177_sbom_data.json,com.github.afkrtyy/1111,SPDX-2.3,1,0,0,,0,0,False,2025-04-30T13:59:57Z,False,1
20250308_256_sbom_data.json,com.github.s20n/s20n,SPDX-2.3,1,0,0,,0,0,False,2025-03-08T13:47:04Z,False,1
20250316_1065_sbom_data.json,com.github.BrahianG/mynewrepo,SPDX-2.3,1,0,0,,0,0,False,2025-03-16T12:04:54Z,False,1
20250426_791_sbom_data.json,com.github.WolfElkan/uno,SPDX-2.3,206,205,1,npm,205,0,False,2025-04-26T10:22:18Z,False,1
20250417_1389_sbom_data.json,com.github.felixonmars/kde-sysadmin-release-tools-mirror,SPDX-2.3,1,0,0,,0,0,False,2025-04-17T13:42:28Z,False,1
20250323_1555_sbom_data.json,com.github.nghhung180913/projDemo,SPDX-2.3,1,0,0,,0,0,False,2025-03-23T14:01:25Z,False,1
20250404_200_sbom_data.json,com.github.Vadim47-lab/Alarm-against-crooks,SPDX-2.3,1,0,0,,0,0,False,2025-04-05T17:13:46Z,False,1
20250413_890_sbom_data.json,com.github.Caiofeli/caioteste,SPDX-2.3,1,0,0,,0,0,False,2025-04-13T13:55:26Z,False,1
20250411_1424_sbom_data.json,com.github.abinyayusuf/MailRoom,SPDX-2.3,1,0,0,,0,0,False,2025-04-11T15:06:22Z,False,1
20250320_1632_sbom_data.json,com.github.umertanvir/Slate,SPDX-2.3,1,0,0,,0,0,False,2025-03-20T14:28:53Z,False,1
20250329_868_sbom_data.json,com.github.prateeksan/contact_list,SPDX-2.3,2,1,1,gem,1,0,False,2025-03-29T14:51:09Z,False,1
20250502_jumbo_4917_sbom_data.json,com.github.smartinternz02/SPS-8734-Excel-Automation,SPDX-2.3,1,0,0,,0,0,False,2025-05-02T21:39:58Z,False,1
20250413_344_sbom_data.json,com.github.elenafc/elena.figueroa,SPDX-2.3,1,0,0,,0,0,False,2025-04-13T13:49:38Z,False,1
20250318_887_sbom_data.json,com.github.katyador/hw5,SPDX-2.3,1,0,0,,0,0,False,2025-03-18T16:03:52Z,False,1
20250321_1544_sbom_data.json,com.github.Alexander-Frost/Phone-Pin-Verification-View,SPDX-2.3,1,0,0,,0,0,False,2025-03-21T13:37:55Z,False,1
20250502_jumbo_10580_sbom_data.json,com.github.Krishnanr03/resume,SPDX-2.3,116,115,2,"gem,npm",92,20,False,2025-05-03T13:28:18Z,False,1
20250402_1265_sbom_data.json,com.github.acciojob/Speech-Synthesis-DrSuraj,SPDX-2.3,2,1,1,github_actions,0,0,False,2025-04-02T18:59:34Z,True,2
20250311_607_sbom_data.json,com.github.jujustak/cl-ment-,SPDX-2.3,1,0,0,,0,0,False,2025-03-11T11:59:18Z,False,1
20250316_1135_sbom_data.json,com.github.SEP-proj/back-end,SPDX-2.3,7,6,1,github_actions,5,0,False,2025-03-16T12:06:17Z,False,1
20250309_18_sbom_data.json,com.github.CamaelVentura/ignite-introducao-ao-SOLID,SPDX-2.3,733,732,1,npm,730,0,False,2025-03-09T12:34:06Z,False,1
20250307_1034_sbom_data.json,com.github.GAlangari/SimpleCalculator,SPDX-2.3,1,0,0,,0,0,False,2025-03-07T10:40:25Z,False,1
20250222_1235_sbom_data.json,com.github.jovanatomasevic3/my-repository,SPDX-2.3,1,0,0,,0,0,False,2025-02-22T14:07:54Z,False,1
20250502_jumbo_138_sbom_data.json,com.github.yukimayuge/tutorial,SPDX-2.3,1,0,0,,0,0,False,2025-05-02T17:12:31Z,False,1
20250302_374_sbom_data.json,com.github.wenfor1/projectportfolio,SPDX-2.3,1,0,0,,0,0,False,2025-03-02T12:56:02Z,False,1
20250317_1221_sbom_data.json,com.github.jim-hill-r/gatsby-components,SPDX-2.3,1,0,0,,0,0,False,2025-03-17T12:49:10Z,False,1
20250222_1042_sbom_data.json,com.github.Oyveloper/gesture-control,SPDX-2.3,1,0,0,,0,0,False,2025-02-22T14:05:25Z,False,1
20250502_jumbo_4357_sbom_data.json,com.github.sakura12345678/summer,SPDX-2.3,1,0,0,,0,0,False,2025-05-02T21:28:47Z,False,1
20250411_79_sbom_data.json,com.github.sideov/sites,SPDX-2.3,1,0,0,,0,0,False,2025-04-11T14:05:17Z,False,1
20250502_jumbo_7900_sbom_data.json,com.github.UkrainAgent/fackingagent,SPDX-2.3,1,0,0,,0,0,False,2025-05-03T01:10:34Z,False,1
20250429_909_sbom_data.json,com.github.HepzibhaSundararaj/whileloopjavascript,SPDX-2.3,1,0,0,,0,0,False,2025-04-29T13:42:54Z,False,1
20250301_575_sbom_data.json,com.github.kudlacovatereza/cute,SPDX-2.3,1,0,0,,0,0,False,2025-03-01T13:16:54Z,False,1
20250302_175_sbom_data.json,com.github.ZachyDev/React-Hooks,SPDX-2.3,1208,1207,1,npm,1204,0,False,2025-03-02T12:53:07Z,False,1
20250305_1591_sbom_data.json,com.github.jfieldsross/Terminal-Blackjack-Game,SPDX-2.3,1,0,0,,0,0,False,2025-03-05T13:05:10Z,False,1
20250502_jumbo_3577_sbom_data.json,com.github.yp1188/vipCarPlate,SPDX-2.3,1,0,0,,0,0,False,2025-05-02T19:31:02Z,False,1
20250405_558_sbom_data.json,com.github.CristianCaraulasu/sfg-pet-clinic,SPDX-2.3,25,24,1,maven,9,0,True,2025-04-05T15:34:46Z,False,1
20250312_502_sbom_data.json,com.github.HassanBahati/crash-tailwindcss,SPDX-2.3,133,132,1,npm,132,0,False,2025-03-12T12:07:49Z,False,1
20250502_jumbo_14509_sbom_data.json,com.github.maiconfriedel/react-next-js,SPDX-2.3,409,408,1,npm,407,0,False,2025-05-03T19:49:49Z,False,1
20250418_1344_sbom_data.json,com.github.dharmik-3103/java-assignment-practical-4,SPDX-2.3,1,0,0,,0,0,False,2025-04-19T15:34:39Z,False,1
20250502_jumbo_7548_sbom_data.json,com.github.AnirudhChopra2810/Task-Manager,SPDX-2.3,1747,1746,1,npm,1743,0,False,2025-05-03T01:04:59Z,False,1
20250410_264_sbom_data.json,com.github.AndreDiasBravo/Anime,SPDX-2.3,1,0,0,,0,0,False,2025-04-10T10:19:57Z,False,1
20250419_1081_sbom_data.json,com.github.XiangChunL/text,SPDX-2.3,1,0,0,,0,0,False,2025-04-19T16:57:32Z,False,1
20250313_1573_sbom_data.json,com.github.surenpi/multi-branch-pipeline,SPDX-2.3,1,0,0,,0,0,False,2025-03-13T02:07:52Z,True,2
20250219_308_sbom_data.json,com.github.ysha-nepal/event,SPDX-2.3,1,0,0,,0,0,False,2025-02-19T11:11:05Z,False,1
20250302_640_sbom_data.json,com.github.cwhung/US_education_outliers_thinkful,SPDX-2.3,1,0,0,,0,0,False,2025-03-02T13:00:52Z,False,1
20250314_885_sbom_data.json,com.github.KateFanina/goit-js-hw-10,SPDX-2.3,224,223,2,"github_actions,npm",223,0,False,2025-03-14T12:24:54Z,False,1
20250306_484_sbom_data.json,com.github.jquery-cdn/jquery,SPDX-2.3,1,0,0,,0,0,False,2025-03-06T06:51:07Z,False,1
20250322_1638_sbom_data.json,com.github.Rajatsingh1997/figma,SPDX-2.3,1442,1441,1,npm,1438,0,False,2025-03-22T15:32:03Z,False,1
20250301_106_sbom_data.json,com.github.kocakmert/Floyd_Algorithm,SPDX-2.3,1,0,0,,0,0,False,2025-03-01T13:06:41Z,False,1
20250315_343_sbom_data.json,com.github.prerak05/MVVM,SPDX-2.3,1,0,0,,0,0,False,2025-03-15T14:17:39Z,False,1
20250209_26_sbom_data.json,com.github.emilyseepes/CS250_Assignment-2A,SPDX-2.3,1,0,0,,0,0,False,2025-02-09T00:10:17Z,True,2
20250502_jumbo_11523_sbom_data.json,com.github.cuongbhaf190025/cuong1000,SPDX-2.3,1,0,0,,0,0,False,2025-05-03T14:37:43Z,False,1
20250222_766_sbom_data.json,com.github.JaimeSanchezMontero/Proyecto-Contornos,SPDX-2.3,1,0,0,,0,0,False,2025-02-22T13:55:12Z,False,1
20250312_129_sbom_data.json,com.github.Chuchu2020/py-bot-for-discord-by-me-by-private,SPDX-2.3,1,0,0,,0,0,False,2025-03-12T12:02:29Z,False,1
20250213_1127_sbom_data.json,com.github.Pattanwalemeenakshi/BMI,SPDX-2.3,1,0,0,,0,0,False,2025-02-13T13:05:35Z,False,1
20250214_1199_sbom_data.json,com.github.autotesterunito/integration-tests-73037,SPDX-2.3,1,0,0,,0,0,False,2025-02-14T13:00:53Z,False,1
20250413_866_sbom_data.json,com.github.Abrahamtammy086/Abrahamtammy086,SPDX-2.3,1,0,0,,0,0,False,2025-04-13T13:55:11Z,False,1
20250314_1653_sbom_data.json,com.github.theshaggy5000/skills-communicate-using-markdown,SPDX-2.3,4,3,1,github_actions,3,0,False,2025-03-14T13:37:50Z,False,1
20250430_629_sbom_data.json,com.github.Abhaysoft-inc/tool,SPDX-2.3,1,0,0,,0,0,False,2025-04-30T13:50:25Z,False,1
20250222_701_sbom_data.json,com.github.doongwong2/studious-succotash,SPDX-2.3,1,0,0,,0,0,False,2025-02-22T13:54:23Z,False,1
20250423_63_sbom_data.json,com.github.hdon/mushroom-classifier,SPDX-2.3,17,16,1,pypi,16,0,False,2025-04-23T12:20:18Z,False,1
20250502_jumbo_6165_sbom_data.json,com.github.andricks/hello-word-android-,SPDX-2.3,1,0,0,,0,0,False,2025-05-02T23:12:03Z,False,1
20250406_221_sbom_data.json,com.github.rogerio1kg/Atalhos-ItelliJ,SPDX-2.3,1,0,0,,0,0,False,2025-04-06T11:22:33Z,False,1
20250219_692_sbom_data.json,com.github.mamangfahri7/dra,SPDX-2.3,1,0,0,,0,0,False,2025-02-19T11:16:52Z,False,1
20250209_1507_sbom_data.json,com.github.colinemartin1995/colinemartin1995.github.io,SPDX-2.3,1,0,0,,0,0,False,2025-02-09T01:27:36Z,True,2
20250416_1594_sbom_data.json,com.github.jbigot/Projet-GLCS-2020-2021,SPDX-2.3,1,0,0,,0,0,False,2025-04-16T21:12:47Z,False,1
20250313_247_sbom_data.json,com.github.vajradog/brainstorm,SPDX-2.3,47,46,1,gem,46,0,False,2025-03-13T15:15:17Z,False,1
20250404_1042_sbom_data.json,com.github.KingTiu/nordic,SPDX-2.3,1,0,0,,0,0,False,2025-04-05T18:19:53Z,False,1
20250405_1104_sbom_data.json,com.github.PrajwalRao29/AddressBook,SPDX-2.3,1,0,0,,0,0,False,2025-04-05T16:50:47Z,False,1
20250331_411_sbom_data.json,com.github.Dan222412/ros-flutter,SPDX-2.3,22,21,1,pub,21,0,False,2025-03-31T10:04:58Z,False,1
20250320_10_sbom_data.json,com.github.lazaaq/eps-fe,SPDX-2.3,1074,1073,2,"composer,npm",1069,0,False,2025-03-20T12:33:06Z,False,1
20250301_42_sbom_data.json,com.github.dagasiv/hello-world,SPDX-2.3,1,0,0,,0,0,False,2025-03-01T13:05:47Z,False,1
20250213_627_sbom_data.json,com.github.DiegoMino123/my_first_repo,SPDX-2.3,1,0,0,,0,0,False,2025-02-13T12:47:22Z,False,1
20250309_380_sbom_data.json,com.github.AlbinPalma/calculadora,SPDX-2.3,1,0,0,,0,0,False,2025-03-09T12:43:21Z,False,1
20250404_937_sbom_data.json,com.github.natepetersen03/MacroMeals,SPDX-2.3,1276,1275,1,npm,1268,0,False,2025-04-05T18:16:45Z,False,1
20250221_1273_sbom_data.json,com.github.sonywinarto/testing,SPDX-2.3,1,0,0,,0,0,False,2025-02-21T13:23:23Z,False,1
20250215_1657_sbom_data.json,com.github.hidayatambo/dayporto,SPDX-2.3,1326,1325,2,"composer,npm",1318,0,False,2025-02-15T15:48:32Z,False,1
20250326_979_sbom_data.json,com.github.jcmartinmu/rgl,SPDX-2.3,1,0,0,,0,0,False,2025-03-26T13:06:00Z,True,2
20250406_377_sbom_data.json,com.github.cj179766/eureka-server,SPDX-2.3,7,6,1,maven,0,0,True,2025-04-06T11:23:47Z,False,1
20250216_1675_sbom_data.json,com.github.adibnn/cv,SPDX-2.3,1,0,0,,0,0,False,2025-02-16T14:02:48Z,False,1
20250416_595_sbom_data.json,com.github.longuinho15/CEMIG,SPDX-2.3,1,0,0,,0,0,False,2025-04-16T19:33:10Z,False,1
20250422_723_sbom_data.json,com.github.boonemark/skills-introduction-to-github,SPDX-2.3,3,2,1,github_actions,2,0,False,2025-04-23T21:34:45Z,False,1
20250429_23_sbom_data.json,com.github.davecotefilm/lineage_android_device_samsung_hero2qltechn,SPDX-2.3,1,0,0,,0,0,False,2025-04-29T12:47:53Z,False,1
20250214_1031_sbom_data.json,com.github.sargunv/arduino-ir-faker,SPDX-2.3,4,3,1,github_actions,3,0,False,2025-02-14T12:57:27Z,False,1
20250225_696_sbom_data.json,com.github.Bercovein/SlideSchedule,SPDX-2.3,902,901,1,npm,900,0,False,2025-02-25T13:18:29Z,False,1
20250225_249_sbom_data.json,com.github.laindot/albumshop,SPDX-2.3,939,938,2,"gem,npm",934,0,False,2025-02-25T13:10:19Z,False,1
20250415_1086_sbom_data.json,com.github.CoderKid01/C143,SPDX-2.3,1,0,0,,0,0,False,2025-04-16T11:56:01Z,False,1
20250315_61_sbom_data.json,com.github.KanomataRyoichi/Portfolio,SPDX-2.3,1,0,0,,0,0,False,2025-03-15T14:05:42Z,False,1
20250217_581_sbom_data.json,com.github.mustafaacicek/pricebackend,SPDX-2.3,1,0,0,,0,0,False,2025-02-17T11:34:37Z,False,1
20250309_1136_sbom_data.json,com.github.jesuspm/JesusLaravel,SPDX-2.3,115,114,2,"composer,npm",111,3,True,2025-03-09T13:04:38Z,False,1
20250221_822_sbom_data.json,com.github.wnstn/winstonhearn.com,SPDX-2.3,592,591,2,"gem,npm",585,6,True,2025-02-21T13:11:03Z,False,1
20250414_207_sbom_data.json,com.github.voutasaurus/blimpybot,SPDX-2.3,1,0,0,,0,0,False,2025-04-14T09:03:08Z,False,1
20250502_jumbo_8294_sbom_data.json,com.github.ice-heart-min/ice-heart,SPDX-2.3,1,0,0,,0,0,False,2025-05-03T01:46:46Z,False,1
20250328_703_sbom_data.json,com.github.vigneshdevelopr/Comics-site,SPDX-2.3,1,0,0,,0,0,False,2025-03-28T12:40:10Z,False,1
20250420_1266_sbom_data.json,com.github.Natali-rg/API_Test,SPDX-2.3,12,11,1,maven,10,0,False,2025-04-20T11:30:21Z,False,1
20250418_956_sbom_data.json,com.github.NotaPhysicist/Learnable-Git-Course,SPDX-2.3,1,0,0,,0,0,False,2025-04-19T15:30:08Z,False,1
20250421_362_sbom_data.json,com.github.nguyenductuyen745/Sailor-Web_Project,SPDX-2.3,1,0,0,,0,0,False,2025-04-21T11:50:33Z,False,1
20250306_1697_sbom_data.json,com.github.petecampbell321/CSC3056-G40-Lab3,SPDX-2.3,1,0,0,,0,0,False,2025-03-06T13:05:09Z,False,1
20250410_1437_sbom_data.json,com.github.praveendatt1/Demo_CreateWith_No_Repo,SPDX-2.3,1,0,0,,0,0,False,2025-04-10T11:53:02Z,False,1
20250324_569_sbom_data.json,com.github.ciarand/dangercli,SPDX-2.3,1,0,0,,0,0,False,2025-03-24T11:41:27Z,False,1
20250401_687_sbom_data.json,com.github.iamdanielbrooks/iamdanielbrooks.github.io,SPDX-2.3,2,1,1,gem,0,1,True,2025-04-05T13:35:46Z,True,2
20250331_80_sbom_data.json,com.github.evelthon/DSpace-video-player-howto,SPDX-2.3,1,0,0,,0,0,False,2025-03-31T09:52:30Z,False,1
20250315_1073_sbom_data.json,com.github.yahelbn/GalaxyGuard-Application-Android-game-java-,SPDX-2.3,1,0,0,,0,0,False,2025-03-15T14:27:22Z,True,2
20250418_1137_sbom_data.json,com.github.abdoumin/ProjetMDE,SPDX-2.3,7,6,1,maven,0,0,True,2025-04-19T15:32:27Z,False,1
20250330_1445_sbom_data.json,com.github.galinapx/clicky-game,SPDX-2.3,1152,1151,1,npm,1151,0,False,2025-03-30T14:15:01Z,False,1
20250315_899_sbom_data.json,com.github.ViktorSvizhak/WorkingWithNulls,SPDX-2.3,1,0,0,,0,0,False,2025-03-15T14:25:06Z,False,1
20250415_61_sbom_data.json,com.github.fkviper/DSA,SPDX-2.3,1,0,0,,0,0,False,2025-04-16T11:40:23Z,False,1
20250421_821_sbom_data.json,com.github.Gustavo-Fernandes-Ramos/travel-assistant,SPDX-2.3,1,0,0,,0,0,False,2025-04-21T11:57:10Z,False,1
20250214_693_sbom_data.json,com.github.Geniusmguni/github-slideshow,SPDX-2.3,100,99,2,"gem,npm",99,0,False,2025-02-14T12:50:17Z,False,1
20250420_33_sbom_data.json,com.github.suneelbvs/Streamlit-app,SPDX-2.3,5,4,1,pypi,0,0,True,2025-04-20T11:07:12Z,False,1
20250502_jumbo_3855_sbom_data.json,com.github.mumrich/vue-memoire,SPDX-2.3,651,650,3,"github_actions,npm,nuget",648,0,False,2025-05-02T19:35:44Z,False,1
20250219_1595_sbom_data.json,com.github.developermukull/day-18,SPDX-2.3,1,0,0,,0,0,False,2025-02-19T12:11:07Z,False,1
20250502_jumbo_7999_sbom_data.json,com.github.giovanijfc/rn-template,SPDX-2.3,24,23,1,npm,4,19,False,2025-05-03T01:11:37Z,False,1
20250304_1573_sbom_data.json,com.github.mi-farhan/ServiceDemo,SPDX-2.3,1,0,0,,0,0,False,2025-03-04T13:39:37Z,False,1
20250422_1559_sbom_data.json,com.github.chrisranjana/portlet,SPDX-2.3,13,12,1,npm,12,0,False,2025-04-24T00:53:34Z,False,1
20250304_594_sbom_data.json,com.github.bbcollinsworth/theHotelGame,SPDX-2.3,1,0,0,,0,0,False,2025-03-04T11:32:56Z,False,1
20250311_1039_sbom_data.json,com.github.jeevan01/python-extra-class,SPDX-2.3,23,22,2,"maven,npm",17,0,True,2025-03-11T12:21:37Z,False,1
20250426_1665_sbom_data.json,com.github.SECE-BATCH-2022-2026/assignemt0-charubala-b,SPDX-2.3,1,0,0,,0,0,False,2025-04-26T11:25:21Z,False,1
20250217_1426_sbom_data.json,com.github.pochingliu131/TicTacToeMVC,SPDX-2.3,25,24,2,"npm,nuget",24,0,False,2025-02-17T12:40:35Z,False,1
20250226_1657_sbom_data.json,com.github.Crimix/TheUnusualCobblestoneMod,SPDX-2.3,1,0,0,,0,0,False,2025-02-26T16:24:17Z,False,1
20250308_115_sbom_data.json,com.github.DevonChina/python_blog,SPDX-2.3,1,0,0,,0,0,False,2025-03-08T13:43:11Z,False,1
20250228_1658_sbom_data.json,com.github.Raqsf/ICM_98323,SPDX-2.3,1,0,0,,0,0,False,2025-02-28T18:15:23Z,False,1
20250413_636_sbom_data.json,com.github.Vasan2312/Fruit-Classification,SPDX-2.3,1,0,0,,0,0,False,2025-04-13T13:52:45Z,False,1
20250216_324_sbom_data.json,com.github.bgreenwell/rstratx,SPDX-2.3,5,4,1,pypi,0,0,True,2025-02-16T12:50:48Z,False,1
20250226_1571_sbom_data.json,com.github.Veijleign/InformSecurity,SPDX-2.3,2,1,1,nuget,1,0,False,2025-02-26T16:22:47Z,False,1
20250208_1497_sbom_data.json,com.github.lalithapelluri6/test-repo,SPDX-2.3,1,0,0,,0,0,False,2025-02-09T21:08:46Z,False,1
20250327_859_sbom_data.json,com.github.sumit1878/portfolio,SPDX-2.3,1231,1230,1,npm,1224,0,False,2025-03-27T12:17:35Z,False,1
20250401_686_sbom_data.json,com.github.PeriRamm/TestRepo,SPDX-2.3,1,0,0,,0,0,False,2025-04-05T13:35:45Z,True,2
20250429_778_sbom_data.json,com.github.risha0910/amplify-react-graphql,SPDX-2.3,1253,1252,1,npm,1245,0,False,2025-04-29T13:39:53Z,False,1
20250418_548_sbom_data.json,com.github.submission18/go-crypto,SPDX-2.3,6,5,1,golang,1,0,False,2025-04-19T14:45:06Z,False,1
20250404_1130_sbom_data.json,com.github.OnGaming/Elemental-Platformer,SPDX-2.3,1,0,0,,0,0,False,2025-04-05T18:20:49Z,False,1
20250314_1502_sbom_data.json,com.github.RendiZein/Machine-Learning-Dicoding,SPDX-2.3,1,0,0,,0,0,False,2025-03-14T12:54:27Z,False,1
20250211_340_sbom_data.json,com.github.Firetora93/Firetora93,SPDX-2.3,1,0,0,,0,0,False,2025-02-11T12:29:40Z,False,1
20250307_1192_sbom_data.json,com.github.Nayankumardhome/House-Automation-System-Core-Java-,SPDX-2.3,1,0,0,,0,0,False,2025-03-07T10:43:33Z,False,1
20250313_926_sbom_data.json,com.github.sergienkovvs/Auto,SPDX-2.3,1,0,0,,0,0,False,2025-03-13T15:26:01Z,False,1
20250502_jumbo_11328_sbom_data.json,com.github.vitorma/CU-124MS,SPDX-2.3,1,0,0,,0,0,False,2025-05-03T14:35:57Z,False,1
20250313_1534_sbom_data.json,com.github.varshakhang/varshakhang,SPDX-2.3,1,0,0,,0,0,False,2025-03-13T02:07:29Z,True,2
20250502_jumbo_10601_sbom_data.json,com.github.dewphy/website,SPDX-2.3,1,0,0,,0,0,False,2025-05-03T13:28:28Z,False,1
20250402_1321_sbom_data.json,com.github.pawelhristov/HOVER,SPDX-2.3,1,0,0,,0,0,False,2025-04-02T19:00:20Z,True,2
20250216_1162_sbom_data.json,com.github.vbohinc/achartengine,SPDX-2.3,3,2,1,maven,2,0,False,2025-02-16T13:07:02Z,False,1
20250429_401_sbom_data.json,com.github.robsonferreira/go-codeeducation,SPDX-2.3,1,0,0,,0,0,False,2025-04-29T13:33:38Z,False,1
20250307_1532_sbom_data.json,com.github.bvdsb01/tindogWebsite,SPDX-2.3,1,0,0,,0,0,False,2025-03-07T13:12:12Z,False,1
20250311_1026_sbom_data.json,com.github.Priyanshu0810/Adding-number,SPDX-2.3,1,0,0,,0,0,False,2025-03-11T12:21:25Z,False,1
20250422_147_sbom_data.json,com.github.seek888/myvideoedit,SPDX-2.3,1,0,0,,0,0,False,2025-04-23T14:24:17Z,False,1
20250418_1386_sbom_data.json,com.github.Siddhesh112/P1ng-Pong,SPDX-2.3,1,0,0,,0,0,False,2025-04-19T15:35:08Z,False,1
20250426_276_sbom_data.json,com.github.dnqudtjs/house,SPDX-2.3,843,842,1,npm,838,0,False,2025-04-26T10:14:05Z,False,1
20250303_1296_sbom_data.json,com.github.Sourravk/quiznew,SPDX-2.3,25,24,1,pub,24,0,False,2025-03-03T12:58:18Z,False,1
20250329_812_sbom_data.json,com.github.AbdoulNuru/portfolio,SPDX-2.3,1536,1535,1,npm,1529,0,False,2025-03-29T14:50:28Z,False,1
20250221_1395_sbom_data.json,com.github.lapsha38/lapsha38,SPDX-2.3,1,0,0,,0,0,False,2025-02-21T13:26:45Z,False,1
20250412_810_sbom_data.json,com.github.CarlosRTechDev/ListView-GridView,SPDX-2.3,1,0,0,,0,0,False,2025-04-12T16:06:21Z,False,1
20250306_154_sbom_data.json,com.github.Clawduck/Shibe-Bot,SPDX-2.3,1,0,0,,0,0,False,2025-03-06T06:47:14Z,False,1
20250424_900_sbom_data.json,com.github.moonji-won/internet-programming,SPDX-2.3,1,0,0,,0,0,False,2025-04-24T12:03:29Z,False,1
20250225_207_sbom_data.json,com.github.shazaeemad/s,SPDX-2.3,1,0,0,,0,0,False,2025-02-25T13:09:51Z,False,1
20250311_1208_sbom_data.json,com.github.Zevell/CSGO-Config-Sync,SPDX-2.3,4,3,1,nuget,3,0,False,2025-03-11T12:24:05Z,False,1
20250224_550_sbom_data.json,com.github.becky07110711/HW2,SPDX-2.3,1,0,0,,0,0,False,2025-02-24T14:29:51Z,False,1
20250216_119_sbom_data.json,com.github.dazzlejim/AzureSandbox,SPDX-2.3,1,0,0,,0,0,False,2025-02-16T12:47:32Z,False,1
20250214_583_sbom_data.json,com.github.pavanchaarli/Pavan,SPDX-2.3,1,0,0,,0,0,False,2025-02-14T12:48:38Z,False,1
20250227_181_sbom_data.json,com.github.ananyadix/machine-learning,SPDX-2.3,1,0,0,,0,0,False,2025-02-27T08:36:39Z,False,1
20250316_1312_sbom_data.json,com.github.ja1zy/PDE_Visualizer,SPDX-2.3,1,0,0,,0,0,False,2025-03-16T12:08:57Z,False,1
20250418_759_sbom_data.json,com.github.zachcervi/CSS-Variables,SPDX-2.3,1,0,0,,0,0,False,2025-04-19T14:54:11Z,False,1
20250502_jumbo_5477_sbom_data.json,com.github.shrikeshpowar/Bungee-Jumping-and-Clinical-Research-and-All-About-Quality,SPDX-2.3,1,0,0,,0,0,False,2025-05-02T21:51:18Z,False,1
20250415_709_sbom_data.json,com.github.aur-archive/yat-git,SPDX-2.3,1,0,0,,0,0,False,2025-04-16T11:46:58Z,False,1
20250314_1026_sbom_data.json,com.github.Manibharathi34/node-express-course,SPDX-2.3,1,0,0,,0,0,False,2025-03-14T12:27:24Z,False,1
20250331_222_sbom_data.json,com.github.ARJUN-VijAI-DS/PYthon-For-Data-Science,SPDX-2.3,1,0,0,,0,0,False,2025-03-31T09:56:20Z,True,2
20250222_35_sbom_data.json,com.github.Arian-p1/tcp-book-training,SPDX-2.3,1,0,0,,0,0,False,2025-02-22T13:30:19Z,False,1
20250403_926_sbom_data.json,com.github.jozecarr/NonEuclidRenderer,SPDX-2.3,1,0,0,,0,0,False,2025-04-03T10:15:57Z,False,1
20250429_651_sbom_data.json,com.github.KingYellow/ceshiRepo,SPDX-2.3,1,0,0,,0,0,False,2025-04-29T13:37:45Z,False,1
20250315_663_sbom_data.json,com.github.Galardolind/JavaBachelorProject,SPDX-2.3,1,0,0,,0,0,False,2025-03-15T14:21:55Z,False,1
20250502_jumbo_10027_sbom_data.json,com.github.LeckererDarr/Yuddomack,SPDX-2.3,1,0,0,,0,0,False,2025-05-03T13:23:27Z,False,1
20250327_1315_sbom_data.json,com.github.derMartl/dhldownload,SPDX-2.3,1,0,0,,0,0,False,2025-03-27T12:44:31Z,False,1
20250311_858_sbom_data.json,com.github.Slientvoice/hello-world,SPDX-2.3,1,0,0,,0,0,False,2025-03-11T12:03:17Z,False,1
20250407_427_sbom_data.json,com.github.N426/myindex,SPDX-2.3,1,0,0,,0,0,False,2025-04-07T11:05:54Z,False,1
20250412_1542_sbom_data.json,com.github.salarfattahi/Slides,SPDX-2.3,1,0,0,,0,0,False,2025-04-12T20:41:30Z,False,1
20250406_738_sbom_data.json,com.github.u6a5/hello-world,SPDX-2.3,1,0,0,,0,0,False,2025-04-06T11:26:48Z,False,1
20250331_1524_sbom_data.json,com.github.hoki0713/skicka-pengar-kalkylator,SPDX-2.3,1472,1471,1,npm,1468,0,False,2025-03-31T12:36:01Z,False,1
20250217_1279_sbom_data.json,com.github.WANDENG77/test,SPDX-2.3,1,0,0,,0,0,False,2025-02-17T11:56:38Z,False,1
20250419_1308_sbom_data.json,com.github.ortonpaul/Colors-Array,SPDX-2.3,1,0,0,,0,0,False,2025-04-19T17:00:31Z,False,1
20250212_1648_sbom_data.json,com.github.winwingggggg/gcgc,SPDX-2.3,1,0,0,,0,0,False,2025-02-12T13:57:16Z,False,1
20250330_525_sbom_data.json,com.github.dsjakezhou/ttsx,SPDX-2.3,1,0,0,,0,0,False,2025-03-30T12:57:54Z,False,1
20250502_jumbo_2824_sbom_data.json,com.github.Pytur/skills-introduction-to-github,SPDX-2.3,3,2,1,github_actions,2,0,False,2025-05-02T19:16:00Z,False,1
20250317_915_sbom_data.json,com.github.Akaa-Dev/Ohmic,SPDX-2.3,1,0,0,,0,0,False,2025-03-17T12:39:33Z,False,1
20250419_793_sbom_data.json,com.github.bauyrzhan2050/MyChat,SPDX-2.3,1,0,0,,0,0,False,2025-04-19T16:45:50Z,False,1
20250309_1528_sbom_data.json,com.github.scooney1/ECE3245_Lab3,SPDX-2.3,1,0,0,,0,0,False,2025-03-09T14:07:34Z,False,1
20250210_60_sbom_data.json,com.github.vivaanbhatia380/angry-birds-stage-2,SPDX-2.3,1,0,0,,0,0,False,2025-02-10T13:31:48Z,False,1
20250218_181_sbom_data.json,com.github.PacktPublishing/Go-Design-Patterns,SPDX-2.3,1,0,0,,0,0,False,2025-02-18T12:18:33Z,False,1
20250306_749_sbom_data.json,com.github.sergeikuzmin241/ML_projects,SPDX-2.3,1,0,0,,0,0,False,2025-03-06T06:56:18Z,False,1
20250428_1127_sbom_data.json,com.github.sbfahad/mynotes,SPDX-2.3,1,0,0,,0,0,False,2025-04-28T10:46:15Z,False,1
20250416_281_sbom_data.json,com.github.rn-vn/omikuji_js,SPDX-2.3,1,0,0,,0,0,False,2025-04-16T19:28:28Z,False,1
20250417_879_sbom_data.json,com.github.rohit1619/Quiz,SPDX-2.3,1,0,0,,0,0,False,2025-04-17T10:53:11Z,False,1
20250210_120_sbom_data.json,com.github.Jeevansaireddy1/Sample,SPDX-2.3,1,0,0,,0,0,False,2025-02-10T13:32:33Z,False,1
20250502_jumbo_8360_sbom_data.json,com.github.langgood/myweb,SPDX-2.3,1,0,0,,0,0,False,2025-05-03T01:48:03Z,False,1
20250427_752_sbom_data.json,com.github.shuvojit566/c-language,SPDX-2.3,1,0,0,,0,0,False,2025-04-27T13:46:32Z,False,1
20250311_347_sbom_data.json,com.github.SharifRashed/Martys-fishes,SPDX-2.3,1,0,0,,0,0,False,2025-03-11T11:55:41Z,False,1
20250416_459_sbom_data.json,com.github.BubbleGumPixels/startup-of-the-year,SPDX-2.3,1,0,0,,0,0,False,2025-04-16T19:30:50Z,False,1
20250212_189_sbom_data.json,com.github.caocmai/loaner-app,SPDX-2.3,1,0,0,,0,0,False,2025-02-12T12:32:05Z,False,1
20250502_jumbo_8067_sbom_data.json,com.github.1022movies/1022movies,SPDX-2.3,1,0,0,,0,0,False,2025-05-03T01:12:21Z,False,1
20250502_jumbo_6812_sbom_data.json,com.github.Glendygonzalez/ultimaFase,SPDX-2.3,1,0,0,,0,0,False,2025-05-03T00:35:58Z,False,1
20250228_350_sbom_data.json,com.github.wendywarren/resolve-gradshow-2023,SPDX-2.3,12,11,1,npm,4,7,True,2025-02-28T12:27:45Z,False,1
20250404_124_sbom_data.json,com.github.F0rsythe/python_proj,SPDX-2.3,1,0,0,,0,0,False,2025-04-05T17:12:58Z,False,1
20250409_764_sbom_data.json,com.github.Haeung9/eccvcc-difficulty,SPDX-2.3,1,0,0,,0,0,False,2025-04-09T22:10:45Z,False,1
20250425_1598_sbom_data.json,com.github.ervanadiwijaya/CSS-TUGAS-12,SPDX-2.3,1,0,0,,0,0,False,2025-04-25T20:45:33Z,False,1
20250331_722_sbom_data.json,com.github.Amogh-2404/mastermind_app,SPDX-2.3,41,40,2,"github_actions,pub",38,2,False,2025-03-31T10:32:03Z,False,1
20250312_800_sbom_data.json,com.github.UNPSJB/ejemplo_fuse,SPDX-2.3,1,0,0,,0,0,False,2025-03-12T12:38:32Z,False,1
20250301_1434_sbom_data.json,com.github.jaisharma13/MyApplication9,SPDX-2.3,1,0,0,,0,0,False,2025-03-01T14:52:10Z,False,1
20250417_558_sbom_data.json,com.github.linmxy/url-utils,SPDX-2.3,1,0,0,,0,0,False,2025-04-17T10:47:53Z,False,1
20250331_1191_sbom_data.json,com.github.Bryan-Az/Keras-HF-FastAi,SPDX-2.3,1,0,0,,0,0,False,2025-03-31T12:32:01Z,False,1
20250423_1621_sbom_data.json,com.github.W1nkey/hm10505,SPDX-2.3,1,0,0,,0,0,False,2025-04-23T13:48:36Z,False,1
20250406_374_sbom_data.json,com.github.fariyad786/youtube-clone,SPDX-2.3,1,0,0,,0,0,False,2025-04-06T11:23:45Z,False,1
20250218_1699_sbom_data.json,com.github.emilio2hd/page_crawler,SPDX-2.3,25,24,1,gem,13,11,True,2025-02-18T13:28:45Z,False,1
20250404_1155_sbom_data.json,com.github.Whiteheadcrab/Chains_of_Proteins-Java,SPDX-2.3,1,0,0,,0,0,False,2025-04-05T18:21:04Z,False,1
20250320_862_sbom_data.json,com.github.Julienchf/Myprofile,SPDX-2.3,1,0,0,,0,0,False,2025-03-20T12:58:36Z,False,1
20250327_82_sbom_data.json,com.github.javierarias17/posgrados_unicauca_backend,SPDX-2.3,1,0,0,,0,0,False,2025-03-27T11:43:58Z,False,1
20250319_1356_sbom_data.json,com.github.Nopey/BRETON,SPDX-2.3,1,0,0,,0,0,False,2025-03-19T09:19:57Z,False,1
20250317_679_sbom_data.json,com.github.Ryoliveira/FortniteStatGUI,SPDX-2.3,1,0,0,,0,0,False,2025-03-17T12:32:23Z,False,1
20250427_365_sbom_data.json,com.github.AdanML/MVC,SPDX-2.3,1,0,0,,0,0,False,2025-04-27T12:38:52Z,False,1
20250220_1040_sbom_data.json,com.github.pabgonzalez/EDA_TP4_JSON_LINTER,SPDX-2.3,1,0,0,,0,0,False,2025-02-20T12:20:45Z,False,1
20250226_791_sbom_data.json,com.github.xueqiya/VirtualapkDemo,SPDX-2.3,1,0,0,,0,0,False,2025-02-26T12:39:03Z,False,1
20250318_707_sbom_data.json,com.github.ogzkhrmn/ML_NaiveBayes,SPDX-2.3,4,3,1,maven,3,0,False,2025-03-18T16:00:16Z,False,1
20250328_1426_sbom_data.json,com.github.kheirou98/spinner,SPDX-2.3,1,0,0,,0,0,False,2025-03-28T13:37:39Z,False,1
20250430_1514_sbom_data.json,com.github.shajeehsanal/responsive_ui,SPDX-2.3,25,24,1,pub,24,0,False,2025-04-30T14:46:18Z,False,1
20250407_1046_sbom_data.json,com.github.KOIANDRAIN/koii,SPDX-2.3,1,0,0,,0,0,False,2025-04-07T11:31:33Z,False,1
20250313_950_sbom_data.json,com.github.RenzoEspinoza123/Semana01,SPDX-2.3,1,0,0,,0,0,False,2025-03-13T15:26:20Z,False,1
20250426_531_sbom_data.json,com.github.Shaywho/React.js-Essential-Training,SPDX-2.3,910,909,1,npm,0,909,False,2025-04-26T10:19:03Z,False,1
20250326_935_sbom_data.json,com.github.hiep-nt/assignment,SPDX-2.3,1,0,0,,0,0,False,2025-03-26T13:04:57Z,False,1
20250502_jumbo_7602_sbom_data.json,com.github.oist-cnru/temporally_correlated_exploration_stochasticity,SPDX-2.3,1,0,0,,0,0,False,2025-05-03T01:05:35Z,False,1
20250413_289_sbom_data.json,com.github.justinmarisalazar/Web-App-Developer-Practical-Exam,SPDX-2.3,1,0,0,,0,0,False,2025-04-13T13:49:04Z,False,1
20250212_1090_sbom_data.json,com.github.imperfect-geek/GithubExample,SPDX-2.3,1,0,0,,0,0,False,2025-02-12T12:49:08Z,False,1
20250402_1482_sbom_data.json,com.github.AdventOfCode2020TUM/Feri,SPDX-2.3,1,0,0,,0,0,False,2025-04-02T21:38:27Z,True,2
20250218_1102_sbom_data.json,com.github.xltan23/VTTP-Day16-Lecture,SPDX-2.3,9,8,1,maven,2,0,True,2025-02-18T12:37:32Z,False,1
20250317_1043_sbom_data.json,com.github.appseed-projects3/ab499cdd-cae2-4e55-9146-8e46dde0200a,SPDX-2.3,1656,1655,2,"npm,pypi",1640,0,False,2025-03-17T12:41:46Z,False,1
20250309_367_sbom_data.json,com.github.joicedts/Campeonato,SPDX-2.3,1,0,0,,0,0,False,2025-03-09T12:43:01Z,False,1
20250318_1080_sbom_data.json,com.github.KalinaJackiewicz/May-2024-Jackiewicz,SPDX-2.3,1,0,0,,0,0,False,2025-03-18T16:08:36Z,False,1
20250221_347_sbom_data.json,com.github.mahanthesh/RepositoryTest2,SPDX-2.3,1,0,0,,0,0,False,2025-02-21T12:52:32Z,False,1
20250502_jumbo_9713_sbom_data.json,com.github.codyit/lotus-rest,SPDX-2.3,1,0,0,,0,0,False,2025-05-03T13:20:16Z,False,1
20250327_1606_sbom_data.json,com.github.Aleksman992/Lesson_7_figma2,SPDX-2.3,1,0,0,,0,0,False,2025-03-27T12:52:37Z,False,1
20250409_1517_sbom_data.json,com.github.mbrawlings/htmlCssLab1,SPDX-2.3,1,0,0,,0,0,False,2025-04-10T09:46:51Z,False,1
20250208_1220_sbom_data.json,com.github.IronCore864/ceph-ansible,SPDX-2.3,1,0,0,,0,0,False,2025-02-09T21:05:02Z,False,1
20250426_1172_sbom_data.json,com.github.valle-code/job-vibes,SPDX-2.3,510,509,1,npm,507,0,False,2025-04-26T10:27:40Z,False,1
20250412_477_sbom_data.json,com.github.agg1955/Gomez,SPDX-2.3,1,0,0,,0,0,False,2025-04-12T13:16:19Z,False,1
20250403_123_sbom_data.json,com.github.jrdcasa/jrdcasa,SPDX-2.3,1,0,0,,0,0,False,2025-04-03T10:02:54Z,False,1
20250328_179_sbom_data.json,com.github.spectrohubbledev/test-hubble-1612166741,SPDX-2.3,1,0,0,,0,0,False,2025-03-28T12:28:23Z,False,1
20250214_1129_sbom_data.json,com.github.ColeTheDev/modpacks,SPDX-2.3,1,0,0,,0,0,False,2025-02-14T12:59:05Z,False,1
20250301_987_sbom_data.json,com.github.Ranjith634/SeleniumProject,SPDX-2.3,1,0,0,,0,0,False,2025-03-01T13:25:42Z,False,1
20250409_662_sbom_data.json,com.github.casual033/logineko-telemetry,SPDX-2.3,6,5,1,maven,0,0,True,2025-04-09T22:08:44Z,False,1
20250322_266_sbom_data.json,com.github.Yokodero/teste-de-software,SPDX-2.3,1,0,0,,0,0,False,2025-03-22T14:30:25Z,False,1
20250422_1109_sbom_data.json,com.github.lipingnew/sku,SPDX-2.3,1186,1185,1,npm,1185,0,False,2025-04-23T21:45:15Z,False,1
20250502_jumbo_6846_sbom_data.json,com.github.orgTestCodacy11KRepos110MB/repo-4663-burrow,SPDX-2.3,2051,2050,3,"github_actions,golang,npm",2023,0,False,2025-05-03T00:40:56Z,False,1
20250407_15_sbom_data.json,com.github.lawrencerebold/nahngiquu,SPDX-2.3,1,0,0,,0,0,False,2025-04-07T10:51:51Z,False,1
20250422_1538_sbom_data.json,com.github.shehzadkhan/GoGit,SPDX-2.3,1,0,0,,0,0,False,2025-04-24T00:52:55Z,False,1
20250331_682_sbom_data.json,com.github.You157/nodejs-study,SPDX-2.3,1,0,0,,0,0,False,2025-03-31T10:31:35Z,False,1
20250502_jumbo_7506_sbom_data.json,com.github.Semandr/accordion-card,SPDX-2.3,1,0,0,,0,0,False,2025-05-03T01:04:32Z,False,1
20250213_674_sbom_data.json,com.github.niharika-cnr/MyTime-SE-Project,SPDX-2.3,1,0,0,,0,0,False,2025-02-13T12:48:40Z,False,1
20250303_806_sbom_data.json,com.github.Byron1979/repo_python1,SPDX-2.3,1,0,0,,0,0,False,2025-03-03T12:40:11Z,False,1
20250311_1431_sbom_data.json,com.github.danielurias/glasstree,SPDX-2.3,1,0,0,,0,0,False,2025-03-11T14:29:18Z,False,1
20250413_1669_sbom_data.json,com.github.Veera5iva/Churn_Prediction,SPDX-2.3,7,6,1,pypi,5,0,True,2025-04-13T16:04:10Z,False,1
20250223_1562_sbom_data.json,com.github.raghavdewan/Data-Visualising,SPDX-2.3,1,0,0,,0,0,False,2025-02-23T14:49:06Z,False,1
20250313_914_sbom_data.json,com.github.fiherman/tienda,SPDX-2.3,61,60,2,"composer,npm",57,3,True,2025-03-13T15:25:51Z,False,1
20250331_158_sbom_data.json,com.github.Luiggi-piero/menu-responsive,SPDX-2.3,1,0,0,,0,0,False,2025-03-31T09:53:22Z,False,1
20250430_776_sbom_data.json,com.github.ddmck/StoryTweeter,SPDX-2.3,1,0,0,,0,0,False,2025-04-30T13:52:42Z,False,1
20250405_643_sbom_data.json,com.github.dailytravel/x-federation,SPDX-2.3,367,366,2,"golang,npm",358,0,False,2025-04-05T15:36:08Z,False,1
20250222_1386_sbom_data.json,com.github.HaroldVelez13/tierra-girando,SPDX-2.3,1,0,0,,0,0,False,2025-02-22T14:09:45Z,False,1
20250211_1189_sbom_data.json,com.github.srtushar887/react-native-todo,SPDX-2.3,635,634,1,npm,631,0,False,2025-02-11T13:17:58Z,False,1
20250422_829_sbom_data.json,com.github.branch-stack/components-branchstack,SPDX-2.3,1,0,0,,0,0,False,2025-04-23T21:37:30Z,False,1
20250420_202_sbom_data.json,com.github.mohdayanansari/nft-marketplace__APP,SPDX-2.3,1508,1507,1,npm,1501,0,False,2025-04-20T11:09:46Z,False,1
20250308_105_sbom_data.json,com.github.14lxin/14lsu,SPDX-2.3,1,0,0,,0,0,False,2025-03-08T13:42:57Z,False,1
20250502_jumbo_11838_sbom_data.json,com.github.Yunicassy/moonsault,SPDX-2.3,1,0,0,,0,0,False,2025-05-03T14:40:32Z,False,1
20250226_351_sbom_data.json,com.github.csepukar/RetailInventoryManager,SPDX-2.3,18,17,1,maven,6,0,True,2025-02-26T12:31:59Z,False,1
20250316_369_sbom_data.json,com.github.myi2001/myi2001,SPDX-2.3,1,0,0,,0,0,False,2025-03-16T11:52:44Z,False,1
20250413_422_sbom_data.json,com.github.thindie/SurfTraineeCoctailBar,SPDX-2.3,1,0,0,,0,0,False,2025-04-13T13:50:29Z,False,1
20250209_202_sbom_data.json,com.github.wenyue007/autossh,SPDX-2.3,1,0,0,,0,0,False,2025-02-09T15:28:12Z,True,2
20250413_680_sbom_data.json,com.github.behrens-de/Monsters-Rolodex,SPDX-2.3,1130,1129,1,npm,1125,0,False,2025-04-13T13:53:11Z,False,1
20250327_766_sbom_data.json,com.github.AParise1994/Hello-World,SPDX-2.3,1,0,0,,0,0,False,2025-03-27T12:13:23Z,False,1
20250218_524_sbom_data.json,com.github.tanjil46/bitro-boss-resturant,SPDX-2.3,493,492,1,npm,490,0,False,2025-02-18T12:24:45Z,False,1
20250221_1151_sbom_data.json,com.github.godofredi/pelota-en-movimiento-,SPDX-2.3,1,0,0,,0,0,False,2025-02-21T13:20:58Z,False,1
20250403_1134_sbom_data.json,com.github.rrLero/car_stat_heroku_deploy,SPDX-2.3,1,0,0,,0,0,False,2025-04-03T10:19:18Z,False,1
20250221_640_sbom_data.json,com.github.huxlor/landing-ofertas-jumbo-cencosud,SPDX-2.3,576,575,1,npm,575,0,False,2025-02-21T13:00:59Z,False,1
20250424_912_sbom_data.json,com.github.xgqfrms-GitHub/React-Redux-Todo-List,SPDX-2.3,3,2,1,npm,0,2,False,2025-04-24T12:03:41Z,False,1
20250226_10_sbom_data.json,com.github.awmwong/kik-dots,SPDX-2.3,2,1,1,npm,1,0,False,2025-02-26T12:27:05Z,False,1
20250407_1579_sbom_data.json,com.github.dczysz/react-mikerates,SPDX-2.3,1312,1311,1,npm,1308,0,False,2025-04-07T13:27:56Z,False,1
20250502_jumbo_13069_sbom_data.json,com.github.Hugogl345/Hugogl345,SPDX-2.3,1,0,0,,0,0,False,2025-05-03T15:49:35Z,False,1
20250314_1606_sbom_data.json,com.github.devopsprojectPractice/pgeteam,SPDX-2.3,1,0,0,,0,0,False,2025-03-14T13:36:26Z,False,1
20250408_457_sbom_data.json,com.github.ardje/oeps,SPDX-2.3,1,0,0,,0,0,False,2025-04-08T11:47:50Z,False,1
20250502_jumbo_11049_sbom_data.json,com.github.henriquevro/sendEmailsOnGoogleSheets,SPDX-2.3,1,0,0,,0,0,False,2025-05-03T14:33:26Z,False,1
20250312_1075_sbom_data.json,com.github.vayes/tier,SPDX-2.3,5,4,1,composer,0,4,True,2025-03-12T12:42:41Z,False,1
20250328_569_sbom_data.json,com.github.Leona-Bhawanideen/portfolio,SPDX-2.3,1,0,0,,0,0,False,2025-03-28T12:37:42Z,False,1
20250405_25_sbom_data.json,com.github.CRSTH-CHVZ/r-f83k28d,SPDX-2.3,9,8,1,npm,1,7,False,2025-04-05T15:26:27Z,False,1
20250404_1547_sbom_data.json,com.github.martinholladay/site,SPDX-2.3,1,0,0,,0,0,False,2025-04-05T18:26:02Z,False,1
20250308_338_sbom_data.json,com.github.yihui/tmate-r,SPDX-2.3,4,3,1,github_actions,0,0,False,2025-03-08T13:49:03Z,False,1
20250402_313_sbom_data.json,com.github.wangjinA/notes,SPDX-2.3,25,24,1,npm,24,0,False,2025-04-02T16:49:46Z,True,2
20250413_497_sbom_data.json,com.github.amfrancomezam/BestWebsites-,SPDX-2.3,1,0,0,,0,0,False,2025-04-13T13:51:17Z,False,1
20250224_980_sbom_data.json,com.github.hdlovefork/TelIntercept,SPDX-2.3,1,0,0,,0,0,False,2025-02-24T14:38:13Z,False,1
20250325_1121_sbom_data.json,com.github.winter666/freedom-micro,SPDX-2.3,4,3,1,composer,0,3,True,2025-03-25T12:33:13Z,False,1
20250302_1529_sbom_data.json,com.github.kadezaccaro/odin-library,SPDX-2.3,1,0,0,,0,0,False,2025-03-02T14:40:21Z,False,1
20250419_1530_sbom_data.json,com.github.Gavincrz/includeOS_ivshmem_example,SPDX-2.3,1,0,0,,0,0,False,2025-04-19T17:03:07Z,False,1
20250408_339_sbom_data.json,com.github.Erick-Faster/deploy-course,SPDX-2.3,1,0,0,,0,0,False,2025-04-08T11:46:10Z,False,1
20250502_jumbo_4987_sbom_data.json,com.github.Sarthakkanawade/firsthtmlpage,SPDX-2.3,1,0,0,,0,0,False,2025-05-02T21:41:02Z,False,1
20250224_1005_sbom_data.json,com.github.sresidd/WebCam,SPDX-2.3,1,0,0,,0,0,False,2025-02-24T14:38:25Z,False,1
20250215_931_sbom_data.json,com.github.junbeom0509/study,SPDX-2.3,1,0,0,,0,0,False,2025-02-15T14:59:03Z,False,1
20250312_465_sbom_data.json,com.github.released-info/info-released-r-is,SPDX-2.3,1,0,0,,0,0,False,2025-03-12T12:07:17Z,False,1
20250502_jumbo_9736_sbom_data.json,com.github.cambiribaisa/lik_book,SPDX-2.3,1,0,0,,0,0,False,2025-05-03T13:20:29Z,False,1
20250328_483_sbom_data.json,com.github.cblevins/essays,SPDX-2.3,1,0,0,,0,0,False,2025-03-28T12:35:58Z,False,1
20250319_961_sbom_data.json,com.github.emarex1/alx-backend-javascript,SPDX-2.3,25,24,1,npm,0,24,True,2025-03-19T09:11:31Z,False,1
20250408_237_sbom_data.json,com.github.hencore219/Urban-2,SPDX-2.3,1,0,0,,0,0,False,2025-04-08T11:44:38Z,False,1
20250311_1450_sbom_data.json,com.github.mohammad-shariar-parvez/news-portal,SPDX-2.3,1,0,0,,0,0,False,2025-03-11T14:29:31Z,False,1
20250208_1470_sbom_data.json,com.github.milily/aivo_challenge_reactjs,SPDX-2.3,1,0,0,,0,0,False,2025-02-09T21:08:27Z,False,1
20250313_1551_sbom_data.json,com.github.Torres-arc/bug-summary,SPDX-2.3,1623,1622,1,npm,1618,0,False,2025-03-13T15:39:54Z,True,2
20250502_jumbo_14775_sbom_data.json,com.github.migldasilva/test-zip-import,SPDX-2.3,1,0,0,,0,0,False,2025-05-03T19:52:40Z,False,1
20250315_1237_sbom_data.json,com.github.Fabsch413p/test_angular_webpage,SPDX-2.3,1,0,0,,0,0,False,2025-03-15T15:31:19Z,True,2
20250417_850_sbom_data.json,com.github.Leonidas1109/proyecto-SENAA,SPDX-2.3,1,0,0,,0,0,False,2025-04-17T10:52:47Z,False,1
20250417_1097_sbom_data.json,com.github.sashaheye/PoC-Game,SPDX-2.3,1,0,0,,0,0,False,2025-04-17T10:56:02Z,False,1
20250426_1580_sbom_data.json,com.github.hkgrn/test_git_yo,SPDX-2.3,1,0,0,,0,0,False,2025-04-26T11:24:13Z,False,1
20250406_1532_sbom_data.json,com.github.CA-bootcamp-s19/event-tickets-exercise-NasirKhalid24,SPDX-2.3,1,0,0,,0,0,False,2025-04-06T12:23:12Z,False,1
20250225_1676_sbom_data.json,com.github.noemiheusler/rails-mister-cocktail,SPDX-2.3,1087,1086,2,"gem,npm",1084,0,False,2025-02-25T14:21:44Z,False,1
20250401_1508_sbom_data.json,com.github.dpaul96/FestivePlanner,SPDX-2.3,1,0,0,,0,0,False,2025-04-05T15:15:16Z,True,2
20250412_1284_sbom_data.json,com.github.Pavank-1812/Amazon-Clone,SPDX-2.3,1,0,0,,0,0,False,2025-04-12T18:56:52Z,False,1
20250405_587_sbom_data.json,com.github.t3201v/dntoken-frontend,SPDX-2.3,35,34,1,npm,2,32,False,2025-04-05T15:35:06Z,False,1
20250320_351_sbom_data.json,com.github.Rhyomarasin/Proyek-Akhir-GRAFKOM-TIF-A,SPDX-2.3,1,0,0,,0,0,False,2025-03-20T12:37:22Z,False,1
20250319_1186_sbom_data.json,com.github.sanjeebSubedi/Image-Viewer-Azure,SPDX-2.3,16,15,1,pypi,15,0,False,2025-03-19T09:16:33Z,False,1
20250413_624_sbom_data.json,com.github.Pcronin170/GettingCleaningData,SPDX-2.3,1,0,0,,0,0,False,2025-04-13T13:52:38Z,False,1
20250502_jumbo_8019_sbom_data.json,com.github.Ani2194/MachineLearning,SPDX-2.3,1,0,0,,0,0,False,2025-05-03T01:11:51Z,False,1
20250412_623_sbom_data.json,com.github.MALLEMLaura/webappmeteo,SPDX-2.3,1,0,0,,0,0,False,2025-04-12T16:01:24Z,False,1
20250324_1533_sbom_data.json,com.github.JJtheron/Playing_with_pyats,SPDX-2.3,87,86,1,pypi,86,0,False,2025-03-24T21:23:04Z,False,1
20250402_1571_sbom_data.json,com.github.dawande03/ECOMMERCE_MERN,SPDX-2.3,2905,2904,1,npm,2884,0,False,2025-04-02T22:29:19Z,True,2
20250317_812_sbom_data.json,com.github.Moeletji/studentmanager-api,SPDX-2.3,1,0,0,,0,0,False,2025-03-17T12:34:29Z,False,1
20250302_1189_sbom_data.json,com.github.FoghornConsulting/t-c7n,SPDX-2.3,407,406,3,"github_actions,golang,pypi",330,37,True,2025-03-02T13:09:20Z,False,1
20250430_642_sbom_data.json,com.github.montecristo2022/goit-markup-77,SPDX-2.3,1,0,0,,0,0,False,2025-04-30T13:50:36Z,False,1
20250307_974_sbom_data.json,com.github.RoboticExplorationLab/RExVicon,SPDX-2.3,1,0,0,,0,0,False,2025-03-07T10:38:44Z,False,1
20250416_1201_sbom_data.json,com.github.i471/MockAirline,SPDX-2.3,1587,1586,1,npm,1581,0,False,2025-04-16T19:40:53Z,False,1
20250325_1006_sbom_data.json,com.github.shahparanmia/shshsparanmia,SPDX-2.3,1,0,0,,0,0,False,2025-03-25T12:26:28Z,False,1
20250307_1557_sbom_data.json,com.github.claudiojafna/tiket,SPDX-2.3,22,21,1,pub,21,0,False,2025-03-07T13:13:18Z,False,1
20250328_1279_sbom_data.json,com.github.keisuke1350/react-Kadai0325,SPDX-2.3,1489,1488,1,npm,1486,0,False,2025-03-28T12:56:45Z,False,1
20250212_816_sbom_data.json,com.github.javator3/java11_MSt,SPDX-2.3,4,3,1,maven,1,0,True,2025-02-12T12:44:43Z,False,1
20250317_173_sbom_data.json,com.github.ollymonger/basic-unity-mp,SPDX-2.3,210,209,2,"github_actions,npm",209,0,False,2025-03-17T12:22:30Z,False,1
20250502_jumbo_4694_sbom_data.json,com.github.liushuai121998/shine,SPDX-2.3,1,0,0,,0,0,False,2025-05-02T21:35:37Z,False,1
20250502_jumbo_11016_sbom_data.json,com.github.since56k/winery-app-client,SPDX-2.3,33,32,1,npm,1,31,False,2025-05-03T14:33:09Z,False,1
20250324_710_sbom_data.json,com.github.borossandor27/AutoNyilvantartas,SPDX-2.3,1,0,0,,0,0,False,2025-03-24T11:43:32Z,False,1
20250325_1553_sbom_data.json,com.github.robenend/edir-nodejs,SPDX-2.3,244,243,2,"npm,nuget",212,29,True,2025-03-25T14:23:18Z,False,1
20250426_741_sbom_data.json,com.github.4current/berzerk,SPDX-2.3,1,0,0,,0,0,False,2025-04-26T10:21:38Z,False,1
20250425_168_sbom_data.json,com.github.sandeep202021/Assignment,SPDX-2.3,1,0,0,,0,0,False,2025-04-25T18:22:28Z,False,1
20250225_761_sbom_data.json,com.github.tallmanlaw/portfolio-linked,SPDX-2.3,1,0,0,,0,0,False,2025-02-25T13:19:11Z,False,1
20250407_1019_sbom_data.json,com.github.kirito4499/how-to-npm,SPDX-2.3,1,0,0,,0,0,False,2025-04-07T11:31:03Z,False,1
20250212_1143_sbom_data.json,com.github.gabriel-peter/ArduinoAssistedCane,SPDX-2.3,1,0,0,,0,0,False,2025-02-12T12:50:53Z,False,1
20250222_698_sbom_data.json,com.github.Themaister/SC-MIPS,SPDX-2.3,1,0,0,,0,0,False,2025-02-22T13:54:20Z,False,1
20250407_768_sbom_data.json,com.github.zhongds01/Layui,SPDX-2.3,1,0,0,,0,0,False,2025-04-07T11:15:28Z,False,1
20250418_1457_sbom_data.json,com.github.annamnesse/DS_course_projects,SPDX-2.3,1,0,0,,0,0,False,2025-04-19T15:35:50Z,False,1
20250319_1107_sbom_data.json,com.github.SulochanaYarramreddy123/SuchiVijay143,SPDX-2.3,1,0,0,,0,0,False,2025-03-19T09:14:38Z,False,1
20250219_270_sbom_data.json,com.github.prostoKostyk/Angular-SpringBoot-JWT-Site,SPDX-2.3,916,915,2,"maven,npm",906,0,True,2025-02-19T11:10:39Z,False,1
20250331_381_sbom_data.json,com.github.IsaacJaredRG/CLASES-PYTHON,SPDX-2.3,1,0,0,,0,0,False,2025-03-31T09:58:16Z,True,2
20250219_1680_sbom_data.json,com.github.Youssefcasa5/Youssefcasa5,SPDX-2.3,1,0,0,,0,0,False,2025-02-19T12:14:19Z,False,1
20250410_495_sbom_data.json,com.github.TecProg-20181/05--lugope,SPDX-2.3,1,0,0,,0,0,False,2025-04-10T10:28:07Z,False,1
20250402_334_sbom_data.json,com.github.tmdrb/andr,SPDX-2.3,1,0,0,,0,0,False,2025-04-02T16:50:19Z,True,2
20250209_432_sbom_data.json,com.github.IvanZanko/home_work_c_9,SPDX-2.3,1,0,0,,0,0,False,2025-02-09T00:35:01Z,True,2
20250502_jumbo_14104_sbom_data.json,com.github.PAPELgg/PROJETO---MOD.-5-iv,SPDX-2.3,3,2,1,npm,2,0,False,2025-05-03T19:43:47Z,False,1
20250224_897_sbom_data.json,com.github.Clupai8o0/superhi-advanced-css-js-good-times,SPDX-2.3,1,0,0,,0,0,False,2025-02-24T14:37:22Z,False,1
20250328_1128_sbom_data.json,com.github.ashutosh-874/paypal-django,SPDX-2.3,16,15,1,pypi,15,0,False,2025-03-28T12:54:12Z,False,1
20250425_636_sbom_data.json,com.github.hyla-amagaeru/otamesi,SPDX-2.3,1,0,0,,0,0,False,2025-04-25T18:28:29Z,False,1
20250226_1171_sbom_data.json,com.github.HRFE-Merchantman/RUNashville-backend,SPDX-2.3,8,7,1,npm,0,7,True,2025-02-26T12:44:12Z,False,1
20250216_27_sbom_data.json,com.github.MichalYoung/tiny-ajax,SPDX-2.3,8,7,1,pypi,7,0,False,2025-02-16T12:46:28Z,False,1
20250404_1058_sbom_data.json,com.github.peterkania/github-upload,SPDX-2.3,1,0,0,,0,0,False,2025-04-05T18:20:04Z,False,1
20250311_1105_sbom_data.json,com.github.LakatosJ/IKT_Web,SPDX-2.3,1,0,0,,0,0,False,2025-03-11T12:22:31Z,False,1
20250319_725_sbom_data.json,com.github.monaimENNABBALI/Calculator,SPDX-2.3,1,0,0,,0,0,False,2025-03-19T09:06:24Z,False,1
20250422_1215_sbom_data.json,com.github.Alerodcas/ProcterMemoryGame,SPDX-2.3,1,0,0,,0,0,False,2025-04-23T21:47:48Z,True,2
20250430_1346_sbom_data.json,com.github.ratuzahramustik/projek-akhir,SPDX-2.3,1,0,0,,0,0,False,2025-04-30T14:02:41Z,False,1
20250326_405_sbom_data.json,com.github.sar110/azadarehussain110.com,SPDX-2.3,1,0,0,,0,0,False,2025-03-26T12:25:36Z,False,1
20250425_1290_sbom_data.json,com.github.magiclud/SpringMVCBootstrap,SPDX-2.3,16,15,1,maven,13,0,False,2025-04-25T20:00:48Z,False,1
20250217_125_sbom_data.json,com.github.shansyed87/github,SPDX-2.3,1,0,0,,0,0,False,2025-02-17T11:16:30Z,False,1
20250318_48_sbom_data.json,com.github.Mcknight199/Carpooling-system,SPDX-2.3,1,0,0,,0,0,False,2025-03-18T14:08:08Z,False,1
20250428_1138_sbom_data.json,com.github.bryant1410/dotfiles-3,SPDX-2.3,1,0,0,,0,0,False,2025-04-28T10:46:27Z,False,1
20250411_373_sbom_data.json,com.github.smartinternz02/SI-GuidedProject-670894-1701664437,SPDX-2.3,1,0,0,,0,0,False,2025-04-11T14:09:38Z,False,1
20250324_500_sbom_data.json,com.github.akansha112/Assignment,SPDX-2.3,1,0,0,,0,0,False,2025-03-24T11:39:59Z,False,1
20250317_1423_sbom_data.json,com.github.SergioGS11/Examen,SPDX-2.3,1,0,0,,0,0,False,2025-03-17T13:24:16Z,False,1
20250422_261_sbom_data.json,com.github.ultravideo/uvgRTP,SPDX-2.3,1,0,0,,0,0,False,2025-04-23T14:26:50Z,False,1
20250502_jumbo_13441_sbom_data.json,com.github.varunbajpai/YdataAssignment,SPDX-2.3,9,8,1,pypi,0,0,True,2025-05-03T15:53:31Z,False,1
20250502_jumbo_7381_sbom_data.json,com.github.IvaNarvaez02/Bioscape_Ivan,SPDX-2.3,1,0,0,,0,0,False,2025-05-03T01:03:12Z,False,1
20250406_1226_sbom_data.json,com.github.yushinglui/coffee,SPDX-2.3,1,0,0,,0,0,False,2025-04-06T11:31:14Z,False,1
20250412_19_sbom_data.json,com.github.vvbereziuk/IdeaProjects,SPDX-2.3,1,0,0,,0,0,False,2025-04-12T13:06:37Z,False,1
20250211_928_sbom_data.json,com.github.gitGNU/gnu_avl,SPDX-2.3,1,0,0,,0,0,False,2025-02-11T13:11:53Z,False,1
20250421_193_sbom_data.json,com.github.Silvia-Du/js-jsnacks-blocco-1,SPDX-2.3,1,0,0,,0,0,False,2025-04-21T11:46:44Z,False,1
20250215_689_sbom_data.json,com.github.faillacet/DatabaseManagement,SPDX-2.3,1,0,0,,0,0,False,2025-02-15T14:54:52Z,False,1
20250307_241_sbom_data.json,com.github.jonatasgt/lab01,SPDX-2.3,1,0,0,,0,0,False,2025-03-07T10:23:54Z,False,1
20250423_1022_sbom_data.json,com.github.Miki370/MIX,SPDX-2.3,1,0,0,,0,0,False,2025-04-23T12:49:29Z,False,1
20250429_1407_sbom_data.json,com.github.Preetikaus/demo-project,SPDX-2.3,1,0,0,,0,0,False,2025-04-29T14:00:18Z,False,1
20250313_787_sbom_data.json,com.github.AhmEd-shekuu-ll/Quizes,SPDX-2.3,1,0,0,,0,0,False,2025-03-13T15:24:10Z,False,1
20250306_485_sbom_data.json,com.github.ZengChaoYuan/JF190203,SPDX-2.3,1,0,0,,0,0,False,2025-03-06T06:51:08Z,False,1
20250502_jumbo_5086_sbom_data.json,com.github.NeelabhNR/test-repo,SPDX-2.3,1,0,0,,0,0,False,2025-05-02T21:43:22Z,False,1
20250218_1527_sbom_data.json,com.github.hausofdulceg/certificado,SPDX-2.3,1,0,0,,0,0,False,2025-02-18T13:26:30Z,False,1
20250330_86_sbom_data.json,com.github.mwd29/Python2,SPDX-2.3,1,0,0,,0,0,False,2025-03-30T12:42:22Z,False,1
20250219_1456_sbom_data.json,com.github.barno5727/examination-103-gr-4-oy-js,SPDX-2.3,1,0,0,,0,0,False,2025-02-19T12:09:29Z,False,1
20250502_jumbo_7576_sbom_data.json,com.github.290499/monitor-mini,SPDX-2.3,16,15,1,npm,0,15,False,2025-05-03T01:05:18Z,False,1
20250423_1434_sbom_data.json,com.github.novitangrn/CoursesWeek7,SPDX-2.3,1,0,0,,0,0,False,2025-04-23T13:44:26Z,False,1
20250502_jumbo_10768_sbom_data.json,com.github.RDaly1/cs50lab,SPDX-2.3,1,0,0,,0,0,False,2025-05-03T13:29:58Z,False,1
20250219_304_sbom_data.json,com.github.priscillauribe/rails-yelp-mvp,SPDX-2.3,69,68,1,gem,68,0,False,2025-02-19T11:11:03Z,False,1
20250331_990_sbom_data.json,com.github.SvenFang/MagicPager-IOS,SPDX-2.3,1,0,0,,0,0,False,2025-03-31T10:35:15Z,False,1
20250227_282_sbom_data.json,com.github.chadHGY/PikaBall,SPDX-2.3,1,0,0,,0,0,False,2025-02-27T08:38:07Z,False,1
20250430_1564_sbom_data.json,com.github.ColorlibHQ/colorlib-login-customizer,SPDX-2.3,9,8,1,npm,0,8,False,2025-04-30T14:47:10Z,False,1
20250315_1389_sbom_data.json,com.github.dr-oussama/binary_trees,SPDX-2.3,1,0,0,,0,0,False,2025-03-15T15:34:38Z,False,1
20250211_1204_sbom_data.json,com.github.HassanUsman/GitUser,SPDX-2.3,1,0,0,,0,0,False,2025-02-11T13:18:16Z,False,1
20250213_1213_sbom_data.json,com.github.RosaliePerron/bookies,SPDX-2.3,12,11,1,pypi,0,0,True,2025-02-13T13:08:01Z,False,1
20250318_127_sbom_data.json,com.github.akademiasovy/testOnky,SPDX-2.3,1,0,0,,0,0,False,2025-03-18T14:09:11Z,False,1
20250214_1490_sbom_data.json,com.github.lvjiadong/TimePicker,SPDX-2.3,1,0,0,,0,0,False,2025-02-14T13:30:32Z,False,1
20250314_371_sbom_data.json,com.github.tobywilkins/Ritzy-iPhone,SPDX-2.3,1,0,0,,0,0,False,2025-03-14T11:32:54Z,False,1
20250322_1215_sbom_data.json,com.github.konyuki0421/todoapp,SPDX-2.3,1,0,0,,0,0,False,2025-03-22T14:56:28Z,False,1
20250324_1081_sbom_data.json,com.github.stickz-repos/typing-game,SPDX-2.3,1,0,0,,0,0,False,2025-03-24T11:59:48Z,False,1
20250330_268_sbom_data.json,com.github.huangxiangsheng/helloworld,SPDX-2.3,1,0,0,,0,0,False,2025-03-30T12:49:25Z,False,1
20250225_1142_sbom_data.json,com.github.sayoojvalsan/mvp-dagger-rx,SPDX-2.3,1,0,0,,0,0,False,2025-02-25T13:28:44Z,False,1
20250308_414_sbom_data.json,com.github.wguedria/formation_html,SPDX-2.3,1,0,0,,0,0,False,2025-03-08T13:50:54Z,False,1
20250411_1469_sbom_data.json,com.github.theMudcrab/test,SPDX-2.3,1,0,0,,0,0,False,2025-04-11T15:07:01Z,False,1
20250328_148_sbom_data.json,com.github.im2nguyen/katacoda,SPDX-2.3,1,0,0,,0,0,False,2025-03-28T12:27:50Z,False,1
20250428_947_sbom_data.json,com.github.mesa-4-2/dice,SPDX-2.3,2,1,1,gem,0,1,True,2025-04-28T10:43:02Z,False,1
20250301_1179_sbom_data.json,com.github.EBAM123/legendary-adventure,SPDX-2.3,1,0,0,,0,0,False,2025-03-01T13:28:28Z,False,1
20250227_959_sbom_data.json,com.github.wagnercastillo/TypeScript,SPDX-2.3,8,7,1,npm,0,7,True,2025-02-27T10:10:20Z,False,1
20250228_329_sbom_data.json,com.github.Matheol08/Annuaire_Entreprise_WPF,SPDX-2.3,1,0,0,,0,0,False,2025-02-28T12:27:25Z,False,1
20250217_1022_sbom_data.json,com.github.subbu15520/piano-share,SPDX-2.3,1,0,0,,0,0,False,2025-02-17T11:47:55Z,False,1
20250420_311_sbom_data.json,com.github.FruitBrother/computer-network,SPDX-2.3,1,0,0,,0,0,False,2025-04-20T11:11:22Z,False,1
20250421_585_sbom_data.json,com.github.josem20058/MyFirstKnit,SPDX-2.3,1,0,0,,0,0,False,2025-04-21T11:53:01Z,False,1
20250429_1187_sbom_data.json,com.github.amalgama-llc/basic-console-app,SPDX-2.3,5,4,1,maven,4,0,False,2025-04-29T13:47:44Z,False,1
20250308_1324_sbom_data.json,com.github.satrijotomo/laptopsrental,SPDX-2.3,3,2,1,pypi,2,0,False,2025-03-08T14:37:34Z,False,1
20250407_1449_sbom_data.json,com.github.Aishik246/aternos,SPDX-2.3,75,74,1,npm,73,0,False,2025-04-07T12:09:01Z,False,1
20250417_1680_sbom_data.json,com.github.XanderStrike/free-clicker,SPDX-2.3,40,39,1,gem,39,0,False,2025-04-17T13:46:51Z,False,1
20250224_709_sbom_data.json,com.github.Lightning-Universe/Flash-FiftyOne_component,SPDX-2.3,13,12,2,"github_actions,pypi",6,5,True,2025-02-24T14:35:19Z,False,1
20250307_1314_sbom_data.json,com.github.itaruf/itaruf.github.io,SPDX-2.3,1,0,0,,0,0,False,2025-03-07T10:45:22Z,False,1
20250403_1088_sbom_data.json,com.github.Koishi-Satori/PixPainter,SPDX-2.3,1,0,0,,0,0,False,2025-04-03T10:18:34Z,False,1
20250423_649_sbom_data.json,com.github.mfb8Cvx6vUvNJJ01/community-starter-kit,SPDX-2.3,1,0,0,,0,0,False,2025-04-23T12:33:27Z,False,1
20250309_653_sbom_data.json,com.github.revu-badula/ACM,SPDX-2.3,1,0,0,,0,0,False,2025-03-09T12:52:17Z,False,1
20250402_808_sbom_data.json,com.github.ak-hue/miniature-telegram,SPDX-2.3,1,0,0,,0,0,False,2025-04-02T17:04:17Z,True,2
20250309_89_sbom_data.json,com.github.geocyclab/23-h-56-min-4-09,SPDX-2.3,1,0,0,,0,0,False,2025-03-09T12:35:53Z,False,1
20250427_1304_sbom_data.json,com.github.gigiav/test,SPDX-2.3,1,0,0,,0,0,False,2025-04-27T14:41:34Z,False,1
20250209_1123_sbom_data.json,com.github.movoid12/node-nitro-server,SPDX-2.3,487,486,1,npm,485,0,False,2025-02-09T16:13:58Z,True,2
20250403_297_sbom_data.json,com.github.muhammad-mamdouh2/myiphone,SPDX-2.3,1,0,0,,0,0,False,2025-04-03T10:05:40Z,False,1
20250313_831_sbom_data.json,com.github.isaacribeiro/portfolio,SPDX-2.3,1,0,0,,0,0,False,2025-03-13T15:24:49Z,False,1
20250428_188_sbom_data.json,com.github.beko1921/Hotel-and-Resort,SPDX-2.3,1,0,0,,0,0,False,2025-04-28T10:30:59Z,False,1
20250413_1196_sbom_data.json,com.github.LuisFelipe13/react-create-element-web-042417,SPDX-2.3,19,18,1,npm,1,17,False,2025-04-13T13:58:36Z,False,1
20250226_28_sbom_data.json,com.github.shubhanshu-gupta/kaggle_house_prices,SPDX-2.3,1,0,0,,0,0,False,2025-02-26T12:27:18Z,False,1
20250216_163_sbom_data.json,com.github.scotty845/CEIWeather,SPDX-2.3,3,2,1,npm,1,1,True,2025-02-16T12:48:07Z,False,1
20250331_623_sbom_data.json,com.github.Jimmy1500/lab_gtk3,SPDX-2.3,1,0,0,,0,0,False,2025-03-31T10:13:36Z,False,1
20250320_429_sbom_data.json,com.github.chrisryanhart/7.1_Jasmine_Testing_Calculator,SPDX-2.3,1,0,0,,0,0,False,2025-03-20T12:38:24Z,False,1
20250417_962_sbom_data.json,com.github.gcagg/gioa,SPDX-2.3,1,0,0,,0,0,False,2025-04-17T10:54:19Z,False,1
20250315_1328_sbom_data.json,com.github.sibongile68/alx-zero_day,SPDX-2.3,1,0,0,,0,0,False,2025-03-15T15:33:46Z,False,1
20250423_836_sbom_data.json,com.github.tahirdec/Python_assignment,SPDX-2.3,1,0,0,,0,0,False,2025-04-23T12:45:40Z,False,1
20250329_664_sbom_data.json,com.github.chrisbello2023/chatPDF,SPDX-2.3,111,110,2,"github_actions,pypi",109,0,False,2025-03-29T14:48:00Z,False,1
20250429_935_sbom_data.json,com.github.joaquim15/workshop-spring-boot-mongodb,SPDX-2.3,5,4,1,maven,0,0,True,2025-04-29T13:43:23Z,False,1
20250309_1481_sbom_data.json,com.github.cjgdesu/CI-CD_pipeline_jenkins,SPDX-2.3,12,11,1,maven,10,0,False,2025-03-09T14:06:24Z,False,1
20250402_320_sbom_data.json,com.github.yutingshen/tripcalculator,SPDX-2.3,1,0,0,,0,0,False,2025-04-02T16:49:59Z,True,2
20250315_314_sbom_data.json,com.github.drem-darios/alphabet-shift-search,SPDX-2.3,1,0,0,,0,0,False,2025-03-15T14:17:18Z,False,1
20250303_1530_sbom_data.json,com.github.SEMBALUN/ADSI,SPDX-2.3,1,0,0,,0,0,False,2025-03-03T13:52:10Z,False,1
20250325_1314_sbom_data.json,com.github.sergeisau/test2,SPDX-2.3,1,0,0,,0,0,False,2025-03-25T12:36:06Z,False,1
20250405_376_sbom_data.json,com.github.Terfoorth/Terfoorth,SPDX-2.3,1,0,0,,0,0,False,2025-04-05T15:31:15Z,False,1
20250220_1416_sbom_data.json,com.github.ZJiangsan/soybean-pod-counting,SPDX-2.3,1,0,0,,0,0,False,2025-02-20T12:57:48Z,False,1
20250307_690_sbom_data.json,com.github.kudos-dot-com/discordbot,SPDX-2.3,194,193,1,npm,193,0,False,2025-03-07T10:33:30Z,False,1
20250324_737_sbom_data.json,com.github.bmlt/Microservices_UI-loadtest-ptu-20160903T092253,SPDX-2.3,15,14,1,npm,0,3,False,2025-03-24T11:43:56Z,False,1
20250416_1226_sbom_data.json,com.github.jonymorse/SSM,SPDX-2.3,1,0,0,,0,0,False,2025-04-16T19:41:12Z,False,1
20250322_1309_sbom_data.json,com.github.raohuixia/helloworld,SPDX-2.3,1,0,0,,0,0,False,2025-03-22T15:26:53Z,False,1
20250416_21_sbom_data.json,com.github.kimogi/DrawView,SPDX-2.3,1,0,0,,0,0,False,2025-04-16T12:53:27Z,False,1
20250314_819_sbom_data.json,com.github.palloncino/ag-apis-02,SPDX-2.3,118,117,1,npm,117,0,False,2025-03-14T12:23:49Z,False,1
20250430_947_sbom_data.json,com.github.mlbadrov/CertHelp,SPDX-2.3,1,0,0,,0,0,False,2025-04-30T13:55:21Z,False,1
20250314_69_sbom_data.json,com.github.MK-Chakraborty/healtlyFood-page,SPDX-2.3,1,0,0,,0,0,False,2025-03-14T11:27:43Z,False,1
20250210_1421_sbom_data.json,com.github.samkenxstream/SAMkenxprometheus,SPDX-2.3,1598,1597,3,"github_actions,golang,npm",1518,52,True,2025-02-10T14:08:24Z,False,1
20250426_127_sbom_data.json,com.github.g19945/kuriharaseminar,SPDX-2.3,1,0,0,,0,0,False,2025-04-26T10:12:13Z,False,1
20250326_1631_sbom_data.json,com.github.qonitahafidz/Case_1_Git,SPDX-2.3,1,0,0,,0,0,False,2025-03-26T14:19:42Z,False,1
20250312_158_sbom_data.json,com.github.numB1057/git_test,SPDX-2.3,1,0,0,,0,0,False,2025-03-12T12:02:53Z,False,1
20250208_936_sbom_data.json,com.github.shuyax/calculator,SPDX-2.3,1,0,0,,0,0,False,2025-02-09T21:01:13Z,False,1
20250429_1663_sbom_data.json,com.github.LukaasMachado143/ApiRestFulZeroAzure,SPDX-2.3,1,0,0,,0,0,False,2025-04-30T13:04:36Z,False,1
20250502_jumbo_4689_sbom_data.json,com.github.xieciuniu/RememberMe,SPDX-2.3,1,0,0,,0,0,False,2025-05-02T21:35:33Z,False,1
20250213_206_sbom_data.json,com.github.Notfunnynerd/OpenCoinMap,SPDX-2.3,1,0,0,,0,0,False,2025-02-13T12:31:22Z,False,1
20250420_1283_sbom_data.json,com.github.aleksey2398/bobrovskyi.goit-markup-hw-01,SPDX-2.3,1,0,0,,0,0,False,2025-04-20T11:30:37Z,False,1
20250502_jumbo_4784_sbom_data.json,com.github.akshara25r/Project-3.1-,SPDX-2.3,1,0,0,,0,0,False,2025-05-02T21:37:33Z,False,1
20250407_1271_sbom_data.json,com.github.Pooja8895/Embedded-C-project,SPDX-2.3,1,0,0,,0,0,False,2025-04-07T11:36:26Z,False,1
20250313_580_sbom_data.json,com.github.heetaekshin/ai06_section3,SPDX-2.3,1,0,0,,0,0,False,2025-03-13T15:20:56Z,False,1
20250306_963_sbom_data.json,com.github.HORALAYOR/HORALAYOR,SPDX-2.3,1,0,0,,0,0,False,2025-03-06T06:59:39Z,False,1
20250420_1411_sbom_data.json,com.github.yusufdehbi/quizz-app,SPDX-2.3,22,21,1,pub,21,0,False,2025-04-20T11:32:28Z,False,1
20250321_164_sbom_data.json,com.github.aidanstapleton/aidanstapleton,SPDX-2.3,1,0,0,,0,0,False,2025-03-21T12:33:48Z,False,1
20250305_518_sbom_data.json,com.github.Sudhir0003/r1,SPDX-2.3,1487,1486,1,npm,1483,0,False,2025-03-05T11:57:00Z,False,1
20250423_408_sbom_data.json,com.github.Pat-On/developer-to-architect-series,SPDX-2.3,1566,1565,2,"maven,npm",1548,0,True,2025-04-23T12:27:37Z,False,1
20250302_1447_sbom_data.json,com.github.nvmaki/disposisi5eregbjm,SPDX-2.3,407,406,3,"composer,npm,nuget",402,4,True,2025-03-02T14:39:37Z,False,1
20250421_7_sbom_data.json,com.github.fervet01/Utilities,SPDX-2.3,1,0,0,,0,0,False,2025-04-21T11:44:29Z,False,1
20250309_1583_sbom_data.json,com.github.zeynepasllan/Tournament,SPDX-2.3,1,0,0,,0,0,False,2025-03-09T14:08:52Z,False,1
20250428_214_sbom_data.json,com.github.Club-Paisano/19-Microphone,SPDX-2.3,341,340,1,npm,340,0,False,2025-04-28T10:31:37Z,False,1
20250502_jumbo_6684_sbom_data.json,com.github.WaraleeSomkhaoyai/LineBOT,SPDX-2.3,1,0,0,,0,0,False,2025-05-03T00:34:28Z,False,1
20250502_jumbo_13842_sbom_data.json,com.github.swesadiqul/html-dependable-field,SPDX-2.3,1,0,0,,0,0,False,2025-05-03T19:38:59Z,False,1
20250502_jumbo_8855_sbom_data.json,com.github.brandonstiles1/merng-app,SPDX-2.3,306,305,1,npm,305,0,False,2025-05-03T02:09:28Z,False,1
20250426_1454_sbom_data.json,com.github.brunomarley21/IPTV2,SPDX-2.3,1,0,0,,0,0,False,2025-04-26T11:22:34Z,False,1
20250428_788_sbom_data.json,com.github.KyawHtay/SSO-API-ASPNET5,SPDX-2.3,14,13,1,nuget,13,0,False,2025-04-28T10:40:36Z,False,1
20250224_1061_sbom_data.json,com.github.Viswarv11/Vehicle,SPDX-2.3,1,0,0,,0,0,False,2025-02-24T14:39:00Z,False,1
20250422_523_sbom_data.json,com.github.JEENAJOHN11/Whitewinequality,SPDX-2.3,1,0,0,,0,0,False,2025-04-23T14:32:20Z,False,1
20250219_1221_sbom_data.json,com.github.vinothini-dhanasekar/ExampleRemote,SPDX-2.3,1,0,0,,0,0,False,2025-02-19T11:23:18Z,False,1
20250422_390_sbom_data.json,com.github.ArthurMitsuo/CSS-grid,SPDX-2.3,1,0,0,,0,0,False,2025-04-23T14:29:30Z,False,1
20250424_674_sbom_data.json,com.github.Misha100896/GitTraining,SPDX-2.3,1,0,0,,0,0,False,2025-04-24T11:57:51Z,False,1
20250212_1570_sbom_data.json,com.github.YL-byte/Settlers-of-Catan,SPDX-2.3,1,0,0,,0,0,False,2025-02-12T13:55:57Z,False,1
20250316_1559_sbom_data.json,com.github.622ZZZZZZD/djs-cadeaux,SPDX-2.3,3,2,1,npm,0,2,True,2025-03-16T12:49:42Z,False,1
20250331_46_sbom_data.json,com.github.Harsh3131/Harsh3131,SPDX-2.3,1,0,0,,0,0,False,2025-03-31T09:52:04Z,False,1
20250211_469_sbom_data.json,com.github.EricFreeman/Wiggle,SPDX-2.3,1,0,0,,0,0,False,2025-02-11T12:32:27Z,False,1
20250417_1039_sbom_data.json,com.github.AbdelSRT/competie-vue,SPDX-2.3,398,397,1,npm,396,0,False,2025-04-17T10:55:18Z,False,1
20250322_826_sbom_data.json,com.github.sh1ny08/hello,SPDX-2.3,1219,1218,1,npm,1212,0,False,2025-03-22T14:42:46Z,False,1
20250502_jumbo_2418_sbom_data.json,com.github.Demerjianm/go-cli,SPDX-2.3,1,0,0,,0,0,False,2025-05-02T18:32:33Z,False,1
20250223_1635_sbom_data.json,com.github.albinrxn/Broadway,SPDX-2.3,1,0,0,,0,0,False,2025-02-23T14:50:22Z,False,1
20250218_1477_sbom_data.json,com.github.Soawnjaja/fast-Prototype-Main-Menu-TwinMax,SPDX-2.3,1,0,0,,0,0,False,2025-02-18T13:25:51Z,False,1
20250314_680_sbom_data.json,com.github.Carl-AndrewDizon/resume,SPDX-2.3,1273,1272,1,npm,1265,0,False,2025-03-14T12:20:40Z,False,1
20250318_180_sbom_data.json,com.github.wp-plugins/demomentsomtres-fbphotos,SPDX-2.3,1,0,0,,0,0,False,2025-03-18T14:09:52Z,False,1
20250502_jumbo_520_sbom_data.json,com.github.cultureandempire/translations,SPDX-2.3,1,0,0,,0,0,False,2025-05-02T17:20:17Z,False,1
20250328_56_sbom_data.json,com.github.shahpriyankaj/shahpriyankaj.github.io,SPDX-2.3,1,0,0,,0,0,False,2025-03-28T12:26:08Z,False,1
20250228_429_sbom_data.json,com.github.genjin145/htc-cs,SPDX-2.3,14,13,1,npm,1,12,True,2025-02-28T12:28:52Z,False,1
20250303_291_sbom_data.json,com.github.gavineccles17/Webpage_practice,SPDX-2.3,1,0,0,,0,0,False,2025-03-03T12:30:30Z,False,1
20250223_231_sbom_data.json,com.github.acciojob/personal-greeting-varunpats,SPDX-2.3,1123,1122,2,"github_actions,npm",1118,0,False,2025-02-23T13:24:22Z,False,1
20250412_1444_sbom_data.json,com.github.sunxiaomei222/sunxiaomei,SPDX-2.3,1,0,0,,0,0,False,2025-04-12T18:58:45Z,False,1
20250322_986_sbom_data.json,com.github.jeby6372/udc-aggregator,SPDX-2.3,1,0,0,,0,0,False,2025-03-22T14:45:03Z,False,1
20250411_1407_sbom_data.json,com.github.tuetschek/zpevnik,SPDX-2.3,1,0,0,,0,0,False,2025-04-11T15:06:09Z,False,1
20250407_67_sbom_data.json,com.github.kangkangkuy/fgdfgdfgdfgdf,SPDX-2.3,1,0,0,,0,0,False,2025-04-07T10:52:55Z,False,1
20250311_903_sbom_data.json,com.github.yantoaja/yantoaja,SPDX-2.3,1,0,0,,0,0,False,2025-03-11T12:10:10Z,False,1
20250227_1459_sbom_data.json,com.github.Allanetizen/insomnapp,SPDX-2.3,50,49,1,pub,49,0,False,2025-02-27T10:31:50Z,False,1
20250310_1187_sbom_data.json,com.github.Lusiya/Luse4ka,SPDX-2.3,1,0,0,,0,0,False,2025-03-10T11:27:02Z,False,1
20250405_1663_sbom_data.json,com.github.Krisa2004/Tarsalgo,SPDX-2.3,1,0,0,,0,0,False,2025-04-05T15:25:57Z,True,2
20250314_686_sbom_data.json,com.github.stringlady/GameofLife,SPDX-2.3,1,0,0,,0,0,False,2025-03-14T12:20:47Z,False,1
20250502_jumbo_5044_sbom_data.json,com.github.raialmeida/Tests-API-RestAssured,SPDX-2.3,20,19,2,"github_actions,maven",14,5,False,2025-05-02T21:42:45Z,False,1
20250319_750_sbom_data.json,com.github.kohlsalem/GARAGE,SPDX-2.3,1,0,0,,0,0,False,2025-03-19T09:06:52Z,False,1
20250221_214_sbom_data.json,com.github.C369728CDCBFF338940465BF0528B8B2/Apple-iphone,SPDX-2.3,1,0,0,,0,0,False,2025-02-21T12:49:08Z,False,1
20250403_85_sbom_data.json,com.github.ppzheng/Redux,SPDX-2.3,1,0,0,,0,0,False,2025-04-03T10:02:23Z,False,1
20250216_372_sbom_data.json,com.github.macan/ctdk,SPDX-2.3,1,0,0,,0,0,False,2025-02-16T12:51:22Z,False,1
20250224_272_sbom_data.json,com.github.Enoshkumar/programming,SPDX-2.3,1,0,0,,0,0,False,2025-02-24T14:26:56Z,False,1
20250502_jumbo_6429_sbom_data.json,com.github.Malickick/projet-otto,SPDX-2.3,1,0,0,,0,0,False,2025-05-02T23:15:42Z,False,1
20250306_1680_sbom_data.json,com.github.Spinkoo/Disparity,SPDX-2.3,1,0,0,,0,0,False,2025-03-06T13:04:54Z,False,1
20250428_148_sbom_data.json,com.github.asvandra/Credit-Score_-Loan-Default_EDA,SPDX-2.3,1,0,0,,0,0,False,2025-04-28T10:30:08Z,False,1
20250502_jumbo_14447_sbom_data.json,com.github.Veer-29/project-134,SPDX-2.3,1,0,0,,0,0,False,2025-05-03T19:49:10Z,False,1
20250428_1150_sbom_data.json,com.github.Adithyarajvp/user_profile_card,SPDX-2.3,1,0,0,,0,0,False,2025-04-28T10:46:35Z,False,1
20250326_392_sbom_data.json,com.github.lucashmalcantara/calclactase-front-end,SPDX-2.3,783,782,1,npm,779,0,False,2025-03-26T12:25:20Z,False,1
20250414_1626_sbom_data.json,com.github.valenting/xn--gou-2lb.ro,SPDX-2.3,1,0,0,,0,0,False,2025-04-14T10:26:33Z,False,1
20250322_973_sbom_data.json,com.github.307372/cowboyGame,SPDX-2.3,1,0,0,,0,0,False,2025-03-22T14:44:54Z,False,1
20250218_1512_sbom_data.json,com.github.kmendiola2/cpsc-1517-sep-2022-a01-workbook-jthompsonnait,SPDX-2.3,1,0,0,,0,0,False,2025-02-18T13:26:19Z,False,1
20250326_1416_sbom_data.json,com.github.vvvregis/newsParser,SPDX-2.3,79,78,1,composer,34,0,True,2025-03-26T14:13:13Z,True,2
20250209_238_sbom_data.json,com.github.vlokesh369/pangeosretail,SPDX-2.3,1,0,0,,0,0,False,2025-02-09T00:15:59Z,True,2
20250311_1010_sbom_data.json,com.github.b62612/mdv-projects,SPDX-2.3,1,0,0,,0,0,False,2025-03-11T12:21:07Z,False,1
20250411_921_sbom_data.json,com.github.XiaoXin620/DesignCodeUIkit,SPDX-2.3,1,0,0,,0,0,False,2025-04-11T14:46:56Z,False,1
20250222_242_sbom_data.json,com.github.ToniRose92/C867-Scripting-and-Programing-WGU,SPDX-2.3,1,0,0,,0,0,False,2025-02-22T13:34:03Z,False,1
20250402_1474_sbom_data.json,com.github.auizes/exercicio5.html,SPDX-2.3,1,0,0,,0,0,False,2025-04-02T21:38:19Z,True,2
20250323_1477_sbom_data.json,com.github.EstebanMPC/quizapp2,SPDX-2.3,1,0,0,,0,0,False,2025-03-23T14:00:34Z,False,1
20250427_846_sbom_data.json,com.github.Fahmiiiiiiii/MULTIPORT-WSS,SPDX-2.3,1,0,0,,0,0,False,2025-04-27T13:50:56Z,False,1
20250502_jumbo_5483_sbom_data.json,com.github.Backiscute/Backiscute,SPDX-2.3,1,0,0,,0,0,False,2025-05-02T21:51:23Z,False,1
20250427_763_sbom_data.json,com.github.KMHX01/exercise,SPDX-2.3,1,0,0,,0,0,False,2025-04-27T13:46:41Z,False,1
20250310_616_sbom_data.json,com.github.matmin/prova,SPDX-2.3,1,0,0,,0,0,False,2025-03-10T11:15:43Z,False,1
20250417_408_sbom_data.json,com.github.saedgurey/tailwind-course,SPDX-2.3,97,96,1,npm,96,0,False,2025-04-17T10:45:50Z,False,1
20250324_672_sbom_data.json,com.github.fhxinhcy/hcy_iams_hn,SPDX-2.3,1,0,0,,0,0,False,2025-03-24T11:42:56Z,False,1
20250423_766_sbom_data.json,com.github.mingrammer/docker-react,SPDX-2.3,1383,1382,1,npm,1380,0,False,2025-04-23T12:44:05Z,False,1
20250323_451_sbom_data.json,com.github.aleksandromilenkov/FeedsRESTAPI,SPDX-2.3,1731,1730,1,npm,1723,0,False,2025-03-23T12:20:20Z,False,1
20250220_213_sbom_data.json,com.github.imadetouil/my-travel-plans,SPDX-2.3,1,0,0,,0,0,False,2025-02-20T11:51:19Z,False,1
20250428_1223_sbom_data.json,com.github.shilpathakur95/E-fir-portal,SPDX-2.3,24,23,1,pypi,7,0,True,2025-04-28T10:47:51Z,False,1
20250307_159_sbom_data.json,com.github.yvy1989/PixelVision_Tank,SPDX-2.3,1,0,0,,0,0,False,2025-03-07T10:22:47Z,False,1
20250404_1421_sbom_data.json,com.github.tijaniabdellatif/deploy,SPDX-2.3,113,112,2,"composer,npm",107,5,False,2025-04-05T18:24:44Z,False,1
20250210_451_sbom_data.json,com.github.x86xFX/JavaFXRegistrationStepper,SPDX-2.3,1,0,0,,0,0,False,2025-02-10T13:52:23Z,False,1
20250421_555_sbom_data.json,com.github.Playstore040197/Playstore040197,SPDX-2.3,1,0,0,,0,0,False,2025-04-21T11:52:40Z,False,1
20250414_819_sbom_data.json,com.github.08brian/HangManBrian,SPDX-2.3,1,0,0,,0,0,False,2025-04-14T09:40:45Z,False,1
20250318_401_sbom_data.json,com.github.wontutu/wontutu,SPDX-2.3,1,0,0,,0,0,False,2025-03-18T15:11:09Z,False,1
20250420_435_sbom_data.json,com.github.klsmith6/245,SPDX-2.3,1,0,0,,0,0,False,2025-04-20T11:13:10Z,False,1
20250305_921_sbom_data.json,com.github.SaiAshish9/rppb,SPDX-2.3,16,15,1,npm,1,14,True,2025-03-05T12:09:28Z,False,1
20250424_903_sbom_data.json,com.github.shruti1509/sj1509,SPDX-2.3,1,0,0,,0,0,False,2025-04-24T12:03:32Z,False,1
20250215_1246_sbom_data.json,com.github.andirifqialnur/JuaraAndroid,SPDX-2.3,1,0,0,,0,0,False,2025-02-15T15:04:09Z,False,1
20250423_19_sbom_data.json,com.github.Acclanugget/Experiment-4,SPDX-2.3,1,0,0,,0,0,False,2025-04-23T12:19:28Z,False,1
20250403_1650_sbom_data.json,com.github.matthewset/ArduinoServoMotorAngle,SPDX-2.3,1,0,0,,0,0,False,2025-04-03T12:37:18Z,False,1
20250502_jumbo_10265_sbom_data.json,com.github.TheCYBORGIANpulkit/Assgn7,SPDX-2.3,1,0,0,,0,0,False,2025-05-03T13:25:33Z,False,1
20250315_332_sbom_data.json,com.github.AbdelRahmanRahal/AbdelRahmanRahal,SPDX-2.3,1,0,0,,0,0,False,2025-03-15T14:17:31Z,False,1
20250425_1185_sbom_data.json,com.github.janthonyma71/fundacion_crece1,SPDX-2.3,1,0,0,,0,0,False,2025-04-25T19:58:31Z,False,1
20250327_81_sbom_data.json,com.github.Hieu-mai-2000/ass2_ktlt,SPDX-2.3,1,0,0,,0,0,False,2025-03-27T11:43:57Z,False,1
20250221_488_sbom_data.json,com.github.Abhishek94314/Abhishek94314,SPDX-2.3,1,0,0,,0,0,False,2025-02-21T12:56:09Z,False,1
20250224_1618_sbom_data.json,com.github.sameermahapatra/-kanha-46464646464646464646464646464646464646,SPDX-2.3,1,0,0,,0,0,False,2025-02-24T15:53:54Z,False,1
20250213_1095_sbom_data.json,com.github.spinto88/scrapy_project,SPDX-2.3,1,0,0,,0,0,False,2025-02-13T13:04:27Z,False,1
20250212_1179_sbom_data.json,com.github.SilentThunderStorm/TimeClock,SPDX-2.3,1,0,0,,0,0,False,2025-02-12T12:51:32Z,False,1
20250315_704_sbom_data.json,com.github.Logesh883/Login_Authentication,SPDX-2.3,1468,1467,1,npm,1458,0,False,2025-03-15T14:22:30Z,False,1
20250406_530_sbom_data.json,com.github.PATRICK5434/web-platform-wuevgi,SPDX-2.3,1,0,0,,0,0,False,2025-04-06T11:25:02Z,False,1
20250221_380_sbom_data.json,com.github.Bingzi-Li/geograph-data-prep,SPDX-2.3,1,0,0,,0,0,False,2025-02-21T12:53:17Z,False,1
20250219_1225_sbom_data.json,com.github.ngls-666-liuh/learngit,SPDX-2.3,1,0,0,,0,0,False,2025-02-19T11:23:20Z,False,1
20250307_248_sbom_data.json,com.github.jaxw3/jaxw3,SPDX-2.3,1,0,0,,0,0,False,2025-03-07T10:24:01Z,False,1
20250412_1092_sbom_data.json,com.github.jontan212/login-page-design,SPDX-2.3,1,0,0,,0,0,False,2025-04-12T18:54:46Z,False,1
20250223_859_sbom_data.json,com.github.Saarthi-ai/miro-frontend-interaction,SPDX-2.3,123,122,1,npm,121,0,False,2025-02-23T13:41:43Z,False,1
20250325_480_sbom_data.json,com.github.ivbsd1/ivbsd1,SPDX-2.3,1,0,0,,0,0,False,2025-03-25T12:12:26Z,False,1
20250402_1246_sbom_data.json,com.github.Julia-Troyan/Test,SPDX-2.3,1,0,0,,0,0,False,2025-04-02T18:59:20Z,True,2
20250323_366_sbom_data.json,com.github.gauravsawant24/Product-Analysis-using-YouTube-comments,SPDX-2.3,1,0,0,,0,0,False,2025-03-23T12:19:24Z,False,1
20250427_427_sbom_data.json,com.github.shubham0709/book-movie-assignment,SPDX-2.3,1,0,0,,0,0,False,2025-04-27T12:39:53Z,False,1
20250502_jumbo_4402_sbom_data.json,com.github.SnowrosePrain/Test,SPDX-2.3,1,0,0,,0,0,False,2025-05-02T21:29:25Z,False,1
20250430_471_sbom_data.json,com.github.tushargajjar/spi,SPDX-2.3,1,0,0,,0,0,False,2025-04-30T13:47:55Z,False,1
20250412_157_sbom_data.json,com.github.Illiya228/fin,SPDX-2.3,1,0,0,,0,0,False,2025-04-12T13:08:30Z,False,1
20250329_124_sbom_data.json,com.github.MOHAMEDBAKULY/YOUTUBE-CLONE,SPDX-2.3,1,0,0,,0,0,False,2025-03-29T14:40:18Z,False,1
20250417_918_sbom_data.json,com.github.ByteAtATime/godot-3to4,SPDX-2.3,167,166,1,npm,165,0,False,2025-04-17T10:53:42Z,False,1
20250502_jumbo_4245_sbom_data.json,com.github.marx99/weapp_free10,SPDX-2.3,1,0,0,,0,0,False,2025-05-02T21:26:41Z,False,1
20250502_jumbo_14879_sbom_data.json,com.github.learn-co-students/dsc-rules-for-derivatives-houston-ds-071519,SPDX-2.3,1,0,0,,0,0,False,2025-05-03T19:57:23Z,False,1
20250226_1198_sbom_data.json,com.github.nakruti/update,SPDX-2.3,1,0,0,,0,0,False,2025-02-26T12:44:31Z,False,1
20250328_473_sbom_data.json,com.github.virtual-labs/exp-estimation-iitd,SPDX-2.3,5,4,1,github_actions,3,0,False,2025-03-28T12:35:47Z,False,1
20250425_661_sbom_data.json,com.github.ortsmar/P3,SPDX-2.3,1,0,0,,0,0,False,2025-04-25T18:28:44Z,False,1
20250219_1554_sbom_data.json,com.github.11494032/rv1126,SPDX-2.3,1,0,0,,0,0,False,2025-02-19T12:10:39Z,False,1
20250406_1476_sbom_data.json,com.github.Abdul-Afeez/Jumia-Black-Friday-Bot,SPDX-2.3,1,0,0,,0,0,False,2025-04-06T12:21:51Z,False,1
20250421_1399_sbom_data.json,com.github.jovankurjak/DataBaseRoom,SPDX-2.3,1,0,0,,0,0,False,2025-04-21T14:05:53Z,False,1
20250327_788_sbom_data.json,com.github.morooka-akira/expo_boilerplate,SPDX-2.3,915,914,1,npm,908,0,False,2025-03-27T12:14:08Z,False,1
20250313_1085_sbom_data.json,com.github.gavingu81/grDigiOps,SPDX-2.3,14,13,1,maven,3,0,True,2025-03-13T15:28:03Z,False,1
20250211_354_sbom_data.json,com.github.arbinferdous/calculator-design,SPDX-2.3,1,0,0,,0,0,False,2025-02-11T12:30:00Z,False,1
20250429_930_sbom_data.json,com.github.thaxz/SpaceShooter,SPDX-2.3,1,0,0,,0,0,False,2025-04-29T13:43:15Z,False,1
20250323_286_sbom_data.json,com.github.qinxinren1/Data-Visualization,SPDX-2.3,1,0,0,,0,0,False,2025-03-23T12:18:28Z,False,1
20250305_210_sbom_data.json,com.github.Kevalr/InterviewTask,SPDX-2.3,1,0,0,,0,0,False,2025-03-05T11:52:08Z,False,1
20250331_93_sbom_data.json,com.github.Tarunctk/OIBSIP-TASK-01-LANDINGPAGE,SPDX-2.3,1,0,0,,0,0,False,2025-03-31T09:52:37Z,False,1
20250401_1176_sbom_data.json,com.github.rustyoldguy/alea,SPDX-2.3,1,0,0,,0,0,False,2025-04-05T13:51:31Z,True,2
20250307_488_sbom_data.json,com.github.juanfe11/corona,SPDX-2.3,1,0,0,,0,0,False,2025-03-07T10:29:51Z,False,1
20250322_42_sbom_data.json,com.github.nikhilmeth/angular2,SPDX-2.3,350,349,1,npm,349,0,False,2025-03-22T14:27:08Z,False,1
20250219_161_sbom_data.json,com.github.Pradeep245/Crud,SPDX-2.3,195,194,1,npm,194,0,False,2025-02-19T11:09:22Z,False,1
20250429_163_sbom_data.json,com.github.yukkeorg/dockerfile-for-build-and-packaging-obsstudio-for-ubuntu,SPDX-2.3,1,0,0,,0,0,False,2025-04-29T12:50:22Z,False,1
20250323_1237_sbom_data.json,com.github.InnovatorSagar/AmazonClone,SPDX-2.3,1866,1865,1,npm,1861,0,False,2025-03-23T12:33:34Z,False,1
20250412_794_sbom_data.json,com.github.Cebri63/airbnb,SPDX-2.3,881,880,1,npm,873,0,False,2025-04-12T16:05:55Z,False,1
20250424_393_sbom_data.json,com.github.BigJohnJD/Quake-III-132,SPDX-2.3,1,0,0,,0,0,False,2025-04-24T11:53:10Z,False,1
20250322_1252_sbom_data.json,com.github.Nandish-ko/first-repo,SPDX-2.3,1558,1557,3,"github_actions,golang,npm",1542,0,False,2025-03-22T14:56:59Z,False,1
20250214_74_sbom_data.json,com.github.MamathaDaruvappa/UI-Project-Repo,SPDX-2.3,1,0,0,,0,0,False,2025-02-14T12:27:41Z,False,1
20250326_527_sbom_data.json,com.github.Swayam595/times_api,SPDX-2.3,2,1,1,pypi,1,0,False,2025-03-26T12:50:45Z,False,1
20250312_398_sbom_data.json,com.github.vinson446/Boss-Fight,SPDX-2.3,1,0,0,,0,0,False,2025-03-12T12:06:23Z,False,1
20250302_1392_sbom_data.json,com.github.hnsxxscyx/baidu_ife,SPDX-2.3,4,3,1,npm,0,3,True,2025-03-02T13:15:15Z,False,1
20250222_1510_sbom_data.json,com.github.dhruv-borad/Heart-attack-risk-prediciton,SPDX-2.3,1,0,0,,0,0,False,2025-02-22T14:33:04Z,False,1
20250402_1460_sbom_data.json,com.github.Thongtran95/Demo,SPDX-2.3,9,8,1,nuget,7,1,True,2025-04-02T21:38:05Z,True,2
20250218_241_sbom_data.json,com.github.Mafematic/ZTM001,SPDX-2.3,1,0,0,,0,0,False,2025-02-18T12:19:27Z,False,1
20250426_562_sbom_data.json,com.github.nitesh47/Jobpal_task,SPDX-2.3,1,0,0,,0,0,False,2025-04-26T10:19:26Z,False,1
20250304_787_sbom_data.json,com.github.TheSebastianRoss/NumPy-Demo,SPDX-2.3,1,0,0,,0,0,False,2025-03-04T13:04:41Z,False,1
20250424_1325_sbom_data.json,com.github.KingKimba/Exercise6-1,SPDX-2.3,1,0,0,,0,0,False,2025-04-24T12:26:46Z,False,1
20250423_933_sbom_data.json,com.github.miriizz/miri,SPDX-2.3,1,0,0,,0,0,False,2025-04-23T12:47:40Z,False,1
20250419_1144_sbom_data.json,com.github.mcsepro/Tmart-professional-koncept2,SPDX-2.3,1,0,0,,0,0,False,2025-04-19T16:58:15Z,False,1
20250210_1318_sbom_data.json,com.github.MundadaM1704/PRO-89--Spectagram-Stage-9,SPDX-2.3,30,29,1,npm,8,13,True,2025-02-10T14:07:02Z,False,1
20250213_478_sbom_data.json,com.github.Omisamuel/DevOps-Projekt-AWS-Terraform-und-Jenkins,SPDX-2.3,1,0,0,,0,0,False,2025-02-13T12:40:58Z,False,1
20250319_1387_sbom_data.json,com.github.archerSSS/Learning2_SimpleTree.Two,SPDX-2.3,3,2,1,nuget,2,0,False,2025-03-19T10:08:51Z,False,1
20250308_303_sbom_data.json,com.github.devjuanpena/nasa-api-client,SPDX-2.3,1194,1193,1,npm,1188,0,False,2025-03-08T13:48:09Z,False,1
20250222_647_sbom_data.json,com.github.ebataeva/homeqork13_javaCore,SPDX-2.3,1,0,0,,0,0,False,2025-02-22T13:39:21Z,False,1
20250415_13_sbom_data.json,com.github.nguyendaophuocan/Dashboard,SPDX-2.3,1389,1388,1,npm,1386,0,False,2025-04-16T11:39:50Z,False,1
20250304_1090_sbom_data.json,com.github.Kaushik-Raghavan/CS6700-PA2,SPDX-2.3,3,2,1,pypi,0,0,True,2025-03-04T13:25:04Z,False,1
20250215_718_sbom_data.json,com.github.lbussiki/Challange-05,SPDX-2.3,1,0,0,,0,0,False,2025-02-15T14:55:10Z,False,1
20250502_jumbo_8439_sbom_data.json,com.github.gurkanakdeniz/cineapp,SPDX-2.3,1,0,0,,0,0,False,2025-05-03T01:51:32Z,False,1
20250414_1042_sbom_data.json,com.github.aaszutz/KathrynBeninato,SPDX-2.3,1,0,0,,0,0,False,2025-04-14T09:43:59Z,False,1
20250304_1459_sbom_data.json,com.github.sachinkp92/static-website,SPDX-2.3,1,0,0,,0,0,False,2025-03-04T13:37:15Z,False,1
20250417_753_sbom_data.json,com.github.Lavanya-Veldi11/Java-Programming-,SPDX-2.3,1,0,0,,0,0,False,2025-04-17T10:51:26Z,False,1
20250305_1518_sbom_data.json,com.github.it2468/demo,SPDX-2.3,1,0,0,,0,0,False,2025-03-05T13:04:06Z,False,1
20250307_1459_sbom_data.json,com.github.seyong2/sem,SPDX-2.3,1,0,0,,0,0,False,2025-03-07T13:10:57Z,False,1
20250318_489_sbom_data.json,com.github.Olha-Starykova/goit-react-hw-01-components,SPDX-2.3,1494,1493,1,npm,1491,0,False,2025-03-18T15:12:16Z,False,1
20250225_1501_sbom_data.json,com.github.jrecheverry/CE3,SPDX-2.3,1,0,0,,0,0,False,2025-02-25T14:15:05Z,False,1
20250418_926_sbom_data.json,com.github.hsu-jun/Linux,SPDX-2.3,1,0,0,,0,0,False,2025-04-19T14:55:55Z,False,1
20250208_1530_sbom_data.json,com.github.AnushaAsai/Treasure-Island---Single-treasure-OA-Amazon,SPDX-2.3,1,0,0,,0,0,False,2025-02-09T21:09:12Z,False,1
20250312_638_sbom_data.json,com.github.jschweihs/multi-docker,SPDX-2.3,14,13,1,npm,10,3,True,2025-03-12T12:35:46Z,False,1
20250224_990_sbom_data.json,com.github.afelix-95/MATLAB_Projects,SPDX-2.3,1,0,0,,0,0,False,2025-02-24T14:38:18Z,False,1
20250223_1371_sbom_data.json,com.github.BenAngel03/BenADjangoPagesAppp,SPDX-2.3,4,3,1,pypi,3,0,False,2025-02-23T14:46:14Z,True,2
20250412_1583_sbom_data.json,com.github.mattyzzy/DearNeighbour2.0,SPDX-2.3,1,0,0,,0,0,False,2025-04-12T20:41:58Z,False,1
20250309_1590_sbom_data.json,com.github.ghostseven/LEUBNT,SPDX-2.3,1,0,0,,0,0,False,2025-03-09T14:09:00Z,False,1
20250228_232_sbom_data.json,com.github.DhilipKishore/Jsdowhile,SPDX-2.3,1,0,0,,0,0,False,2025-02-28T12:24:20Z,False,1
20250220_519_sbom_data.json,com.github.MayaNikfar/express-todos,SPDX-2.3,123,122,1,npm,122,0,False,2025-02-20T12:03:25Z,False,1
20250426_253_sbom_data.json,com.github.achenet/achenet.github.io,SPDX-2.3,1,0,0,,0,0,False,2025-04-26T10:13:46Z,False,1
20250210_596_sbom_data.json,com.github.sahad-marakkar/machine-test-css,SPDX-2.3,1,0,0,,0,0,False,2025-02-10T13:54:08Z,False,1
20250223_175_sbom_data.json,com.github.CyberFlameGO/SkyWars,SPDX-2.3,7,6,1,maven,3,0,False,2025-02-23T13:19:57Z,False,1
20250209_363_sbom_data.json,com.github.sandesh89s/nvd3test,SPDX-2.3,1,0,0,,0,0,False,2025-02-09T00:33:10Z,True,2
20250322_1176_sbom_data.json,com.github.Aldoivan10/tesla-landing,SPDX-2.3,659,658,1,npm,656,0,False,2025-03-22T14:55:55Z,False,1
20250307_820_sbom_data.json,com.github.xam4lor/Pendulum,SPDX-2.3,1,0,0,,0,0,False,2025-03-07T10:35:24Z,False,1
20250418_1198_sbom_data.json,com.github.vishnuakhil333/newIplDashboard,SPDX-2.3,1558,1557,1,npm,1554,0,False,2025-04-19T15:33:08Z,False,1
20250318_116_sbom_data.json,com.github.ww-tech/roxie,SPDX-2.3,65,64,1,gem,64,0,False,2025-03-18T14:09:03Z,False,1
20250209_497_sbom_data.json,com.github.Sadia092/Sadia_Lab1_PythonforDS,SPDX-2.3,1,0,0,,0,0,False,2025-02-09T00:39:23Z,True,2
20250228_197_sbom_data.json,com.github.clog95/electronic-theme,SPDX-2.3,1,0,0,,0,0,False,2025-02-28T12:23:51Z,False,1
20250311_1162_sbom_data.json,com.github.markgreene74/bitesofpy,SPDX-2.3,3,2,1,github_actions,2,0,False,2025-03-11T12:23:24Z,False,1
20250213_828_sbom_data.json,com.github.jalvarezg/jalvarezg,SPDX-2.3,65,64,2,"composer,npm",61,3,True,2025-02-13T12:54:50Z,False,1
20250222_801_sbom_data.json,com.github.static-web-apps-testing-org/swa5e0d17cdac8e47fbbdc593fbdfa3c12d,SPDX-2.3,8,7,1,npm,3,4,True,2025-02-22T13:55:39Z,False,1
20250502_jumbo_4149_sbom_data.json,com.github.Fececml/Fececml.github.io,SPDX-2.3,1,0,0,,0,0,False,2025-05-02T19:41:43Z,False,1
20250329_1592_sbom_data.json,com.github.4522Dev/github-slideshow,SPDX-2.3,100,99,2,"gem,npm",99,0,False,2025-03-29T15:46:22Z,False,1
20250410_524_sbom_data.json,com.github.DeepanrajRaviChandran/Youtube-Clone,SPDX-2.3,1,0,0,,0,0,False,2025-04-10T10:28:26Z,False,1
20250221_1190_sbom_data.json,com.github.EricMungai97/hello-world,SPDX-2.3,1,0,0,,0,0,False,2025-02-21T13:21:44Z,False,1
20250502_jumbo_4874_sbom_data.json,com.github.malud/mergol,SPDX-2.3,1,0,0,,0,0,False,2025-05-02T21:38:43Z,False,1
20250215_1300_sbom_data.json,com.github.had-arach-eric/html-exercises,SPDX-2.3,1,0,0,,0,0,False,2025-02-15T15:05:34Z,False,1
20250404_690_sbom_data.json,com.github.liaima/dockerwhale,SPDX-2.3,1,0,0,,0,0,False,2025-04-05T17:22:44Z,False,1
20250401_288_sbom_data.json,com.github.rydolif/intenal,SPDX-2.3,1,0,0,,0,0,False,2025-04-05T13:24:03Z,True,2
20250322_313_sbom_data.json,com.github.benadryn/Zillow-data-entry,SPDX-2.3,1,0,0,,0,0,False,2025-03-22T14:31:08Z,False,1
20250409_1272_sbom_data.json,com.github.zirtrex/karius,SPDX-2.3,53,52,1,composer,52,0,False,2025-04-10T09:43:50Z,False,1
20250418_527_sbom_data.json,com.github.dip-ergo/odoo-exam,SPDX-2.3,1,0,0,,0,0,False,2025-04-19T14:44:50Z,False,1
20250220_350_sbom_data.json,com.github.vijaylaxmi-hanamshetty/Drums-,SPDX-2.3,1,0,0,,0,0,False,2025-02-20T11:53:54Z,False,1
20250401_966_sbom_data.json,com.github.Iyswaryasaradha/Linear-Regression-,SPDX-2.3,1,0,0,,0,0,False,2025-04-05T13:48:58Z,True,2
20250408_1049_sbom_data.json,com.github.Professional-Hobo/PokeMMOn,SPDX-2.3,56,55,1,npm,55,0,False,2025-04-09T12:14:18Z,False,1
20250305_94_sbom_data.json,com.github.DinFuc/isNonOverlappingSubstrings,SPDX-2.3,1,0,0,,0,0,False,2025-03-05T11:43:01Z,False,1
20250421_1314_sbom_data.json,com.github.SJdatageek/E-Commerce-Sales-Data-Analysis,SPDX-2.3,1,0,0,,0,0,False,2025-04-21T13:55:54Z,False,1
20250212_762_sbom_data.json,com.github.somvisai88/wialon-notification-monitor,SPDX-2.3,1,0,0,,0,0,False,2025-02-12T12:43:46Z,False,1
20250502_jumbo_1498_sbom_data.json,com.github.jakashcode/Chemical_compounds_Classification_Keras,SPDX-2.3,1,0,0,,0,0,False,2025-05-02T18:13:40Z,False,1
20250426_1401_sbom_data.json,com.github.LawrenceGordon/old.LawrenceGordon.github.io,SPDX-2.3,1,0,0,,0,0,False,2025-04-26T11:19:22Z,False,1
20250410_1232_sbom_data.json,com.github.chumomega/my-website,SPDX-2.3,1,0,0,,0,0,False,2025-04-10T10:44:21Z,False,1
20250315_228_sbom_data.json,com.github.TiyaReba/micromaylib,SPDX-2.3,1372,1371,1,npm,1364,0,False,2025-03-15T14:15:46Z,False,1
20250402_52_sbom_data.json,com.github.nathannak/fusionauth-example-flutter-dart-main,SPDX-2.3,31,30,1,pub,30,0,False,2025-04-02T12:33:09Z,True,2
20250424_1635_sbom_data.json,com.github.HaticeBerfinCinar/G-tHubDenemeBilmemKac,SPDX-2.3,1,0,0,,0,0,False,2025-04-25T12:24:16Z,False,1
20250211_15_sbom_data.json,com.github.Ismail-9999/front-app,SPDX-2.3,1,0,0,,0,0,False,2025-02-11T12:20:02Z,False,1
20250214_803_sbom_data.json,com.github.AbrarTechCampus/MyProject,SPDX-2.3,1,0,0,,0,0,False,2025-02-14T12:53:07Z,False,1
20250405_114_sbom_data.json,com.github.Arcadias-Playground/doakdiabet2023.digiconkayit.com,SPDX-2.3,20,19,1,nuget,18,0,False,2025-04-05T15:27:23Z,False,1
20250327_1139_sbom_data.json,com.github.ssfsd/CucumberSeleniumPing,SPDX-2.3,11,10,1,maven,10,0,False,2025-03-27T12:39:16Z,False,1
20250330_1007_sbom_data.json,com.github.SantiCuda/etchASketch,SPDX-2.3,1,0,0,,0,0,False,2025-03-30T13:05:44Z,False,1
20250429_183_sbom_data.json,com.github.aquibshaikh7/web-design-page,SPDX-2.3,1,0,0,,0,0,False,2025-04-29T12:50:44Z,False,1
20250220_1675_sbom_data.json,com.github.Amit-Tomar/PythagoreanInteractive-D3,SPDX-2.3,1,0,0,,0,0,False,2025-02-20T13:01:23Z,False,1
20250406_1646_sbom_data.json,com.github.abbywei123/springmvc-2021,SPDX-2.3,14,13,1,maven,13,0,False,2025-04-06T12:24:07Z,False,1
20250502_jumbo_12305_sbom_data.json,com.github.yoominlee/AETTA,SPDX-2.3,1,0,0,,0,0,False,2025-05-03T15:35:55Z,False,1
20250331_974_sbom_data.json,com.github.TomasReyes21/Craftsy,SPDX-2.3,3,2,1,npm,0,2,False,2025-03-31T10:35:04Z,False,1
20250216_1577_sbom_data.json,com.github.idenzo/swedishheave,SPDX-2.3,1,0,0,,0,0,False,2025-02-16T14:01:39Z,False,1
20250217_1347_sbom_data.json,com.github.Abhishekh3007/Asthetic-landing-pages,SPDX-2.3,1,0,0,,0,0,False,2025-02-17T11:58:22Z,False,1
20250317_872_sbom_data.json,com.github.jayblacc2/Portfolio,SPDX-2.3,2,1,1,npm,0,1,True,2025-03-17T12:38:58Z,False,1
20250420_1633_sbom_data.json,com.github.17navasaw/fyp_wearable,SPDX-2.3,1,0,0,,0,0,False,2025-04-20T11:38:17Z,False,1
20250225_1629_sbom_data.json,com.github.LuisBonilla89/Homework-2,SPDX-2.3,1,0,0,,0,0,False,2025-02-25T14:19:56Z,False,1
20250215_185_sbom_data.json,com.github.Luana-wendy/Atividade-python-17,SPDX-2.3,1,0,0,,0,0,False,2025-02-15T14:48:33Z,False,1
20250222_690_sbom_data.json,com.github.MADZEROPIE/Polynomial,SPDX-2.3,1,0,0,,0,0,False,2025-02-22T13:54:14Z,False,1
20250312_245_sbom_data.json,com.github.pdx-cs-ai/prob7,SPDX-2.3,1,0,0,,0,0,False,2025-03-12T12:04:11Z,False,1
20250422_1366_sbom_data.json,com.github.legojoshua12/EllieChatbot,SPDX-2.3,1,0,0,,0,0,False,2025-04-24T00:47:16Z,True,2
20250423_1324_sbom_data.json,com.github.anz1410/gas,SPDX-2.3,1,0,0,,0,0,False,2025-04-23T13:40:44Z,True,2
20250417_562_sbom_data.json,com.github.peng-yin/product-introduce,SPDX-2.3,1,0,0,,0,0,False,2025-04-17T10:47:56Z,False,1
20250413_1495_sbom_data.json,com.github.rafaelim/python_codes,SPDX-2.3,9,8,1,pypi,8,0,False,2025-04-13T16:02:18Z,False,1
20250502_jumbo_12256_sbom_data.json,com.github.bintoroadhi/tesgit,SPDX-2.3,1,0,0,,0,0,False,2025-05-03T15:35:29Z,False,1
20250318_1425_sbom_data.json,com.github.byword-dazzle/5313920531685260630218,SPDX-2.3,1,0,0,,0,0,False,2025-03-18T16:15:01Z,False,1
20250324_656_sbom_data.json,com.github.aarepalm/ctor-dtor,SPDX-2.3,1,0,0,,0,0,False,2025-03-24T11:42:42Z,False,1
20250419_1186_sbom_data.json,com.github.Deinstein37/alx-system_engineering-devops,SPDX-2.3,1,0,0,,0,0,False,2025-04-19T16:58:42Z,False,1
20250411_1352_sbom_data.json,com.github.MatthewBurrell-92/wdd130,SPDX-2.3,1,0,0,,0,0,False,2025-04-11T14:53:12Z,False,1
20250314_639_sbom_data.json,com.github.nvklap/friends-app,SPDX-2.3,1,0,0,,0,0,False,2025-03-14T11:37:40Z,False,1
20250402_125_sbom_data.json,com.github.billblap/FIZZBUZZ-,SPDX-2.3,1,0,0,,0,0,False,2025-04-02T12:34:58Z,True,2
20250408_1367_sbom_data.json,com.github.tedmax100/FizzBuzz,SPDX-2.3,32,31,1,npm,31,0,False,2025-04-09T12:27:28Z,False,1
20250420_109_sbom_data.json,com.github.Sra1994/Sra1994,SPDX-2.3,1,0,0,,0,0,False,2025-04-20T11:08:18Z,False,1
20250330_16_sbom_data.json,com.github.Michael19941212/chaos,SPDX-2.3,6,5,1,maven,2,0,True,2025-03-30T12:41:16Z,False,1
20250219_1587_sbom_data.json,com.github.stefan320/dice-toss-endpoints,SPDX-2.3,53,52,1,npm,52,0,False,2025-02-19T12:11:01Z,False,1
20250502_jumbo_10394_sbom_data.json,com.github.ashiquzzaman33/Tic-Tac-Toe,SPDX-2.3,1,0,0,,0,0,False,2025-05-03T13:26:39Z,False,1
20250221_1333_sbom_data.json,com.github.vickynott/hello-world,SPDX-2.3,1,0,0,,0,0,False,2025-02-21T13:25:29Z,False,1
20250425_627_sbom_data.json,com.github.ival8fx/ival8fx.github.io,SPDX-2.3,1,0,0,,0,0,False,2025-04-25T18:28:24Z,False,1
20250425_1480_sbom_data.json,com.github.JacobG321/DNS-Records-Explained,SPDX-2.3,1,0,0,,0,0,False,2025-04-25T20:02:29Z,False,1
20250502_jumbo_9109_sbom_data.json,com.github.InsComPersha/InsComPersha,SPDX-2.3,1,0,0,,0,0,False,2025-05-03T02:12:19Z,False,1
20250413_510_sbom_data.json,com.github.firsdream/Test-Document,SPDX-2.3,1,0,0,,0,0,False,2025-04-13T13:51:26Z,False,1
20250502_jumbo_13823_sbom_data.json,com.github.Chengo-ril/suave,SPDX-2.3,150,149,1,npm,148,0,False,2025-05-03T19:38:46Z,False,1
20250305_1345_sbom_data.json,com.github.anjosluc/jenkins-pipeline-examples,SPDX-2.3,1,0,0,,0,0,False,2025-03-05T13:00:58Z,False,1
20250330_1678_sbom_data.json,com.github.alishdemo/project-94..,SPDX-2.3,14,13,1,npm,6,7,False,2025-03-30T14:18:40Z,False,1
20250401_880_sbom_data.json,com.github.elissssa/eli,SPDX-2.3,1,0,0,,0,0,False,2025-04-05T13:47:53Z,True,2
20250306_661_sbom_data.json,com.github.leoan1/TiendavirtualG231owner,SPDX-2.3,4,3,1,maven,0,0,True,2025-03-06T06:55:14Z,False,1
20250328_275_sbom_data.json,com.github.yousseffabid/holbertonschool-Fix_My_Code_Challenge,SPDX-2.3,1,0,0,,0,0,False,2025-03-28T12:29:57Z,False,1
20250319_791_sbom_data.json,com.github.EduardoAyora/proyecto-plataformas-docker,SPDX-2.3,1,0,0,,0,0,False,2025-03-19T09:07:36Z,False,1
20250402_1222_sbom_data.json,com.github.bapm91/PracticeRegularExpressions,SPDX-2.3,1,0,0,,0,0,False,2025-04-02T18:58:59Z,True,2
20250326_624_sbom_data.json,com.github.22105043/22105043,SPDX-2.3,1,0,0,,0,0,False,2025-03-26T12:56:49Z,False,1
20250328_665_sbom_data.json,com.github.Prioe/gatsby-starter-netlify-cms,SPDX-2.3,3428,3427,1,npm,3417,0,False,2025-03-28T12:39:29Z,False,1
20250502_jumbo_1923_sbom_data.json,com.github.bungabear/get-aar-info-action,SPDX-2.3,3,2,1,npm,0,2,False,2025-05-02T18:20:34Z,False,1
20250218_855_sbom_data.json,com.github.claudiaseldner/HW-Wireframe,SPDX-2.3,1,0,0,,0,0,False,2025-02-18T12:31:38Z,False,1
20250316_66_sbom_data.json,com.github.derzolew/GeoQuiz,SPDX-2.3,1,0,0,,0,0,False,2025-03-16T11:32:17Z,False,1
20250330_1095_sbom_data.json,com.github.tophensen/lrn,SPDX-2.3,1,0,0,,0,0,False,2025-03-30T13:14:24Z,False,1
20250316_667_sbom_data.json,com.github.rintasn/AIML-linear_model-IMDb-Movies-Rating,SPDX-2.3,1,0,0,,0,0,False,2025-03-16T11:57:52Z,False,1
20250426_996_sbom_data.json,com.github.99wonsik/wonsik,SPDX-2.3,1,0,0,,0,0,False,2025-04-26T10:25:00Z,False,1
20250309_813_sbom_data.json,com.github.venula12/Danuma.com,SPDX-2.3,1,0,0,,0,0,False,2025-03-09T12:56:28Z,False,1
20250323_985_sbom_data.json,com.github.mrmrhua/gitskills,SPDX-2.3,1,0,0,,0,0,False,2025-03-23T12:30:42Z,False,1
20250225_85_sbom_data.json,com.github.AdrienCastelbou/weather-bot,SPDX-2.3,8,7,1,pypi,6,1,True,2025-02-25T13:08:34Z,False,1
20250429_316_sbom_data.json,com.github.Mayssaguerzani/state,SPDX-2.3,1482,1481,1,npm,1478,0,False,2025-04-29T12:53:13Z,False,1
20250404_35_sbom_data.json,com.github.marskar/scattr,SPDX-2.3,1,0,0,,0,0,False,2025-04-05T17:12:00Z,False,1
20250215_458_sbom_data.json,com.github.dward2005/Repositorio,SPDX-2.3,861,860,1,npm,858,0,False,2025-02-15T14:52:15Z,False,1
20250218_1697_sbom_data.json,com.github.rugbymeeeeow/TekCont,SPDX-2.3,3,2,1,nuget,2,0,False,2025-02-18T13:28:41Z,False,1
20250217_616_sbom_data.json,com.github.fiqrialdnsyh/punten,SPDX-2.3,1,0,0,,0,0,False,2025-02-17T11:35:34Z,False,1
20250218_528_sbom_data.json,com.github.patilsamu/git,SPDX-2.3,1,0,0,,0,0,False,2025-02-18T12:24:49Z,False,1
20250330_495_sbom_data.json,com.github.jameshe34547/GoFish,SPDX-2.3,1,0,0,,0,0,False,2025-03-30T12:57:24Z,False,1
20250219_1120_sbom_data.json,com.github.happynewday/multithread-log-system,SPDX-2.3,1,0,0,,0,0,False,2025-02-19T11:22:03Z,False,1
20250502_jumbo_4675_sbom_data.json,com.github.karlwernsman/zodiac-api,SPDX-2.3,425,424,2,"github_actions,npm",423,0,False,2025-05-02T21:35:21Z,False,1
20250502_jumbo_3613_sbom_data.json,com.github.Saganeiro/e2e-java,SPDX-2.3,13,12,1,maven,11,0,False,2025-05-02T19:31:35Z,False,1
20250323_684_sbom_data.json,com.github.itzhoujun/push-worker,SPDX-2.3,10,9,1,composer,9,0,False,2025-03-23T12:23:24Z,False,1
20250223_1387_sbom_data.json,com.github.pietrogervasoni/Library,SPDX-2.3,1,0,0,,0,0,False,2025-02-23T14:46:23Z,False,1
20250414_1451_sbom_data.json,com.github.mirorodrigo/site-basico,SPDX-2.3,1,0,0,,0,0,False,2025-04-14T10:24:13Z,False,1
20250214_650_sbom_data.json,com.github.GuilhermeLossio/DataPersistence,SPDX-2.3,1,0,0,,0,0,False,2025-02-14T12:49:36Z,False,1
20250417_770_sbom_data.json,com.github.jasonkeung/festies,SPDX-2.3,36,35,1,pub,35,0,False,2025-04-17T10:51:39Z,False,1
20250414_855_sbom_data.json,com.github.BoSantos/starter-hugo-academic,SPDX-2.3,6,5,2,"github_actions,golang",4,0,False,2025-04-14T09:41:16Z,False,1
20250414_873_sbom_data.json,com.github.up5-tech/quan-ly-ban-hang,SPDX-2.3,1499,1498,2,"composer,npm",1485,11,True,2025-04-14T09:41:32Z,False,1
20250318_680_sbom_data.json,com.github.marianobe/pedro-podesta,SPDX-2.3,1,0,0,,0,0,False,2025-03-18T15:59:46Z,False,1
20250427_341_sbom_data.json,com.github.bshantam97/3D_Object_Tracking,SPDX-2.3,1,0,0,,0,0,False,2025-04-27T12:38:32Z,False,1
20250222_1525_sbom_data.json,com.github.Snugles/onTimeline,SPDX-2.3,15,14,1,npm,1,13,True,2025-02-22T14:33:16Z,False,1
20250328_1285_sbom_data.json,com.github.fjsa32/MerlinKill-Popup-Version-club,SPDX-2.3,1,0,0,,0,0,False,2025-03-28T12:56:50Z,False,1
20250321_344_sbom_data.json,com.github.Voxelot/merkle-bench,SPDX-2.3,5,4,1,cargo,0,4,True,2025-03-21T12:35:56Z,False,1
20250427_1037_sbom_data.json,com.github.Augmentx-zw/aspdotnetcorecrud,SPDX-2.3,4,3,1,nuget,2,1,True,2025-04-27T13:53:59Z,False,1
20250502_jumbo_5715_sbom_data.json,com.github.OhYeahFishs/OhYeahFishs.github.io,SPDX-2.3,1,0,0,,0,0,False,2025-05-02T22:32:58Z,False,1
20250329_415_sbom_data.json,com.github.piassa157/EstruturaDedados1,SPDX-2.3,1,0,0,,0,0,False,2025-03-29T14:44:18Z,False,1
20250502_jumbo_13863_sbom_data.json,com.github.deep1501/aws-github,SPDX-2.3,7,6,2,"github_actions,maven",2,0,True,2025-05-03T19:39:36Z,False,1
20250213_63_sbom_data.json,com.github.xueperman/XuePortfolio,SPDX-2.3,1,0,0,,0,0,False,2025-02-13T12:27:17Z,False,1
20250419_17_sbom_data.json,com.github.NahianMugdho/pythonProject,SPDX-2.3,1,0,0,,0,0,False,2025-04-19T15:39:35Z,False,1
20250316_655_sbom_data.json,com.github.yanglu10/test,SPDX-2.3,1,0,0,,0,0,False,2025-03-16T11:57:05Z,False,1
20250321_1514_sbom_data.json,com.github.codeforeurope/dailywifi-android,SPDX-2.3,1,0,0,,0,0,False,2025-03-21T13:37:31Z,False,1
20250219_869_sbom_data.json,com.github.geneheath1974/hello-world,SPDX-2.3,1,0,0,,0,0,False,2025-02-19T11:19:00Z,False,1
20250416_75_sbom_data.json,com.github.Mashairedrees/Sc50-assingments,SPDX-2.3,1,0,0,,0,0,False,2025-04-16T12:54:07Z,False,1
20250408_179_sbom_data.json,com.github.parthfataniya/node-weather-website,SPDX-2.3,115,114,1,npm,114,0,False,2025-04-08T11:43:51Z,False,1
20250304_921_sbom_data.json,com.github.ahmedyf27/GetLoopy,SPDX-2.3,1,0,0,,0,0,False,2025-03-04T13:06:29Z,False,1
20250226_1239_sbom_data.json,com.github.DontNetApps2020/ConsoleApp-HelloWorld,SPDX-2.3,1,0,0,,0,0,False,2025-02-26T12:45:00Z,False,1
20250426_1009_sbom_data.json,com.github.JamBoy1999/Trap,SPDX-2.3,1,0,0,,0,0,False,2025-04-26T10:25:08Z,False,1
20250405_203_sbom_data.json,com.github.zurenski/planets,SPDX-2.3,1,0,0,,0,0,False,2025-04-05T15:29:22Z,False,1
20250306_1448_sbom_data.json,com.github.Mrzsw666/device,SPDX-2.3,1,0,0,,0,0,False,2025-03-06T12:56:42Z,False,1
20250220_193_sbom_data.json,com.github.brandonsin197/CSCU9YW,SPDX-2.3,1,0,0,,0,0,False,2025-02-20T11:51:02Z,False,1
20250321_1233_sbom_data.json,com.github.stupidvegan/first-push,SPDX-2.3,1,0,0,,0,0,False,2025-03-21T12:50:18Z,False,1
20250414_1433_sbom_data.json,com.github.msantrax/Centauro,SPDX-2.3,1,0,0,,0,0,False,2025-04-14T10:23:59Z,False,1
20250323_1277_sbom_data.json,com.github.mcgw1/https-ide.c9.io-davemc-new_ap-devised-ransac2-cuff-cloned,SPDX-2.3,1,0,0,,0,0,False,2025-03-23T12:34:03Z,False,1
20250221_157_sbom_data.json,com.github.CrowdeEater/crombus-page-2,SPDX-2.3,1,0,0,,0,0,False,2025-02-21T12:48:01Z,False,1
20250502_jumbo_7973_sbom_data.json,com.github.Swiffer2016/I-love-reading,SPDX-2.3,1,0,0,,0,0,False,2025-05-03T01:11:19Z,False,1
20250312_87_sbom_data.json,com.github.MarximusMaximus/SceneSwitcher,SPDX-2.3,7,6,1,github_actions,6,0,False,2025-03-12T12:01:56Z,False,1
20250416_1599_sbom_data.json,com.github.prasaddkadam/Resume,SPDX-2.3,1,0,0,,0,0,False,2025-04-16T21:12:51Z,False,1
20250306_249_sbom_data.json,com.github.BNice-Education/Bandwide-Receiver,SPDX-2.3,1,0,0,,0,0,False,2025-03-06T06:48:21Z,False,1
20250330_1494_sbom_data.json,com.github.textcreationpartnership/A59326,SPDX-2.3,1,0,0,,0,0,False,2025-03-30T14:15:46Z,False,1
20250414_736_sbom_data.json,com.github.rashidulm/day30,SPDX-2.3,1,0,0,,0,0,False,2025-04-14T09:38:42Z,False,1
20250502_jumbo_8847_sbom_data.json,com.github.supportEmoney/googlesitemapgenerator,SPDX-2.3,1,0,0,,0,0,False,2025-05-03T02:00:12Z,False,1
20250421_951_sbom_data.json,com.github.stewamag/Neural_Network_Charity_Analysis,SPDX-2.3,1,0,0,,0,0,False,2025-04-21T12:05:28Z,False,1
20250421_1049_sbom_data.json,com.github.un-kin/alx-interview,SPDX-2.3,1,0,0,,0,0,False,2025-04-21T12:06:34Z,False,1
20250428_1248_sbom_data.json,com.github.sveerla8/hello-world,SPDX-2.3,1,0,0,,0,0,False,2025-04-28T10:48:15Z,False,1
20250424_1523_sbom_data.json,com.github.nikosw/test,SPDX-2.3,1,0,0,,0,0,False,2025-04-25T12:20:41Z,False,1
20250414_1518_sbom_data.json,com.github.umum253/nuxt-todo-app,SPDX-2.3,1025,1024,1,npm,1021,0,False,2025-04-14T10:25:10Z,False,1
20250210_684_sbom_data.json,com.github.poadHyasd/hihihihi,SPDX-2.3,1,0,0,,0,0,False,2025-02-10T13:58:11Z,False,1
20250420_223_sbom_data.json,com.github.nie24/web,SPDX-2.3,1,0,0,,0,0,False,2025-04-20T11:10:05Z,False,1
20250426_119_sbom_data.json,com.github.SonExpedito/JetpackCompose-TopBar,SPDX-2.3,1,0,0,,0,0,False,2025-04-26T10:12:08Z,False,1
20250430_147_sbom_data.json,com.github.AureliaToolbox/gigme.io-client,SPDX-2.3,1149,1148,1,npm,1146,0,False,2025-04-30T13:42:24Z,False,1
20250311_1503_sbom_data.json,com.github.nicolasmendonca/vite-chakra-starter,SPDX-2.3,426,425,1,npm,423,0,False,2025-03-11T14:30:06Z,False,1
20250301_123_sbom_data.json,com.github.ShiruiZ/os161-1.99,SPDX-2.3,1,0,0,,0,0,False,2025-03-01T13:06:53Z,False,1
20250312_1053_sbom_data.json,com.github.angellychy/gembus,SPDX-2.3,1,0,0,,0,0,False,2025-03-12T12:42:18Z,False,1
20250502_jumbo_10558_sbom_data.json,com.github.Utkarsh-Kickdrum/test-argocd,SPDX-2.3,1,0,0,,0,0,False,2025-05-03T13:28:06Z,False,1
20250502_jumbo_7941_sbom_data.json,com.github.Starkis41/-,SPDX-2.3,1,0,0,,0,0,False,2025-05-03T01:10:59Z,False,1
20250316_1566_sbom_data.json,com.github.IvanHdzRz/docker-practice,SPDX-2.3,702,701,2,"github_actions,npm",698,1,False,2025-03-16T12:49:48Z,False,1
20250319_951_sbom_data.json,com.github.jkeefe/simple-texter,SPDX-2.3,1,0,0,,0,0,False,2025-03-19T09:11:16Z,False,1
20250321_1392_sbom_data.json,com.github.anand-k/Anand,SPDX-2.3,1,0,0,,0,0,False,2025-03-21T13:35:57Z,False,1
20250208_565_sbom_data.json,com.github.PdroBastos/simpleCalculator,SPDX-2.3,1,0,0,,0,0,False,2025-02-09T20:53:33Z,False,1
20250301_141_sbom_data.json,com.github.cbebe/monkey-typo,SPDX-2.3,245,244,2,"cargo,pypi",243,0,False,2025-03-01T13:08:39Z,False,1
20250224_731_sbom_data.json,com.github.MaluPalu/templating,SPDX-2.3,1,0,0,,0,0,False,2025-02-24T14:35:33Z,False,1
20250415_187_sbom_data.json,com.github.ikanevicius/stock_market,SPDX-2.3,1,0,0,,0,0,False,2025-04-16T11:41:42Z,False,1
20250426_1114_sbom_data.json,com.github.ncameiri/ft_inception,SPDX-2.3,1,0,0,,0,0,False,2025-04-26T10:26:31Z,False,1
20250326_989_sbom_data.json,com.github.ivanbatistao/expanding-cards,SPDX-2.3,1,0,0,,0,0,False,2025-03-26T13:06:17Z,True,2
20250215_890_sbom_data.json,com.github.rkz1234/Multiplication-table,SPDX-2.3,1,0,0,,0,0,False,2025-02-15T14:58:36Z,False,1
20250224_47_sbom_data.json,com.github.meet-1708/meet-1708.github.io,SPDX-2.3,1,0,0,,0,0,False,2025-02-24T14:17:34Z,False,1
20250502_jumbo_4015_sbom_data.json,com.github.daxofficial/rangeela,SPDX-2.3,1,0,0,,0,0,False,2025-05-02T19:39:40Z,False,1
20250423_1338_sbom_data.json,com.github.codeviewLab/InterviewSummary,SPDX-2.3,1,0,0,,0,0,False,2025-04-23T13:41:06Z,True,2
20250211_1505_sbom_data.json,com.github.frazierr2/1.4-pixel-perfect,SPDX-2.3,1,0,0,,0,0,False,2025-02-11T13:25:01Z,False,1
20250218_255_sbom_data.json,com.github.JoeyW157/EC601-Project1,SPDX-2.3,1,0,0,,0,0,False,2025-02-18T12:19:41Z,False,1
20250502_jumbo_4946_sbom_data.json,com.github.yoramnag/Mabaya-project,SPDX-2.3,7,6,1,maven,0,0,True,2025-05-02T21:40:26Z,False,1
20250411_1338_sbom_data.json,com.github.zabrat/calculator,SPDX-2.3,1,0,0,,0,0,False,2025-04-11T14:53:01Z,False,1
20250305_1366_sbom_data.json,com.github.Ucchwas/Rest-Api,SPDX-2.3,9,8,1,nuget,8,0,False,2025-03-05T13:01:16Z,False,1
20250324_133_sbom_data.json,com.github.yanjintao/v2ray-heroku,SPDX-2.3,1,0,0,,0,0,False,2025-03-24T11:32:39Z,False,1
20250329_1368_sbom_data.json,com.github.marissachilds/marissachilds.github.io,SPDX-2.3,88,87,1,gem,87,0,False,2025-03-29T14:57:46Z,False,1
20250402_1247_sbom_data.json,com.github.sanoopsasidharan/pureNodeJs-frontend,SPDX-2.3,1170,1169,1,npm,1165,0,False,2025-04-02T18:59:21Z,True,2
20250320_1126_sbom_data.json,com.github.rabeehkp/The-Pet-App,SPDX-2.3,1,0,0,,0,0,False,2025-03-20T14:20:35Z,False,1
20250226_189_sbom_data.json,com.github.nzikos/BarChartClient,SPDX-2.3,9,8,1,maven,7,0,False,2025-02-26T12:29:59Z,False,1
20250323_199_sbom_data.json,com.github.khush-preet/git-tutorial,SPDX-2.3,1,0,0,,0,0,False,2025-03-23T12:17:35Z,False,1
20250316_528_sbom_data.json,com.github.ajinkyagadhave24/events-app-web-server,SPDX-2.3,321,320,1,npm,319,0,False,2025-03-16T11:55:08Z,False,1
20250502_jumbo_1395_sbom_data.json,com.github.violet4/clarify,SPDX-2.3,1,0,0,,0,0,False,2025-05-02T18:11:59Z,False,1
20250318_1280_sbom_data.json,com.github.Badabum/word-comparison,SPDX-2.3,1,0,0,,0,0,False,2025-03-18T16:12:19Z,False,1
20250415_424_sbom_data.json,com.github.rohitrai1717/reacr-rental,SPDX-2.3,1,0,0,,0,0,False,2025-04-16T11:44:02Z,False,1
20250418_974_sbom_data.json,com.github.neeveshjain/Jugadoo_Server,SPDX-2.3,10,9,1,pypi,0,0,True,2025-04-19T15:30:20Z,False,1
20250217_550_sbom_data.json,com.github.MonicaNS/MonicaNS.github.io,SPDX-2.3,1,0,0,,0,0,False,2025-02-17T11:33:48Z,False,1
20250213_865_sbom_data.json,com.github.avkara/ladder-all,SPDX-2.3,1,0,0,,0,0,False,2025-02-13T12:55:58Z,False,1
20250226_1403_sbom_data.json,com.github.x0rgz/ARM-Assembly,SPDX-2.3,1,0,0,,0,0,False,2025-02-26T12:46:44Z,False,1
20250226_18_sbom_data.json,com.github.JSIV300/message_polarity_prediction,SPDX-2.3,1,0,0,,0,0,False,2025-02-26T12:27:12Z,False,1
20250502_jumbo_6477_sbom_data.json,com.github.Aboodazmy/emotours,SPDX-2.3,3081,3080,2,"composer,npm",3030,37,True,2025-05-02T23:16:21Z,False,1
20250421_25_sbom_data.json,com.github.zidudu/c-,SPDX-2.3,1,0,0,,0,0,False,2025-04-21T11:44:42Z,False,1
20250213_341_sbom_data.json,com.github.ynoacamino/restaurant_page,SPDX-2.3,280,279,1,npm,278,0,False,2025-02-13T12:35:53Z,False,1
20250428_1060_sbom_data.json,com.github.Plasmatium/tc_scf_test,SPDX-2.3,1,0,0,,0,0,False,2025-04-28T10:45:08Z,False,1
20250217_148_sbom_data.json,com.github.rakshithaaj/Blog-application,SPDX-2.3,10,9,1,maven,2,0,True,2025-02-17T11:17:11Z,False,1
20250311_836_sbom_data.json,com.github.palianytsia/information-retrieval,SPDX-2.3,9,8,1,maven,8,0,False,2025-03-11T12:03:01Z,False,1
20250331_883_sbom_data.json,com.github.kakashi250802/mmmm,SPDX-2.3,1,0,0,,0,0,False,2025-03-31T10:34:01Z,False,1
20250426_413_sbom_data.json,com.github.gatlinglolx/Seminar_6_DZ,SPDX-2.3,1,0,0,,0,0,False,2025-04-26T10:17:10Z,False,1
20250329_606_sbom_data.json,com.github.abumuslimbayu/abumuslimbayu.github.io,SPDX-2.3,1,0,0,,0,0,False,2025-03-29T14:46:47Z,False,1
20250405_819_sbom_data.json,com.github.PubuduRavindika/rad_project,SPDX-2.3,1,0,0,,0,0,False,2025-04-05T15:42:12Z,False,1
20250420_1412_sbom_data.json,com.github.Kirodar/TestRepo,SPDX-2.3,1,0,0,,0,0,False,2025-04-20T11:32:29Z,False,1
20250328_342_sbom_data.json,com.github.davinegreiiros/project-springboot-2-java-11,SPDX-2.3,7,6,1,maven,0,0,True,2025-03-28T12:31:55Z,False,1
20250312_1032_sbom_data.json,com.github.gillpaganini/HTML-CSS,SPDX-2.3,1,0,0,,0,0,False,2025-03-12T12:42:00Z,False,1
20250305_1449_sbom_data.json,com.github.vefforritun/vef1-2021-v3,SPDX-2.3,1,0,0,,0,0,False,2025-03-05T13:03:02Z,False,1
20250502_jumbo_6557_sbom_data.json,com.github.ProjectSample/RS,SPDX-2.3,1,0,0,,0,0,False,2025-05-02T23:17:29Z,False,1
20250409_1097_sbom_data.json,com.github.s3rvac/screencasts,SPDX-2.3,1,0,0,,0,0,False,2025-04-09T22:15:13Z,False,1
20250221_1220_sbom_data.json,com.github.scootpain/Firstapp,SPDX-2.3,17,16,1,npm,5,10,True,2025-02-21T13:22:22Z,False,1
20250320_358_sbom_data.json,com.github.a20140090/examen3bim,SPDX-2.3,1,0,0,,0,0,False,2025-03-20T12:37:28Z,False,1
20250330_1649_sbom_data.json,com.github.FCOO/promise-list,SPDX-2.3,1337,1336,1,npm,1334,0,False,2025-03-30T14:18:13Z,False,1
20250220_696_sbom_data.json,com.github.Borokik/git_h_0,SPDX-2.3,1,0,0,,0,0,False,2025-02-20T12:06:00Z,False,1
20250313_1606_sbom_data.json,com.github.jeanthom/libitlp,SPDX-2.3,1,0,0,,0,0,False,2025-03-13T02:08:13Z,True,2
20250428_311_sbom_data.json,com.github.zhuziyi1997/sum-of-practice,SPDX-2.3,1,0,0,,0,0,False,2025-04-28T10:33:17Z,False,1
20250428_359_sbom_data.json,com.github.MrHeer/foam,SPDX-2.3,1,0,0,,0,0,False,2025-04-28T10:33:58Z,False,1
20250418_435_sbom_data.json,com.github.Omobayode6/shoping-cart,SPDX-2.3,1,0,0,,0,0,False,2025-04-19T14:43:50Z,False,1
20250405_999_sbom_data.json,com.github.lenz-B/Portfolio,SPDX-2.3,1,0,0,,0,0,False,2025-04-05T15:45:10Z,False,1
20250410_681_sbom_data.json,com.github.SocraLee/2019CourseProject_DataAnalysisTool,SPDX-2.3,1,0,0,,0,0,False,2025-04-10T10:31:05Z,False,1
20250427_1364_sbom_data.json,com.github.kpws/apartment,SPDX-2.3,1,0,0,,0,0,False,2025-04-27T14:45:53Z,False,1
20250316_1470_sbom_data.json,com.github.VictorJesusReaValencia/Permiso-Economico-UAN-SIP,SPDX-2.3,15,14,1,composer,1,13,True,2025-03-16T12:48:17Z,False,1
20250213_1109_sbom_data.json,com.github.skkubeckham/JAVA-,SPDX-2.3,1,0,0,,0,0,False,2025-02-13T13:04:59Z,False,1
20250305_766_sbom_data.json,com.github.Toucci/Minsait-JoaoToucci,SPDX-2.3,1,0,0,,0,0,False,2025-03-05T12:07:08Z,False,1
20250326_153_sbom_data.json,com.github.heliheraklius/mpimasapubertas,SPDX-2.3,1,0,0,,0,0,False,2025-03-26T12:18:54Z,False,1
20250419_1522_sbom_data.json,com.github.buzzkillhardball/Termux,SPDX-2.3,3,2,1,gem,0,2,True,2025-04-19T17:03:01Z,False,1
20250214_1249_sbom_data.json,com.github.liskying/springcloud_part3,SPDX-2.3,1,0,0,,0,0,False,2025-02-14T13:01:37Z,False,1
20250208_857_sbom_data.json,com.github.sbnli/KitapDegerlendirme,SPDX-2.3,3,2,1,nuget,2,0,False,2025-02-09T21:00:17Z,False,1
20250303_949_sbom_data.json,com.github.davidguitarris/solveweb,SPDX-2.3,1,0,0,,0,0,False,2025-03-03T12:52:38Z,False,1
20250315_190_sbom_data.json,com.github.cosmatiy88/school_infokiosk,SPDX-2.3,1182,1181,1,npm,1178,0,False,2025-03-15T14:07:25Z,False,1
20250304_629_sbom_data.json,com.github.Shanta-Marasini/todoList,SPDX-2.3,1,0,0,,0,0,False,2025-03-04T11:33:26Z,False,1
20250502_jumbo_8834_sbom_data.json,com.github.aakimbaeva/Chapter1Part2Task27,SPDX-2.3,1,0,0,,0,0,False,2025-05-03T02:00:02Z,False,1
20250224_1162_sbom_data.json,com.github.vonalfafara/laravel-ecom-server,SPDX-2.3,119,118,2,"composer,npm",115,3,True,2025-02-24T14:40:29Z,False,1
20250502_jumbo_8242_sbom_data.json,com.github.marianaprodrigues/MAAARIAAANAAA,SPDX-2.3,1,0,0,,0,0,False,2025-05-03T01:46:14Z,False,1
20250309_938_sbom_data.json,com.github.terosilveira/tickets-project,SPDX-2.3,1172,1171,2,"npm,pypi",1166,0,True,2025-03-09T12:59:29Z,False,1
20250314_1176_sbom_data.json,com.github.mattspataro/calculator,SPDX-2.3,1,0,0,,0,0,False,2025-03-14T12:33:01Z,False,1
20250318_416_sbom_data.json,com.github.Sunderlightgod/superfast,SPDX-2.3,1,0,0,,0,0,False,2025-03-18T15:11:20Z,False,1
20250222_1117_sbom_data.json,com.github.ronyschleien/Fab-Academy-2017,SPDX-2.3,1,0,0,,0,0,False,2025-02-22T14:06:25Z,False,1
20250208_869_sbom_data.json,com.github.taz77/traefik-portainer-local-docker-examples,SPDX-2.3,1,0,0,,0,0,False,2025-02-09T21:00:26Z,False,1
20250407_1398_sbom_data.json,com.github.gqians/logging,SPDX-2.3,651,650,1,npm,649,0,False,2025-04-07T12:07:55Z,False,1
20250330_262_sbom_data.json,com.github.Lisagraph/3-TBHproduct,SPDX-2.3,1,0,0,,0,0,False,2025-03-30T12:49:18Z,False,1
20250228_438_sbom_data.json,com.github.vinujohn/workflow,SPDX-2.3,1,0,0,,0,0,False,2025-02-28T12:29:00Z,False,1
20250223_1223_sbom_data.json,com.github.soloC/soloc.github.io,SPDX-2.3,1,0,0,,0,0,False,2025-02-23T13:44:54Z,False,1
20250324_544_sbom_data.json,com.github.pandepokan/minggu,SPDX-2.3,1,0,0,,0,0,False,2025-03-24T11:40:37Z,False,1
20250411_193_sbom_data.json,com.github.malkiro/note-collector-app,SPDX-2.3,1247,1246,2,"maven,npm",1234,0,True,2025-04-11T14:07:01Z,False,1
20250502_jumbo_10726_sbom_data.json,com.github.SiaEyre/taobaodemo,SPDX-2.3,1,0,0,,0,0,False,2025-05-03T13:29:35Z,False,1
20250407_389_sbom_data.json,com.github.cynthia-pei/Angry-Birds,SPDX-2.3,1,0,0,,0,0,False,2025-04-07T11:05:08Z,False,1
20250414_325_sbom_data.json,com.github.NateTheDev1/honey,SPDX-2.3,1265,1264,1,npm,1207,49,False,2025-04-14T09:27:44Z,False,1
20250427_1530_sbom_data.json,com.github.sammiepius/e_commerce_backend,SPDX-2.3,216,215,1,npm,215,0,False,2025-04-27T20:42:51Z,False,1
20250321_458_sbom_data.json,com.github.maks120913/employee,SPDX-2.3,1,0,0,,0,0,False,2025-03-21T12:37:36Z,False,1
20250216_1328_sbom_data.json,com.github.alirezamhi/darkmode,SPDX-2.3,1,0,0,,0,0,False,2025-02-16T13:09:08Z,False,1
20250326_329_sbom_data.json,com.github.wyzjoyful/gps,SPDX-2.3,1,0,0,,0,0,False,2025-03-26T12:23:46Z,False,1
20250502_jumbo_4201_sbom_data.json,com.github.samarthsoni3002/file_automatic_segregator,SPDX-2.3,1,0,0,,0,0,False,2025-05-02T21:26:01Z,False,1
20250212_569_sbom_data.json,com.github.stevenleung2018/dockerfile-practice,SPDX-2.3,5,4,1,github_actions,2,0,False,2025-02-12T12:38:59Z,False,1
20250331_1250_sbom_data.json,com.github.ckehdrms3423/connect-ssh,SPDX-2.3,1,0,0,,0,0,False,2025-03-31T12:32:42Z,False,1
20250209_897_sbom_data.json,com.github.Ivan-Makarov/intro-to-further-mathematics,SPDX-2.3,1,0,0,,0,0,False,2025-02-09T16:05:38Z,True,2
20250402_834_sbom_data.json,com.github.yellowreeds/FlipAppPrototype,SPDX-2.3,1,0,0,,0,0,False,2025-04-02T17:05:06Z,True,2
20250216_820_sbom_data.json,com.github.Fatemee78/100DaysOfCode,SPDX-2.3,1,0,0,,0,0,False,2025-02-16T13:02:54Z,False,1
20250316_765_sbom_data.json,com.github.krishunni/Assignment_Share_Message,SPDX-2.3,1,0,0,,0,0,False,2025-03-16T11:59:25Z,False,1
20250416_377_sbom_data.json,com.github.Mydimer/GI455_1610701318,SPDX-2.3,1,0,0,,0,0,False,2025-04-16T19:29:39Z,False,1
20250330_1526_sbom_data.json,com.github.allyson-s-code/Vision-Board,SPDX-2.3,1,0,0,,0,0,False,2025-03-30T14:16:16Z,False,1
20250416_1487_sbom_data.json,com.github.bburns/LanguageModels,SPDX-2.3,10,9,1,pypi,9,0,False,2025-04-16T21:11:26Z,False,1
20250327_1652_sbom_data.json,com.github.WorldOfWheat/SideProjects,SPDX-2.3,5,4,1,maven,2,0,True,2025-03-27T12:53:54Z,False,1
20250502_jumbo_1178_sbom_data.json,com.github.Anuj13112008/Multiplayer-game,SPDX-2.3,1,0,0,,0,0,False,2025-05-02T17:32:25Z,False,1
20250424_1065_sbom_data.json,com.github.CandraJengger/kirimin-aja-revamp,SPDX-2.3,1188,1187,1,npm,1183,0,False,2025-04-24T12:18:32Z,False,1
20250328_979_sbom_data.json,com.github.MahidulHasansh/My-Portfolio,SPDX-2.3,1,0,0,,0,0,False,2025-03-28T12:48:56Z,False,1
20250314_1186_sbom_data.json,com.github.jesmilas/JAVA_REP,SPDX-2.3,1,0,0,,0,0,False,2025-03-14T12:33:10Z,False,1
20250221_215_sbom_data.json,com.github.JennyMendez17/FUIIIAct4_MendezJennifer,SPDX-2.3,1,0,0,,0,0,False,2025-02-21T12:49:09Z,False,1
20250327_239_sbom_data.json,com.github.Victor040810/7,SPDX-2.3,1,0,0,,0,0,False,2025-03-27T11:48:21Z,False,1
20250210_122_sbom_data.json,com.github.deepsecoss/MITREembed,SPDX-2.3,1,0,0,,0,0,False,2025-02-10T13:32:34Z,False,1
20250318_1353_sbom_data.json,com.github.LunaNor/backend-server-udemy,SPDX-2.3,681,680,1,npm,680,0,False,2025-03-18T16:13:38Z,False,1
20250228_130_sbom_data.json,com.github.LoveOyy/sprite_character_common_aura_chn_2020_children_package.NPK,SPDX-2.3,1,0,0,,0,0,False,2025-02-28T12:22:55Z,False,1
20250421_312_sbom_data.json,com.github.cascade7/C-to-F,SPDX-2.3,1,0,0,,0,0,False,2025-04-21T11:48:08Z,False,1
20250402_899_sbom_data.json,com.github.federicocp/web-bagre,SPDX-2.3,5,4,1,github_actions,4,0,False,2025-04-02T17:06:53Z,True,2
20250429_819_sbom_data.json,com.github.daicheng/phh,SPDX-2.3,1,0,0,,0,0,False,2025-04-29T13:40:36Z,False,1
20250322_279_sbom_data.json,com.github.mmbr1974/pruebasunir,SPDX-2.3,3,2,1,github_actions,2,0,False,2025-03-22T14:30:37Z,False,1
20250218_1113_sbom_data.json,com.github.BenjaminBettan/SpringJWT,SPDX-2.3,9,8,1,maven,3,0,True,2025-02-18T12:37:42Z,False,1
20250331_1336_sbom_data.json,com.github.jon23k/ColorChooser,SPDX-2.3,1,0,0,,0,0,False,2025-03-31T12:33:46Z,False,1
20250220_1276_sbom_data.json,com.github.vexxhost/terraform-openstack-images,SPDX-2.3,1,0,0,,0,0,False,2025-02-20T12:24:13Z,False,1
20250308_258_sbom_data.json,com.github.YiffyC/HealthitPermissionDemand,SPDX-2.3,1,0,0,,0,0,False,2025-03-08T13:47:08Z,False,1
20250331_1154_sbom_data.json,com.github.songyang-dev/vanier-simple,SPDX-2.3,1,0,0,,0,0,False,2025-03-31T10:47:21Z,False,1
20250418_1204_sbom_data.json,com.github.FelpT/Atividades-Projeto-desenvolve,SPDX-2.3,1,0,0,,0,0,False,2025-04-19T15:33:11Z,False,1
20250326_934_sbom_data.json,com.github.CPLEN-USP/Capacity-Credit-Brazil,SPDX-2.3,1,0,0,,0,0,False,2025-03-26T13:04:56Z,False,1
20250410_167_sbom_data.json,com.github.mihnor/beacon-ionic,SPDX-2.3,1,0,0,,0,0,False,2025-04-10T10:18:52Z,False,1
20250216_964_sbom_data.json,com.github.manikan024/Mani,SPDX-2.3,1,0,0,,0,0,False,2025-02-16T13:04:42Z,False,1
20250326_1622_sbom_data.json,com.github.freezequeen/Face-Expression-Recog,SPDX-2.3,1,0,0,,0,0,False,2025-03-26T14:19:29Z,False,1
20250316_26_sbom_data.json,com.github.rodrigokaruk/controle-de-clientes-by-rodrigo-de-paulo,SPDX-2.3,1,0,0,,0,0,False,2025-03-16T11:31:37Z,False,1
20250502_jumbo_4898_sbom_data.json,com.github.fineday4/LeetCode,SPDX-2.3,1,0,0,,0,0,False,2025-05-02T21:39:02Z,False,1
20250319_891_sbom_data.json,com.github.billz96/ML-Course,SPDX-2.3,1,0,0,,0,0,False,2025-03-19T09:09:32Z,False,1
20250305_955_sbom_data.json,com.github.varuny09/ml-lab-work,SPDX-2.3,1,0,0,,0,0,False,2025-03-05T12:09:55Z,False,1
20250319_1306_sbom_data.json,com.github.closeheat-demo/demo-1447080666-447,SPDX-2.3,1,0,0,,0,0,False,2025-03-19T09:19:02Z,False,1
20250227_615_sbom_data.json,com.github.kiemarie23/workflows_demo,SPDX-2.3,3,2,1,github_actions,2,0,False,2025-02-27T09:52:59Z,False,1
20250216_572_sbom_data.json,com.github.whencome/gomodel,SPDX-2.3,4,3,1,golang,2,0,False,2025-02-16T12:56:52Z,False,1
20250408_749_sbom_data.json,com.github.jagadeeshgudla/spring_oct_vdsi_training,SPDX-2.3,24,23,1,maven,14,0,True,2025-04-09T12:00:14Z,False,1
20250423_1346_sbom_data.json,com.github.podolskiy7464/test-ry,SPDX-2.3,1,0,0,,0,0,False,2025-04-23T13:41:19Z,True,2
20250221_1263_sbom_data.json,com.github.frenchiejnr/portfolio-spotify-tools,SPDX-2.3,378,377,1,npm,376,0,False,2025-02-21T13:23:11Z,False,1
20250411_1360_sbom_data.json,com.github.arunkumarmadhavuni/ProCar,SPDX-2.3,1,0,0,,0,0,False,2025-04-11T14:53:19Z,False,1
20250408_659_sbom_data.json,com.github.the-aozora-one/Photo-Reference-Store,SPDX-2.3,1,0,0,,0,0,False,2025-04-09T11:58:54Z,False,1
20250302_604_sbom_data.json,com.github.xiaoahao777/xiaoahao,SPDX-2.3,5,4,1,github_actions,4,0,False,2025-03-02T13:00:18Z,False,1
20250321_1102_sbom_data.json,com.github.kunpingl/HotelReservationApplication,SPDX-2.3,1,0,0,,0,0,False,2025-03-21T12:45:20Z,False,1
20250321_140_sbom_data.json,com.github.farukavci/github-slideshow,SPDX-2.3,90,89,2,"gem,npm",89,0,False,2025-03-21T12:33:31Z,False,1
20250502_jumbo_151_sbom_data.json,com.github.MussabPro/Clock,SPDX-2.3,1,0,0,,0,0,False,2025-05-02T17:12:44Z,False,1
20250424_507_sbom_data.json,com.github.GustavoEnmeriki/GustavoEnmeriki,SPDX-2.3,1,0,0,,0,0,False,2025-04-24T11:55:15Z,False,1
20250225_1528_sbom_data.json,com.github.profe-ssor/Diagnosis,SPDX-2.3,1,0,0,,0,0,False,2025-02-25T14:18:48Z,False,1
20250307_512_sbom_data.json,com.github.mrco24/mrco24-wordlist,SPDX-2.3,1,0,0,,0,0,False,2025-03-07T10:30:19Z,False,1
20250219_733_sbom_data.json,com.github.alxrsc/alxrsc,SPDX-2.3,1,0,0,,0,0,False,2025-02-19T11:17:22Z,False,1
20250225_1302_sbom_data.json,com.github.rackeshnavale87/Contact_Me-for-private-repository-projects.,SPDX-2.3,1,0,0,,0,0,False,2025-02-25T13:30:29Z,False,1
20250310_1017_sbom_data.json,com.github.ly-hao/shop_vue,SPDX-2.3,947,946,1,npm,936,0,False,2025-03-10T11:23:50Z,False,1
20250303_11_sbom_data.json,com.github.austing22/roulette,SPDX-2.3,1,0,0,,0,0,False,2025-03-03T12:26:03Z,False,1
20250228_1601_sbom_data.json,com.github.mattkellough/YelpClone,SPDX-2.3,60,59,1,gem,59,0,False,2025-02-28T18:14:32Z,False,1
20250419_562_sbom_data.json,com.github.rahulsagar500/DSA-WITH-JAVA,SPDX-2.3,1,0,0,,0,0,False,2025-04-19T15:45:25Z,False,1
20250225_89_sbom_data.json,com.github.Kereminia/Kereminia,SPDX-2.3,1,0,0,,0,0,False,2025-02-25T13:08:37Z,False,1
20250502_jumbo_7549_sbom_data.json,com.github.maryammouhajer/blood-frontend,SPDX-2.3,1263,1262,1,npm,1256,0,False,2025-05-03T01:05:00Z,False,1
20250502_jumbo_7342_sbom_data.json,com.github.Prabu1994Maruthachalam/Prabu1994Maruthachalam,SPDX-2.3,1,0,0,,0,0,False,2025-05-03T01:02:48Z,False,1
20250425_777_sbom_data.json,com.github.NipurnSoni/PluckIngMango,SPDX-2.3,1,0,0,,0,0,False,2025-04-25T18:54:05Z,False,1
20250216_384_sbom_data.json,com.github.blab/ncov-orf8,SPDX-2.3,1,0,0,,0,0,False,2025-02-16T12:54:27Z,False,1
20250228_691_sbom_data.json,com.github.F1shS0up/ShooterGame,SPDX-2.3,4,3,1,nuget,3,0,False,2025-02-28T12:32:18Z,False,1
20250502_jumbo_9768_sbom_data.json,com.github.maotinggang/car-data,SPDX-2.3,61,60,1,npm,1,59,False,2025-05-03T13:20:47Z,False,1
20250422_471_sbom_data.json,com.github.amirhossein-bayati/todo-app,SPDX-2.3,5,4,1,pypi,4,0,False,2025-04-23T14:31:16Z,False,1
20250406_79_sbom_data.json,com.github.bjitfreelancing/ML,SPDX-2.3,1,0,0,,0,0,False,2025-04-06T11:20:43Z,False,1
20250403_1589_sbom_data.json,com.github.ebert1998/ownrom.github.io,SPDX-2.3,1,0,0,,0,0,False,2025-04-03T12:35:59Z,False,1
20250502_jumbo_6478_sbom_data.json,com.github.pavan0921/test,SPDX-2.3,1,0,0,,0,0,False,2025-05-02T23:16:22Z,False,1
20250415_1261_sbom_data.json,com.github.Blade-TheWolf/Raven,SPDX-2.3,1,0,0,,0,0,False,2025-04-16T12:04:22Z,False,1
20250502_jumbo_7481_sbom_data.json,com.github.vakeelsingh/To-Do-App,SPDX-2.3,1,0,0,,0,0,False,2025-05-03T01:04:17Z,False,1
20250417_1021_sbom_data.json,com.github.DLotero/four-card-feature,SPDX-2.3,1,0,0,,0,0,False,2025-04-17T10:55:04Z,False,1
20250401_394_sbom_data.json,com.github.santtier/santtier.github.io,SPDX-2.3,1,0,0,,0,0,False,2025-04-05T13:31:50Z,True,2
20250428_839_sbom_data.json,com.github.OmPrakash280-tech/PRODIGY_DS_03,SPDX-2.3,1,0,0,,0,0,False,2025-04-28T10:41:27Z,False,1
20250415_1387_sbom_data.json,com.github.AkmemkA/Application-Form-Flask,SPDX-2.3,1,0,0,,0,0,False,2025-04-16T12:05:40Z,False,1
20250424_1581_sbom_data.json,com.github.noritaketakamichi/nonogram,SPDX-2.3,1840,1839,1,npm,1836,0,False,2025-04-25T12:22:46Z,False,1
20250423_179_sbom_data.json,com.github.gabrielschorsch/utfpr-redes-projeto,SPDX-2.3,1,0,0,,0,0,False,2025-04-23T12:23:04Z,False,1
20250422_1394_sbom_data.json,com.github.LeatherGreenGargoyle/tictactoe,SPDX-2.3,34,33,1,npm,33,0,False,2025-04-24T00:48:26Z,True,2
20250318_1070_sbom_data.json,com.github.kelas-pemrograman-3-Informatika18/UAS-PenjualanPropertybackend-Prasadewa18421072-Farel18421073,SPDX-2.3,150,149,1,npm,149,0,False,2025-03-18T16:08:23Z,False,1
20250422_334_sbom_data.json,com.github.09shreya/LGMVIP-Task-3,SPDX-2.3,1,0,0,,0,0,False,2025-04-23T14:28:21Z,False,1
20250317_1332_sbom_data.json,com.github.heyjoeb/mis-gastos,SPDX-2.3,59,58,1,gem,56,0,False,2025-03-17T12:50:34Z,False,1
20250225_560_sbom_data.json,com.github.rongmax-gufei/react-native-clear-cache-demo,SPDX-2.3,634,633,1,npm,632,0,False,2025-02-25T13:15:53Z,False,1
20250331_30_sbom_data.json,com.github.Amardeep47/hello-word,SPDX-2.3,1,0,0,,0,0,False,2025-03-31T09:51:53Z,False,1
20250215_663_sbom_data.json,com.github.Kenzie-Academy-Brasil-Developers/react-entrega-s1-preparativos-para-o-torneio-tribruxo-LuizPombo,SPDX-2.3,9,8,1,npm,1,7,True,2025-02-15T14:54:34Z,False,1
20250403_961_sbom_data.json,com.github.kaushikudavant44/BionischeWebAPI,SPDX-2.3,22,21,1,maven,8,0,True,2025-04-03T10:16:27Z,False,1
20250331_720_sbom_data.json,com.github.0-Serotonin/WaveScan,SPDX-2.3,1276,1275,1,npm,1270,0,False,2025-03-31T10:32:02Z,False,1
20250423_1060_sbom_data.json,com.github.hasnatsajid/dropshipping-webstore,SPDX-2.3,310,309,1,npm,308,0,False,2025-04-23T12:50:11Z,False,1
20250315_443_sbom_data.json,com.github.zkhysz/free-space-video,SPDX-2.3,1,0,0,,0,0,False,2025-03-15T14:18:56Z,False,1
20250312_194_sbom_data.json,com.github.Gayathri-Siva/MERN-graphql,SPDX-2.3,1755,1754,1,npm,1746,0,False,2025-03-12T12:03:23Z,False,1
20250418_1666_sbom_data.json,com.github.dhana-2003/image_slider,SPDX-2.3,1,0,0,,0,0,False,2025-04-19T15:38:01Z,False,1
20250214_1500_sbom_data.json,com.github.valerii15298/int20h-2024,SPDX-2.3,43,42,2,"github_actions,npm",2,39,True,2025-02-14T13:30:46Z,False,1
20250321_1566_sbom_data.json,com.github.asdne/CRUDSpringB,SPDX-2.3,11,10,1,maven,9,0,True,2025-03-21T13:38:10Z,False,1
20250408_1691_sbom_data.json,com.github.jerrygarciab/rabbitmqTutorial,SPDX-2.3,1,0,0,,0,0,False,2025-04-09T12:32:25Z,False,1
20250216_1696_sbom_data.json,com.github.shaikhovais/DSA-Problems-for-Placement,SPDX-2.3,1,0,0,,0,0,False,2025-02-16T14:03:33Z,False,1
20250316_296_sbom_data.json,com.github.damiensawyer/AndroidDoubleScrolling,SPDX-2.3,1,0,0,,0,0,False,2025-03-16T11:38:02Z,False,1
20250403_1193_sbom_data.json,com.github.chindamdinesh/Stock-Prediction,SPDX-2.3,1,0,0,,0,0,False,2025-04-03T10:20:09Z,False,1
20250401_947_sbom_data.json,com.github.kurniawidiyantoro/animelist-with-nextjs-12,SPDX-2.3,304,303,1,npm,302,0,False,2025-04-05T13:48:45Z,True,2
20250212_1247_sbom_data.json,com.github.v1ctoriale1gh/algorithms-testing,SPDX-2.3,1,0,0,,0,0,False,2025-02-12T12:52:41Z,False,1
20250214_1645_sbom_data.json,com.github.XkaratistX/crossballLandingPage,SPDX-2.3,1,0,0,,0,0,False,2025-02-14T13:36:58Z,False,1
20250323_1504_sbom_data.json,com.github.AnkanSaha18/Compiler_Project,SPDX-2.3,1,0,0,,0,0,False,2025-03-23T14:00:51Z,False,1
20250313_737_sbom_data.json,com.github.cjlemon/test,SPDX-2.3,1,0,0,,0,0,False,2025-03-13T15:23:34Z,False,1
20250216_629_sbom_data.json,com.github.dipeshkumar6465/National-Park-Info-,SPDX-2.3,1,0,0,,0,0,False,2025-02-16T12:57:39Z,False,1
20250424_366_sbom_data.json,com.github.smartinternz02/SI-GuidedProject-454369-1679650213,SPDX-2.3,1,0,0,,0,0,False,2025-04-24T11:51:17Z,False,1
20250218_1511_sbom_data.json,com.github.Aso2001212/Todo,SPDX-2.3,1,0,0,,0,0,False,2025-02-18T13:26:18Z,False,1
20250421_129_sbom_data.json,com.github.RomanKovalitskiy/Restaurant,SPDX-2.3,1,0,0,,0,0,False,2025-04-21T11:45:58Z,False,1
20250418_594_sbom_data.json,com.github.XSmile2008/Wishlist,SPDX-2.3,1,0,0,,0,0,False,2025-04-19T14:45:33Z,False,1
20250408_1643_sbom_data.json,com.github.pkmankar04/Xenium,SPDX-2.3,1,0,0,,0,0,False,2025-04-09T12:31:21Z,False,1
20250325_126_sbom_data.json,com.github.JmJoffray/pandas-challenge,SPDX-2.3,1,0,0,,0,0,False,2025-03-25T12:07:15Z,False,1
20250403_136_sbom_data.json,com.github.leifeng/hello-RN,SPDX-2.3,614,613,1,npm,611,0,False,2025-04-03T10:03:04Z,False,1
20250417_1173_sbom_data.json,com.github.Mpgeshka/Seminar_3,SPDX-2.3,1,0,0,,0,0,False,2025-04-17T10:57:02Z,False,1
20250414_105_sbom_data.json,com.github.daholz/portfolio,SPDX-2.3,1,0,0,,0,0,False,2025-04-14T09:01:39Z,False,1
20250502_jumbo_3632_sbom_data.json,com.github.guriandoro/percona_live_23,SPDX-2.3,1,0,0,,0,0,False,2025-05-02T19:31:53Z,False,1
20250212_332_sbom_data.json,com.github.ronmcca/github-slideshow,SPDX-2.3,100,99,2,"gem,npm",99,0,False,2025-02-12T12:34:37Z,False,1
20250401_544_sbom_data.json,com.github.tjhv10/CarAuctionAutomation,SPDX-2.3,1,0,0,,0,0,False,2025-04-05T13:33:38Z,True,2
20250416_1174_sbom_data.json,com.github.dinocom33/read-text-from-image-or-pdf,SPDX-2.3,1,0,0,,0,0,False,2025-04-16T19:40:34Z,False,1
20250425_1660_sbom_data.json,com.github.Rafasuar/gameproject,SPDX-2.3,1,0,0,,0,0,False,2025-04-25T20:48:18Z,False,1
20250302_1099_sbom_data.json,com.github.Ycyber13/testing13,SPDX-2.3,5,4,1,github_actions,4,0,False,2025-03-02T13:08:06Z,False,1
20250317_763_sbom_data.json,com.github.jsyoo8/18_Arduino_Edu,SPDX-2.3,1,0,0,,0,0,False,2025-03-17T12:33:42Z,False,1
20250420_1026_sbom_data.json,com.github.cfugsss/WeatherTwitterBot,SPDX-2.3,1,0,0,,0,0,False,2025-04-20T11:24:55Z,False,1
20250404_588_sbom_data.json,com.github.chhanaktank/Sentiment-Analysis-on-Amazon-musical-instrument-reviews,SPDX-2.3,1,0,0,,0,0,False,2025-04-05T17:20:21Z,False,1
20250407_598_sbom_data.json,com.github.podop29/32.2,SPDX-2.3,84,83,1,npm,83,0,False,2025-04-07T11:10:44Z,False,1
20250225_53_sbom_data.json,com.github.jasonsu1983/datasciencecoursera,SPDX-2.3,1,0,0,,0,0,False,2025-02-25T13:08:17Z,False,1
20250214_993_sbom_data.json,com.github.Mary-Grigoryan/TestCollaboration,SPDX-2.3,1,0,0,,0,0,False,2025-02-14T12:56:52Z,False,1
20250401_689_sbom_data.json,com.github.darvesh2/First-test-Repo-2018,SPDX-2.3,1,0,0,,0,0,False,2025-04-05T13:35:48Z,True,2
20250219_849_sbom_data.json,com.github.Ashiegbu/zero_day,SPDX-2.3,1,0,0,,0,0,False,2025-02-19T11:18:46Z,False,1
20250320_1586_sbom_data.json,com.github.revengelesly/mall,SPDX-2.3,1,0,0,,0,0,False,2025-03-20T14:28:15Z,False,1
20250502_jumbo_12653_sbom_data.json,com.github.sanity-tests-user/34451543829392,SPDX-2.3,1,0,0,,0,0,False,2025-05-03T15:44:55Z,False,1
20250217_437_sbom_data.json,com.github.MayraQuinta/finanzas,SPDX-2.3,1,0,0,,0,0,False,2025-02-17T11:25:20Z,False,1
20250408_1173_sbom_data.json,com.github.iFarhanAli/ReactJS-Puzzle-Game,SPDX-2.3,1022,1021,1,npm,1021,0,False,2025-04-09T12:17:43Z,False,1
20250424_63_sbom_data.json,com.github.nileshverma054/ignite_api,SPDX-2.3,35,34,1,pypi,34,0,False,2025-04-24T11:41:52Z,False,1
20250228_1434_sbom_data.json,com.github.chunyuema/spring-framework-pet-clinic,SPDX-2.3,17,16,1,maven,4,0,True,2025-02-28T18:09:46Z,False,1
20250212_151_sbom_data.json,com.github.santoshpattanaik/Spring-Boot-Microservice-Project,SPDX-2.3,13,12,1,maven,5,0,True,2025-02-12T12:31:27Z,False,1
20250309_1045_sbom_data.json,com.github.jaygohel244/bicycle,SPDX-2.3,1,0,0,,0,0,False,2025-03-09T13:02:26Z,False,1
20250502_jumbo_11455_sbom_data.json,com.github.MariaBatasheva/MariaBatasheva,SPDX-2.3,1,0,0,,0,0,False,2025-05-03T14:37:07Z,False,1
20250331_261_sbom_data.json,com.github.mlang/bluepairy,SPDX-2.3,1,0,0,,0,0,False,2025-03-31T09:56:49Z,True,2
20250410_1693_sbom_data.json,com.github.krishsah01/Lab_04_03_MonthyCCBalance,SPDX-2.3,1,0,0,,0,0,False,2025-04-10T11:55:51Z,False,1
20250410_1468_sbom_data.json,com.github.trofimchuk-t/worker-service-template,SPDX-2.3,4,3,1,nuget,3,0,False,2025-04-10T11:53:20Z,False,1
20250420_376_sbom_data.json,com.github.JeremyTheWizard/brownie-starter-kit,SPDX-2.3,1,0,0,,0,0,False,2025-04-20T11:12:20Z,False,1
20250226_423_sbom_data.json,com.github.Jimenez3214/Arcade_Snake,SPDX-2.3,1,0,0,,0,0,False,2025-02-26T12:32:48Z,False,1
20250322_649_sbom_data.json,com.github.pardeshimilind/stage1,SPDX-2.3,1,0,0,,0,0,False,2025-03-22T14:40:19Z,False,1
20250323_722_sbom_data.json,com.github.AshishKukreti2003/LeetCode,SPDX-2.3,1,0,0,,0,0,False,2025-03-23T12:25:24Z,False,1
20250313_1559_sbom_data.json,com.github.sriram-ayitha/tutorial-huB1,SPDX-2.3,1,0,0,,0,0,False,2025-03-13T02:07:44Z,True,2
20250325_260_sbom_data.json,com.github.Caua70/projeto25,SPDX-2.3,1,0,0,,0,0,False,2025-03-25T12:09:10Z,False,1
20250327_8_sbom_data.json,com.github.matrimusic/matrimusic,SPDX-2.3,1,0,0,,0,0,False,2025-03-27T11:41:42Z,False,1
20250319_686_sbom_data.json,com.github.sau44rabh/DEMO-REPO-DEV,SPDX-2.3,1,0,0,,0,0,False,2025-03-19T09:05:43Z,False,1
20250428_431_sbom_data.json,com.github.DipanjanKhan/PYLS,SPDX-2.3,1,0,0,,0,0,False,2025-04-28T10:35:05Z,False,1
20250419_1275_sbom_data.json,com.github.rmarro/team-test,SPDX-2.3,1,0,0,,0,0,False,2025-04-19T17:00:10Z,False,1
20250213_822_sbom_data.json,com.github.Zaiens/Baticueva-VivaFeliz,SPDX-2.3,554,553,1,npm,534,0,False,2025-02-13T12:54:39Z,False,1
20250422_973_sbom_data.json,com.github.ak2consulting/collecta-rb,SPDX-2.3,1,0,0,,0,0,False,2025-04-23T21:41:25Z,False,1
20250424_848_sbom_data.json,com.github.MashaMoreva/wish-list,SPDX-2.3,61,60,1,npm,60,0,False,2025-04-24T12:00:20Z,False,1
20250319_1588_sbom_data.json,com.github.Gjt20021214/main.py,SPDX-2.3,1,0,0,,0,0,False,2025-03-19T10:12:39Z,False,1
20250215_240_sbom_data.json,com.github.jakkkc/mL.Intro,SPDX-2.3,1,0,0,,0,0,False,2025-02-15T14:49:08Z,False,1
20250318_689_sbom_data.json,com.github.samdt/rep,SPDX-2.3,1,0,0,,0,0,False,2025-03-18T15:59:55Z,False,1
20250218_745_sbom_data.json,com.github.codeapril/learn-github-project1,SPDX-2.3,1,0,0,,0,0,False,2025-02-18T12:29:06Z,False,1
20250414_194_sbom_data.json,com.github.shivampandeypandey/Assignment,SPDX-2.3,1,0,0,,0,0,False,2025-04-14T09:02:57Z,False,1
20250428_337_sbom_data.json,com.github.AndreiAlCohole/Frc-2019,SPDX-2.3,1,0,0,,0,0,False,2025-04-28T10:33:39Z,False,1
20250325_1640_sbom_data.json,com.github.johnliu-tw/jsb-final-js009,SPDX-2.3,1,0,0,,0,0,False,2025-03-25T14:25:59Z,False,1
20250313_210_sbom_data.json,com.github.tracelabs/tlosint-vm,SPDX-2.3,6,5,1,github_actions,2,3,False,2025-03-13T12:26:24Z,False,1
20250309_295_sbom_data.json,com.github.hoperong/zhibo,SPDX-2.3,11,10,1,pypi,10,0,False,2025-03-09T12:41:09Z,False,1
20250502_jumbo_14357_sbom_data.json,com.github.arwavastaniii/Project-35,SPDX-2.3,1,0,0,,0,0,False,2025-05-03T19:48:12Z,False,1
20250425_977_sbom_data.json,com.github.rahulverma10/springBoot-demo,SPDX-2.3,1,0,0,,0,0,False,2025-04-25T19:50:08Z,False,1
20250419_615_sbom_data.json,com.github.glowmonster/yiyun-java,SPDX-2.3,30,29,1,maven,25,0,False,2025-04-19T15:46:01Z,False,1
20250225_458_sbom_data.json,com.github.paulorcastro/HTML-NP1,SPDX-2.3,1,0,0,,0,0,False,2025-02-25T13:13:35Z,False,1
20250319_1365_sbom_data.json,com.github.hsaka-123/Power-Bi-Dashboard-Report,SPDX-2.3,1,0,0,,0,0,False,2025-03-19T10:08:26Z,False,1
20250217_1478_sbom_data.json,com.github.ekamperi/experimentation,SPDX-2.3,1,0,0,,0,0,False,2025-02-17T12:42:12Z,False,1
20250417_1606_sbom_data.json,com.github.siomaramartinez/proyectoo,SPDX-2.3,1,0,0,,0,0,False,2025-04-17T13:45:47Z,False,1
20250426_724_sbom_data.json,com.github.Larisa418/hello-world,SPDX-2.3,1,0,0,,0,0,False,2025-04-26T10:21:26Z,False,1
20250224_397_sbom_data.json,com.github.95088vishal/code-with-Vishal,SPDX-2.3,1,0,0,,0,0,False,2025-02-24T14:28:11Z,False,1
20250321_1181_sbom_data.json,com.github.hamoeElkzazz/hamoeElkzazz,SPDX-2.3,1,0,0,,0,0,False,2025-03-21T12:49:39Z,False,1
20250316_25_sbom_data.json,com.github.BeamNG/lua.vm.js,SPDX-2.3,1,0,0,,0,0,False,2025-03-16T11:31:36Z,False,1
