similarity,sbom_a,sbom_b,shared_count,shared_weight
1.0,20250416_657_sbom_data.json,20250325_816_sbom_data.json,94,427.1264837789439
1.0,20250210_1258_sbom_data.json,20250217_1222_sbom_data.json,1,3.9036926018718257
1.0,20250210_1258_sbom_data.json,20250208_1394_sbom_data.json,1,3.9036926018718257
1.0,20250208_1394_sbom_data.json,20250217_1222_sbom_data.json,1,3.9036926018718257
0.989271937864795,20250416_657_sbom_data.json,20250415_1518_sbom_data.json,94,427.1264837789439
0.989271937864795,20250325_816_sbom_data.json,20250415_1518_sbom_data.json,94,427.1264837789439
0.9261664526778326,20250306_550_sbom_data.json,20250315_1221_sbom_data.json,631,1918.2200831737025
0.9189482727149024,20250303_1483_sbom_data.json,20250415_1518_sbom_data.json,94,426.7900115423227
0.9089749720972083,20250416_657_sbom_data.json,20250303_1483_sbom_data.json,93,422.15808044007963
0.9089749720972083,20250303_1483_sbom_data.json,20250325_816_sbom_data.json,93,422.15808044007963
0.8686659586313589,20250502_jumbo_13314_sbom_data.json,20250315_1221_sbom_data.json,621,1889.4057298772839
0.8658630932660917,20250306_550_sbom_data.json,20250502_jumbo_13314_sbom_data.json,613,1857.5564992258705
0.8552220948781512,20250215_283_sbom_data.json,20250502_jumbo_13314_sbom_data.json,649,2007.468892539507
0.8038020052045601,20250215_283_sbom_data.json,20250315_1221_sbom_data.json,629,1934.5305137665496
0.7977879801624079,20250315_1221_sbom_data.json,20250315_1483_sbom_data.json,640,1953.477708415819
0.7852596597910785,20250306_550_sbom_data.json,20250315_1483_sbom_data.json,629,1909.202659216913
0.7801899508234625,20250306_550_sbom_data.json,20250215_283_sbom_data.json,616,1875.6149653486016
0.7678544408004071,20250502_jumbo_13314_sbom_data.json,20250315_1483_sbom_data.json,629,1917.8898453451013
0.7347471900317334,20250307_139_sbom_data.json,20250502_jumbo_979_sbom_data.json,661,1915.2420724971
0.6846126519822879,20250215_283_sbom_data.json,20250315_1483_sbom_data.json,625,1906.9524224512302
0.6385116117648114,20250307_139_sbom_data.json,20250426_1120_sbom_data.json,783,2308.722029694069
0.6370577245517577,20250210_447_sbom_data.json,20250217_1561_sbom_data.json,349,1315.8113028560954
0.5943199166071561,20250502_jumbo_979_sbom_data.json,20250327_1532_sbom_data.json,651,1904.764942915816
0.582009869105843,20250307_139_sbom_data.json,20250301_261_sbom_data.json,741,2181.14982692648
0.5231096744124051,20250308_194_sbom_data.json,20250302_1466_sbom_data.json,356,1231.7731601304029
0.5138331941935351,20250502_jumbo_979_sbom_data.json,20250301_261_sbom_data.json,673,1956.6343812365633
0.5096608609299226,20250301_261_sbom_data.json,20250426_1120_sbom_data.json,805,2419.62702198362
0.5069427998908506,20250307_139_sbom_data.json,20250327_1532_sbom_data.json,614,1774.1748526158788
0.5002413367971229,20250502_jumbo_979_sbom_data.json,20250426_1120_sbom_data.json,663,1920.7159302570258
0.4996053530987668,20250210_447_sbom_data.json,20250502_jumbo_14282_sbom_data.json,300,1083.8097278327114
0.485045800336812,20250502_jumbo_14282_sbom_data.json,20250217_1561_sbom_data.json,279,1005.2048314737381
0.4824635286558743,20250419_1455_sbom_data.json,20250227_1478_sbom_data.json,107,510.59450216451864
0.45666942200482646,20250307_139_sbom_data.json,20250306_550_sbom_data.json,467,1350.238236011681
0.44588267049635283,20250301_261_sbom_data.json,20250327_1532_sbom_data.json,663,2009.5860473300716
0.44079790831603743,20250307_139_sbom_data.json,20250315_1221_sbom_data.json,462,1336.5111271154583
0.4388662327194843,20250412_1423_sbom_data.json,20250214_449_sbom_data.json,405,1173.7326692376519
0.4352286557716904,20250405_1585_sbom_data.json,20250215_700_sbom_data.json,46,207.79947814440774
0.431681038901406,20250502_jumbo_979_sbom_data.json,20250412_1423_sbom_data.json,457,1314.517663448507
0.4269892831534908,20250307_139_sbom_data.json,20250502_jumbo_13314_sbom_data.json,453,1311.2165463104657
0.4246205746011441,20250502_jumbo_979_sbom_data.json,20250214_449_sbom_data.json,401,1146.4121998181213
0.41800010750673877,20250307_1428_sbom_data.json,20250502_jumbo_11496_sbom_data.json,1,4.226465994134877
0.4178954190852181,20250327_1532_sbom_data.json,20250426_1120_sbom_data.json,650,1919.369804964523
0.4031029245975959,20250219_1142_sbom_data.json,20250306_771_sbom_data.json,21,99.86335392889592
0.39948987160506516,20250307_139_sbom_data.json,20250315_1483_sbom_data.json,466,1347.251744749644
0.39171567657576495,20250307_139_sbom_data.json,20250215_283_sbom_data.json,453,1311.2890997476159
0.38780643379219876,20250307_139_sbom_data.json,20250214_449_sbom_data.json,392,1120.6815076190178
0.37686313993509046,20250307_139_sbom_data.json,20250412_1423_sbom_data.json,432,1238.228096390117
0.373861949627734,20250306_550_sbom_data.json,20250502_jumbo_979_sbom_data.json,397,1127.340211417937
0.36037603062005724,20250502_jumbo_979_sbom_data.json,20250315_1221_sbom_data.json,392,1113.7636753801937
0.3597367819561569,20250306_550_sbom_data.json,20250301_261_sbom_data.json,506,1468.2186940980505
0.35580091898617877,20250426_1120_sbom_data.json,20250315_1483_sbom_data.json,525,1563.566938989395
0.3490272515617658,20250315_1221_sbom_data.json,20250301_261_sbom_data.json,500,1451.7531962631226
0.34628673537421606,20250502_jumbo_979_sbom_data.json,20250502_jumbo_13314_sbom_data.json,382,1084.8976808865734
0.34332007253208424,20250306_550_sbom_data.json,20250426_1120_sbom_data.json,488,1417.2522333508941
0.3431310406279973,20250315_1221_sbom_data.json,20250426_1120_sbom_data.json,490,1432.4061149638476
0.34126237665241854,20250419_1455_sbom_data.json,20250319_857_sbom_data.json,106,506.26267565472597
0.34080983787050023,20250412_1423_sbom_data.json,20250327_1532_sbom_data.json,444,1299.2896262524446
0.3382558171711857,20250301_261_sbom_data.json,20250315_1483_sbom_data.json,515,1507.0292539740296
0.336239711256379,20250502_jumbo_13314_sbom_data.json,20250301_261_sbom_data.json,488,1415.3504698060453
0.3331534989426477,20250405_1585_sbom_data.json,20250421_528_sbom_data.json,46,211.3830835455972
0.3276034554846037,20250215_700_sbom_data.json,20250421_528_sbom_data.json,40,174.50792005749705
0.3245840308849311,20250502_jumbo_979_sbom_data.json,20250315_1483_sbom_data.json,393,1116.2991234749022
0.3240478903193265,20250502_jumbo_13314_sbom_data.json,20250426_1120_sbom_data.json,473,1375.5488863397788
0.3206796150863045,20250214_449_sbom_data.json,20250327_1532_sbom_data.json,384,1116.5274513155089
0.3193228888209763,20250502_jumbo_979_sbom_data.json,20250215_283_sbom_data.json,383,1087.859196120908
0.31756393538561845,20250215_283_sbom_data.json,20250301_261_sbom_data.json,490,1422.3966208390755
0.3130073791023935,20250215_283_sbom_data.json,20250426_1120_sbom_data.json,481,1405.837857811205
0.30686702224993867,20250219_1142_sbom_data.json,20250411_866_sbom_data.json,23,106.15453666118145
0.3031209051844898,20250412_1423_sbom_data.json,20250301_261_sbom_data.json,462,1341.3512106568755
0.30116598157963276,20250319_857_sbom_data.json,20250227_1478_sbom_data.json,130,579.9962082087153
0.2960249868021251,20250411_866_sbom_data.json,20250418_1115_sbom_data.json,38,196.34465572038098
0.2852791238054127,20250214_449_sbom_data.json,20250301_261_sbom_data.json,402,1165.976493075098
0.2810239801505506,20250412_1423_sbom_data.json,20250426_1120_sbom_data.json,440,1264.0862256921043
0.27468289017338726,20250214_449_sbom_data.json,20250426_1120_sbom_data.json,395,1131.0833246748866
0.27262321231189646,20250402_1511_sbom_data.json,20250317_1341_sbom_data.json,89,341.47162689603107
0.27124842640564123,20250323_91_sbom_data.json,20250308_194_sbom_data.json,233,733.2535660165964
0.26640103814933,20250502_jumbo_3179_sbom_data.json,20250412_1423_sbom_data.json,310,903.939309525599
0.2638054103369824,20250307_139_sbom_data.json,20250308_194_sbom_data.json,313,894.2354016679341
0.2627731675942693,20250502_jumbo_3179_sbom_data.json,20250214_449_sbom_data.json,271,787.3631576355011
0.2607732562125046,20250502_jumbo_12963_sbom_data.json,20250311_1388_sbom_data.json,27,107.06702597175791
0.25627069980317463,20250315_1221_sbom_data.json,20250327_1532_sbom_data.json,350,1011.0600763678771
0.2509558270904329,20250219_1451_sbom_data.json,20250217_1222_sbom_data.json,1,3.9036926018718257
0.2509558270904329,20250219_1451_sbom_data.json,20250208_1394_sbom_data.json,1,3.9036926018718257
0.2509558270904329,20250210_1258_sbom_data.json,20250219_1451_sbom_data.json,1,3.9036926018718257
0.2481767189712417,20250306_550_sbom_data.json,20250327_1532_sbom_data.json,343,973.2299900175974
0.24688602286083058,20250306_550_sbom_data.json,20250302_1466_sbom_data.json,241,714.6772918106454
0.2437162588008613,20250502_jumbo_979_sbom_data.json,20250308_194_sbom_data.json,286,807.3031622507592
0.23945834602515434,20250315_1221_sbom_data.json,20250302_1466_sbom_data.json,239,709.229132738541
0.23908888415560117,20250327_1532_sbom_data.json,20250315_1483_sbom_data.json,359,1024.107987990398
0.23652526370326102,20250411_866_sbom_data.json,20250306_771_sbom_data.json,16,71.18627527028264
0.23424330269419008,20250502_jumbo_13314_sbom_data.json,20250327_1532_sbom_data.json,332,943.2150719133699
0.23263209783006128,20250215_283_sbom_data.json,20250327_1532_sbom_data.json,343,990.1886128113034
0.23159115073864406,20250407_203_sbom_data.json,20250315_1483_sbom_data.json,215,664.6756163115255
0.2308785978715879,20250419_491_sbom_data.json,20250323_91_sbom_data.json,128,433.05265255260076
0.22919484511973356,20250502_jumbo_3179_sbom_data.json,20250502_jumbo_979_sbom_data.json,281,800.8719652701894
0.2281404961654524,20250502_jumbo_3179_sbom_data.json,20250327_1532_sbom_data.json,319,937.5677336725619
0.2278123228426779,20250502_jumbo_3179_sbom_data.json,20250307_82_sbom_data.json,328,996.2676332295287
0.22333435751784617,20250302_1466_sbom_data.json,20250315_1483_sbom_data.json,246,734.2970074883613
0.22310077563148958,20250502_jumbo_13314_sbom_data.json,20250302_1466_sbom_data.json,227,672.0845596437958
0.21095591600826016,20250407_203_sbom_data.json,20250302_1466_sbom_data.json,162,488.41368358975666
0.21068074264156242,20250320_100_sbom_data.json,20250214_449_sbom_data.json,133,391.15147056703296
0.2095770706458077,20250215_283_sbom_data.json,20250302_1466_sbom_data.json,230,686.3604739518152
0.2073684208265942,20250419_491_sbom_data.json,20250214_449_sbom_data.json,149,426.04196783571996
0.20666012947092777,20250323_91_sbom_data.json,20250327_1532_sbom_data.json,260,758.1009424281217
0.20485617586839147,20250316_1292_sbom_data.json,20250402_1511_sbom_data.json,79,272.01880493838394
0.20342019887406212,20250502_jumbo_3179_sbom_data.json,20250502_jumbo_14282_sbom_data.json,172,607.0127339615392
0.20307286813541472,20250308_194_sbom_data.json,20250426_1120_sbom_data.json,324,932.1498898034462
0.20125396748960944,20250502_jumbo_979_sbom_data.json,20250323_91_sbom_data.json,217,615.6012507297215
0.2002879550401417,20250308_194_sbom_data.json,20250301_261_sbom_data.json,318,922.2100337553871
0.19963060577608194,20250502_jumbo_3179_sbom_data.json,20250320_100_sbom_data.json,150,448.7501007940129
0.199295179481413,20250502_jumbo_979_sbom_data.json,20250302_1466_sbom_data.json,227,635.5281984691592
0.1992753741958177,20250502_jumbo_3179_sbom_data.json,20250419_491_sbom_data.json,167,486.76704034998
0.1985327489403481,20250307_139_sbom_data.json,20250302_1466_sbom_data.json,234,660.7012041352409
0.19679803013565067,20250306_550_sbom_data.json,20250319_857_sbom_data.json,192,563.5639511120612
0.19664555115647264,20250306_550_sbom_data.json,20250407_203_sbom_data.json,173,513.036857648164
0.1959549118251856,20250407_203_sbom_data.json,20250315_1221_sbom_data.json,175,521.6219113206345
0.19543821028835384,20250320_100_sbom_data.json,20250323_91_sbom_data.json,119,339.3860996485075
0.19540056562568026,20250502_jumbo_3179_sbom_data.json,20250307_139_sbom_data.json,258,728.9302204516775
0.19515629719522293,20250306_550_sbom_data.json,20250502_jumbo_14282_sbom_data.json,187,561.4903598164068
0.19487408386132554,20250502_jumbo_14282_sbom_data.json,20250315_1483_sbom_data.json,208,628.1245797836209
0.1926544287074461,20250315_1221_sbom_data.json,20250319_857_sbom_data.json,192,563.5639511120612
0.19151152458713366,20250315_1221_sbom_data.json,20250502_jumbo_14282_sbom_data.json,187,562.5889721050748
0.19126889871461358,20250502_jumbo_13314_sbom_data.json,20250407_203_sbom_data.json,173,513.321592732873
0.1907989547766893,20250214_449_sbom_data.json,20250319_857_sbom_data.json,178,501.63468509180706
0.1881519152090145,20250308_194_sbom_data.json,20250327_1532_sbom_data.json,269,771.4814455575286
0.18708756849383995,20250306_550_sbom_data.json,20250412_1423_sbom_data.json,228,653.208518131468
0.18560871973112344,20250412_1423_sbom_data.json,20250307_82_sbom_data.json,296,850.6904964363945
0.1848300563147364,20250419_491_sbom_data.json,20250410_1473_sbom_data.json,136,462.79631577378325
0.18417010057630293,20250412_1423_sbom_data.json,20250315_1483_sbom_data.json,245,708.797942293494
0.18359334538461505,20250502_jumbo_13314_sbom_data.json,20250502_jumbo_14282_sbom_data.json,180,545.0336188534046
0.1833155423820624,20250307_82_sbom_data.json,20250327_1532_sbom_data.json,328,958.0089979995687
0.18315129169075844,20250315_1221_sbom_data.json,20250412_1423_sbom_data.json,226,651.1269854344978
0.18293793814615594,20250302_1466_sbom_data.json,20250301_261_sbom_data.json,280,808.9997768970676
0.1809806721417564,20250217_1561_sbom_data.json,20250317_1341_sbom_data.json,85,330.8674543748727
0.1801419771068961,20250227_1478_sbom_data.json,20250317_1341_sbom_data.json,66,244.03044294240567
0.17960796775937998,20250502_jumbo_13314_sbom_data.json,20250412_1423_sbom_data.json,221,642.5066399487517
0.17949766028161704,20250215_283_sbom_data.json,20250217_1561_sbom_data.json,184,596.3440733506043
0.1789632898233971,20250210_447_sbom_data.json,20250502_jumbo_3179_sbom_data.json,168,591.2062591889959
0.17878523949339392,20250419_491_sbom_data.json,20250502_jumbo_979_sbom_data.json,158,453.79254171423236
0.177907590208407,20250215_283_sbom_data.json,20250407_203_sbom_data.json,176,524.6835272692107
0.1778288595149865,20250325_132_sbom_data.json,20250427_65_sbom_data.json,1,6.172376143190189
0.17779000384379864,20250306_550_sbom_data.json,20250308_194_sbom_data.json,207,589.4398404556737
0.1776617520673182,20250412_1423_sbom_data.json,20250319_857_sbom_data.json,194,549.7524682148936
0.17709827372335954,20250502_jumbo_3179_sbom_data.json,20250426_1120_sbom_data.json,292,857.2458572111656
0.17546326408049454,20250502_jumbo_13314_sbom_data.json,20250217_1561_sbom_data.json,172,543.6253865685902
0.17516642231939245,20250502_jumbo_13314_sbom_data.json,20250319_857_sbom_data.json,179,522.0475929777085
0.17453542338848152,20250307_82_sbom_data.json,20250426_1120_sbom_data.json,337,1015.6184863168774
0.1740702231503388,20250502_jumbo_3179_sbom_data.json,20250217_1561_sbom_data.json,156,551.4118475466009
0.1738542969068175,20250214_449_sbom_data.json,20250307_82_sbom_data.json,253,728.763406938789
0.1734447509085911,20250211_1366_sbom_data.json,20250226_632_sbom_data.json,93,313.6409449735782
0.17322246400493188,20250320_100_sbom_data.json,20250412_1423_sbom_data.json,138,407.6713842284942
0.1726554540860447,20250315_1221_sbom_data.json,20250308_194_sbom_data.json,205,583.9916813835692
0.17262223416045275,20250419_491_sbom_data.json,20250226_632_sbom_data.json,75,223.34742392508488
0.17195026917509929,20250502_jumbo_979_sbom_data.json,20250307_82_sbom_data.json,279,796.9912688530856
0.17080820455332257,20250419_491_sbom_data.json,20250412_1423_sbom_data.json,153,436.7814432653269
0.16985264872182057,20250210_447_sbom_data.json,20250502_jumbo_13314_sbom_data.json,179,554.2539165958136
0.16982373440878498,20250306_550_sbom_data.json,20250214_449_sbom_data.json,187,527.1570288388613
0.16923024735281955,20250226_632_sbom_data.json,20250320_100_sbom_data.json,67,185.89926078430324
0.16900184222238543,20250214_1461_sbom_data.json,20250502_jumbo_11496_sbom_data.json,1,4.226465994134877
0.16884373570138445,20250319_857_sbom_data.json,20250315_1483_sbom_data.json,190,554.697100013751
0.16872234969216662,20250214_449_sbom_data.json,20250410_1473_sbom_data.json,188,551.6134314891058
0.1681980881496103,20250502_jumbo_13314_sbom_data.json,20250308_194_sbom_data.json,201,573.0324504911531
0.1675832830467928,20250323_91_sbom_data.json,20250426_1120_sbom_data.json,241,728.7060745754296
0.16721548981158832,20250308_194_sbom_data.json,20250315_1483_sbom_data.json,214,618.5324491165096
0.1652598880371054,20250323_91_sbom_data.json,20250302_1466_sbom_data.json,145,445.48392987201265
0.16456568669698338,20250315_1221_sbom_data.json,20250214_449_sbom_data.json,185,521.8452930088272
0.1641881804124031,20250307_139_sbom_data.json,20250323_91_sbom_data.json,194,541.3728971456007
0.16386269178126223,20250215_283_sbom_data.json,20250412_1423_sbom_data.json,219,633.0806416391044
0.1626053345344467,20250215_283_sbom_data.json,20250502_jumbo_14282_sbom_data.json,176,530.1527687000647
0.16256241406398392,20250502_jumbo_3179_sbom_data.json,20250301_261_sbom_data.json,274,797.3188472915239
0.16182941141425927,20250219_1142_sbom_data.json,20250418_1115_sbom_data.json,25,116.31448689022417
0.16175258798818434,20250502_jumbo_979_sbom_data.json,20250319_857_sbom_data.json,182,507.1082782596516
0.16161575308475942,20250210_447_sbom_data.json,20250215_283_sbom_data.json,182,569.6242905349615
0.1609087967062115,20250215_283_sbom_data.json,20250308_194_sbom_data.json,205,590.0046422525274
0.16008695832842337,20250214_449_sbom_data.json,20250315_1483_sbom_data.json,198,558.0592339418591
0.15924415344011994,20250214_449_sbom_data.json,20250502_jumbo_14282_sbom_data.json,149,431.63427933357724
0.1583667243226471,20250215_283_sbom_data.json,20250319_857_sbom_data.json,177,516.6652945711659
0.15779865319629333,20250302_1466_sbom_data.json,20250426_1120_sbom_data.json,250,712.3989227652613
0.15773213006437642,20250320_100_sbom_data.json,20250327_1532_sbom_data.json,159,478.37543794999453
0.1576458284286319,20250307_82_sbom_data.json,20250301_261_sbom_data.json,310,931.3015889903459
0.15760486847821395,20250307_139_sbom_data.json,20250307_82_sbom_data.json,268,761.9101586184228
0.15689144913602243,20250412_1423_sbom_data.json,20250410_1473_sbom_data.json,200,587.7997250279196
0.15489357192963077,20250407_203_sbom_data.json,20250308_194_sbom_data.json,140,415.638772264686
0.1544577881367315,20250502_jumbo_13314_sbom_data.json,20250214_449_sbom_data.json,176,495.89000029902775
0.15429341397731738,20250327_1532_sbom_data.json,20250410_1473_sbom_data.json,226,679.6301110707774
0.15387292758224597,20250426_1120_sbom_data.json,20250410_1473_sbom_data.json,240,764.7821265897988
0.1525134151412016,20250412_1423_sbom_data.json,20250302_1466_sbom_data.json,172,506.3442624104977
0.1512143214503833,20250502_jumbo_3179_sbom_data.json,20250410_1473_sbom_data.json,181,560.8550842017861
0.15091591308014093,20250419_491_sbom_data.json,20250426_1120_sbom_data.json,185,576.2485730560404
0.15071196949426965,20250307_139_sbom_data.json,20250419_491_sbom_data.json,145,413.37717318638437
0.15063862049680019,20250307_139_sbom_data.json,20250319_857_sbom_data.json,179,498.32516649495284
0.15004086095470437,20250419_491_sbom_data.json,20250307_82_sbom_data.json,178,530.5122795556072
0.1499643710024596,20250419_491_sbom_data.json,20250320_100_sbom_data.json,65,181.72173093701102
0.14917756673553112,20250211_1366_sbom_data.json,20250214_449_sbom_data.json,142,400.5112093975299
0.1482951646552165,20250502_jumbo_3179_sbom_data.json,20250323_91_sbom_data.json,159,466.4530686637388
0.14716655625822816,20250502_jumbo_12963_sbom_data.json,20250226_632_sbom_data.json,33,124.97498922316792
0.146888064515886,20250329_223_sbom_data.json,20250315_1483_sbom_data.json,125,480.5222396676215
0.14676599334464688,20250210_447_sbom_data.json,20250315_1483_sbom_data.json,179,531.7703033240508
0.1465330113752446,20250323_91_sbom_data.json,20250410_1473_sbom_data.json,137,466.3789218291631
0.14581626375921783,20250502_jumbo_14282_sbom_data.json,20250319_857_sbom_data.json,125,373.8998191752776
0.14545681597249613,20250307_82_sbom_data.json,20250410_1473_sbom_data.json,211,686.5754550169924
0.14434028976989666,20250405_877_sbom_data.json,20250209_351_sbom_data.json,1,5.325078282802986
0.1432893019744915,20250402_1511_sbom_data.json,20250217_1561_sbom_data.json,84,330.9570762940377
0.1422947347103892,20250407_203_sbom_data.json,20250418_910_sbom_data.json,82,278.9152286541813
0.14222497645017176,20250319_857_sbom_data.json,20250406_1002_sbom_data.json,83,256.87164454450345
0.1415052907077918,20250217_1561_sbom_data.json,20250315_1483_sbom_data.json,162,493.31108246580953
0.14142467968020517,20250407_203_sbom_data.json,20250502_jumbo_14282_sbom_data.json,104,326.21297171760585
0.14098567362247774,20250323_832_sbom_data.json,20250427_294_sbom_data.json,2,8.501722152439186
0.14059723030977447,20250210_447_sbom_data.json,20250306_550_sbom_data.json,157,461.2980410049551
0.13996645797843205,20250419_491_sbom_data.json,20250327_1532_sbom_data.json,160,459.6940530405355
0.13942635630947348,20250215_283_sbom_data.json,20250214_449_sbom_data.json,173,487.40525468452165
0.13839186022996042,20250210_447_sbom_data.json,20250315_1221_sbom_data.json,157,462.4294431164462
0.13680940222117843,20250307_1428_sbom_data.json,20250214_1461_sbom_data.json,1,4.226465994134877
0.13639121391623282,20250211_1366_sbom_data.json,20250412_1423_sbom_data.json,154,431.917768652064
0.13616659965909628,20250306_550_sbom_data.json,20250217_1561_sbom_data.json,143,427.46478056505833
0.13417630472503914,20250211_1366_sbom_data.json,20250502_jumbo_979_sbom_data.json,152,425.50452136967954
0.13394727528419476,20250315_1221_sbom_data.json,20250217_1561_sbom_data.json,143,428.5961826765494
0.1337543473697255,20250412_1423_sbom_data.json,20250308_194_sbom_data.json,170,486.25756658613636
0.13286336579876615,20250319_857_sbom_data.json,20250217_1561_sbom_data.json,118,359.60763275249695
0.13267469338451898,20250324_396_sbom_data.json,20250427_294_sbom_data.json,4,16.083351287054477
0.13257394165466524,20250502_jumbo_3179_sbom_data.json,20250226_632_sbom_data.json,105,330.13882432469586
0.13083681946084574,20250323_91_sbom_data.json,20250307_82_sbom_data.json,179,549.4244500428483
0.1296293071239554,20250210_447_sbom_data.json,20250407_203_sbom_data.json,107,336.97448078833463
0.12907067720047743,20250211_1366_sbom_data.json,20250217_1561_sbom_data.json,102,345.3195723161478
0.12905588287524863,20250306_771_sbom_data.json,20250418_1115_sbom_data.json,19,86.3146288381896
0.12874078542588815,20250215_283_sbom_data.json,20250402_1511_sbom_data.json,114,382.5005210555199
0.1284706535744537,20250301_261_sbom_data.json,20250417_234_sbom_data.json,195,637.8572179669068
0.12800286548798304,20250407_203_sbom_data.json,20250217_1561_sbom_data.json,99,313.3058895507849
0.12773642499392787,20250502_jumbo_979_sbom_data.json,20250502_jumbo_14282_sbom_data.json,146,413.83427040165463
0.1272673652743221,20250412_1423_sbom_data.json,20250502_jumbo_14282_sbom_data.json,141,412.70469540514534
0.12726388826752066,20250226_632_sbom_data.json,20250323_91_sbom_data.json,83,248.3306700034377
0.12678138353930707,20250226_632_sbom_data.json,20250311_1388_sbom_data.json,27,107.06702597175791
0.12629371919920598,20250407_203_sbom_data.json,20250426_1120_sbom_data.json,174,531.4549176602529
0.12588680048083264,20250502_jumbo_979_sbom_data.json,20250410_1473_sbom_data.json,170,484.41125269686955
0.12501178013683997,20250211_1366_sbom_data.json,20250319_857_sbom_data.json,105,320.16433661831775
0.12494943826720628,20250402_1511_sbom_data.json,20250315_1483_sbom_data.json,116,379.2447703705573
0.12426070988556037,20250320_1023_sbom_data.json,20250320_100_sbom_data.json,54,157.75458749288038
0.12423563131164267,20250226_632_sbom_data.json,20250327_1532_sbom_data.json,114,401.6832570559753
0.12254572577052844,20250302_1466_sbom_data.json,20250327_1532_sbom_data.json,179,499.5977888108903
0.12213749961401982,20250319_857_sbom_data.json,20250301_261_sbom_data.json,196,549.5568991464525
0.12147495187001867,20250502_jumbo_979_sbom_data.json,20250320_100_sbom_data.json,106,298.86773456657966
0.12021324989384634,20250307_139_sbom_data.json,20250407_203_sbom_data.json,132,375.71908065876573
0.1178866811624702,20250211_1366_sbom_data.json,20250502_jumbo_13314_sbom_data.json,118,364.54585351597757
0.11741781564549383,20250502_jumbo_14282_sbom_data.json,20250406_1002_sbom_data.json,74,217.9725857039589
0.11683573975876257,20250319_857_sbom_data.json,20250426_1120_sbom_data.json,188,527.7518675373117
0.11664081613917276,20250320_100_sbom_data.json,20250410_1473_sbom_data.json,91,285.5744722179039
0.11625437223758675,20250502_jumbo_14282_sbom_data.json,20250301_261_sbom_data.json,180,527.0290680139816
0.11555404122553645,20250210_447_sbom_data.json,20250211_1366_sbom_data.json,98,331.0863948327299
0.1152147060194948,20250306_550_sbom_data.json,20250406_1002_sbom_data.json,91,264.8398047102256
0.11520797905052733,20250307_139_sbom_data.json,20250502_jumbo_14282_sbom_data.json,139,394.4027180898775
0.11492139567343859,20250323_91_sbom_data.json,20250412_1423_sbom_data.json,134,378.94414650378104
0.11391269488223105,20250323_221_sbom_data.json,20250308_1329_sbom_data.json,1,5.07376385452208
0.11389100559966951,20250323_91_sbom_data.json,20250301_261_sbom_data.json,185,519.5415853678373
0.11386474597308915,20250210_447_sbom_data.json,20250319_857_sbom_data.json,110,331.3876665641112
0.11378914406069097,20250407_203_sbom_data.json,20250301_261_sbom_data.json,166,484.64542718472984
0.11344958826250609,20250502_jumbo_13314_sbom_data.json,20250402_1511_sbom_data.json,98,313.4964420256854
0.11322995784064561,20250320_100_sbom_data.json,20250307_82_sbom_data.json,135,389.9165433634473
0.11297418114074831,20250227_1478_sbom_data.json,20250217_1561_sbom_data.json,72,268.5197629421158
0.11284680257634143,20250315_1221_sbom_data.json,20250406_1002_sbom_data.json,91,266.19435037303094
0.11266709006165107,20250320_100_sbom_data.json,20250308_194_sbom_data.json,91,255.30029656779195
0.11263413233109303,20250214_449_sbom_data.json,20250308_194_sbom_data.json,132,365.2795332081212
0.11169535979476176,20250211_1366_sbom_data.json,20250307_139_sbom_data.json,136,377.87425906725184
0.11155249634424626,20250307_139_sbom_data.json,20250410_1473_sbom_data.json,160,451.26866569998793
0.11125306591008305,20250211_1366_sbom_data.json,20250215_283_sbom_data.json,121,373.7963732676948
0.11040009370063537,20250211_1366_sbom_data.json,20250406_1002_sbom_data.json,63,200.5883329973059
0.10918376297660558,20250406_1002_sbom_data.json,20250315_1483_sbom_data.json,97,292.96942365089234
0.10914628928363694,20250214_449_sbom_data.json,20250302_1466_sbom_data.json,117,326.01549355998793
0.10845191174102953,20250210_447_sbom_data.json,20250417_234_sbom_data.json,113,371.3609337928184
0.10789269659575061,20250419_491_sbom_data.json,20250301_261_sbom_data.json,150,428.38405046033256
0.10773499822734081,20250210_447_sbom_data.json,20250412_1423_sbom_data.json,132,385.0586691584821
0.10767956997653166,20250329_223_sbom_data.json,20250317_1341_sbom_data.json,54,187.7601557804723
0.10741925918039258,20250502_jumbo_14282_sbom_data.json,20250426_1120_sbom_data.json,166,490.4480439315698
0.10702995424552432,20250316_1292_sbom_data.json,20250315_1483_sbom_data.json,87,284.11769008471913
0.10675034835215629,20250226_632_sbom_data.json,20250307_82_sbom_data.json,118,381.6880200379823
0.1067415561811445,20250315_1221_sbom_data.json,20250402_1511_sbom_data.json,94,295.44384922381784
0.10621455514995566,20250215_283_sbom_data.json,20250317_1341_sbom_data.json,83,275.75681663094105
0.10550703831534873,20250303_1483_sbom_data.json,20250421_528_sbom_data.json,21,85.26135425345082
0.1048865847624477,20250319_857_sbom_data.json,20250327_1532_sbom_data.json,150,417.14140438539033
0.10482364992424302,20250323_91_sbom_data.json,20250214_449_sbom_data.json,109,300.09933439834026
0.10466623898356772,20250502_jumbo_979_sbom_data.json,20250407_203_sbom_data.json,113,316.17263961955933
0.10436652879996812,20250417_234_sbom_data.json,20250315_1483_sbom_data.json,138,415.22733050783347
0.10383021647189612,20250320_1023_sbom_data.json,20250410_1473_sbom_data.json,80,282.23871321268786
0.10377783105376263,20250412_1423_sbom_data.json,20250217_1561_sbom_data.json,121,355.7401761156734
0.10360656355921523,20250307_82_sbom_data.json,20250407_861_sbom_data.json,110,396.87858570083006
0.10354770792229462,20250407_203_sbom_data.json,20250323_91_sbom_data.json,86,248.99883200462838
0.10334315328281278,20250421_528_sbom_data.json,20250415_1518_sbom_data.json,20,81.08140827495083
0.1033235091254744,20250407_203_sbom_data.json,20250316_1292_sbom_data.json,47,161.08827501125094
0.10274713728147246,20250302_1466_sbom_data.json,20250406_1002_sbom_data.json,72,209.19178048209207
0.10202837727550479,20250301_261_sbom_data.json,20250407_861_sbom_data.json,123,422.18112116879394
0.10153409156898509,20250306_550_sbom_data.json,20250402_1511_sbom_data.json,89,276.6817518114519
0.10028577756908487,20250407_861_sbom_data.json,20250417_234_sbom_data.json,79,272.6620797379945
0.09989862393783744,20250302_1466_sbom_data.json,20250402_1511_sbom_data.json,78,243.71791684441308
0.09954639592964808,20250502_jumbo_13314_sbom_data.json,20250406_1002_sbom_data.json,82,238.88451200042618
0.0988544538952559,20250502_jumbo_14282_sbom_data.json,20250417_234_sbom_data.json,93,314.13561232611033
0.0987897540796295,20250307_139_sbom_data.json,20250320_100_sbom_data.json,96,262.8369849779563
0.09839623598686097,20250412_1423_sbom_data.json,20250417_234_sbom_data.json,123,376.0586981749383
0.09806477092064105,20250502_jumbo_3179_sbom_data.json,20250211_1366_sbom_data.json,107,315.62845243074787
0.09789324913873744,20250211_1366_sbom_data.json,20250320_100_sbom_data.json,64,178.17189679198972
0.09785143932482933,20250426_1120_sbom_data.json,20250417_234_sbom_data.json,159,499.0032014980439
0.09743947726042168,20250416_657_sbom_data.json,20250421_528_sbom_data.json,19,76.44947717270779
0.09743947726042168,20250325_816_sbom_data.json,20250421_528_sbom_data.json,19,76.44947717270779
0.09736437598835718,20250211_1366_sbom_data.json,20250301_261_sbom_data.json,155,443.94727387558953
0.09663718437284434,20250306_550_sbom_data.json,20250417_234_sbom_data.json,118,350.8147980408616
0.09631764349050248,20250320_1023_sbom_data.json,20250323_91_sbom_data.json,66,205.80501303832568
0.0959896549916088,20250211_1366_sbom_data.json,20250306_550_sbom_data.json,102,296.18476651882526
0.09529258082974335,20250227_1478_sbom_data.json,20250402_1511_sbom_data.json,48,180.98982802489954
0.09517584513542411,20250502_jumbo_13314_sbom_data.json,20250317_1341_sbom_data.json,71,225.53463424195675
0.09475853199045409,20250315_1221_sbom_data.json,20250417_234_sbom_data.json,117,349.9163319727632
0.09467296541526993,20250211_1366_sbom_data.json,20250426_1120_sbom_data.json,150,432.36853247239094
0.09465250956843538,20250406_1002_sbom_data.json,20250217_1561_sbom_data.json,63,190.44400979665434
0.0941723090410059,20250211_1366_sbom_data.json,20250419_491_sbom_data.json,68,192.01886271859968
0.09359382204854556,20250502_jumbo_3179_sbom_data.json,20250308_194_sbom_data.json,122,347.23327727817315
0.09343972833950402,20250215_283_sbom_data.json,20250316_1292_sbom_data.json,73,245.92542211397694
0.09331044178835575,20250312_248_sbom_data.json,20250502_jumbo_7959_sbom_data.json,1,3.420840830148241
0.09328394860738784,20250502_jumbo_13314_sbom_data.json,20250417_234_sbom_data.json,116,346.08933945706826
0.09301005898933196,20250211_1366_sbom_data.json,20250302_1466_sbom_data.json,92,260.68535128828694
0.09268906408098,20250324_396_sbom_data.json,20250502_jumbo_7959_sbom_data.json,2,11.140779482054443
0.09250766220919644,20250210_447_sbom_data.json,20250502_jumbo_979_sbom_data.json,120,335.07871772713656
0.0922675974902413,20250211_1366_sbom_data.json,20250315_1221_sbom_data.json,100,290.8730306887912
0.09184279482726096,20250329_223_sbom_data.json,20250301_261_sbom_data.json,97,417.3019247402001
0.09173887705411732,20250210_447_sbom_data.json,20250301_261_sbom_data.json,156,450.74624467143184
0.09141939046735065,20250301_261_sbom_data.json,20250410_1473_sbom_data.json,163,480.731328573343
0.09115165832558585,20250210_447_sbom_data.json,20250402_1511_sbom_data.json,64,235.25842466795248
0.09065414927145009,20250215_283_sbom_data.json,20250417_234_sbom_data.json,120,360.1496154309816
0.09025115513623175,20250211_1366_sbom_data.json,20250307_82_sbom_data.json,119,386.66980469838563
0.08986686006551112,20250315_1483_sbom_data.json,20250317_1341_sbom_data.json,75,241.83082335393698
0.08982078206218679,20250215_283_sbom_data.json,20250406_1002_sbom_data.json,82,240.28116914858163
0.08974350839061726,20250210_447_sbom_data.json,20250406_1002_sbom_data.json,65,195.83697715954656
0.08954530644141097,20250316_1292_sbom_data.json,20250417_234_sbom_data.json,68,211.9753691019233
0.08949006080206555,20250320_1023_sbom_data.json,20250316_1292_sbom_data.json,31,115.73575550397898
0.08925754829642915,20250502_jumbo_14282_sbom_data.json,20250327_1532_sbom_data.json,126,361.0104941596942
0.08869083053963236,20250312_248_sbom_data.json,20250227_1133_sbom_data.json,1,3.420840830148241
0.08853810080357342,20250211_1366_sbom_data.json,20250315_1483_sbom_data.json,105,308.63300271903364
0.08825486495881424,20250211_1366_sbom_data.json,20250502_jumbo_14282_sbom_data.json,74,234.5852973438824
0.0882241189306933,20250211_1366_sbom_data.json,20250323_91_sbom_data.json,79,236.2000082796867
0.0882229844439064,20250210_447_sbom_data.json,20250214_449_sbom_data.json,98,279.35488677461205
0.08778029259130968,20250210_447_sbom_data.json,20250317_1341_sbom_data.json,50,188.39492026425168
0.08767597280246385,20250211_1366_sbom_data.json,20250327_1532_sbom_data.json,125,350.5469693523679
0.08693393314149704,20250329_223_sbom_data.json,20250402_1511_sbom_data.json,53,192.99893290377173
0.08603551780218843,20250407_203_sbom_data.json,20250327_1532_sbom_data.json,115,323.9266679969583
0.08590870835745178,20250315_1221_sbom_data.json,20250317_1341_sbom_data.json,65,204.24232944648878
0.0854302298390036,20250502_jumbo_13314_sbom_data.json,20250316_1292_sbom_data.json,63,204.7196030133074
0.08537485009373282,20250214_449_sbom_data.json,20250217_1561_sbom_data.json,90,257.2375108285055
0.08518094075832576,20250319_857_sbom_data.json,20250410_1473_sbom_data.json,98,283.9075015051166
0.08514144001407736,20250412_1423_sbom_data.json,20250406_1002_sbom_data.json,75,218.15352927093534
0.08510445698566747,20250210_447_sbom_data.json,20250307_139_sbom_data.json,116,323.2454836697144
0.08457889162283007,20250502_jumbo_979_sbom_data.json,20250406_1002_sbom_data.json,76,216.6736216712445
0.08451062193754737,20250502_jumbo_3179_sbom_data.json,20250319_857_sbom_data.json,98,278.9450526438614
0.08366525442468833,20250210_447_sbom_data.json,20250426_1120_sbom_data.json,142,413.81158054877653
0.08357805263045393,20250214_449_sbom_data.json,20250406_1002_sbom_data.json,61,174.8598510667852
0.08347923178951075,20250312_248_sbom_data.json,20250322_241_sbom_data.json,1,3.420840830148241
0.08304580310121738,20250226_632_sbom_data.json,20250329_223_sbom_data.json,38,159.43711714017724
0.08296970647984314,20250217_1561_sbom_data.json,20250417_234_sbom_data.json,81,277.3407032212537
0.0829567757233832,20250502_jumbo_14282_sbom_data.json,20250302_1466_sbom_data.json,81,239.02135802048033
0.08207814217890252,20250214_449_sbom_data.json,20250421_528_sbom_data.json,35,159.3901896366529
0.0820421808916993,20250502_jumbo_3179_sbom_data.json,20250502_jumbo_12963_sbom_data.json,52,180.94349210119364
0.08191701148260169,20250502_jumbo_12963_sbom_data.json,20250407_861_sbom_data.json,32,94.2257904342566
0.0801785685466734,20250412_1423_sbom_data.json,20250407_861_sbom_data.json,76,234.19700029451283
0.07961103359907666,20250226_632_sbom_data.json,20250301_261_sbom_data.json,95,316.3288351532569
0.07836133520660667,20250306_550_sbom_data.json,20250317_1341_sbom_data.json,60,183.1271575412064
0.07832606717873956,20250420_249_sbom_data.json,20250311_1388_sbom_data.json,6,22.87742843578928
0.07787799988403905,20250323_91_sbom_data.json,20250315_1483_sbom_data.json,100,279.7712442129078
0.07729711655376637,20250502_jumbo_979_sbom_data.json,20250226_632_sbom_data.json,74,206.85103862933812
0.07713226146230848,20250307_139_sbom_data.json,20250417_234_sbom_data.json,108,312.2304980036199
0.07708140870551913,20250307_82_sbom_data.json,20250308_194_sbom_data.json,127,371.71475425420215
0.07669824868867836,20250407_203_sbom_data.json,20250317_1341_sbom_data.json,40,122.11732098904233
0.07653420841975737,20250419_491_sbom_data.json,20250319_857_sbom_data.json,56,161.84287260736656
0.07517609140736581,20250302_1466_sbom_data.json,20250417_234_sbom_data.json,82,256.0963373718556
0.07496358960849203,20250301_261_sbom_data.json,20250217_1561_sbom_data.json,125,361.8292498878218
0.07493676490534122,20250306_550_sbom_data.json,20250418_910_sbom_data.json,71,212.26322259992278
0.07433650909361776,20250502_jumbo_979_sbom_data.json,20250217_1561_sbom_data.json,94,261.6674024734411
0.07421618488595659,20250302_1466_sbom_data.json,20250217_1561_sbom_data.json,75,224.4289178327684
0.07406199935523362,20250320_100_sbom_data.json,20250426_1120_sbom_data.json,104,286.97648124480617
0.0738722181587427,20250502_jumbo_979_sbom_data.json,20250417_234_sbom_data.json,100,288.64527840764043
0.07365881439301723,20250226_632_sbom_data.json,20250214_449_sbom_data.json,60,162.69566834670252
0.07351574424348474,20250306_550_sbom_data.json,20250323_91_sbom_data.json,86,236.90865897351543
0.0729024911007083,20250315_1221_sbom_data.json,20250316_1292_sbom_data.json,56,175.8201029857219
0.07259326830078731,20250407_203_sbom_data.json,20250406_1002_sbom_data.json,39,118.96232554643493
0.07257450711172439,20250502_jumbo_3179_sbom_data.json,20250417_234_sbom_data.json,88,279.68610565719655
0.07231804535097734,20250323_221_sbom_data.json,20250417_208_sbom_data.json,1,5.07376385452208
0.07221627015710651,20250210_447_sbom_data.json,20250227_1478_sbom_data.json,48,189.99345848725198
0.07186882844540975,20250402_1511_sbom_data.json,20250417_234_sbom_data.json,66,204.83563691584163
0.07134666359187218,20250315_1221_sbom_data.json,20250323_91_sbom_data.json,85,234.48588494066576
0.07126931867596377,20250311_1388_sbom_data.json,20250402_1511_sbom_data.json,22,85.50998346246097
0.07111877362550871,20250329_448_sbom_data.json,20250216_1131_sbom_data.json,2,8.430509524213921
0.07102352338763808,20250407_203_sbom_data.json,20250417_234_sbom_data.json,68,210.56263977494467
0.07093339906709288,20250502_jumbo_7959_sbom_data.json,20250427_294_sbom_data.json,1,4.380616673962135
0.0706416385116812,20250329_223_sbom_data.json,20250327_1532_sbom_data.json,72,284.1205188221252
0.07047523116773062,20250210_447_sbom_data.json,20250327_1532_sbom_data.json,110,310.0369317984057
0.07045771153371831,20250502_jumbo_3179_sbom_data.json,20250302_1466_sbom_data.json,89,247.6067917982124
0.07025894095020584,20250418_910_sbom_data.json,20250315_1221_sbom_data.json,68,203.92610173063395
0.0701181542562755,20250217_1561_sbom_data.json,20250426_1120_sbom_data.json,115,339.69511699762626
0.07011463273295958,20250308_194_sbom_data.json,20250417_234_sbom_data.json,87,259.33629192229733
0.0699884996689749,20250418_910_sbom_data.json,20250315_1483_sbom_data.json,74,226.16100111430976
0.06977864694729433,20250210_447_sbom_data.json,20250302_1466_sbom_data.json,75,223.33544694360072
0.06971614632933494,20250211_1366_sbom_data.json,20250308_194_sbom_data.json,78,218.9027905013662
0.06961091003232432,20250327_1532_sbom_data.json,20250417_234_sbom_data.json,105,322.0202278761586
0.06908295991082491,20250417_208_sbom_data.json,20250326_674_sbom_data.json,2,10.95845792526049
0.06899298684949112,20250407_861_sbom_data.json,20250426_1120_sbom_data.json,89,294.03230561650855
0.06887502311282749,20250311_1388_sbom_data.json,20250316_1292_sbom_data.json,13,52.16647511338414
0.06886326361471602,20250502_jumbo_3179_sbom_data.json,20250407_203_sbom_data.json,68,210.9587939977691
0.06864453998503045,20250329_223_sbom_data.json,20250217_1561_sbom_data.json,54,191.29939092445298
0.06862244571148758,20250407_203_sbom_data.json,20250319_857_sbom_data.json,54,168.3379562025493
0.06847712341420649,20250502_jumbo_13314_sbom_data.json,20250418_910_sbom_data.json,67,199.9523325955644
0.06838300048631614,20250502_jumbo_13314_sbom_data.json,20250323_91_sbom_data.json,82,226.23441498807384
0.06826536556767751,20250320_100_sbom_data.json,20250301_261_sbom_data.json,93,266.22297419559857
0.06810922607908701,20250307_82_sbom_data.json,20250319_857_sbom_data.json,102,300.7531201651377
0.06802360417984483,20250226_632_sbom_data.json,20250412_1423_sbom_data.json,67,183.73849167730037
0.06799174500302628,20250502_jumbo_3179_sbom_data.json,20250320_1023_sbom_data.json,64,188.65082083190958
0.06752228060325348,20250418_910_sbom_data.json,20250302_1466_sbom_data.json,57,172.45513623085415
0.06749742629884871,20250320_100_sbom_data.json,20250302_1466_sbom_data.json,52,140.74295067072293
0.0674124573447103,20250226_632_sbom_data.json,20250426_1120_sbom_data.json,88,270.65091759430777
0.06731350505400843,20250307_82_sbom_data.json,20250417_234_sbom_data.json,102,332.3888010240458
0.06718448008248219,20250226_632_sbom_data.json,20250302_1466_sbom_data.json,54,147.91966963796187
0.0669225186490021,20250307_139_sbom_data.json,20250217_1561_sbom_data.json,89,247.5071596861315
0.0669203220830527,20250307_139_sbom_data.json,20250406_1002_sbom_data.json,65,184.57346479735668
0.06690499887969956,20250418_910_sbom_data.json,20250426_1120_sbom_data.json,87,292.3758202794105
0.0665589151119288,20250210_447_sbom_data.json,20250308_194_sbom_data.json,80,232.1058776927337
0.0664634628964811,20250316_1292_sbom_data.json,20250302_1466_sbom_data.json,44,137.58188369907975
0.0664433452809952,20250419_491_sbom_data.json,20250308_194_sbom_data.json,61,171.58874274127163
0.06642956024285358,20250215_283_sbom_data.json,20250323_91_sbom_data.json,86,237.41564160600223
0.06633818128089346,20250215_283_sbom_data.json,20250418_910_sbom_data.json,70,211.31426713190203
0.0663003509864173,20250306_550_sbom_data.json,20250316_1292_sbom_data.json,51,157.05800557335596
0.06541289208726267,20250226_632_sbom_data.json,20250308_194_sbom_data.json,59,162.39326039687234
0.06465544126036021,20250329_223_sbom_data.json,20250227_1478_sbom_data.json,43,146.82675674115237
0.0642534408497756,20250214_449_sbom_data.json,20250417_234_sbom_data.json,76,222.45303634923707
0.06405802566774224,20250419_491_sbom_data.json,20250302_1466_sbom_data.json,54,148.0179357825489
0.06397192800120671,20250303_1483_sbom_data.json,20250405_1585_sbom_data.json,13,52.395361582008995
0.06385138142164773,20250320_1023_sbom_data.json,20250214_449_sbom_data.json,53,150.91024050162642
0.06333401554816258,20250407_203_sbom_data.json,20250412_1423_sbom_data.json,66,198.86935701658322
0.06281245453879954,20250308_194_sbom_data.json,20250406_1002_sbom_data.json,50,150.14682569339166
0.06280469134127882,20250502_jumbo_13802_sbom_data.json,20250329_448_sbom_data.json,2,9.20443878401528
0.0625459519951662,20250502_jumbo_10892_sbom_data.json,20250329_223_sbom_data.json,19,86.64184617063734
0.06254438508968012,20250303_1483_sbom_data.json,20250215_700_sbom_data.json,11,43.131499377522914
0.06225749171997785,20250320_100_sbom_data.json,20250407_861_sbom_data.json,30,91.11891237805888
0.06215975937567767,20250319_857_sbom_data.json,20250302_1466_sbom_data.json,63,181.93952064111366
0.06202092404434572,20250418_910_sbom_data.json,20250217_1561_sbom_data.json,50,156.73127128440592
0.061576918525066554,20250302_1466_sbom_data.json,20250317_1341_sbom_data.json,43,127.71342773535581
0.06157652263740266,20250215_283_sbom_data.json,20250329_223_sbom_data.json,65,214.09755594799643
0.06096437850148954,20250416_657_sbom_data.json,20250405_1585_sbom_data.json,12,48.215415603509015
0.06096437850148954,20250405_1585_sbom_data.json,20250325_816_sbom_data.json,12,48.215415603509015
0.060898774677737216,20250417_208_sbom_data.json,20250308_1329_sbom_data.json,1,5.07376385452208
0.06082114820766247,20250307_82_sbom_data.json,20250502_jumbo_14282_sbom_data.json,91,271.06906932804577
0.06081364010376797,20250502_jumbo_12963_sbom_data.json,20250307_82_sbom_data.json,57,201.98044758711157
0.060609407914713025,20250405_1585_sbom_data.json,20250415_1518_sbom_data.json,12,48.215415603509015
0.06056614282016658,20250406_1002_sbom_data.json,20250317_1341_sbom_data.json,22,66.00584606216717
0.0603783737519549,20250329_448_sbom_data.json,20250217_1222_sbom_data.json,1,3.9036926018718257
0.0603783737519549,20250329_448_sbom_data.json,20250210_1258_sbom_data.json,1,3.9036926018718257
0.0603783737519549,20250329_448_sbom_data.json,20250208_1394_sbom_data.json,1,3.9036926018718257
0.06033036257291751,20250301_261_sbom_data.json,20250406_1002_sbom_data.json,83,238.13526341418117
0.06015572540974494,20250407_203_sbom_data.json,20250308_1092_sbom_data.json,43,156.32392126962316
0.05965528445980628,20250210_447_sbom_data.json,20250414_793_sbom_data.json,19,106.40883529879349
0.05915518270023812,20250316_1292_sbom_data.json,20250317_1341_sbom_data.json,18,62.45635201919831
0.059039220964497326,20250320_1023_sbom_data.json,20250412_1423_sbom_data.json,58,168.7901167672925
0.05888759841840066,20250416_657_sbom_data.json,20250215_700_sbom_data.json,10,38.951553399022934
0.05888759841840066,20250325_816_sbom_data.json,20250215_700_sbom_data.json,10,38.951553399022934
0.058796023170359354,20250502_jumbo_3179_sbom_data.json,20250315_1483_sbom_data.json,88,249.49688515868507
0.05878381813193047,20250407_203_sbom_data.json,20250407_861_sbom_data.json,34,118.39398439749466
0.05847809796188495,20250215_700_sbom_data.json,20250415_1518_sbom_data.json,10,38.951553399022934
0.058400024465972616,20250407_203_sbom_data.json,20250402_1511_sbom_data.json,38,121.16492199501938
0.05832164876075516,20250227_1133_sbom_data.json,20250502_jumbo_7959_sbom_data.json,1,3.420840830148241
0.05829635921197339,20250210_447_sbom_data.json,20250307_82_sbom_data.json,93,277.16382709298387
0.058236163979688164,20250420_249_sbom_data.json,20250407_203_sbom_data.json,17,67.44300326050755
0.057982810818638646,20250308_194_sbom_data.json,20250402_1511_sbom_data.json,51,163.24990474049181
0.05791735940581951,20250407_861_sbom_data.json,20250327_1532_sbom_data.json,71,213.79758445528438
0.05729670885147343,20250210_447_sbom_data.json,20250323_91_sbom_data.json,61,177.42281267609985
0.05712037115594725,20250320_1023_sbom_data.json,20250307_82_sbom_data.json,73,221.54505011095253
0.05690875615404181,20250418_910_sbom_data.json,20250502_jumbo_14282_sbom_data.json,45,137.6094771823874
0.056893967812110605,20250402_1511_sbom_data.json,20250426_1120_sbom_data.json,75,248.6606106377082
0.056677010294142405,20250502_jumbo_14282_sbom_data.json,20250308_194_sbom_data.json,63,183.20609470346187
0.0566226649871857,20250329_223_sbom_data.json,20250426_1120_sbom_data.json,75,265.62132504428274
0.05618275370465308,20250307_139_sbom_data.json,20250226_632_sbom_data.json,60,162.08881519652866
0.05615186562378015,20250418_910_sbom_data.json,20250317_1341_sbom_data.json,29,87.04121167966123
0.05602179298113284,20250322_241_sbom_data.json,20250502_jumbo_7959_sbom_data.json,1,3.420840830148241
0.05562507023729323,20250311_1388_sbom_data.json,20250329_223_sbom_data.json,22,85.50998346246097
0.05538748675772451,20250412_1423_sbom_data.json,20250402_1511_sbom_data.json,53,168.91411126593772
0.055195273038145885,20250210_447_sbom_data.json,20250418_910_sbom_data.json,48,149.56705332891718
0.05466155310657828,20250407_203_sbom_data.json,20250329_223_sbom_data.json,37,131.29965256111464
0.05444747613596919,20250215_283_sbom_data.json,20250227_1478_sbom_data.json,51,173.4074782623041
0.05432301230818494,20250322_241_sbom_data.json,20250227_1133_sbom_data.json,1,3.420840830148241
0.05419425127602741,20250412_1361_sbom_data.json,20250502_jumbo_14282_sbom_data.json,19,82.13684385189177
0.05412861658382949,20250316_1292_sbom_data.json,20250412_1423_sbom_data.json,46,140.84270581875052
0.05410282112521189,20250307_82_sbom_data.json,20250217_1561_sbom_data.json,82,249.23940659544783
0.053634825083754764,20250323_91_sbom_data.json,20250407_861_sbom_data.json,40,125.73111838983877
0.053227482007998726,20250211_1366_sbom_data.json,20250410_1473_sbom_data.json,61,180.49191762419056
0.05314350060057197,20250502_jumbo_3179_sbom_data.json,20250306_550_sbom_data.json,74,205.89380108848232
0.053138907840294576,20250502_jumbo_3179_sbom_data.json,20250412_1361_sbom_data.json,25,112.99021126172104
0.052886542699039085,20250502_jumbo_3179_sbom_data.json,20250407_861_sbom_data.json,51,155.24425674778539
0.05287459695225477,20250320_1023_sbom_data.json,20250327_1532_sbom_data.json,65,189.71946983078053
0.052819511949855326,20250407_203_sbom_data.json,20250307_82_sbom_data.json,67,221.31048831354823
0.05235843708942362,20250315_1221_sbom_data.json,20250329_223_sbom_data.json,54,169.19786964657752
0.05222062854038728,20250308_1092_sbom_data.json,20250307_82_sbom_data.json,67,240.70234672129396
0.051158780877020894,20250329_448_sbom_data.json,20250219_1451_sbom_data.json,1,3.9036926018718257
0.05061791815503973,20250325_132_sbom_data.json,20250216_1131_sbom_data.json,1,3.9751515658539702
0.05051883366876422,20250502_jumbo_13314_sbom_data.json,20250329_223_sbom_data.json,53,164.18919821620494
0.0504550806862591,20250327_1532_sbom_data.json,20250217_1561_sbom_data.json,77,217.76222387017617
0.05044360707637946,20250308_1092_sbom_data.json,20250426_1120_sbom_data.json,75,248.66983256224768
0.05023644653810418,20250406_1002_sbom_data.json,20250426_1120_sbom_data.json,70,199.99485002652125
0.05019667934751921,20250308_194_sbom_data.json,20250217_1561_sbom_data.json,58,169.38375422498825
0.05018321775546944,20250502_jumbo_3179_sbom_data.json,20250315_1221_sbom_data.json,71,197.91599698132285
0.049971818261175006,20250502_jumbo_3179_sbom_data.json,20250502_jumbo_13314_sbom_data.json,71,197.76542412284346
0.04995951964335613,20250211_1366_sbom_data.json,20250407_203_sbom_data.json,41,122.57141672975555
0.04992115477990163,20250323_91_sbom_data.json,20250502_jumbo_14282_sbom_data.json,48,141.23133679794373
0.049633927446152346,20250418_910_sbom_data.json,20250417_234_sbom_data.json,47,146.49953205441884
0.04961665480349591,20250502_jumbo_14282_sbom_data.json,20250402_1511_sbom_data.json,36,118.77124078499223
0.048970016018762635,20250407_861_sbom_data.json,20250410_1473_sbom_data.json,45,146.02308803240192
0.04886745733862795,20250502_jumbo_13802_sbom_data.json,20250308_1092_sbom_data.json,18,78.64463027827152
0.04882546735374223,20250320_1023_sbom_data.json,20250417_234_sbom_data.json,37,133.3316463274672
0.04862389741409327,20250502_jumbo_979_sbom_data.json,20250407_861_sbom_data.json,51,146.21170072183435
0.04819714790862546,20250226_632_sbom_data.json,20250410_1473_sbom_data.json,37,131.39568973792814
0.04812874125202505,20250402_1511_sbom_data.json,20250406_1002_sbom_data.json,23,75.18870290272082
0.04791240471617421,20250308_194_sbom_data.json,20250407_861_sbom_data.json,42,133.29190127678694
0.047704248630226154,20250320_100_sbom_data.json,20250417_234_sbom_data.json,39,118.26983070294042
0.047524780286924515,20250412_1361_sbom_data.json,20250217_1561_sbom_data.json,18,78.2998426245186
0.0474429044267147,20250502_jumbo_3179_sbom_data.json,20250311_1388_sbom_data.json,27,107.06702597175791
0.04742210171231238,20250502_jumbo_3179_sbom_data.json,20250215_283_sbom_data.json,72,200.66308788519143
0.04704170920891341,20250418_910_sbom_data.json,20250319_857_sbom_data.json,37,114.31040175510475
0.04678885869191813,20250319_857_sbom_data.json,20250317_1341_sbom_data.json,30,90.26875878898755
0.04660912288319107,20250211_1366_sbom_data.json,20250402_1511_sbom_data.json,32,109.36090791617511
0.046535178003985704,20250307_82_sbom_data.json,20250315_1483_sbom_data.json,86,250.33320785208105
0.04626034162802619,20250418_910_sbom_data.json,20250301_261_sbom_data.json,68,206.3355627337274
0.04506534159468986,20250410_1473_sbom_data.json,20250315_1483_sbom_data.json,68,195.35030705564623
0.044967453337984575,20250211_1366_sbom_data.json,20250329_223_sbom_data.json,37,120.19565955878802
0.04487776376434263,20250214_449_sbom_data.json,20250407_861_sbom_data.json,38,113.464761957636
0.0446708827905748,20250307_139_sbom_data.json,20250418_910_sbom_data.json,51,146.41297626682208
0.044311978120216325,20250502_jumbo_3179_sbom_data.json,20250308_1092_sbom_data.json,51,157.5571961853949
0.044233293553138736,20250502_jumbo_13314_sbom_data.json,20250227_1478_sbom_data.json,41,130.53028797821415
0.04419849319715278,20250307_82_sbom_data.json,20250302_1466_sbom_data.json,73,207.3511293414295
0.0441314104133587,20250306_550_sbom_data.json,20250329_223_sbom_data.json,47,141.13242829947413
0.04402134891309443,20250426_1545_sbom_data.json,20250218_533_sbom_data.json,3,15.995854135611694
0.04296005185428322,20250308_1092_sbom_data.json,20250412_1423_sbom_data.json,53,155.60398308379473
0.042948660812896236,20250210_447_sbom_data.json,20250412_1361_sbom_data.json,18,78.2998426245186
0.04290779392603763,20250307_139_sbom_data.json,20250407_861_sbom_data.json,47,136.48677963218282
0.04267469266073668,20250214_449_sbom_data.json,20250215_700_sbom_data.json,18,79.42900686816236
0.04227877339356093,20250329_223_sbom_data.json,20250406_1002_sbom_data.json,24,80.10825724661888
0.042240535943768566,20250502_jumbo_12963_sbom_data.json,20250412_1423_sbom_data.json,34,99.3319809425693
0.042045271704416756,20250323_91_sbom_data.json,20250417_234_sbom_data.json,49,141.73474120919698
0.04177679077640722,20250227_1478_sbom_data.json,20250315_1483_sbom_data.json,43,137.11117361915015
0.04166280801201737,20250418_910_sbom_data.json,20250308_1092_sbom_data.json,30,107.10354918196495
0.04165011524890718,20250308_194_sbom_data.json,20250410_1473_sbom_data.json,55,163.71678763063045
0.041296433145648445,20250320_100_sbom_data.json,20250502_jumbo_14282_sbom_data.json,27,81.50181464129054
0.04103148433643632,20250502_jumbo_12963_sbom_data.json,20250426_1120_sbom_data.json,44,151.80697883315406
0.04099539140128517,20250502_jumbo_12963_sbom_data.json,20250502_jumbo_979_sbom_data.json,33,96.44301914538488
0.04099086015915755,20250316_1292_sbom_data.json,20250214_449_sbom_data.json,31,87.78955357474808
0.040706389888527574,20250311_1388_sbom_data.json,20250426_1120_sbom_data.json,38,149.76669803665928
0.040513663090061276,20250417_234_sbom_data.json,20250410_1473_sbom_data.json,51,162.3916885333218
0.04040301762413399,20250301_261_sbom_data.json,20250402_1511_sbom_data.json,61,179.54961198885215
0.04035177584663231,20250323_221_sbom_data.json,20250326_674_sbom_data.json,1,5.07376385452208
0.039830861738591,20250316_1292_sbom_data.json,20250426_1120_sbom_data.json,48,158.7176008665667
0.03968281183145188,20250320_100_sbom_data.json,20250316_1292_sbom_data.json,15,43.60350511905464
0.039589684592259804,20250320_1023_sbom_data.json,20250407_203_sbom_data.json,25,76.35640199572265
0.03947828010985319,20250308_1092_sbom_data.json,20250301_261_sbom_data.json,65,196.82915031203876
0.03942836288246483,20250316_1292_sbom_data.json,20250329_223_sbom_data.json,19,73.48757676733447
0.039307219252377214,20250320_1023_sbom_data.json,20250502_jumbo_14282_sbom_data.json,28,87.80784613510785
0.038894678007893674,20250418_910_sbom_data.json,20250308_194_sbom_data.json,39,113.13435701817772
0.038739297413938195,20250210_447_sbom_data.json,20250329_223_sbom_data.json,33,117.61412409798699
0.03870451033508797,20250408_221_sbom_data.json,20250426_1545_sbom_data.json,1,5.479228962630245
0.03869731867021945,20250308_1092_sbom_data.json,20250217_1561_sbom_data.json,35,119.20837588357824
0.03843289548311658,20250418_910_sbom_data.json,20250412_1423_sbom_data.json,40,120.71806095386702
0.03840246517335992,20250407_203_sbom_data.json,20250410_1473_sbom_data.json,37,122.47225445232856
0.038379033071291015,20250418_910_sbom_data.json,20250502_jumbo_13802_sbom_data.json,11,43.31961313861796
0.03807620128003491,20250302_1466_sbom_data.json,20250407_861_sbom_data.json,30,96.09741799201575
0.037964423790881406,20250406_1002_sbom_data.json,20250327_1532_sbom_data.json,45,129.13046224931023
0.03793868481171412,20250502_jumbo_14282_sbom_data.json,20250407_861_sbom_data.json,29,89.51918218179547
0.03786843459692431,20250420_249_sbom_data.json,20250329_223_sbom_data.json,13,52.6392496254606
0.03786476091275585,20250502_jumbo_979_sbom_data.json,20250418_910_sbom_data.json,41,118.92804322193813
0.03755071137681047,20250306_550_sbom_data.json,20250410_1473_sbom_data.json,54,149.01704301059098
0.037419824714953434,20250502_jumbo_2331_sbom_data.json,20250426_1545_sbom_data.json,2,9.579132233456692
0.03736873351717757,20250308_1092_sbom_data.json,20250319_857_sbom_data.json,36,110.23747048085262
0.03731242161241916,20250323_91_sbom_data.json,20250217_1561_sbom_data.json,38,111.45175797639263
0.03725646372757679,20250418_910_sbom_data.json,20250407_861_sbom_data.json,19,73.82283904597445
0.036908420039594485,20250306_550_sbom_data.json,20250307_82_sbom_data.json,66,185.69877567133972
0.03664059520409388,20250215_283_sbom_data.json,20250307_82_sbom_data.json,68,196.83682929072523
0.03654990776998324,20250319_857_sbom_data.json,20250329_223_sbom_data.json,34,100.0921674937839
0.03652975903234572,20250308_1329_sbom_data.json,20250326_674_sbom_data.json,1,5.07376385452208
0.036441942636656996,20250215_283_sbom_data.json,20250410_1473_sbom_data.json,56,157.14456972156717
0.03638574711020691,20250306_771_sbom_data.json,20250502_jumbo_2331_sbom_data.json,2,9.268977305152852
0.03636808097496076,20250307_139_sbom_data.json,20250308_1092_sbom_data.json,48,138.26000596039836
0.03635377745404934,20250315_1221_sbom_data.json,20250410_1473_sbom_data.json,53,146.5942689777413
0.03626178219648909,20250502_jumbo_12963_sbom_data.json,20250502_jumbo_14282_sbom_data.json,19,61.057895028226895
0.036180282354472224,20250320_1023_sbom_data.json,20250308_194_sbom_data.json,34,97.34443613299956
0.036151162758661516,20250310_824_sbom_data.json,20250502_jumbo_2331_sbom_data.json,1,4.706039074396763
0.036136383719391534,20250320_1023_sbom_data.json,20250502_jumbo_979_sbom_data.json,38,105.52819639030392
0.03600764200485756,20250502_jumbo_13314_sbom_data.json,20250307_82_sbom_data.json,64,183.93477593987353
0.035814402020739315,20250308_194_sbom_data.json,20250319_857_sbom_data.json,41,117.70642914721353
0.03540587680084638,20250502_jumbo_12963_sbom_data.json,20250327_1532_sbom_data.json,37,109.45853816504723
0.035209958820088996,20250214_449_sbom_data.json,20250405_1585_sbom_data.json,16,70.7247604516117
0.03516318716322355,20250306_771_sbom_data.json,20250310_824_sbom_data.json,1,4.706039074396763
0.03512737050837746,20250502_jumbo_12963_sbom_data.json,20250323_91_sbom_data.json,20,59.91991167491078
0.03510698499911475,20250311_1388_sbom_data.json,20250307_82_sbom_data.json,30,118.72964363686516
0.03484104308048565,20250315_1221_sbom_data.json,20250307_82_sbom_data.json,63,177.72097156418022
0.03472842994600374,20250316_1292_sbom_data.json,20250301_261_sbom_data.json,46,139.21077463745956
0.03460845614431373,20250306_550_sbom_data.json,20250227_1478_sbom_data.json,33,100.56539475744852
0.03457113560207531,20250502_jumbo_13314_sbom_data.json,20250410_1473_sbom_data.json,51,140.09788039482825
0.03451209945523818,20250418_910_sbom_data.json,20250307_82_sbom_data.json,43,144.58874082179548
0.0342128004580685,20250211_1366_sbom_data.json,20250417_234_sbom_data.json,38,113.6348346309212
0.03398697977391058,20250502_jumbo_3179_sbom_data.json,20250418_910_sbom_data.json,34,105.09314734145251
0.033890119212435184,20250315_1221_sbom_data.json,20250227_1478_sbom_data.json,33,100.56539475744852
0.033856688362830865,20250308_1092_sbom_data.json,20250308_194_sbom_data.json,35,115.85602855429683
0.03362540102477168,20250502_jumbo_3179_sbom_data.json,20250402_1511_sbom_data.json,32,102.60828881318432
0.033196918021712214,20250307_139_sbom_data.json,20250320_1023_sbom_data.json,37,102.49621676050312
0.03314178325628507,20250312_248_sbom_data.json,20250502_jumbo_10892_sbom_data.json,1,3.420840830148241
0.03302766123722738,20250502_jumbo_12963_sbom_data.json,20250402_1511_sbom_data.json,11,41.817059624549316
0.03287578539924279,20250418_910_sbom_data.json,20250402_1511_sbom_data.json,21,67.43862588458973
0.03283343006878423,20250412_1423_sbom_data.json,20250329_223_sbom_data.json,38,113.04518214977907
0.03281016734275542,20250308_1092_sbom_data.json,20250417_234_sbom_data.json,37,114.81029955956032
0.032703619871439035,20250407_203_sbom_data.json,20250214_449_sbom_data.json,32,89.47814809825965
0.03268819319305351,20250210_447_sbom_data.json,20250320_1023_sbom_data.json,27,83.10180706071108
0.03238047770154112,20250502_jumbo_979_sbom_data.json,20250308_1092_sbom_data.json,42,118.42530329694948
0.03222595322771227,20250308_1092_sbom_data.json,20250327_1532_sbom_data.json,49,141.35570903249786
0.03214296588450075,20250210_447_sbom_data.json,20250320_100_sbom_data.json,25,73.45604150239151
0.03208669112855537,20250502_jumbo_12963_sbom_data.json,20250217_1561_sbom_data.json,18,58.22955785285891
0.0320412156726547,20250407_861_sbom_data.json,20250217_1561_sbom_data.json,25,80.01337558234184
0.03203823906142579,20250308_194_sbom_data.json,20250317_1341_sbom_data.json,26,77.51998144679828
0.032012633549243975,20250323_91_sbom_data.json,20250316_1292_sbom_data.json,21,63.82725301589366
0.03199826969691361,20250420_249_sbom_data.json,20250316_1292_sbom_data.json,5,19.518463009359127
0.03198814534600797,20250320_1023_sbom_data.json,20250426_1120_sbom_data.json,48,137.2655172974095
0.03181999996897932,20250210_447_sbom_data.json,20250407_861_sbom_data.json,27,84.8915734617112
0.03144842409155464,20250308_1092_sbom_data.json,20250410_1473_sbom_data.json,38,114.34924205848687
0.031334186094848546,20250502_jumbo_14282_sbom_data.json,20250329_223_sbom_data.json,27,86.5889329028604
0.031086428849028968,20250502_jumbo_979_sbom_data.json,20250402_1511_sbom_data.json,34,96.9796828048732
0.031082420226573662,20250211_1366_sbom_data.json,20250418_910_sbom_data.json,24,75.32844452969728
0.03096568349683568,20250418_910_sbom_data.json,20250329_223_sbom_data.json,23,73.77334741545884
0.030935727418339998,20250316_1292_sbom_data.json,20250410_1473_sbom_data.json,24,81.488606135074
0.030721355285909635,20250210_447_sbom_data.json,20250502_jumbo_12963_sbom_data.json,19,61.057895028226895
0.030661985592184793,20250502_jumbo_12963_sbom_data.json,20250407_203_sbom_data.json,14,42.489353863188114
0.03063028164918367,20250308_1092_sbom_data.json,20250407_861_sbom_data.json,23,76.41711645471977
0.030320833157659304,20250316_1292_sbom_data.json,20250502_jumbo_14282_sbom_data.json,20,59.939992223528584
0.03030268185851434,20250502_jumbo_3179_sbom_data.json,20250329_223_sbom_data.json,33,102.6918216849842
0.030237493693579056,20250307_82_sbom_data.json,20250329_223_sbom_data.json,41,135.84382461667602
0.030012828471863713,20250417_234_sbom_data.json,20250317_1341_sbom_data.json,25,74.98328224953762
0.029902785646175926,20250419_491_sbom_data.json,20250308_1092_sbom_data.json,24,69.97410026004087
0.029881031219490355,20250211_1366_sbom_data.json,20250502_jumbo_12963_sbom_data.json,14,48.976303376939654
0.02983232638492546,20250426_1120_sbom_data.json,20250317_1341_sbom_data.json,38,119.85996121514061
0.029711870922166185,20250308_1092_sbom_data.json,20250214_449_sbom_data.json,33,94.18985353423976
0.029627968458140537,20250502_jumbo_14282_sbom_data.json,20250410_1473_sbom_data.json,35,104.40560091029623
0.02953236745774978,20250210_447_sbom_data.json,20250316_1292_sbom_data.json,22,67.13673337072287
0.029295234515296906,20250502_jumbo_3179_sbom_data.json,20250406_1002_sbom_data.json,26,77.29923247102634
0.0291790988192795,20250302_1466_sbom_data.json,20250329_223_sbom_data.json,29,85.64550434510772
0.02871950819346159,20250418_910_sbom_data.json,20250316_1292_sbom_data.json,12,45.868936073069435
0.028656462309865863,20250407_203_sbom_data.json,20250320_100_sbom_data.json,17,48.42968160741719
0.02851895273217188,20250324_396_sbom_data.json,20250323_832_sbom_data.json,1,3.715640370368886
0.028351776548580596,20250502_jumbo_14282_sbom_data.json,20250317_1341_sbom_data.json,19,55.99322454191048
0.02834883968343319,20250502_jumbo_12963_sbom_data.json,20250301_261_sbom_data.json,36,106.29503425346259
0.028015770210928662,20250210_447_sbom_data.json,20250410_1473_sbom_data.json,36,107.15480076510548
0.027824633307414755,20250320_100_sbom_data.json,20250217_1561_sbom_data.json,20,59.10230526719495
0.027743437266353217,20250502_jumbo_10892_sbom_data.json,20250502_jumbo_7959_sbom_data.json,1,3.420840830148241
0.02758057066787886,20250502_jumbo_2331_sbom_data.json,20250218_533_sbom_data.json,2,10.042167193386334
0.02748165421304445,20250420_249_sbom_data.json,20250404_1683_sbom_data.json,1,3.3589654264301534
0.027320337496027598,20250502_jumbo_10892_sbom_data.json,20250227_1133_sbom_data.json,1,3.420840830148241
0.027301467814755048,20250324_396_sbom_data.json,20250224_1367_sbom_data.json,1,4.380616673962135
0.027226361024479666,20250319_857_sbom_data.json,20250402_1511_sbom_data.json,23,66.29251279772262
0.02706049600550265,20250301_261_sbom_data.json,20250317_1341_sbom_data.json,37,109.12892614126332
0.027038654225468164,20250316_1292_sbom_data.json,20250217_1561_sbom_data.json,18,56.995414008446005
0.027008972490727225,20250210_447_sbom_data.json,20250308_1092_sbom_data.json,28,88.76555685486699
0.02696445733253704,20250502_jumbo_3179_sbom_data.json,20250502_jumbo_2331_sbom_data.json,12,58.98476298272287
0.026832514783882423,20250406_1002_sbom_data.json,20250417_234_sbom_data.json,23,68.37986148441777
0.026804855692814638,20250322_241_sbom_data.json,20250502_jumbo_10892_sbom_data.json,1,3.420840830148241
0.02677167856035022,20250308_1092_sbom_data.json,20250302_1466_sbom_data.json,26,84.54228785938813
0.026714802298816214,20250308_1092_sbom_data.json,20250402_1511_sbom_data.json,20,68.55392768471232
0.02661829879215278,20250418_910_sbom_data.json,20250406_1002_sbom_data.json,15,43.573855474615215
0.02654419963872216,20250319_857_sbom_data.json,20250417_234_sbom_data.json,30,89.99823518402594
0.026531094135364745,20250420_249_sbom_data.json,20250315_1483_sbom_data.json,16,63.16774710220325
0.026379227649483923,20250226_632_sbom_data.json,20250502_jumbo_14282_sbom_data.json,16,55.99768310307972
0.026208173806483888,20250320_1023_sbom_data.json,20250217_1561_sbom_data.json,20,62.565435187627486
0.026203359331637633,20250418_910_sbom_data.json,20250327_1532_sbom_data.json,35,102.43865369455358
0.025970347044866355,20250214_449_sbom_data.json,20250402_1511_sbom_data.json,24,68.47728404153041
0.025815290562168604,20250307_139_sbom_data.json,20250402_1511_sbom_data.json,30,85.08181654667636
0.025789905993935776,20250211_1366_sbom_data.json,20250317_1341_sbom_data.json,17,49.63166046050865
0.025709748250729633,20250308_1092_sbom_data.json,20250315_1483_sbom_data.json,33,99.59713880390422
0.025567415242582582,20250502_jumbo_12963_sbom_data.json,20250410_1473_sbom_data.json,16,60.42245531550136
0.025552917940334725,20250502_jumbo_3179_sbom_data.json,20250316_1292_sbom_data.json,23,66.73487107398338
0.025514826638820185,20250502_jumbo_979_sbom_data.json,20250316_1292_sbom_data.json,24,68.19384394643929
0.025440986980891457,20250308_1092_sbom_data.json,20250502_jumbo_14282_sbom_data.json,24,76.2063075522652
0.02508527735637624,20250502_jumbo_12963_sbom_data.json,20250329_223_sbom_data.json,11,40.26478012595516
0.025050146190541207,20250502_jumbo_979_sbom_data.json,20250329_223_sbom_data.json,31,86.85499875468804
0.02487774011884942,20250226_632_sbom_data.json,20250217_1561_sbom_data.json,16,55.99768310307972
0.024853363095919675,20250215_283_sbom_data.json,20250308_1092_sbom_data.json,31,94.88463508988156
0.02477270597942054,20250210_447_sbom_data.json,20250226_632_sbom_data.json,17,60.01057499691654
0.024722663157920256,20250316_1292_sbom_data.json,20250308_194_sbom_data.json,21,60.38756962648923
0.02441979709980429,20250316_1292_sbom_data.json,20250308_1092_sbom_data.json,16,51.46421731552747
0.024340213081855532,20250226_632_sbom_data.json,20250407_861_sbom_data.json,14,39.882139363881386
0.02376230715464986,20250306_550_sbom_data.json,20250308_1092_sbom_data.json,28,82.64813366504119
0.02362289967486801,20250418_910_sbom_data.json,20250320_100_sbom_data.json,12,38.33875680978261
0.023291232536164396,20250211_1366_sbom_data.json,20250311_1388_sbom_data.json,10,37.90644657983292
0.023270582624025662,20250227_1478_sbom_data.json,20250406_1002_sbom_data.json,13,37.34371528580687
0.023078732762493497,20250211_1366_sbom_data.json,20250227_1478_sbom_data.json,18,55.50147082454975
0.02289474796325611,20250327_1532_sbom_data.json,20250317_1341_sbom_data.json,23,78.04862081237599
0.022857337703077206,20250412_1423_sbom_data.json,20250227_1478_sbom_data.json,22,72.02894835856128
0.02265038846452463,20250307_139_sbom_data.json,20250316_1292_sbom_data.json,23,64.34472670511224
0.0225180208108658,20250419_491_sbom_data.json,20250320_1023_sbom_data.json,13,36.55892663489583
0.022505583427991836,20250307_139_sbom_data.json,20250502_jumbo_12963_sbom_data.json,20,57.51693117213966
0.022134167453373255,20250217_1561_sbom_data.json,20250410_1473_sbom_data.json,27,81.34457427564286
0.021974276265003114,20250412_1423_sbom_data.json,20250317_1341_sbom_data.json,19,58.85006198619383
0.021966684035001193,20250302_1466_sbom_data.json,20250227_1478_sbom_data.json,19,57.77823375541484
0.021964214567175247,20250226_632_sbom_data.json,20250402_1511_sbom_data.json,10,37.43644295058718
0.021944193107651885,20250407_203_sbom_data.json,20250227_1478_sbom_data.json,16,47.25302990096681
0.02174536699538406,20250315_1221_sbom_data.json,20250308_1092_sbom_data.json,26,77.09310359073135
0.02156963573576033,20250211_1366_sbom_data.json,20250308_1092_sbom_data.json,20,63.6545773680498
0.021504418717288924,20250320_100_sbom_data.json,20250315_1483_sbom_data.json,22,62.249150404195944
0.021494664658583938,20250316_1292_sbom_data.json,20250227_1478_sbom_data.json,10,33.763441219107236
0.021473318450272262,20250308_1092_sbom_data.json,20250227_1478_sbom_data.json,16,55.48456398955155
0.021331751382897685,20250307_82_sbom_data.json,20250406_1002_sbom_data.json,22,80.46982670374966
0.021319547754618143,20250308_540_sbom_data.json,20250329_448_sbom_data.json,1,2.7276936495882955
0.021197618144292742,20250320_1023_sbom_data.json,20250315_1483_sbom_data.json,22,66.91371239196886
0.021182095682984327,20250307_139_sbom_data.json,20250317_1341_sbom_data.json,21,60.138616259529556
0.021137694636312827,20250420_249_sbom_data.json,20250418_910_sbom_data.json,6,23.771766603275083
0.021136293226096482,20250420_249_sbom_data.json,20250402_1511_sbom_data.json,6,22.87742843578928
0.02075288744103793,20250316_1292_sbom_data.json,20250327_1532_sbom_data.json,24,71.01455170013872
0.020694198133349034,20250418_910_sbom_data.json,20250323_91_sbom_data.json,17,52.2380937738604
0.020562087970905602,20250502_jumbo_14282_sbom_data.json,20250227_1478_sbom_data.json,17,50.71653067763419
0.020444624814741318,20250502_jumbo_13314_sbom_data.json,20250308_1092_sbom_data.json,25,72.84489760996007
0.020275494967546232,20250502_jumbo_13802_sbom_data.json,20250426_1120_sbom_data.json,17,72.98307975884732
0.02011490896385898,20250323_91_sbom_data.json,20250308_1092_sbom_data.json,20,60.97807281624495
0.020088402520628507,20250306_550_sbom_data.json,20250407_861_sbom_data.json,20,57.86220060380874
0.019981351492951036,20250502_jumbo_979_sbom_data.json,20250317_1341_sbom_data.json,19,53.57938666741794
0.01980533095385629,20250311_1388_sbom_data.json,20250315_1483_sbom_data.json,13,50.9625023090582
0.019795742303445368,20250502_jumbo_12963_sbom_data.json,20250320_100_sbom_data.json,6,16.508923960505935
0.019687663044321985,20250308_194_sbom_data.json,20250329_223_sbom_data.json,21,64.0272719997944
0.019280241388710876,20250320_100_sbom_data.json,20250308_1092_sbom_data.json,13,41.18343571035229
0.01926334762582804,20250502_jumbo_12963_sbom_data.json,20250308_1092_sbom_data.json,11,35.28518140583506
0.01925043825741765,20250316_1292_sbom_data.json,20250307_82_sbom_data.json,23,72.05740820687579
0.018880502247135812,20250502_jumbo_12963_sbom_data.json,20250308_194_sbom_data.json,14,40.9722571188524
0.018689757542516162,20250418_910_sbom_data.json,20250214_449_sbom_data.json,16,50.42375323976353
0.018205079685294542,20250308_1092_sbom_data.json,20250329_223_sbom_data.json,15,53.14053589307905
0.018003183557700017,20250320_1023_sbom_data.json,20250226_632_sbom_data.json,9,27.429308125458054
0.017789099293304817,20250419_491_sbom_data.json,20250417_234_sbom_data.json,16,49.468494431341625
0.017786769356959515,20250226_632_sbom_data.json,20250418_910_sbom_data.json,10,31.19449959685642
0.017719983969157197,20250418_910_sbom_data.json,20250410_1473_sbom_data.json,16,56.3173098461447
0.017391906889208598,20250416_657_sbom_data.json,20250214_449_sbom_data.json,9,35.805350554887966
0.017391906889208598,20250214_449_sbom_data.json,20250325_816_sbom_data.json,9,35.805350554887966
0.01735286484519768,20250214_449_sbom_data.json,20250415_1518_sbom_data.json,9,35.805350554887966
0.01733252546766818,20250227_1478_sbom_data.json,20250417_234_sbom_data.json,17,52.1278151522109
0.017122943022296222,20250303_1483_sbom_data.json,20250214_449_sbom_data.json,9,35.805350554887966
0.016932400474808675,20250419_491_sbom_data.json,20250418_910_sbom_data.json,10,31.53744434798325
0.01677564226213871,20250502_jumbo_3179_sbom_data.json,20250317_1341_sbom_data.json,15,44.093372225592404
0.016742289013997557,20250329_223_sbom_data.json,20250410_1473_sbom_data.json,16,58.107448964699955
0.016638550456394917,20250502_jumbo_12963_sbom_data.json,20250418_910_sbom_data.json,6,22.111969898898924
0.01658673996759928,20250211_1366_sbom_data.json,20250407_861_sbom_data.json,13,39.03217383130834
0.016559614757491684,20250502_jumbo_12963_sbom_data.json,20250302_1466_sbom_data.json,11,31.206286670643863
0.016545101222148757,20250407_203_sbom_data.json,20250311_1388_sbom_data.json,6,22.87742843578928
0.01631081067971039,20250307_139_sbom_data.json,20250329_223_sbom_data.json,22,59.675374288899754
0.01622818877838393,20250407_861_sbom_data.json,20250315_1483_sbom_data.json,18,53.511873137000975
0.01620444671026049,20250215_283_sbom_data.json,20250407_861_sbom_data.json,17,52.46468076631494
0.016164670369831366,20250226_632_sbom_data.json,20250417_234_sbom_data.json,14,43.287744928627276
0.016144976708028284,20250419_491_sbom_data.json,20250216_1131_sbom_data.json,3,13.909738486844166
0.01609931701764705,20250320_1023_sbom_data.json,20250301_261_sbom_data.json,24,70.23210817949924
0.016088005388010574,20250329_223_sbom_data.json,20250417_234_sbom_data.json,18,53.71295786943127
0.015751060062032852,20250406_1002_sbom_data.json,20250410_1473_sbom_data.json,15,42.69293723065266
0.015680714685283627,20250418_910_sbom_data.json,20250227_1478_sbom_data.json,11,32.782827984046456
0.015658035580565752,20250214_449_sbom_data.json,20250329_223_sbom_data.json,17,46.90771444491557
0.015520895951404379,20250302_1466_sbom_data.json,20250410_1473_sbom_data.json,19,58.06443462049066
0.015469663640783142,20250402_1511_sbom_data.json,20250327_1532_sbom_data.json,21,60.45882052670126
0.01540878110698454,20250320_1023_sbom_data.json,20250308_1092_sbom_data.json,13,37.085143676950956
0.015396241350126893,20250502_jumbo_12963_sbom_data.json,20250417_234_sbom_data.json,12,34.68162377392374
0.015369927747726768,20250307_82_sbom_data.json,20250402_1511_sbom_data.json,19,64.95348777919926
0.015315714429056259,20250311_1388_sbom_data.json,20250502_jumbo_14282_sbom_data.json,7,25.979619198459034
0.015179255477671258,20250211_1366_sbom_data.json,20250320_1023_sbom_data.json,11,33.86465213646049
0.014932210665917413,20250315_1221_sbom_data.json,20250407_861_sbom_data.json,15,44.13509170758606
0.014627923098797636,20250211_1366_sbom_data.json,20250316_1292_sbom_data.json,9,28.54502511423895
0.014477950229244108,20250502_jumbo_3179_sbom_data.json,20250227_1478_sbom_data.json,15,45.0801931082724
0.014333822942435362,20250320_1023_sbom_data.json,20250407_861_sbom_data.json,8,25.737453543804193
0.01424014678077391,20250311_1388_sbom_data.json,20250217_1561_sbom_data.json,7,25.979619198459034
0.014048295334707899,20250311_1388_sbom_data.json,20250427_65_sbom_data.json,1,3.715640370368886
0.013398873025767971,20250306_550_sbom_data.json,20250320_100_sbom_data.json,12,33.639061968678696
0.013351589004846091,20250407_203_sbom_data.json,20250502_jumbo_13802_sbom_data.json,5,16.45907744221784
0.013350669554879397,20250502_jumbo_14282_sbom_data.json,20250427_294_sbom_data.json,5,19.90435217308119
0.013289104238698715,20250419_491_sbom_data.json,20250406_1002_sbom_data.json,6,18.528129862687805
0.013163947305524412,20250308_1092_sbom_data.json,20250317_1341_sbom_data.json,9,27.974829161377553
0.013063686125006923,20250419_491_sbom_data.json,20250407_861_sbom_data.json,8,23.050223181039712
0.01299021444149934,20250210_447_sbom_data.json,20250311_1388_sbom_data.json,7,25.979619198459034
0.012941743251480802,20250502_jumbo_12963_sbom_data.json,20250427_65_sbom_data.json,1,3.715640370368886
0.01276085338003838,20250420_249_sbom_data.json,20250426_1120_sbom_data.json,12,45.97625056582194
0.012691351292851432,20250419_491_sbom_data.json,20250502_jumbo_14282_sbom_data.json,10,28.672419991312424
0.01255403954645423,20250502_jumbo_10892_sbom_data.json,20250317_1341_sbom_data.json,3,8.094185926570397
0.012516014040323084,20250502_jumbo_9047_sbom_data.json,20250215_700_sbom_data.json,1,3.744627907242138
0.012503096181419465,20250216_1131_sbom_data.json,20250410_1473_sbom_data.json,6,27.363139535206408
0.012409253346443386,20250323_91_sbom_data.json,20250406_1002_sbom_data.json,8,25.68118655610929
0.012400366993762093,20250502_jumbo_10892_sbom_data.json,20250316_1292_sbom_data.json,2,8.068086167364324
0.012225220828019471,20250306_771_sbom_data.json,20250218_533_sbom_data.json,1,4.562938230756089
0.012106289501147472,20250226_632_sbom_data.json,20250316_1292_sbom_data.json,4,15.144607377644025
0.012092633068826122,20250320_100_sbom_data.json,20250406_1002_sbom_data.json,5,14.098370857625476
0.011961561102531704,20250502_jumbo_13314_sbom_data.json,20250407_861_sbom_data.json,12,35.61834897446252
0.011855130165216223,20250502_jumbo_3179_sbom_data.json,20250426_1545_sbom_data.json,5,26.381462234935334
0.01176666861045222,20250308_540_sbom_data.json,20250419_491_sbom_data.json,2,10.224488750180289
0.011761979775847163,20250502_jumbo_10892_sbom_data.json,20250406_1002_sbom_data.json,3,8.094185926570397
0.011751699650213741,20250215_283_sbom_data.json,20250320_100_sbom_data.json,12,33.639061968678696
0.011742295062914411,20250502_jumbo_12963_sbom_data.json,20250214_449_sbom_data.json,8,22.487157850172583
0.011340894586425699,20250419_491_sbom_data.json,20250329_223_sbom_data.json,9,24.540064932069228
0.011303882908268302,20250320_100_sbom_data.json,20250329_223_sbom_data.json,8,21.858742499663055
0.011111491861136255,20250311_1388_sbom_data.json,20250404_1683_sbom_data.json,1,3.3589654264301534
0.011092021207419053,20250502_jumbo_12963_sbom_data.json,20250320_1023_sbom_data.json,4,12.254792395412586
0.011006568241502297,20250308_1092_sbom_data.json,20250406_1002_sbom_data.json,8,23.91275231039402
0.010971401684280714,20250320_1023_sbom_data.json,20250302_1466_sbom_data.json,8,27.049613490113064
0.010860852496008077,20250320_1023_sbom_data.json,20250402_1511_sbom_data.json,7,20.25024028434825
0.010701390306203073,20250323_91_sbom_data.json,20250329_223_sbom_data.json,11,30.39662597195514
0.010575058254153516,20250209_351_sbom_data.json,20250217_1561_sbom_data.json,3,17.159004945417372
0.010434499393850967,20250502_jumbo_13802_sbom_data.json,20250217_1561_sbom_data.json,5,17.493151209748376
0.01033643592010768,20250316_1292_sbom_data.json,20250407_861_sbom_data.json,5,15.718600791111346
0.010081282043571957,20250214_1461_sbom_data.json,20250502_jumbo_6624_sbom_data.json,4,20.376470809573828
0.010006580082195338,20250402_1511_sbom_data.json,20250410_1473_sbom_data.json,10,31.618261330517782
0.009974762076152343,20250319_857_sbom_data.json,20250407_861_sbom_data.json,8,24.075361539851226
0.009915612874961543,20250210_447_sbom_data.json,20250419_491_sbom_data.json,9,25.444482827288677
0.00988667877889228,20250320_100_sbom_data.json,20250315_1221_sbom_data.json,9,25.510685003039825
0.00983514455871362,20250502_jumbo_13314_sbom_data.json,20250320_100_sbom_data.json,9,25.510685003039825
0.009697294338498816,20250419_491_sbom_data.json,20250329_448_sbom_data.json,2,8.430509524213921
0.009675876876050416,20250219_1451_sbom_data.json,20250317_1341_sbom_data.json,1,5.479228962630245
0.009579760287946075,20250502_jumbo_12963_sbom_data.json,20250319_857_sbom_data.json,4,16.448699447177543
0.009468829599755568,20250419_491_sbom_data.json,20250217_1561_sbom_data.json,8,22.662130765162516
0.009189551763112844,20250323_91_sbom_data.json,20250319_857_sbom_data.json,9,26.943620748533235
0.0090869084795315,20250420_249_sbom_data.json,20250502_jumbo_14282_sbom_data.json,4,13.887462903172802
0.008957099196369972,20250402_1511_sbom_data.json,20250407_861_sbom_data.json,5,17.863181634962142
0.008907375129716804,20250407_203_sbom_data.json,20250226_632_sbom_data.json,5,16.440421119330587
0.008837928819345154,20250407_861_sbom_data.json,20250317_1341_sbom_data.json,4,13.408456988846286
0.008628530103262989,20250502_jumbo_10892_sbom_data.json,20250407_203_sbom_data.json,3,10.733904413234532
0.008551852151797516,20250502_jumbo_9047_sbom_data.json,20250405_1585_sbom_data.json,1,3.744627907242138
0.008408189281283009,20250320_1023_sbom_data.json,20250418_910_sbom_data.json,4,16.07498303738396
0.008386694503584702,20250329_448_sbom_data.json,20250329_223_sbom_data.json,3,11.975617545543315
0.00831595809170963,20250301_261_sbom_data.json,20250227_1478_sbom_data.json,13,38.17040605645267
0.008265695879966017,20250502_jumbo_9047_sbom_data.json,20250325_816_sbom_data.json,1,3.744627907242138
0.008265695879966017,20250416_657_sbom_data.json,20250502_jumbo_9047_sbom_data.json,1,3.744627907242138
0.00818204038708223,20250502_jumbo_9047_sbom_data.json,20250415_1518_sbom_data.json,1,3.744627907242138
0.008143803912982375,20250502_jumbo_9047_sbom_data.json,20250421_528_sbom_data.json,1,3.744627907242138
0.007971303921088716,20250407_203_sbom_data.json,20250412_1361_sbom_data.json,3,10.131234203864235
0.007861053292932095,20250502_jumbo_12963_sbom_data.json,20250412_1361_sbom_data.json,1,3.066295812467333
0.007736136489679895,20250419_491_sbom_data.json,20250502_jumbo_12963_sbom_data.json,3,8.316008473729491
0.007714986847622483,20250502_jumbo_9047_sbom_data.json,20250303_1483_sbom_data.json,1,3.744627907242138
0.0077148101121800655,20250308_540_sbom_data.json,20250407_203_sbom_data.json,2,9.371492868678446
0.00764137472425936,20250311_1388_sbom_data.json,20250412_1423_sbom_data.json,4,18.414812303550377
0.007639514090836795,20250214_449_sbom_data.json,20250317_1341_sbom_data.json,6,16.85855747361048
0.007589923685770473,20250329_448_sbom_data.json,20250426_1120_sbom_data.json,7,27.465166344300883
0.007580662369007543,20250210_447_sbom_data.json,20250420_249_sbom_data.json,4,13.887462903172802
0.007522829292974068,20250502_jumbo_12963_sbom_data.json,20250306_550_sbom_data.json,6,16.68060921454467
0.00730247892485812,20250227_1478_sbom_data.json,20250426_1120_sbom_data.json,11,33.52137800892059
0.007286346933366946,20250307_82_sbom_data.json,20250227_1478_sbom_data.json,9,31.073108098056068
0.007220116076049672,20250324_396_sbom_data.json,20250502_jumbo_14282_sbom_data.json,3,11.297269504984177
0.007186161709850154,20250502_jumbo_10892_sbom_data.json,20250402_1511_sbom_data.json,3,8.094185926570397
0.007068115330809408,20250412_1361_sbom_data.json,20250226_632_sbom_data.json,2,5.804684751172377
0.007013324226903951,20250406_1002_sbom_data.json,20250407_861_sbom_data.json,4,10.96192055789765
0.006999536848996571,20250210_447_sbom_data.json,20250502_jumbo_13802_sbom_data.json,4,12.994751500129858
0.0068969027235837345,20250320_1023_sbom_data.json,20250319_857_sbom_data.json,5,15.82478885283341
0.00687415481163893,20250325_132_sbom_data.json,20250316_1292_sbom_data.json,1,3.9751515658539702
0.006751516895866566,20250420_249_sbom_data.json,20250217_1561_sbom_data.json,3,11.201441949985075
0.006698824973263569,20250211_1366_sbom_data.json,20250502_jumbo_13802_sbom_data.json,3,10.04125118180787
0.00662104892661643,20250407_203_sbom_data.json,20250216_1131_sbom_data.json,2,8.027264172844069
0.0065574770994751355,20250502_jumbo_13802_sbom_data.json,20250502_jumbo_14282_sbom_data.json,3,10.201099882749766
0.006445583454577101,20250502_jumbo_3179_sbom_data.json,20250218_533_sbom_data.json,3,15.115931047908415
0.006415237395304892,20250308_194_sbom_data.json,20250227_1478_sbom_data.json,6,19.017297677490028
0.006407367770948111,20250316_1292_sbom_data.json,20250216_1131_sbom_data.json,1,3.9751515658539702
0.006310091294912426,20250307_82_sbom_data.json,20250317_1341_sbom_data.json,7,23.886650530639503
0.00612486489329565,20250308_540_sbom_data.json,20250406_1002_sbom_data.json,1,4.052112606990098
0.006059297763159518,20250329_448_sbom_data.json,20250315_1483_sbom_data.json,4,14.703311195131612
0.0060330790011399495,20250502_jumbo_10892_sbom_data.json,20250315_1221_sbom_data.json,4,12.726117028813437
0.00602578962417282,20250323_91_sbom_data.json,20250402_1511_sbom_data.json,5,15.17425237657244
0.005999008165366464,20250418_910_sbom_data.json,20250311_1388_sbom_data.json,2,7.921903657186242
0.005968253940761046,20250308_540_sbom_data.json,20250407_861_sbom_data.json,1,6.172376143190189
0.005934561754554652,20250502_jumbo_13802_sbom_data.json,20250302_1466_sbom_data.json,3,10.2455516453206
0.005845246183890994,20250226_632_sbom_data.json,20250308_1092_sbom_data.json,4,13.371387186631129
0.005813043820264485,20250226_632_sbom_data.json,20250315_1483_sbom_data.json,6,17.80459437342846
0.0057996488690953965,20250419_491_sbom_data.json,20250407_203_sbom_data.json,4,11.366570504894613
0.005709061388929323,20250320_100_sbom_data.json,20250319_857_sbom_data.json,4,11.601321202144518
0.0055713038633917016,20250306_550_sbom_data.json,20250329_448_sbom_data.json,3,11.23898525304363
0.005570572965501629,20250308_1092_sbom_data.json,20250329_448_sbom_data.json,2,9.20443878401528
0.005443782249056405,20250311_1388_sbom_data.json,20250410_1473_sbom_data.json,3,13.000121862057702
0.005375797838354568,20250329_448_sbom_data.json,20250317_1341_sbom_data.json,1,3.3197447132768723
0.005303224003575408,20250502_jumbo_10892_sbom_data.json,20250215_283_sbom_data.json,4,12.726117028813437
0.00527956571689272,20250214_449_sbom_data.json,20250227_1478_sbom_data.json,5,14.231959940893555
0.005220898074395343,20250502_jumbo_7959_sbom_data.json,20250502_jumbo_6624_sbom_data.json,2,10.629953858288452
0.005188415442766334,20250320_1023_sbom_data.json,20250215_283_sbom_data.json,5,16.324887504953118
0.005153231931403951,20250226_632_sbom_data.json,20250427_65_sbom_data.json,1,3.715640370368886
0.005115733400370202,20250307_139_sbom_data.json,20250227_1478_sbom_data.json,6,17.23140877704333
0.0051032106596003626,20250227_1478_sbom_data.json,20250407_861_sbom_data.json,3,10.24011192202478
0.005076247371723922,20250420_249_sbom_data.json,20250417_234_sbom_data.json,3,10.528497476742649
0.005068855632748149,20250306_550_sbom_data.json,20250226_632_sbom_data.json,5,13.455192538565422
0.0050276982671289775,20250502_jumbo_13802_sbom_data.json,20250320_100_sbom_data.json,1,3.3589654264301534
0.0049403772656083905,20250210_447_sbom_data.json,20250227_1133_sbom_data.json,2,8.900069792778485
0.0048621523799784756,20250502_jumbo_13802_sbom_data.json,20250417_234_sbom_data.json,3,10.201099882749766
0.004858571707742204,20250323_91_sbom_data.json,20250216_1131_sbom_data.json,2,7.532567931007962
0.004844646549663281,20250502_jumbo_3179_sbom_data.json,20250420_249_sbom_data.json,3,10.528497476742649
0.004805748429245683,20250502_jumbo_10892_sbom_data.json,20250227_1478_sbom_data.json,2,5.448170307996367
0.004752507718560467,20250210_447_sbom_data.json,20250502_jumbo_10892_sbom_data.json,3,8.869011138144609
0.004664428311283806,20250308_540_sbom_data.json,20250418_910_sbom_data.json,1,5.325078282802986
0.004489779813591617,20250320_1023_sbom_data.json,20250317_1341_sbom_data.json,2,6.2717077522799745
0.00447554736645356,20250215_283_sbom_data.json,20250226_632_sbom_data.json,5,13.455192538565422
0.004433987876851411,20250324_396_sbom_data.json,20250502_jumbo_6624_sbom_data.json,2,9.349020012826388
0.004407523421302856,20250419_1455_sbom_data.json,20250402_1511_sbom_data.json,2,6.864113363038388
0.004390147037208181,20250308_194_sbom_data.json,20250404_1683_sbom_data.json,3,8.737844480493747
0.004334504134327765,20250502_jumbo_13802_sbom_data.json,20250317_1341_sbom_data.json,1,2.793651617380093
0.004324433709237824,20250320_100_sbom_data.json,20250404_1683_sbom_data.json,1,2.749199854809259
0.004303931598318519,20250502_jumbo_12963_sbom_data.json,20250215_283_sbom_data.json,4,11.08187728396086
0.004295454516680371,20250502_jumbo_13802_sbom_data.json,20250316_1292_sbom_data.json,1,2.793651617380093
0.004280731063820115,20250502_jumbo_979_sbom_data.json,20250227_1478_sbom_data.json,5,13.730883092092908
0.00427114075178092,20250320_100_sbom_data.json,20250227_1478_sbom_data.json,2,6.901853691021235
0.0042645680774066105,20250316_1292_sbom_data.json,20250319_857_sbom_data.json,3,8.600806919054355
0.004261516170625916,20250502_jumbo_13802_sbom_data.json,20250301_261_sbom_data.json,5,15.602300837876092
0.004213451043740794,20250502_jumbo_10892_sbom_data.json,20250417_234_sbom_data.json,3,8.869011138144609
0.004202299808903098,20250226_632_sbom_data.json,20250406_1002_sbom_data.json,2,5.4555004789628025
0.004192777029849248,20250320_1023_sbom_data.json,20250502_jumbo_13314_sbom_data.json,4,12.049631346648809
0.004136322743394586,20250502_jumbo_3179_sbom_data.json,20250306_771_sbom_data.json,2,9.268977305152852
0.00412474607848146,20250412_1361_sbom_data.json,20250308_1092_sbom_data.json,2,7.064938391396902
0.004101246434465287,20250308_540_sbom_data.json,20250307_82_sbom_data.json,3,13.557136868293068
0.004090620227254645,20250329_223_sbom_data.json,20250407_861_sbom_data.json,3,9.572201410254793
0.004048102318773243,20250412_1361_sbom_data.json,20250317_1341_sbom_data.json,1,2.7383889387050435
0.0040446023320305285,20250323_91_sbom_data.json,20250329_448_sbom_data.json,2,6.285110014742287
0.0040441992217639345,20250329_448_sbom_data.json,20250301_261_sbom_data.json,4,14.703311195131612
0.0039437078273226525,20250502_jumbo_10892_sbom_data.json,20250306_550_sbom_data.json,3,8.094185926570397
0.003942163935519259,20250418_910_sbom_data.json,20250329_448_sbom_data.json,1,4.498399709618518
0.003931429389387523,20250502_jumbo_13802_sbom_data.json,20250323_91_sbom_data.json,2,6.213525796897239
0.0039179873826963646,20250412_1423_sbom_data.json,20250404_1683_sbom_data.json,3,8.737844480493747
0.00390679796531312,20250419_491_sbom_data.json,20250316_1292_sbom_data.json,2,5.351737163447419
0.0038540269939366673,20250404_1683_sbom_data.json,20250315_1483_sbom_data.json,3,9.347610052114641
0.0038511013145385215,20250502_jumbo_13802_sbom_data.json,20250412_1423_sbom_data.json,3,8.715714618985645
0.0038150941564414663,20250329_448_sbom_data.json,20250410_1473_sbom_data.json,2,8.430509524213921
0.0038044770368194786,20250502_jumbo_10892_sbom_data.json,20250502_jumbo_13314_sbom_data.json,3,8.094185926570397
0.003803951317064599,20250412_1361_sbom_data.json,20250406_1002_sbom_data.json,1,2.7383889387050435
0.003685329739062706,20250419_1455_sbom_data.json,20250317_1341_sbom_data.json,1,3.9751515658539702
0.003655385620491907,20250502_jumbo_13802_sbom_data.json,20250307_82_sbom_data.json,4,12.180040561073625
0.0036522331465634727,20250307_139_sbom_data.json,20250404_1683_sbom_data.json,3,8.737844480493747
0.0036400705152531744,20250502_jumbo_12963_sbom_data.json,20250419_1455_sbom_data.json,1,2.8889617971844177
0.0036102509837807758,20250211_1366_sbom_data.json,20250502_jumbo_10892_sbom_data.json,2,5.448170307996367
0.0035984077701619026,20250502_jumbo_10892_sbom_data.json,20250410_1473_sbom_data.json,2,8.068086167364324
0.003593091728325393,20250420_249_sbom_data.json,20250410_1473_sbom_data.json,2,7.951675815519913
0.0035749449789311515,20250227_1478_sbom_data.json,20250327_1532_sbom_data.json,5,14.15391333255706
0.0035274789288235646,20250404_1683_sbom_data.json,20250302_1466_sbom_data.json,2,5.988644625684488
0.0035226429615596547,20250427_65_sbom_data.json,20250402_1511_sbom_data.json,1,3.715640370368886
0.003504685837897372,20250502_jumbo_10892_sbom_data.json,20250319_857_sbom_data.json,2,5.448170307996367
0.0034791908342363762,20250502_jumbo_10892_sbom_data.json,20250502_jumbo_14282_sbom_data.json,2,5.448170307996367
0.0034537569428115334,20250308_540_sbom_data.json,20250308_194_sbom_data.json,2,6.907639628088279
0.0034106296350699485,20250320_1023_sbom_data.json,20250227_1478_sbom_data.json,2,6.422280610759349
0.0033850972249980377,20250407_203_sbom_data.json,20250325_132_sbom_data.json,1,3.9751515658539702
0.0033595781093926492,20250307_139_sbom_data.json,20250502_jumbo_13802_sbom_data.json,3,8.150400809935585
0.0033379101594642477,20250215_283_sbom_data.json,20250329_448_sbom_data.json,2,7.919240539766759
0.0033347588944841883,20250404_1683_sbom_data.json,20250426_1120_sbom_data.json,4,12.0968099069239
0.0033330772093368415,20250329_448_sbom_data.json,20250327_1532_sbom_data.json,3,9.951130964736993
0.003332680290008324,20250502_jumbo_12963_sbom_data.json,20250406_1002_sbom_data.json,1,2.8889617971844177
0.0033222385847469504,20250405_877_sbom_data.json,20250217_1561_sbom_data.json,1,5.325078282802986
0.0032834242904857497,20250502_jumbo_10892_sbom_data.json,20250315_1483_sbom_data.json,3,8.094185926570397
0.0032629939981411323,20250320_100_sbom_data.json,20250402_1511_sbom_data.json,2,5.26285697634559
0.003244126147464789,20250216_1131_sbom_data.json,20250402_1511_sbom_data.json,1,3.5574163651539914
0.003216060693774364,20250502_jumbo_10892_sbom_data.json,20250217_1561_sbom_data.json,2,5.448170307996367
0.0031946881033929238,20250219_1451_sbom_data.json,20250327_1532_sbom_data.json,2,9.38292156450207
0.0031852616502628527,20250420_249_sbom_data.json,20250307_82_sbom_data.json,3,10.5433860892364
0.0031625558022675667,20250502_jumbo_13802_sbom_data.json,20250407_861_sbom_data.json,1,3.3589654264301534
0.0031436622526307906,20250329_448_sbom_data.json,20250308_194_sbom_data.json,2,6.285110014742287
0.003098044602439431,20250214_1461_sbom_data.json,20250502_jumbo_14282_sbom_data.json,1,4.6319311022430405
0.0030743041606468274,20250404_1683_sbom_data.json,20250402_1511_sbom_data.json,1,3.3589654264301534
0.003074093574031944,20250216_1131_sbom_data.json,20250426_1120_sbom_data.json,3,11.166945337298081
0.003058247751877644,20250502_jumbo_10892_sbom_data.json,20250302_1466_sbom_data.json,2,5.311833864444237
0.0030506303219215917,20250502_jumbo_13314_sbom_data.json,20250412_1361_sbom_data.json,2,6.575390166078197
0.003049513264082111,20250419_491_sbom_data.json,20250402_1511_sbom_data.json,2,5.627350735889461
0.003046716614697314,20250320_1023_sbom_data.json,20250404_1683_sbom_data.json,1,2.749199854809259
0.003045851448240923,20250311_1388_sbom_data.json,20250308_194_sbom_data.json,2,6.645424162073558
0.0030390181663045154,20250320_1023_sbom_data.json,20250306_550_sbom_data.json,3,8.51631253307388
0.0030202971529604866,20250329_448_sbom_data.json,20250402_1511_sbom_data.json,1,3.3197447132768723
0.003014999416313963,20250502_jumbo_13802_sbom_data.json,20250308_194_sbom_data.json,2,6.108165281239412
0.00301143062499726,20250227_1478_sbom_data.json,20250410_1473_sbom_data.json,3,9.59575490563427
0.0030055112876756955,20250412_1361_sbom_data.json,20250412_1423_sbom_data.json,2,6.903297039840487
0.002977599217313386,20250502_jumbo_13314_sbom_data.json,20250226_632_sbom_data.json,3,8.143456708531343
0.002970503132503775,20250306_550_sbom_data.json,20250404_1683_sbom_data.json,2,5.988644625684488
0.002958537025100885,20250311_1388_sbom_data.json,20250227_1478_sbom_data.json,1,3.805252529058573
0.0029575480499984164,20250418_910_sbom_data.json,20250404_1683_sbom_data.json,1,3.3589654264301534
0.0029195540697961766,20250502_jumbo_7959_sbom_data.json,20250502_jumbo_14282_sbom_data.json,1,4.380616673962135
0.0029017275696061814,20250315_1221_sbom_data.json,20250329_448_sbom_data.json,2,6.047438362865168
0.0028984209794866997,20250320_1023_sbom_data.json,20250329_223_sbom_data.json,2,6.422280610759349
0.002882442153715719,20250315_1221_sbom_data.json,20250404_1683_sbom_data.json,2,5.988644625684488
0.002867544642518705,20250323_91_sbom_data.json,20250317_1341_sbom_data.json,2,5.866754808075451
0.00286613448344095,20250321_648_sbom_data.json,20250410_1473_sbom_data.json,1,6.172376143190189
0.0028638057430811757,20250502_jumbo_13314_sbom_data.json,20250404_1683_sbom_data.json,2,5.988644625684488
0.0028312040217003155,20250320_1023_sbom_data.json,20250412_1361_sbom_data.json,1,2.7383889387050435
0.002826690694153056,20250216_1131_sbom_data.json,20250329_223_sbom_data.json,1,4.052112606990098
0.002822787422788742,20250502_jumbo_3179_sbom_data.json,20250502_jumbo_13802_sbom_data.json,2,6.213525796897239
0.0028020875213807385,20250412_1361_sbom_data.json,20250407_861_sbom_data.json,1,3.066295812467333
0.0027694182771128826,20250407_203_sbom_data.json,20250404_1683_sbom_data.json,1,3.3589654264301534
0.0027531679946851627,20250211_1366_sbom_data.json,20250217_1222_sbom_data.json,1,3.9036926018718257
0.0027531679946851627,20250211_1366_sbom_data.json,20250210_1258_sbom_data.json,1,3.9036926018718257
0.0027531679946851627,20250211_1366_sbom_data.json,20250208_1394_sbom_data.json,1,3.9036926018718257
0.002738179877189665,20250308_540_sbom_data.json,20250211_1366_sbom_data.json,1,4.052112606990098
0.0027320175987816764,20250320_100_sbom_data.json,20250317_1341_sbom_data.json,1,3.096601161962662
0.0027307280742299516,20250211_1366_sbom_data.json,20250219_1451_sbom_data.json,1,3.9036926018718257
0.002668842706386774,20250427_65_sbom_data.json,20250329_223_sbom_data.json,1,3.715640370368886
0.002656580255034688,20250308_540_sbom_data.json,20250319_857_sbom_data.json,1,4.052112606990098
0.0026400538064884115,20250211_1366_sbom_data.json,20250329_448_sbom_data.json,1,3.9036926018718257
0.002637494783015012,20250412_1361_sbom_data.json,20250315_1483_sbom_data.json,2,6.575390166078197
0.002635259166041422,20250306_550_sbom_data.json,20250502_jumbo_13802_sbom_data.json,2,5.401200955126326
0.002629423456944229,20250325_132_sbom_data.json,20250323_91_sbom_data.json,1,3.9751515658539702
0.0026253960329991237,20250214_1123_sbom_data.json,20250410_1473_sbom_data.json,1,5.661550519424199
0.0026017724627395824,20250320_1023_sbom_data.json,20250311_1388_sbom_data.json,1,2.840171633014986
0.00258953488271864,20250211_1366_sbom_data.json,20250427_65_sbom_data.json,1,3.715640370368886
0.00256484685224302,20250226_632_sbom_data.json,20250319_857_sbom_data.json,2,5.544829712201457
0.002558378140502315,20250502_jumbo_13802_sbom_data.json,20250315_1221_sbom_data.json,2,5.401200955126326
0.0025420981788839858,20250502_jumbo_13314_sbom_data.json,20250502_jumbo_13802_sbom_data.json,2,5.401200955126326
0.002529059933971589,20250215_283_sbom_data.json,20250404_1683_sbom_data.json,2,5.988644625684488
0.0025281257714349762,20250502_jumbo_979_sbom_data.json,20250412_1361_sbom_data.json,2,5.804684751172377
0.002519982310390634,20250308_540_sbom_data.json,20250308_1092_sbom_data.json,1,4.179945978499983
0.00249085202677527,20250427_65_sbom_data.json,20250502_jumbo_14282_sbom_data.json,1,3.715640370368886
0.0024807662117079183,20250502_jumbo_13802_sbom_data.json,20250402_1511_sbom_data.json,1,2.793651617380093
0.0024708806587219554,20250323_832_sbom_data.json,20250502_jumbo_14282_sbom_data.json,1,3.715640370368886
0.0024680263280562405,20250502_jumbo_3179_sbom_data.json,20250502_jumbo_10892_sbom_data.json,2,5.448170307996367
0.0024406392041298242,20250316_1292_sbom_data.json,20250406_1002_sbom_data.json,1,2.8283371753679827
0.0024318248222942713,20250427_65_sbom_data.json,20250307_82_sbom_data.json,2,7.942106364503763
0.0024143468598118835,20250502_jumbo_10892_sbom_data.json,20250307_82_sbom_data.json,2,8.068086167364324
0.0023979881506116787,20250502_jumbo_10892_sbom_data.json,20250412_1423_sbom_data.json,2,5.448170307996367
0.002365430271826064,20250502_jumbo_979_sbom_data.json,20250502_jumbo_13802_sbom_data.json,2,5.356749192555491
0.0023533769044363374,20250226_632_sbom_data.json,20250419_1455_sbom_data.json,1,2.8889617971844177
0.0023488692026368916,20250404_1683_sbom_data.json,20250329_223_sbom_data.json,1,3.3589654264301534
0.0023431009773797425,20250308_540_sbom_data.json,20250214_449_sbom_data.json,1,4.052112606990098
0.002339832986478845,20250502_jumbo_10892_sbom_data.json,20250502_jumbo_979_sbom_data.json,2,5.311833864444237
0.002293838569527172,20250427_65_sbom_data.json,20250217_1561_sbom_data.json,1,3.715640370368886
0.0022808616412197144,20250211_1366_sbom_data.json,20250404_1683_sbom_data.json,1,3.3589654264301534
0.0022797018181818073,20250412_1361_sbom_data.json,20250418_910_sbom_data.json,1,2.7383889387050435
0.002268939083805074,20250502_jumbo_10892_sbom_data.json,20250418_910_sbom_data.json,1,2.665818245870208
0.002266546294589892,20250211_1366_sbom_data.json,20250420_249_sbom_data.json,1,3.3589654264301534
0.0022656325794784046,20250412_1361_sbom_data.json,20250327_1532_sbom_data.json,2,6.903297039840487
0.002249107853899569,20250215_283_sbom_data.json,20250502_jumbo_13802_sbom_data.json,2,5.401200955126326
0.0022237017949319916,20250502_jumbo_3179_sbom_data.json,20250310_824_sbom_data.json,1,4.706039074396763
0.0022122949444652986,20250502_jumbo_12963_sbom_data.json,20250315_1483_sbom_data.json,2,5.842462115506407
0.002211410414333123,20250502_jumbo_9047_sbom_data.json,20250214_449_sbom_data.json,1,3.744627907242138
0.002205777582691798,20250502_jumbo_12963_sbom_data.json,20250227_1478_sbom_data.json,1,2.8889617971844177
0.0022029489400990834,20250502_jumbo_10892_sbom_data.json,20250301_261_sbom_data.json,3,8.094185926570397
0.0021960902557152883,20250502_jumbo_14282_sbom_data.json,20250404_1683_sbom_data.json,1,3.3589654264301534
0.0021935364294513003,20250502_jumbo_13802_sbom_data.json,20250315_1483_sbom_data.json,2,5.401200955126326
0.002177615515606491,20250226_632_sbom_data.json,20250317_1341_sbom_data.json,1,2.7383889387050435
0.002161311177742869,20250419_491_sbom_data.json,20250419_1455_sbom_data.json,1,2.8889617971844177
0.002110340318120475,20250224_1367_sbom_data.json,20250502_jumbo_6624_sbom_data.json,1,4.380616673962135
0.002107988150268515,20250320_1023_sbom_data.json,20250419_1455_sbom_data.json,1,2.8889617971844177
0.002103530403166892,20250325_132_sbom_data.json,20250410_1473_sbom_data.json,1,4.562938230756089
0.0020958518095964746,20250502_jumbo_6624_sbom_data.json,20250502_jumbo_11496_sbom_data.json,1,4.226465994134877
0.0020897536025495855,20250307_1428_sbom_data.json,20250502_jumbo_6624_sbom_data.json,1,4.226465994134877
0.0020872938539075914,20250216_1131_sbom_data.json,20250302_1466_sbom_data.json,1,3.5574163651539914
0.0020844370151650343,20250329_448_sbom_data.json,20250302_1466_sbom_data.json,1,3.5574163651539914
0.00206955630898322,20250210_447_sbom_data.json,20250427_65_sbom_data.json,1,3.715640370368886
0.0020263525079252894,20250404_1683_sbom_data.json,20250217_1561_sbom_data.json,1,3.3589654264301534
0.002015563894896355,20250320_1023_sbom_data.json,20250315_1221_sbom_data.json,2,5.777923594368835
0.0020092931189583402,20250311_1388_sbom_data.json,20250327_1532_sbom_data.json,2,6.373490446589917
0.001984148219950745,20250226_632_sbom_data.json,20250315_1221_sbom_data.json,2,5.4050677698262986
0.001947662119915515,20250427_65_sbom_data.json,20250410_1473_sbom_data.json,1,4.226465994134877
0.00191903867628124,20250308_540_sbom_data.json,20250502_jumbo_3179_sbom_data.json,1,4.179945978499983
0.0019164574806217445,20250210_447_sbom_data.json,20250312_248_sbom_data.json,1,3.420840830148241
0.0018966060681957022,20250320_1023_sbom_data.json,20250406_1002_sbom_data.json,1,2.7383889387050435
0.0018951337284974859,20250210_447_sbom_data.json,20250502_jumbo_7959_sbom_data.json,1,3.420840830148241
0.0018906116253059387,20250210_447_sbom_data.json,20250322_241_sbom_data.json,1,3.420840830148241
0.0018794071610870836,20250419_491_sbom_data.json,20250215_283_sbom_data.json,2,5.8694907878943265
0.0018703960944370741,20250419_1455_sbom_data.json,20250217_1561_sbom_data.json,1,3.9751515658539702
0.0018480542054696355,20250307_82_sbom_data.json,20250404_1683_sbom_data.json,2,6.108165281239412
0.0018323099851889032,20250210_447_sbom_data.json,20250404_1683_sbom_data.json,1,3.3589654264301534
0.0018121871547931872,20250215_283_sbom_data.json,20250427_65_sbom_data.json,1,4.226465994134877
0.0017900416328125875,20250412_1423_sbom_data.json,20250217_1222_sbom_data.json,1,3.9036926018718257
0.0017900416328125875,20250412_1423_sbom_data.json,20250210_1258_sbom_data.json,1,3.9036926018718257
0.0017900416328125875,20250412_1423_sbom_data.json,20250208_1394_sbom_data.json,1,3.9036926018718257
0.0017891134818834625,20250412_1361_sbom_data.json,20250315_1221_sbom_data.json,1,3.837001227373153
0.0017814147149222816,20250502_jumbo_13802_sbom_data.json,20250329_223_sbom_data.json,1,2.6075493377462324
0.0017805285294772181,20250412_1423_sbom_data.json,20250219_1451_sbom_data.json,1,3.9036926018718257
0.0017789862409817165,20250216_1131_sbom_data.json,20250308_194_sbom_data.json,1,3.5574163651539914
0.0017757475430499397,20250502_jumbo_13802_sbom_data.json,20250327_1532_sbom_data.json,2,5.356749192555491
0.0017725636503695245,20250323_91_sbom_data.json,20250404_1683_sbom_data.json,1,2.749199854809259
0.001749788104791021,20250308_540_sbom_data.json,20250323_91_sbom_data.json,1,2.7276936495882955
0.0017417457116959973,20250502_jumbo_3179_sbom_data.json,20250427_65_sbom_data.json,1,3.715640370368886
0.0017415278490503898,20250329_448_sbom_data.json,20250412_1423_sbom_data.json,1,3.9036926018718257
0.0017276925213148037,20250210_447_sbom_data.json,20250419_1455_sbom_data.json,1,3.9751515658539702
0.001722280193086648,20250412_1361_sbom_data.json,20250307_82_sbom_data.json,2,5.804684751172377
0.001690360619701343,20250312_248_sbom_data.json,20250417_234_sbom_data.json,1,3.420840830148241
0.0016802886034423539,20250502_jumbo_13802_sbom_data.json,20250319_857_sbom_data.json,1,2.6075493377462324
0.0016737496706115248,20250502_jumbo_7959_sbom_data.json,20250417_234_sbom_data.json,1,3.420840830148241
0.0016721873437516408,20250227_1133_sbom_data.json,20250417_234_sbom_data.json,1,3.420840830148241
0.0016702213923425722,20250322_241_sbom_data.json,20250417_234_sbom_data.json,1,3.420840830148241
0.0016641902077380005,20250216_1131_sbom_data.json,20250315_1483_sbom_data.json,1,4.052112606990098
0.0016568464706633438,20250226_632_sbom_data.json,20250227_1478_sbom_data.json,1,2.8889617971844177
0.001646201187907841,20250404_1683_sbom_data.json,20250301_261_sbom_data.json,2,5.988644625684488
0.0016320433992893782,20250311_1388_sbom_data.json,20250323_91_sbom_data.json,1,2.840171633014986
0.0015957671087683033,20250214_449_sbom_data.json,20250404_1683_sbom_data.json,1,2.749199854809259
0.0015704819921234486,20250420_249_sbom_data.json,20250302_1466_sbom_data.json,1,2.6860209531877275
0.0015676055115220087,20250412_1361_sbom_data.json,20250301_261_sbom_data.json,2,5.804684751172377
0.001559291232995767,20250419_491_sbom_data.json,20250227_1478_sbom_data.json,1,2.8889617971844177
0.001550774220018709,20250412_1361_sbom_data.json,20250302_1466_sbom_data.json,1,2.7383889387050435
0.0015506662594798155,20250420_249_sbom_data.json,20250214_449_sbom_data.json,1,2.6860209531877275
0.0015214836285727211,20250419_1455_sbom_data.json,20250329_223_sbom_data.json,1,2.8889617971844177
0.001513474237657024,20250502_jumbo_10892_sbom_data.json,20250214_449_sbom_data.json,1,2.665818245870208
0.0015025511229148079,20250311_1388_sbom_data.json,20250302_1466_sbom_data.json,1,2.840171633014986
0.0014880677299663175,20250211_1366_sbom_data.json,20250419_1455_sbom_data.json,1,2.8889617971844177
0.001482176681348445,20250210_447_sbom_data.json,20250329_448_sbom_data.json,1,2.7276936495882955
0.0014810794566103172,20250210_447_sbom_data.json,20250308_540_sbom_data.json,1,2.7276936495882955
0.0014732030233564515,20250306_550_sbom_data.json,20250214_1123_sbom_data.json,1,2.901540579391278
0.0014285300590527964,20250315_1221_sbom_data.json,20250214_1123_sbom_data.json,1,2.901540579391278
0.0014190838954477286,20250502_jumbo_13314_sbom_data.json,20250214_1123_sbom_data.json,1,2.901540579391278
0.001362454230182958,20250419_1455_sbom_data.json,20250308_1092_sbom_data.json,1,2.8889617971844177
0.0013455649192331014,20250308_540_sbom_data.json,20250306_550_sbom_data.json,1,2.7276936495882955
0.0013392045639511391,20250420_249_sbom_data.json,20250308_194_sbom_data.json,1,2.6860209531877275
0.0013319246256141234,20250217_1222_sbom_data.json,20250327_1532_sbom_data.json,1,3.9036926018718257
0.0013319246256141234,20250210_1258_sbom_data.json,20250327_1532_sbom_data.json,1,3.9036926018718257
0.0013319246256141234,20250208_1394_sbom_data.json,20250327_1532_sbom_data.json,1,3.9036926018718257
0.0013318795642859572,20250419_1455_sbom_data.json,20250302_1466_sbom_data.json,1,2.8889617971844177
0.0013285488085775842,20250412_1361_sbom_data.json,20250308_194_sbom_data.json,1,2.7383889387050435
0.001328234447074803,20250502_jumbo_979_sbom_data.json,20250214_1123_sbom_data.json,1,2.901540579391278
0.0013139146122473969,20250306_550_sbom_data.json,20250412_1361_sbom_data.json,1,2.7383889387050435
0.001311969816350416,20250329_448_sbom_data.json,20250417_234_sbom_data.json,1,2.7276936495882955
0.0013111100503905683,20250308_540_sbom_data.json,20250417_234_sbom_data.json,1,2.7276936495882955
0.0013058881342038024,20250308_540_sbom_data.json,20250315_1221_sbom_data.json,1,2.7276936495882955
0.0013003036168207933,20250502_jumbo_10892_sbom_data.json,20250308_194_sbom_data.json,1,2.6460156185740287
0.0012983316391076483,20250502_jumbo_13314_sbom_data.json,20250329_448_sbom_data.json,1,2.7276936495882955
0.001297489649368947,20250308_540_sbom_data.json,20250502_jumbo_13314_sbom_data.json,1,2.7276936495882955
0.0012902412699791943,20250329_448_sbom_data.json,20250307_82_sbom_data.json,1,4.275256158304309
0.0012882470371543611,20250502_jumbo_12963_sbom_data.json,20250315_1221_sbom_data.json,1,2.9535003183219892
0.0012811669627877176,20250412_1361_sbom_data.json,20250417_234_sbom_data.json,1,2.7383889387050435
0.001280694474732432,20250502_jumbo_12963_sbom_data.json,20250502_jumbo_13314_sbom_data.json,1,2.9535003183219892
0.0012659200413406436,20250502_jumbo_3179_sbom_data.json,20250404_1683_sbom_data.json,1,2.749199854809259
0.0012498874126818744,20250215_283_sbom_data.json,20250214_1123_sbom_data.json,1,2.901540579391278
0.0012445749706805175,20250404_1683_sbom_data.json,20250410_1473_sbom_data.json,1,2.749199854809259
0.0012353689347547494,20250307_139_sbom_data.json,20250214_1123_sbom_data.json,1,2.901540579391278
0.0012304853005019598,20250502_jumbo_979_sbom_data.json,20250404_1683_sbom_data.json,1,2.749199854809259
0.0012179672864126162,20250214_1123_sbom_data.json,20250315_1483_sbom_data.json,1,2.901540579391278
0.0012172997937879963,20250502_jumbo_979_sbom_data.json,20250329_448_sbom_data.json,1,2.7276936495882955
0.0012165595953007914,20250308_540_sbom_data.json,20250502_jumbo_979_sbom_data.json,1,2.7276936495882955
0.0011971898817870227,20250502_jumbo_979_sbom_data.json,20250420_249_sbom_data.json,1,2.6860209531877275
0.0011961580796371644,20250420_249_sbom_data.json,20250412_1423_sbom_data.json,1,2.6860209531877275
0.0011719193382591683,20250502_jumbo_979_sbom_data.json,20250311_1388_sbom_data.json,1,2.840171633014986
0.0011630181409108427,20250502_jumbo_13802_sbom_data.json,20250410_1473_sbom_data.json,1,2.6075493377462324
0.0011465380265554327,20250308_540_sbom_data.json,20250215_283_sbom_data.json,1,2.7276936495882955
0.0011341815735343838,20250307_139_sbom_data.json,20250329_448_sbom_data.json,1,2.7276936495882955
0.0011335389800721496,20250308_540_sbom_data.json,20250307_139_sbom_data.json,1,2.7276936495882955
0.0011241143760397057,20250215_283_sbom_data.json,20250412_1361_sbom_data.json,1,2.7383889387050435
0.0011179488571332438,20250308_540_sbom_data.json,20250315_1483_sbom_data.json,1,2.7276936495882955
0.0011155408897595307,20250307_139_sbom_data.json,20250420_249_sbom_data.json,1,2.6860209531877275
0.0010975507658516656,20250307_139_sbom_data.json,20250311_1388_sbom_data.json,1,2.840171633014986
0.0010857422439239563,20250307_139_sbom_data.json,20250502_jumbo_10892_sbom_data.json,1,2.6460156185740287
0.001079146079618103,20250419_1455_sbom_data.json,20250410_1473_sbom_data.json,1,2.8889617971844177
0.0010719235976867495,20250410_1473_sbom_data.json,20250317_1341_sbom_data.json,1,2.901540579391278
0.0010682804893615892,20250419_1455_sbom_data.json,20250412_1423_sbom_data.json,1,2.8889617971844177
0.0010675565148149963,20250323_91_sbom_data.json,20250227_1478_sbom_data.json,1,2.7066402403904632
0.0010325745344158365,20250427_65_sbom_data.json,20250426_1120_sbom_data.json,1,3.715640370368886
0.001018771602523592,20250419_491_sbom_data.json,20250315_1221_sbom_data.json,1,2.8889617971844177
0.0009961433322511393,20250419_1455_sbom_data.json,20250315_1483_sbom_data.json,1,2.8889617971844177
0.0009880855969911257,20250214_1123_sbom_data.json,20250327_1532_sbom_data.json,1,2.901540579391278
0.0009206168369062783,20250404_1683_sbom_data.json,20250327_1532_sbom_data.json,1,2.749199854809259
0.0009110060090730832,20250308_540_sbom_data.json,20250327_1532_sbom_data.json,1,2.7276936495882955
0.0009065188259425748,20250419_491_sbom_data.json,20250315_1483_sbom_data.json,1,2.8889617971844177
0.000896648532756083,20250420_249_sbom_data.json,20250327_1532_sbom_data.json,1,2.6860209531877275
0.0008747562428567469,20250502_jumbo_10892_sbom_data.json,20250327_1532_sbom_data.json,1,2.6460156185740287
0.0008363153125548106,20250419_1455_sbom_data.json,20250327_1532_sbom_data.json,1,2.8889617971844177
0.0008088801230925195,20250214_1123_sbom_data.json,20250426_1120_sbom_data.json,1,2.901540579391278
0.0008079212566460202,20250214_1123_sbom_data.json,20250301_261_sbom_data.json,1,2.901540579391278
0.0007483926102206612,20250308_540_sbom_data.json,20250426_1120_sbom_data.json,1,2.7276936495882955
0.0007475194579815446,20250308_540_sbom_data.json,20250301_261_sbom_data.json,1,2.7276936495882955
0.000741486062613652,20250311_1388_sbom_data.json,20250301_261_sbom_data.json,1,2.840171633014986
0.0007397636437353783,20250412_1361_sbom_data.json,20250426_1120_sbom_data.json,1,2.7383889387050435
0.0007358032194904664,20250420_249_sbom_data.json,20250301_261_sbom_data.json,1,2.6860209531877275
0.0007199178142455003,20250502_jumbo_10892_sbom_data.json,20250426_1120_sbom_data.json,1,2.6460156185740287
0.000703771075118924,20250419_1455_sbom_data.json,20250426_1120_sbom_data.json,1,2.8889617971844177
0.0007030419460312984,20250419_1455_sbom_data.json,20250301_261_sbom_data.json,1,2.8889617971844177
0.0,20250502_jumbo_979_sbom_data.json,20250502_jumbo_9047_sbom_data.json,0,0.0
0.0,20250502_jumbo_979_sbom_data.json,20250502_jumbo_7959_sbom_data.json,0,0.0
0.0,20250502_jumbo_979_sbom_data.json,20250502_jumbo_6624_sbom_data.json,0,0.0
0.0,20250502_jumbo_979_sbom_data.json,20250502_jumbo_2331_sbom_data.json,0,0.0
0.0,20250502_jumbo_979_sbom_data.json,20250502_jumbo_11496_sbom_data.json,0,0.0
0.0,20250502_jumbo_979_sbom_data.json,20250427_65_sbom_data.json,0,0.0
0.0,20250502_jumbo_979_sbom_data.json,20250427_294_sbom_data.json,0,0.0
0.0,20250502_jumbo_979_sbom_data.json,20250426_1545_sbom_data.json,0,0.0
0.0,20250502_jumbo_979_sbom_data.json,20250421_528_sbom_data.json,0,0.0
0.0,20250502_jumbo_979_sbom_data.json,20250419_1455_sbom_data.json,0,0.0
0.0,20250502_jumbo_979_sbom_data.json,20250418_1115_sbom_data.json,0,0.0
0.0,20250502_jumbo_979_sbom_data.json,20250417_208_sbom_data.json,0,0.0
0.0,20250502_jumbo_979_sbom_data.json,20250415_1518_sbom_data.json,0,0.0
0.0,20250502_jumbo_979_sbom_data.json,20250411_217_sbom_data.json,0,0.0
0.0,20250502_jumbo_979_sbom_data.json,20250408_221_sbom_data.json,0,0.0
0.0,20250502_jumbo_979_sbom_data.json,20250405_877_sbom_data.json,0,0.0
0.0,20250502_jumbo_979_sbom_data.json,20250405_1585_sbom_data.json,0,0.0
0.0,20250502_jumbo_979_sbom_data.json,20250330_99_sbom_data.json,0,0.0
0.0,20250502_jumbo_979_sbom_data.json,20250327_1054_sbom_data.json,0,0.0
0.0,20250502_jumbo_979_sbom_data.json,20250326_674_sbom_data.json,0,0.0
0.0,20250502_jumbo_979_sbom_data.json,20250325_816_sbom_data.json,0,0.0
0.0,20250502_jumbo_979_sbom_data.json,20250325_132_sbom_data.json,0,0.0
0.0,20250502_jumbo_979_sbom_data.json,20250324_396_sbom_data.json,0,0.0
0.0,20250502_jumbo_979_sbom_data.json,20250323_832_sbom_data.json,0,0.0
0.0,20250502_jumbo_979_sbom_data.json,20250323_221_sbom_data.json,0,0.0
0.0,20250502_jumbo_979_sbom_data.json,20250321_648_sbom_data.json,0,0.0
0.0,20250502_jumbo_979_sbom_data.json,20250312_876_sbom_data.json,0,0.0
0.0,20250502_jumbo_979_sbom_data.json,20250310_824_sbom_data.json,0,0.0
0.0,20250502_jumbo_979_sbom_data.json,20250308_1329_sbom_data.json,0,0.0
0.0,20250502_jumbo_979_sbom_data.json,20250307_1428_sbom_data.json,0,0.0
0.0,20250502_jumbo_979_sbom_data.json,20250306_771_sbom_data.json,0,0.0
0.0,20250502_jumbo_979_sbom_data.json,20250303_1483_sbom_data.json,0,0.0
0.0,20250502_jumbo_979_sbom_data.json,20250227_1133_sbom_data.json,0,0.0
0.0,20250502_jumbo_979_sbom_data.json,20250226_192_sbom_data.json,0,0.0
0.0,20250502_jumbo_979_sbom_data.json,20250224_1367_sbom_data.json,0,0.0
0.0,20250502_jumbo_979_sbom_data.json,20250219_1451_sbom_data.json,0,0.0
0.0,20250502_jumbo_979_sbom_data.json,20250218_533_sbom_data.json,0,0.0
0.0,20250502_jumbo_979_sbom_data.json,20250217_1222_sbom_data.json,0,0.0
0.0,20250502_jumbo_979_sbom_data.json,20250216_1131_sbom_data.json,0,0.0
0.0,20250502_jumbo_979_sbom_data.json,20250215_700_sbom_data.json,0,0.0
0.0,20250502_jumbo_979_sbom_data.json,20250214_1461_sbom_data.json,0,0.0
0.0,20250502_jumbo_979_sbom_data.json,20250210_1258_sbom_data.json,0,0.0
0.0,20250502_jumbo_979_sbom_data.json,20250209_351_sbom_data.json,0,0.0
0.0,20250502_jumbo_979_sbom_data.json,20250208_1394_sbom_data.json,0,0.0
0.0,20250502_jumbo_9047_sbom_data.json,20250502_jumbo_7959_sbom_data.json,0,0.0
0.0,20250502_jumbo_9047_sbom_data.json,20250502_jumbo_6624_sbom_data.json,0,0.0
0.0,20250502_jumbo_9047_sbom_data.json,20250502_jumbo_2331_sbom_data.json,0,0.0
0.0,20250502_jumbo_9047_sbom_data.json,20250502_jumbo_14282_sbom_data.json,0,0.0
0.0,20250502_jumbo_9047_sbom_data.json,20250502_jumbo_11496_sbom_data.json,0,0.0
0.0,20250502_jumbo_9047_sbom_data.json,20250427_65_sbom_data.json,0,0.0
0.0,20250502_jumbo_9047_sbom_data.json,20250427_294_sbom_data.json,0,0.0
0.0,20250502_jumbo_9047_sbom_data.json,20250426_1545_sbom_data.json,0,0.0
0.0,20250502_jumbo_9047_sbom_data.json,20250426_1120_sbom_data.json,0,0.0
0.0,20250502_jumbo_9047_sbom_data.json,20250419_1455_sbom_data.json,0,0.0
0.0,20250502_jumbo_9047_sbom_data.json,20250418_1115_sbom_data.json,0,0.0
0.0,20250502_jumbo_9047_sbom_data.json,20250417_234_sbom_data.json,0,0.0
0.0,20250502_jumbo_9047_sbom_data.json,20250412_1423_sbom_data.json,0,0.0
0.0,20250502_jumbo_9047_sbom_data.json,20250411_217_sbom_data.json,0,0.0
0.0,20250502_jumbo_9047_sbom_data.json,20250410_1473_sbom_data.json,0,0.0
0.0,20250502_jumbo_9047_sbom_data.json,20250408_221_sbom_data.json,0,0.0
0.0,20250502_jumbo_9047_sbom_data.json,20250407_861_sbom_data.json,0,0.0
0.0,20250502_jumbo_9047_sbom_data.json,20250406_1002_sbom_data.json,0,0.0
0.0,20250502_jumbo_9047_sbom_data.json,20250405_877_sbom_data.json,0,0.0
0.0,20250502_jumbo_9047_sbom_data.json,20250404_1683_sbom_data.json,0,0.0
0.0,20250502_jumbo_9047_sbom_data.json,20250402_1511_sbom_data.json,0,0.0
0.0,20250502_jumbo_9047_sbom_data.json,20250330_99_sbom_data.json,0,0.0
0.0,20250502_jumbo_9047_sbom_data.json,20250329_448_sbom_data.json,0,0.0
0.0,20250502_jumbo_9047_sbom_data.json,20250329_223_sbom_data.json,0,0.0
0.0,20250502_jumbo_9047_sbom_data.json,20250327_1532_sbom_data.json,0,0.0
0.0,20250502_jumbo_9047_sbom_data.json,20250326_674_sbom_data.json,0,0.0
0.0,20250502_jumbo_9047_sbom_data.json,20250323_91_sbom_data.json,0,0.0
0.0,20250502_jumbo_9047_sbom_data.json,20250323_832_sbom_data.json,0,0.0
0.0,20250502_jumbo_9047_sbom_data.json,20250320_100_sbom_data.json,0,0.0
0.0,20250502_jumbo_9047_sbom_data.json,20250319_857_sbom_data.json,0,0.0
0.0,20250502_jumbo_9047_sbom_data.json,20250317_1341_sbom_data.json,0,0.0
0.0,20250502_jumbo_9047_sbom_data.json,20250316_1292_sbom_data.json,0,0.0
0.0,20250502_jumbo_9047_sbom_data.json,20250315_1483_sbom_data.json,0,0.0
0.0,20250502_jumbo_9047_sbom_data.json,20250315_1221_sbom_data.json,0,0.0
0.0,20250502_jumbo_9047_sbom_data.json,20250312_876_sbom_data.json,0,0.0
0.0,20250502_jumbo_9047_sbom_data.json,20250310_824_sbom_data.json,0,0.0
0.0,20250502_jumbo_9047_sbom_data.json,20250308_194_sbom_data.json,0,0.0
0.0,20250502_jumbo_9047_sbom_data.json,20250308_1329_sbom_data.json,0,0.0
0.0,20250502_jumbo_9047_sbom_data.json,20250308_1092_sbom_data.json,0,0.0
0.0,20250502_jumbo_9047_sbom_data.json,20250307_82_sbom_data.json,0,0.0
0.0,20250502_jumbo_9047_sbom_data.json,20250302_1466_sbom_data.json,0,0.0
0.0,20250502_jumbo_9047_sbom_data.json,20250301_261_sbom_data.json,0,0.0
0.0,20250502_jumbo_9047_sbom_data.json,20250227_1478_sbom_data.json,0,0.0
0.0,20250502_jumbo_9047_sbom_data.json,20250226_192_sbom_data.json,0,0.0
0.0,20250502_jumbo_9047_sbom_data.json,20250219_1451_sbom_data.json,0,0.0
0.0,20250502_jumbo_9047_sbom_data.json,20250218_533_sbom_data.json,0,0.0
0.0,20250502_jumbo_9047_sbom_data.json,20250217_1561_sbom_data.json,0,0.0
0.0,20250502_jumbo_9047_sbom_data.json,20250217_1222_sbom_data.json,0,0.0
0.0,20250502_jumbo_9047_sbom_data.json,20250216_1131_sbom_data.json,0,0.0
0.0,20250502_jumbo_9047_sbom_data.json,20250214_1123_sbom_data.json,0,0.0
0.0,20250502_jumbo_9047_sbom_data.json,20250210_1258_sbom_data.json,0,0.0
0.0,20250502_jumbo_9047_sbom_data.json,20250209_351_sbom_data.json,0,0.0
0.0,20250502_jumbo_9047_sbom_data.json,20250208_1394_sbom_data.json,0,0.0
0.0,20250502_jumbo_7959_sbom_data.json,20250502_jumbo_2331_sbom_data.json,0,0.0
0.0,20250502_jumbo_7959_sbom_data.json,20250502_jumbo_11496_sbom_data.json,0,0.0
0.0,20250502_jumbo_7959_sbom_data.json,20250427_65_sbom_data.json,0,0.0
0.0,20250502_jumbo_7959_sbom_data.json,20250426_1545_sbom_data.json,0,0.0
0.0,20250502_jumbo_7959_sbom_data.json,20250426_1120_sbom_data.json,0,0.0
0.0,20250502_jumbo_7959_sbom_data.json,20250421_528_sbom_data.json,0,0.0
0.0,20250502_jumbo_7959_sbom_data.json,20250419_1455_sbom_data.json,0,0.0
0.0,20250502_jumbo_7959_sbom_data.json,20250418_1115_sbom_data.json,0,0.0
0.0,20250502_jumbo_7959_sbom_data.json,20250415_1518_sbom_data.json,0,0.0
0.0,20250502_jumbo_7959_sbom_data.json,20250412_1423_sbom_data.json,0,0.0
0.0,20250502_jumbo_7959_sbom_data.json,20250411_217_sbom_data.json,0,0.0
0.0,20250502_jumbo_7959_sbom_data.json,20250410_1473_sbom_data.json,0,0.0
0.0,20250502_jumbo_7959_sbom_data.json,20250407_861_sbom_data.json,0,0.0
0.0,20250502_jumbo_7959_sbom_data.json,20250406_1002_sbom_data.json,0,0.0
0.0,20250502_jumbo_7959_sbom_data.json,20250405_877_sbom_data.json,0,0.0
0.0,20250502_jumbo_7959_sbom_data.json,20250405_1585_sbom_data.json,0,0.0
0.0,20250502_jumbo_7959_sbom_data.json,20250404_1683_sbom_data.json,0,0.0
0.0,20250502_jumbo_7959_sbom_data.json,20250402_1511_sbom_data.json,0,0.0
0.0,20250502_jumbo_7959_sbom_data.json,20250329_448_sbom_data.json,0,0.0
0.0,20250502_jumbo_7959_sbom_data.json,20250329_223_sbom_data.json,0,0.0
0.0,20250502_jumbo_7959_sbom_data.json,20250327_1532_sbom_data.json,0,0.0
0.0,20250502_jumbo_7959_sbom_data.json,20250326_674_sbom_data.json,0,0.0
0.0,20250502_jumbo_7959_sbom_data.json,20250325_816_sbom_data.json,0,0.0
0.0,20250502_jumbo_7959_sbom_data.json,20250323_832_sbom_data.json,0,0.0
0.0,20250502_jumbo_7959_sbom_data.json,20250319_857_sbom_data.json,0,0.0
0.0,20250502_jumbo_7959_sbom_data.json,20250317_1341_sbom_data.json,0,0.0
0.0,20250502_jumbo_7959_sbom_data.json,20250316_1292_sbom_data.json,0,0.0
0.0,20250502_jumbo_7959_sbom_data.json,20250315_1483_sbom_data.json,0,0.0
0.0,20250502_jumbo_7959_sbom_data.json,20250312_876_sbom_data.json,0,0.0
0.0,20250502_jumbo_7959_sbom_data.json,20250308_194_sbom_data.json,0,0.0
0.0,20250502_jumbo_7959_sbom_data.json,20250308_1329_sbom_data.json,0,0.0
0.0,20250502_jumbo_7959_sbom_data.json,20250308_1092_sbom_data.json,0,0.0
0.0,20250502_jumbo_7959_sbom_data.json,20250307_82_sbom_data.json,0,0.0
0.0,20250502_jumbo_7959_sbom_data.json,20250302_1466_sbom_data.json,0,0.0
0.0,20250502_jumbo_7959_sbom_data.json,20250301_261_sbom_data.json,0,0.0
0.0,20250502_jumbo_7959_sbom_data.json,20250227_1478_sbom_data.json,0,0.0
0.0,20250502_jumbo_7959_sbom_data.json,20250226_192_sbom_data.json,0,0.0
0.0,20250502_jumbo_7959_sbom_data.json,20250219_1451_sbom_data.json,0,0.0
0.0,20250502_jumbo_7959_sbom_data.json,20250218_533_sbom_data.json,0,0.0
0.0,20250502_jumbo_7959_sbom_data.json,20250217_1561_sbom_data.json,0,0.0
0.0,20250502_jumbo_7959_sbom_data.json,20250217_1222_sbom_data.json,0,0.0
0.0,20250502_jumbo_7959_sbom_data.json,20250216_1131_sbom_data.json,0,0.0
0.0,20250502_jumbo_7959_sbom_data.json,20250215_700_sbom_data.json,0,0.0
0.0,20250502_jumbo_7959_sbom_data.json,20250214_449_sbom_data.json,0,0.0
0.0,20250502_jumbo_7959_sbom_data.json,20250214_1123_sbom_data.json,0,0.0
0.0,20250502_jumbo_7959_sbom_data.json,20250210_1258_sbom_data.json,0,0.0
0.0,20250502_jumbo_7959_sbom_data.json,20250209_351_sbom_data.json,0,0.0
0.0,20250502_jumbo_7959_sbom_data.json,20250208_1394_sbom_data.json,0,0.0
0.0,20250502_jumbo_6624_sbom_data.json,20250502_jumbo_14282_sbom_data.json,0,0.0
0.0,20250502_jumbo_6624_sbom_data.json,20250427_65_sbom_data.json,0,0.0
0.0,20250502_jumbo_6624_sbom_data.json,20250427_294_sbom_data.json,0,0.0
0.0,20250502_jumbo_6624_sbom_data.json,20250426_1120_sbom_data.json,0,0.0
0.0,20250502_jumbo_6624_sbom_data.json,20250421_528_sbom_data.json,0,0.0
0.0,20250502_jumbo_6624_sbom_data.json,20250418_1115_sbom_data.json,0,0.0
0.0,20250502_jumbo_6624_sbom_data.json,20250417_234_sbom_data.json,0,0.0
0.0,20250502_jumbo_6624_sbom_data.json,20250415_1518_sbom_data.json,0,0.0
0.0,20250502_jumbo_6624_sbom_data.json,20250410_1473_sbom_data.json,0,0.0
0.0,20250502_jumbo_6624_sbom_data.json,20250407_861_sbom_data.json,0,0.0
0.0,20250502_jumbo_6624_sbom_data.json,20250406_1002_sbom_data.json,0,0.0
0.0,20250502_jumbo_6624_sbom_data.json,20250405_1585_sbom_data.json,0,0.0
0.0,20250502_jumbo_6624_sbom_data.json,20250404_1683_sbom_data.json,0,0.0
0.0,20250502_jumbo_6624_sbom_data.json,20250402_1511_sbom_data.json,0,0.0
0.0,20250502_jumbo_6624_sbom_data.json,20250329_223_sbom_data.json,0,0.0
0.0,20250502_jumbo_6624_sbom_data.json,20250327_1532_sbom_data.json,0,0.0
0.0,20250502_jumbo_6624_sbom_data.json,20250326_674_sbom_data.json,0,0.0
0.0,20250502_jumbo_6624_sbom_data.json,20250325_816_sbom_data.json,0,0.0
0.0,20250502_jumbo_6624_sbom_data.json,20250323_832_sbom_data.json,0,0.0
0.0,20250502_jumbo_6624_sbom_data.json,20250319_857_sbom_data.json,0,0.0
0.0,20250502_jumbo_6624_sbom_data.json,20250317_1341_sbom_data.json,0,0.0
0.0,20250502_jumbo_6624_sbom_data.json,20250315_1483_sbom_data.json,0,0.0
0.0,20250502_jumbo_6624_sbom_data.json,20250312_876_sbom_data.json,0,0.0
0.0,20250502_jumbo_6624_sbom_data.json,20250308_194_sbom_data.json,0,0.0
0.0,20250502_jumbo_6624_sbom_data.json,20250307_82_sbom_data.json,0,0.0
0.0,20250502_jumbo_6624_sbom_data.json,20250302_1466_sbom_data.json,0,0.0
0.0,20250502_jumbo_6624_sbom_data.json,20250301_261_sbom_data.json,0,0.0
0.0,20250502_jumbo_6624_sbom_data.json,20250227_1478_sbom_data.json,0,0.0
0.0,20250502_jumbo_6624_sbom_data.json,20250226_192_sbom_data.json,0,0.0
0.0,20250502_jumbo_6624_sbom_data.json,20250219_1451_sbom_data.json,0,0.0
0.0,20250502_jumbo_6624_sbom_data.json,20250218_533_sbom_data.json,0,0.0
0.0,20250502_jumbo_6624_sbom_data.json,20250217_1561_sbom_data.json,0,0.0
0.0,20250502_jumbo_6624_sbom_data.json,20250217_1222_sbom_data.json,0,0.0
0.0,20250502_jumbo_6624_sbom_data.json,20250216_1131_sbom_data.json,0,0.0
0.0,20250502_jumbo_6624_sbom_data.json,20250215_700_sbom_data.json,0,0.0
0.0,20250502_jumbo_6624_sbom_data.json,20250214_449_sbom_data.json,0,0.0
0.0,20250502_jumbo_6624_sbom_data.json,20250214_1123_sbom_data.json,0,0.0
0.0,20250502_jumbo_6624_sbom_data.json,20250210_1258_sbom_data.json,0,0.0
0.0,20250502_jumbo_6624_sbom_data.json,20250209_351_sbom_data.json,0,0.0
0.0,20250502_jumbo_6624_sbom_data.json,20250208_1394_sbom_data.json,0,0.0
0.0,20250502_jumbo_3179_sbom_data.json,20250502_jumbo_9047_sbom_data.json,0,0.0
0.0,20250502_jumbo_3179_sbom_data.json,20250502_jumbo_7959_sbom_data.json,0,0.0
0.0,20250502_jumbo_3179_sbom_data.json,20250502_jumbo_6624_sbom_data.json,0,0.0
0.0,20250502_jumbo_3179_sbom_data.json,20250502_jumbo_11496_sbom_data.json,0,0.0
0.0,20250502_jumbo_3179_sbom_data.json,20250427_294_sbom_data.json,0,0.0
0.0,20250502_jumbo_3179_sbom_data.json,20250421_528_sbom_data.json,0,0.0
0.0,20250502_jumbo_3179_sbom_data.json,20250419_1455_sbom_data.json,0,0.0
0.0,20250502_jumbo_3179_sbom_data.json,20250418_1115_sbom_data.json,0,0.0
0.0,20250502_jumbo_3179_sbom_data.json,20250417_208_sbom_data.json,0,0.0
0.0,20250502_jumbo_3179_sbom_data.json,20250416_657_sbom_data.json,0,0.0
0.0,20250502_jumbo_3179_sbom_data.json,20250415_1518_sbom_data.json,0,0.0
0.0,20250502_jumbo_3179_sbom_data.json,20250414_793_sbom_data.json,0,0.0
0.0,20250502_jumbo_3179_sbom_data.json,20250411_866_sbom_data.json,0,0.0
0.0,20250502_jumbo_3179_sbom_data.json,20250411_217_sbom_data.json,0,0.0
0.0,20250502_jumbo_3179_sbom_data.json,20250408_221_sbom_data.json,0,0.0
0.0,20250502_jumbo_3179_sbom_data.json,20250405_877_sbom_data.json,0,0.0
0.0,20250502_jumbo_3179_sbom_data.json,20250405_1585_sbom_data.json,0,0.0
0.0,20250502_jumbo_3179_sbom_data.json,20250330_99_sbom_data.json,0,0.0
0.0,20250502_jumbo_3179_sbom_data.json,20250329_448_sbom_data.json,0,0.0
0.0,20250502_jumbo_3179_sbom_data.json,20250327_1054_sbom_data.json,0,0.0
0.0,20250502_jumbo_3179_sbom_data.json,20250326_674_sbom_data.json,0,0.0
0.0,20250502_jumbo_3179_sbom_data.json,20250325_816_sbom_data.json,0,0.0
0.0,20250502_jumbo_3179_sbom_data.json,20250325_132_sbom_data.json,0,0.0
0.0,20250502_jumbo_3179_sbom_data.json,20250324_485_sbom_data.json,0,0.0
0.0,20250502_jumbo_3179_sbom_data.json,20250324_396_sbom_data.json,0,0.0
0.0,20250502_jumbo_3179_sbom_data.json,20250324_242_sbom_data.json,0,0.0
0.0,20250502_jumbo_3179_sbom_data.json,20250323_832_sbom_data.json,0,0.0
0.0,20250502_jumbo_3179_sbom_data.json,20250323_221_sbom_data.json,0,0.0
0.0,20250502_jumbo_3179_sbom_data.json,20250322_241_sbom_data.json,0,0.0
0.0,20250502_jumbo_3179_sbom_data.json,20250321_648_sbom_data.json,0,0.0
0.0,20250502_jumbo_3179_sbom_data.json,20250312_876_sbom_data.json,0,0.0
0.0,20250502_jumbo_3179_sbom_data.json,20250308_1329_sbom_data.json,0,0.0
0.0,20250502_jumbo_3179_sbom_data.json,20250307_1428_sbom_data.json,0,0.0
0.0,20250502_jumbo_3179_sbom_data.json,20250303_1483_sbom_data.json,0,0.0
0.0,20250502_jumbo_3179_sbom_data.json,20250227_1133_sbom_data.json,0,0.0
0.0,20250502_jumbo_3179_sbom_data.json,20250226_192_sbom_data.json,0,0.0
0.0,20250502_jumbo_3179_sbom_data.json,20250224_1367_sbom_data.json,0,0.0
0.0,20250502_jumbo_3179_sbom_data.json,20250219_1451_sbom_data.json,0,0.0
0.0,20250502_jumbo_3179_sbom_data.json,20250219_1142_sbom_data.json,0,0.0
0.0,20250502_jumbo_3179_sbom_data.json,20250217_1222_sbom_data.json,0,0.0
0.0,20250502_jumbo_3179_sbom_data.json,20250216_1131_sbom_data.json,0,0.0
0.0,20250502_jumbo_3179_sbom_data.json,20250215_700_sbom_data.json,0,0.0
0.0,20250502_jumbo_3179_sbom_data.json,20250214_1461_sbom_data.json,0,0.0
0.0,20250502_jumbo_3179_sbom_data.json,20250214_1123_sbom_data.json,0,0.0
0.0,20250502_jumbo_3179_sbom_data.json,20250210_1258_sbom_data.json,0,0.0
0.0,20250502_jumbo_3179_sbom_data.json,20250209_351_sbom_data.json,0,0.0
0.0,20250502_jumbo_3179_sbom_data.json,20250208_1394_sbom_data.json,0,0.0
0.0,20250502_jumbo_2331_sbom_data.json,20250502_jumbo_6624_sbom_data.json,0,0.0
0.0,20250502_jumbo_2331_sbom_data.json,20250502_jumbo_14282_sbom_data.json,0,0.0
0.0,20250502_jumbo_2331_sbom_data.json,20250502_jumbo_11496_sbom_data.json,0,0.0
0.0,20250502_jumbo_2331_sbom_data.json,20250427_65_sbom_data.json,0,0.0
0.0,20250502_jumbo_2331_sbom_data.json,20250427_294_sbom_data.json,0,0.0
0.0,20250502_jumbo_2331_sbom_data.json,20250426_1120_sbom_data.json,0,0.0
0.0,20250502_jumbo_2331_sbom_data.json,20250421_528_sbom_data.json,0,0.0
0.0,20250502_jumbo_2331_sbom_data.json,20250418_1115_sbom_data.json,0,0.0
0.0,20250502_jumbo_2331_sbom_data.json,20250417_234_sbom_data.json,0,0.0
0.0,20250502_jumbo_2331_sbom_data.json,20250415_1518_sbom_data.json,0,0.0
0.0,20250502_jumbo_2331_sbom_data.json,20250412_1423_sbom_data.json,0,0.0
0.0,20250502_jumbo_2331_sbom_data.json,20250411_217_sbom_data.json,0,0.0
0.0,20250502_jumbo_2331_sbom_data.json,20250410_1473_sbom_data.json,0,0.0
0.0,20250502_jumbo_2331_sbom_data.json,20250407_861_sbom_data.json,0,0.0
0.0,20250502_jumbo_2331_sbom_data.json,20250406_1002_sbom_data.json,0,0.0
0.0,20250502_jumbo_2331_sbom_data.json,20250405_877_sbom_data.json,0,0.0
0.0,20250502_jumbo_2331_sbom_data.json,20250405_1585_sbom_data.json,0,0.0
0.0,20250502_jumbo_2331_sbom_data.json,20250404_1683_sbom_data.json,0,0.0
0.0,20250502_jumbo_2331_sbom_data.json,20250402_1511_sbom_data.json,0,0.0
0.0,20250502_jumbo_2331_sbom_data.json,20250329_448_sbom_data.json,0,0.0
0.0,20250502_jumbo_2331_sbom_data.json,20250329_223_sbom_data.json,0,0.0
0.0,20250502_jumbo_2331_sbom_data.json,20250327_1532_sbom_data.json,0,0.0
0.0,20250502_jumbo_2331_sbom_data.json,20250326_674_sbom_data.json,0,0.0
0.0,20250502_jumbo_2331_sbom_data.json,20250325_816_sbom_data.json,0,0.0
0.0,20250502_jumbo_2331_sbom_data.json,20250323_832_sbom_data.json,0,0.0
0.0,20250502_jumbo_2331_sbom_data.json,20250319_857_sbom_data.json,0,0.0
0.0,20250502_jumbo_2331_sbom_data.json,20250317_1341_sbom_data.json,0,0.0
0.0,20250502_jumbo_2331_sbom_data.json,20250315_1483_sbom_data.json,0,0.0
0.0,20250502_jumbo_2331_sbom_data.json,20250312_876_sbom_data.json,0,0.0
0.0,20250502_jumbo_2331_sbom_data.json,20250308_194_sbom_data.json,0,0.0
0.0,20250502_jumbo_2331_sbom_data.json,20250307_82_sbom_data.json,0,0.0
0.0,20250502_jumbo_2331_sbom_data.json,20250302_1466_sbom_data.json,0,0.0
0.0,20250502_jumbo_2331_sbom_data.json,20250301_261_sbom_data.json,0,0.0
0.0,20250502_jumbo_2331_sbom_data.json,20250227_1478_sbom_data.json,0,0.0
0.0,20250502_jumbo_2331_sbom_data.json,20250226_192_sbom_data.json,0,0.0
0.0,20250502_jumbo_2331_sbom_data.json,20250219_1451_sbom_data.json,0,0.0
0.0,20250502_jumbo_2331_sbom_data.json,20250217_1561_sbom_data.json,0,0.0
0.0,20250502_jumbo_2331_sbom_data.json,20250217_1222_sbom_data.json,0,0.0
0.0,20250502_jumbo_2331_sbom_data.json,20250216_1131_sbom_data.json,0,0.0
0.0,20250502_jumbo_2331_sbom_data.json,20250215_700_sbom_data.json,0,0.0
0.0,20250502_jumbo_2331_sbom_data.json,20250214_449_sbom_data.json,0,0.0
0.0,20250502_jumbo_2331_sbom_data.json,20250214_1123_sbom_data.json,0,0.0
0.0,20250502_jumbo_2331_sbom_data.json,20250210_1258_sbom_data.json,0,0.0
0.0,20250502_jumbo_2331_sbom_data.json,20250209_351_sbom_data.json,0,0.0
0.0,20250502_jumbo_2331_sbom_data.json,20250208_1394_sbom_data.json,0,0.0
0.0,20250502_jumbo_14282_sbom_data.json,20250421_528_sbom_data.json,0,0.0
0.0,20250502_jumbo_14282_sbom_data.json,20250415_1518_sbom_data.json,0,0.0
0.0,20250502_jumbo_14282_sbom_data.json,20250405_1585_sbom_data.json,0,0.0
0.0,20250502_jumbo_14282_sbom_data.json,20250325_816_sbom_data.json,0,0.0
0.0,20250502_jumbo_14282_sbom_data.json,20250312_876_sbom_data.json,0,0.0
0.0,20250502_jumbo_14282_sbom_data.json,20250226_192_sbom_data.json,0,0.0
0.0,20250502_jumbo_14282_sbom_data.json,20250219_1451_sbom_data.json,0,0.0
0.0,20250502_jumbo_14282_sbom_data.json,20250218_533_sbom_data.json,0,0.0
0.0,20250502_jumbo_14282_sbom_data.json,20250217_1222_sbom_data.json,0,0.0
0.0,20250502_jumbo_14282_sbom_data.json,20250215_700_sbom_data.json,0,0.0
0.0,20250502_jumbo_14282_sbom_data.json,20250214_1123_sbom_data.json,0,0.0
0.0,20250502_jumbo_14282_sbom_data.json,20250209_351_sbom_data.json,0,0.0
0.0,20250502_jumbo_14282_sbom_data.json,20250208_1394_sbom_data.json,0,0.0
0.0,20250502_jumbo_13802_sbom_data.json,20250502_jumbo_9047_sbom_data.json,0,0.0
0.0,20250502_jumbo_13802_sbom_data.json,20250502_jumbo_7959_sbom_data.json,0,0.0
0.0,20250502_jumbo_13802_sbom_data.json,20250502_jumbo_6624_sbom_data.json,0,0.0
0.0,20250502_jumbo_13802_sbom_data.json,20250502_jumbo_2331_sbom_data.json,0,0.0
0.0,20250502_jumbo_13802_sbom_data.json,20250502_jumbo_11496_sbom_data.json,0,0.0
0.0,20250502_jumbo_13802_sbom_data.json,20250427_65_sbom_data.json,0,0.0
0.0,20250502_jumbo_13802_sbom_data.json,20250427_294_sbom_data.json,0,0.0
0.0,20250502_jumbo_13802_sbom_data.json,20250426_1545_sbom_data.json,0,0.0
0.0,20250502_jumbo_13802_sbom_data.json,20250421_528_sbom_data.json,0,0.0
0.0,20250502_jumbo_13802_sbom_data.json,20250419_1455_sbom_data.json,0,0.0
0.0,20250502_jumbo_13802_sbom_data.json,20250418_1115_sbom_data.json,0,0.0
0.0,20250502_jumbo_13802_sbom_data.json,20250415_1518_sbom_data.json,0,0.0
0.0,20250502_jumbo_13802_sbom_data.json,20250411_217_sbom_data.json,0,0.0
0.0,20250502_jumbo_13802_sbom_data.json,20250408_221_sbom_data.json,0,0.0
0.0,20250502_jumbo_13802_sbom_data.json,20250406_1002_sbom_data.json,0,0.0
0.0,20250502_jumbo_13802_sbom_data.json,20250405_877_sbom_data.json,0,0.0
0.0,20250502_jumbo_13802_sbom_data.json,20250405_1585_sbom_data.json,0,0.0
0.0,20250502_jumbo_13802_sbom_data.json,20250404_1683_sbom_data.json,0,0.0
0.0,20250502_jumbo_13802_sbom_data.json,20250330_99_sbom_data.json,0,0.0
0.0,20250502_jumbo_13802_sbom_data.json,20250326_674_sbom_data.json,0,0.0
0.0,20250502_jumbo_13802_sbom_data.json,20250325_816_sbom_data.json,0,0.0
0.0,20250502_jumbo_13802_sbom_data.json,20250323_832_sbom_data.json,0,0.0
0.0,20250502_jumbo_13802_sbom_data.json,20250312_876_sbom_data.json,0,0.0
0.0,20250502_jumbo_13802_sbom_data.json,20250311_1388_sbom_data.json,0,0.0
0.0,20250502_jumbo_13802_sbom_data.json,20250310_824_sbom_data.json,0,0.0
0.0,20250502_jumbo_13802_sbom_data.json,20250308_1329_sbom_data.json,0,0.0
0.0,20250502_jumbo_13802_sbom_data.json,20250303_1483_sbom_data.json,0,0.0
0.0,20250502_jumbo_13802_sbom_data.json,20250227_1478_sbom_data.json,0,0.0
0.0,20250502_jumbo_13802_sbom_data.json,20250226_192_sbom_data.json,0,0.0
0.0,20250502_jumbo_13802_sbom_data.json,20250219_1451_sbom_data.json,0,0.0
0.0,20250502_jumbo_13802_sbom_data.json,20250218_533_sbom_data.json,0,0.0
0.0,20250502_jumbo_13802_sbom_data.json,20250217_1222_sbom_data.json,0,0.0
0.0,20250502_jumbo_13802_sbom_data.json,20250216_1131_sbom_data.json,0,0.0
0.0,20250502_jumbo_13802_sbom_data.json,20250215_700_sbom_data.json,0,0.0
0.0,20250502_jumbo_13802_sbom_data.json,20250214_449_sbom_data.json,0,0.0
0.0,20250502_jumbo_13802_sbom_data.json,20250214_1123_sbom_data.json,0,0.0
0.0,20250502_jumbo_13802_sbom_data.json,20250210_1258_sbom_data.json,0,0.0
0.0,20250502_jumbo_13802_sbom_data.json,20250209_351_sbom_data.json,0,0.0
0.0,20250502_jumbo_13802_sbom_data.json,20250208_1394_sbom_data.json,0,0.0
0.0,20250502_jumbo_13314_sbom_data.json,20250502_jumbo_9047_sbom_data.json,0,0.0
0.0,20250502_jumbo_13314_sbom_data.json,20250502_jumbo_7959_sbom_data.json,0,0.0
0.0,20250502_jumbo_13314_sbom_data.json,20250502_jumbo_6624_sbom_data.json,0,0.0
0.0,20250502_jumbo_13314_sbom_data.json,20250502_jumbo_2331_sbom_data.json,0,0.0
0.0,20250502_jumbo_13314_sbom_data.json,20250502_jumbo_11496_sbom_data.json,0,0.0
0.0,20250502_jumbo_13314_sbom_data.json,20250427_65_sbom_data.json,0,0.0
0.0,20250502_jumbo_13314_sbom_data.json,20250427_294_sbom_data.json,0,0.0
0.0,20250502_jumbo_13314_sbom_data.json,20250426_1545_sbom_data.json,0,0.0
0.0,20250502_jumbo_13314_sbom_data.json,20250421_528_sbom_data.json,0,0.0
0.0,20250502_jumbo_13314_sbom_data.json,20250419_1455_sbom_data.json,0,0.0
0.0,20250502_jumbo_13314_sbom_data.json,20250418_1115_sbom_data.json,0,0.0
0.0,20250502_jumbo_13314_sbom_data.json,20250417_208_sbom_data.json,0,0.0
0.0,20250502_jumbo_13314_sbom_data.json,20250415_1518_sbom_data.json,0,0.0
0.0,20250502_jumbo_13314_sbom_data.json,20250411_217_sbom_data.json,0,0.0
0.0,20250502_jumbo_13314_sbom_data.json,20250408_221_sbom_data.json,0,0.0
0.0,20250502_jumbo_13314_sbom_data.json,20250405_877_sbom_data.json,0,0.0
0.0,20250502_jumbo_13314_sbom_data.json,20250405_1585_sbom_data.json,0,0.0
0.0,20250502_jumbo_13314_sbom_data.json,20250330_99_sbom_data.json,0,0.0
0.0,20250502_jumbo_13314_sbom_data.json,20250326_674_sbom_data.json,0,0.0
0.0,20250502_jumbo_13314_sbom_data.json,20250325_816_sbom_data.json,0,0.0
0.0,20250502_jumbo_13314_sbom_data.json,20250325_132_sbom_data.json,0,0.0
0.0,20250502_jumbo_13314_sbom_data.json,20250323_832_sbom_data.json,0,0.0
0.0,20250502_jumbo_13314_sbom_data.json,20250312_876_sbom_data.json,0,0.0
0.0,20250502_jumbo_13314_sbom_data.json,20250311_1388_sbom_data.json,0,0.0
0.0,20250502_jumbo_13314_sbom_data.json,20250310_824_sbom_data.json,0,0.0
0.0,20250502_jumbo_13314_sbom_data.json,20250308_1329_sbom_data.json,0,0.0
0.0,20250502_jumbo_13314_sbom_data.json,20250303_1483_sbom_data.json,0,0.0
0.0,20250502_jumbo_13314_sbom_data.json,20250226_192_sbom_data.json,0,0.0
0.0,20250502_jumbo_13314_sbom_data.json,20250224_1367_sbom_data.json,0,0.0
0.0,20250502_jumbo_13314_sbom_data.json,20250219_1451_sbom_data.json,0,0.0
0.0,20250502_jumbo_13314_sbom_data.json,20250218_533_sbom_data.json,0,0.0
0.0,20250502_jumbo_13314_sbom_data.json,20250217_1222_sbom_data.json,0,0.0
0.0,20250502_jumbo_13314_sbom_data.json,20250216_1131_sbom_data.json,0,0.0
0.0,20250502_jumbo_13314_sbom_data.json,20250215_700_sbom_data.json,0,0.0
0.0,20250502_jumbo_13314_sbom_data.json,20250210_1258_sbom_data.json,0,0.0
0.0,20250502_jumbo_13314_sbom_data.json,20250209_351_sbom_data.json,0,0.0
0.0,20250502_jumbo_13314_sbom_data.json,20250208_1394_sbom_data.json,0,0.0
0.0,20250502_jumbo_12963_sbom_data.json,20250502_jumbo_9047_sbom_data.json,0,0.0
0.0,20250502_jumbo_12963_sbom_data.json,20250502_jumbo_7959_sbom_data.json,0,0.0
0.0,20250502_jumbo_12963_sbom_data.json,20250502_jumbo_6624_sbom_data.json,0,0.0
0.0,20250502_jumbo_12963_sbom_data.json,20250502_jumbo_2331_sbom_data.json,0,0.0
0.0,20250502_jumbo_12963_sbom_data.json,20250502_jumbo_13802_sbom_data.json,0,0.0
0.0,20250502_jumbo_12963_sbom_data.json,20250502_jumbo_11496_sbom_data.json,0,0.0
0.0,20250502_jumbo_12963_sbom_data.json,20250502_jumbo_10892_sbom_data.json,0,0.0
0.0,20250502_jumbo_12963_sbom_data.json,20250427_294_sbom_data.json,0,0.0
0.0,20250502_jumbo_12963_sbom_data.json,20250426_1545_sbom_data.json,0,0.0
0.0,20250502_jumbo_12963_sbom_data.json,20250421_528_sbom_data.json,0,0.0
0.0,20250502_jumbo_12963_sbom_data.json,20250420_249_sbom_data.json,0,0.0
0.0,20250502_jumbo_12963_sbom_data.json,20250418_1115_sbom_data.json,0,0.0
0.0,20250502_jumbo_12963_sbom_data.json,20250417_208_sbom_data.json,0,0.0
0.0,20250502_jumbo_12963_sbom_data.json,20250416_657_sbom_data.json,0,0.0
0.0,20250502_jumbo_12963_sbom_data.json,20250415_1518_sbom_data.json,0,0.0
0.0,20250502_jumbo_12963_sbom_data.json,20250411_866_sbom_data.json,0,0.0
0.0,20250502_jumbo_12963_sbom_data.json,20250411_217_sbom_data.json,0,0.0
0.0,20250502_jumbo_12963_sbom_data.json,20250408_221_sbom_data.json,0,0.0
0.0,20250502_jumbo_12963_sbom_data.json,20250405_877_sbom_data.json,0,0.0
0.0,20250502_jumbo_12963_sbom_data.json,20250405_1585_sbom_data.json,0,0.0
0.0,20250502_jumbo_12963_sbom_data.json,20250404_1683_sbom_data.json,0,0.0
0.0,20250502_jumbo_12963_sbom_data.json,20250330_99_sbom_data.json,0,0.0
0.0,20250502_jumbo_12963_sbom_data.json,20250329_448_sbom_data.json,0,0.0
0.0,20250502_jumbo_12963_sbom_data.json,20250327_1054_sbom_data.json,0,0.0
0.0,20250502_jumbo_12963_sbom_data.json,20250326_674_sbom_data.json,0,0.0
0.0,20250502_jumbo_12963_sbom_data.json,20250325_816_sbom_data.json,0,0.0
0.0,20250502_jumbo_12963_sbom_data.json,20250325_132_sbom_data.json,0,0.0
0.0,20250502_jumbo_12963_sbom_data.json,20250324_485_sbom_data.json,0,0.0
0.0,20250502_jumbo_12963_sbom_data.json,20250324_396_sbom_data.json,0,0.0
0.0,20250502_jumbo_12963_sbom_data.json,20250324_242_sbom_data.json,0,0.0
0.0,20250502_jumbo_12963_sbom_data.json,20250323_832_sbom_data.json,0,0.0
0.0,20250502_jumbo_12963_sbom_data.json,20250323_221_sbom_data.json,0,0.0
0.0,20250502_jumbo_12963_sbom_data.json,20250322_241_sbom_data.json,0,0.0
0.0,20250502_jumbo_12963_sbom_data.json,20250321_648_sbom_data.json,0,0.0
0.0,20250502_jumbo_12963_sbom_data.json,20250317_1341_sbom_data.json,0,0.0
0.0,20250502_jumbo_12963_sbom_data.json,20250316_1292_sbom_data.json,0,0.0
0.0,20250502_jumbo_12963_sbom_data.json,20250312_876_sbom_data.json,0,0.0
0.0,20250502_jumbo_12963_sbom_data.json,20250310_824_sbom_data.json,0,0.0
0.0,20250502_jumbo_12963_sbom_data.json,20250308_1329_sbom_data.json,0,0.0
0.0,20250502_jumbo_12963_sbom_data.json,20250307_1428_sbom_data.json,0,0.0
0.0,20250502_jumbo_12963_sbom_data.json,20250306_771_sbom_data.json,0,0.0
0.0,20250502_jumbo_12963_sbom_data.json,20250303_1483_sbom_data.json,0,0.0
0.0,20250502_jumbo_12963_sbom_data.json,20250227_1133_sbom_data.json,0,0.0
0.0,20250502_jumbo_12963_sbom_data.json,20250226_192_sbom_data.json,0,0.0
0.0,20250502_jumbo_12963_sbom_data.json,20250224_1367_sbom_data.json,0,0.0
0.0,20250502_jumbo_12963_sbom_data.json,20250219_1451_sbom_data.json,0,0.0
0.0,20250502_jumbo_12963_sbom_data.json,20250219_1142_sbom_data.json,0,0.0
0.0,20250502_jumbo_12963_sbom_data.json,20250218_533_sbom_data.json,0,0.0
0.0,20250502_jumbo_12963_sbom_data.json,20250217_1222_sbom_data.json,0,0.0
0.0,20250502_jumbo_12963_sbom_data.json,20250216_1131_sbom_data.json,0,0.0
0.0,20250502_jumbo_12963_sbom_data.json,20250215_700_sbom_data.json,0,0.0
0.0,20250502_jumbo_12963_sbom_data.json,20250214_1461_sbom_data.json,0,0.0
0.0,20250502_jumbo_12963_sbom_data.json,20250214_1123_sbom_data.json,0,0.0
0.0,20250502_jumbo_12963_sbom_data.json,20250210_1258_sbom_data.json,0,0.0
0.0,20250502_jumbo_12963_sbom_data.json,20250209_351_sbom_data.json,0,0.0
0.0,20250502_jumbo_12963_sbom_data.json,20250208_1394_sbom_data.json,0,0.0
0.0,20250502_jumbo_11496_sbom_data.json,20250502_jumbo_14282_sbom_data.json,0,0.0
0.0,20250502_jumbo_11496_sbom_data.json,20250427_294_sbom_data.json,0,0.0
0.0,20250502_jumbo_11496_sbom_data.json,20250426_1120_sbom_data.json,0,0.0
0.0,20250502_jumbo_11496_sbom_data.json,20250421_528_sbom_data.json,0,0.0
0.0,20250502_jumbo_11496_sbom_data.json,20250417_234_sbom_data.json,0,0.0
0.0,20250502_jumbo_11496_sbom_data.json,20250415_1518_sbom_data.json,0,0.0
0.0,20250502_jumbo_11496_sbom_data.json,20250410_1473_sbom_data.json,0,0.0
0.0,20250502_jumbo_11496_sbom_data.json,20250407_861_sbom_data.json,0,0.0
0.0,20250502_jumbo_11496_sbom_data.json,20250406_1002_sbom_data.json,0,0.0
0.0,20250502_jumbo_11496_sbom_data.json,20250405_1585_sbom_data.json,0,0.0
0.0,20250502_jumbo_11496_sbom_data.json,20250404_1683_sbom_data.json,0,0.0
0.0,20250502_jumbo_11496_sbom_data.json,20250402_1511_sbom_data.json,0,0.0
0.0,20250502_jumbo_11496_sbom_data.json,20250329_223_sbom_data.json,0,0.0
0.0,20250502_jumbo_11496_sbom_data.json,20250327_1532_sbom_data.json,0,0.0
0.0,20250502_jumbo_11496_sbom_data.json,20250325_816_sbom_data.json,0,0.0
0.0,20250502_jumbo_11496_sbom_data.json,20250319_857_sbom_data.json,0,0.0
0.0,20250502_jumbo_11496_sbom_data.json,20250317_1341_sbom_data.json,0,0.0
0.0,20250502_jumbo_11496_sbom_data.json,20250315_1483_sbom_data.json,0,0.0
0.0,20250502_jumbo_11496_sbom_data.json,20250312_876_sbom_data.json,0,0.0
0.0,20250502_jumbo_11496_sbom_data.json,20250308_194_sbom_data.json,0,0.0
0.0,20250502_jumbo_11496_sbom_data.json,20250307_82_sbom_data.json,0,0.0
0.0,20250502_jumbo_11496_sbom_data.json,20250302_1466_sbom_data.json,0,0.0
0.0,20250502_jumbo_11496_sbom_data.json,20250301_261_sbom_data.json,0,0.0
0.0,20250502_jumbo_11496_sbom_data.json,20250227_1478_sbom_data.json,0,0.0
0.0,20250502_jumbo_11496_sbom_data.json,20250226_192_sbom_data.json,0,0.0
0.0,20250502_jumbo_11496_sbom_data.json,20250219_1451_sbom_data.json,0,0.0
0.0,20250502_jumbo_11496_sbom_data.json,20250218_533_sbom_data.json,0,0.0
0.0,20250502_jumbo_11496_sbom_data.json,20250217_1561_sbom_data.json,0,0.0
0.0,20250502_jumbo_11496_sbom_data.json,20250217_1222_sbom_data.json,0,0.0
0.0,20250502_jumbo_11496_sbom_data.json,20250215_700_sbom_data.json,0,0.0
0.0,20250502_jumbo_11496_sbom_data.json,20250214_449_sbom_data.json,0,0.0
0.0,20250502_jumbo_11496_sbom_data.json,20250214_1123_sbom_data.json,0,0.0
0.0,20250502_jumbo_11496_sbom_data.json,20250209_351_sbom_data.json,0,0.0
0.0,20250502_jumbo_11496_sbom_data.json,20250208_1394_sbom_data.json,0,0.0
0.0,20250502_jumbo_10892_sbom_data.json,20250502_jumbo_9047_sbom_data.json,0,0.0
0.0,20250502_jumbo_10892_sbom_data.json,20250502_jumbo_6624_sbom_data.json,0,0.0
0.0,20250502_jumbo_10892_sbom_data.json,20250502_jumbo_2331_sbom_data.json,0,0.0
0.0,20250502_jumbo_10892_sbom_data.json,20250502_jumbo_13802_sbom_data.json,0,0.0
0.0,20250502_jumbo_10892_sbom_data.json,20250502_jumbo_11496_sbom_data.json,0,0.0
0.0,20250502_jumbo_10892_sbom_data.json,20250427_65_sbom_data.json,0,0.0
0.0,20250502_jumbo_10892_sbom_data.json,20250427_294_sbom_data.json,0,0.0
0.0,20250502_jumbo_10892_sbom_data.json,20250426_1545_sbom_data.json,0,0.0
0.0,20250502_jumbo_10892_sbom_data.json,20250421_528_sbom_data.json,0,0.0
0.0,20250502_jumbo_10892_sbom_data.json,20250420_249_sbom_data.json,0,0.0
0.0,20250502_jumbo_10892_sbom_data.json,20250419_1455_sbom_data.json,0,0.0
0.0,20250502_jumbo_10892_sbom_data.json,20250418_1115_sbom_data.json,0,0.0
0.0,20250502_jumbo_10892_sbom_data.json,20250417_208_sbom_data.json,0,0.0
0.0,20250502_jumbo_10892_sbom_data.json,20250415_1518_sbom_data.json,0,0.0
0.0,20250502_jumbo_10892_sbom_data.json,20250412_1361_sbom_data.json,0,0.0
0.0,20250502_jumbo_10892_sbom_data.json,20250411_217_sbom_data.json,0,0.0
0.0,20250502_jumbo_10892_sbom_data.json,20250408_221_sbom_data.json,0,0.0
0.0,20250502_jumbo_10892_sbom_data.json,20250407_861_sbom_data.json,0,0.0
0.0,20250502_jumbo_10892_sbom_data.json,20250405_877_sbom_data.json,0,0.0
0.0,20250502_jumbo_10892_sbom_data.json,20250405_1585_sbom_data.json,0,0.0
0.0,20250502_jumbo_10892_sbom_data.json,20250404_1683_sbom_data.json,0,0.0
0.0,20250502_jumbo_10892_sbom_data.json,20250330_99_sbom_data.json,0,0.0
0.0,20250502_jumbo_10892_sbom_data.json,20250329_448_sbom_data.json,0,0.0
0.0,20250502_jumbo_10892_sbom_data.json,20250327_1054_sbom_data.json,0,0.0
0.0,20250502_jumbo_10892_sbom_data.json,20250326_674_sbom_data.json,0,0.0
0.0,20250502_jumbo_10892_sbom_data.json,20250325_816_sbom_data.json,0,0.0
0.0,20250502_jumbo_10892_sbom_data.json,20250325_132_sbom_data.json,0,0.0
0.0,20250502_jumbo_10892_sbom_data.json,20250324_396_sbom_data.json,0,0.0
0.0,20250502_jumbo_10892_sbom_data.json,20250323_91_sbom_data.json,0,0.0
0.0,20250502_jumbo_10892_sbom_data.json,20250323_832_sbom_data.json,0,0.0
0.0,20250502_jumbo_10892_sbom_data.json,20250323_221_sbom_data.json,0,0.0
0.0,20250502_jumbo_10892_sbom_data.json,20250321_648_sbom_data.json,0,0.0
0.0,20250502_jumbo_10892_sbom_data.json,20250320_100_sbom_data.json,0,0.0
0.0,20250502_jumbo_10892_sbom_data.json,20250312_876_sbom_data.json,0,0.0
0.0,20250502_jumbo_10892_sbom_data.json,20250311_1388_sbom_data.json,0,0.0
0.0,20250502_jumbo_10892_sbom_data.json,20250310_824_sbom_data.json,0,0.0
0.0,20250502_jumbo_10892_sbom_data.json,20250308_1329_sbom_data.json,0,0.0
0.0,20250502_jumbo_10892_sbom_data.json,20250308_1092_sbom_data.json,0,0.0
0.0,20250502_jumbo_10892_sbom_data.json,20250307_1428_sbom_data.json,0,0.0
0.0,20250502_jumbo_10892_sbom_data.json,20250306_771_sbom_data.json,0,0.0
0.0,20250502_jumbo_10892_sbom_data.json,20250303_1483_sbom_data.json,0,0.0
0.0,20250502_jumbo_10892_sbom_data.json,20250226_632_sbom_data.json,0,0.0
0.0,20250502_jumbo_10892_sbom_data.json,20250226_192_sbom_data.json,0,0.0
0.0,20250502_jumbo_10892_sbom_data.json,20250224_1367_sbom_data.json,0,0.0
0.0,20250502_jumbo_10892_sbom_data.json,20250219_1451_sbom_data.json,0,0.0
0.0,20250502_jumbo_10892_sbom_data.json,20250218_533_sbom_data.json,0,0.0
0.0,20250502_jumbo_10892_sbom_data.json,20250217_1222_sbom_data.json,0,0.0
0.0,20250502_jumbo_10892_sbom_data.json,20250216_1131_sbom_data.json,0,0.0
0.0,20250502_jumbo_10892_sbom_data.json,20250215_700_sbom_data.json,0,0.0
0.0,20250502_jumbo_10892_sbom_data.json,20250214_1461_sbom_data.json,0,0.0
0.0,20250502_jumbo_10892_sbom_data.json,20250214_1123_sbom_data.json,0,0.0
0.0,20250502_jumbo_10892_sbom_data.json,20250210_1258_sbom_data.json,0,0.0
0.0,20250502_jumbo_10892_sbom_data.json,20250209_351_sbom_data.json,0,0.0
0.0,20250502_jumbo_10892_sbom_data.json,20250208_1394_sbom_data.json,0,0.0
0.0,20250427_65_sbom_data.json,20250502_jumbo_11496_sbom_data.json,0,0.0
0.0,20250427_65_sbom_data.json,20250427_294_sbom_data.json,0,0.0
0.0,20250427_65_sbom_data.json,20250421_528_sbom_data.json,0,0.0
0.0,20250427_65_sbom_data.json,20250418_1115_sbom_data.json,0,0.0
0.0,20250427_65_sbom_data.json,20250417_234_sbom_data.json,0,0.0
0.0,20250427_65_sbom_data.json,20250415_1518_sbom_data.json,0,0.0
0.0,20250427_65_sbom_data.json,20250407_861_sbom_data.json,0,0.0
0.0,20250427_65_sbom_data.json,20250406_1002_sbom_data.json,0,0.0
0.0,20250427_65_sbom_data.json,20250405_1585_sbom_data.json,0,0.0
0.0,20250427_65_sbom_data.json,20250404_1683_sbom_data.json,0,0.0
0.0,20250427_65_sbom_data.json,20250327_1532_sbom_data.json,0,0.0
0.0,20250427_65_sbom_data.json,20250325_816_sbom_data.json,0,0.0
0.0,20250427_65_sbom_data.json,20250323_832_sbom_data.json,0,0.0
0.0,20250427_65_sbom_data.json,20250319_857_sbom_data.json,0,0.0
0.0,20250427_65_sbom_data.json,20250317_1341_sbom_data.json,0,0.0
0.0,20250427_65_sbom_data.json,20250315_1483_sbom_data.json,0,0.0
0.0,20250427_65_sbom_data.json,20250312_876_sbom_data.json,0,0.0
0.0,20250427_65_sbom_data.json,20250308_194_sbom_data.json,0,0.0
0.0,20250427_65_sbom_data.json,20250302_1466_sbom_data.json,0,0.0
0.0,20250427_65_sbom_data.json,20250301_261_sbom_data.json,0,0.0
0.0,20250427_65_sbom_data.json,20250227_1478_sbom_data.json,0,0.0
0.0,20250427_65_sbom_data.json,20250226_192_sbom_data.json,0,0.0
0.0,20250427_65_sbom_data.json,20250219_1451_sbom_data.json,0,0.0
0.0,20250427_65_sbom_data.json,20250218_533_sbom_data.json,0,0.0
0.0,20250427_65_sbom_data.json,20250217_1222_sbom_data.json,0,0.0
0.0,20250427_65_sbom_data.json,20250216_1131_sbom_data.json,0,0.0
0.0,20250427_65_sbom_data.json,20250215_700_sbom_data.json,0,0.0
0.0,20250427_65_sbom_data.json,20250214_449_sbom_data.json,0,0.0
0.0,20250427_65_sbom_data.json,20250214_1123_sbom_data.json,0,0.0
0.0,20250427_65_sbom_data.json,20250210_1258_sbom_data.json,0,0.0
0.0,20250427_65_sbom_data.json,20250209_351_sbom_data.json,0,0.0
0.0,20250427_65_sbom_data.json,20250208_1394_sbom_data.json,0,0.0
0.0,20250427_294_sbom_data.json,20250317_1341_sbom_data.json,0,0.0
0.0,20250427_294_sbom_data.json,20250315_1483_sbom_data.json,0,0.0
0.0,20250426_1545_sbom_data.json,20250502_jumbo_6624_sbom_data.json,0,0.0
0.0,20250426_1545_sbom_data.json,20250502_jumbo_14282_sbom_data.json,0,0.0
0.0,20250426_1545_sbom_data.json,20250502_jumbo_11496_sbom_data.json,0,0.0
0.0,20250426_1545_sbom_data.json,20250427_65_sbom_data.json,0,0.0
0.0,20250426_1545_sbom_data.json,20250427_294_sbom_data.json,0,0.0
0.0,20250426_1545_sbom_data.json,20250426_1120_sbom_data.json,0,0.0
0.0,20250426_1545_sbom_data.json,20250421_528_sbom_data.json,0,0.0
0.0,20250426_1545_sbom_data.json,20250418_1115_sbom_data.json,0,0.0
0.0,20250426_1545_sbom_data.json,20250417_234_sbom_data.json,0,0.0
0.0,20250426_1545_sbom_data.json,20250415_1518_sbom_data.json,0,0.0
0.0,20250426_1545_sbom_data.json,20250412_1423_sbom_data.json,0,0.0
0.0,20250426_1545_sbom_data.json,20250410_1473_sbom_data.json,0,0.0
0.0,20250426_1545_sbom_data.json,20250407_861_sbom_data.json,0,0.0
0.0,20250426_1545_sbom_data.json,20250406_1002_sbom_data.json,0,0.0
0.0,20250426_1545_sbom_data.json,20250405_1585_sbom_data.json,0,0.0
0.0,20250426_1545_sbom_data.json,20250404_1683_sbom_data.json,0,0.0
0.0,20250426_1545_sbom_data.json,20250402_1511_sbom_data.json,0,0.0
0.0,20250426_1545_sbom_data.json,20250329_448_sbom_data.json,0,0.0
0.0,20250426_1545_sbom_data.json,20250329_223_sbom_data.json,0,0.0
0.0,20250426_1545_sbom_data.json,20250327_1532_sbom_data.json,0,0.0
0.0,20250426_1545_sbom_data.json,20250326_674_sbom_data.json,0,0.0
0.0,20250426_1545_sbom_data.json,20250325_816_sbom_data.json,0,0.0
0.0,20250426_1545_sbom_data.json,20250323_832_sbom_data.json,0,0.0
0.0,20250426_1545_sbom_data.json,20250319_857_sbom_data.json,0,0.0
0.0,20250426_1545_sbom_data.json,20250317_1341_sbom_data.json,0,0.0
0.0,20250426_1545_sbom_data.json,20250315_1483_sbom_data.json,0,0.0
0.0,20250426_1545_sbom_data.json,20250312_876_sbom_data.json,0,0.0
0.0,20250426_1545_sbom_data.json,20250308_194_sbom_data.json,0,0.0
0.0,20250426_1545_sbom_data.json,20250307_82_sbom_data.json,0,0.0
0.0,20250426_1545_sbom_data.json,20250302_1466_sbom_data.json,0,0.0
0.0,20250426_1545_sbom_data.json,20250301_261_sbom_data.json,0,0.0
0.0,20250426_1545_sbom_data.json,20250227_1478_sbom_data.json,0,0.0
0.0,20250426_1545_sbom_data.json,20250226_192_sbom_data.json,0,0.0
0.0,20250426_1545_sbom_data.json,20250219_1451_sbom_data.json,0,0.0
0.0,20250426_1545_sbom_data.json,20250217_1561_sbom_data.json,0,0.0
0.0,20250426_1545_sbom_data.json,20250217_1222_sbom_data.json,0,0.0
0.0,20250426_1545_sbom_data.json,20250216_1131_sbom_data.json,0,0.0
0.0,20250426_1545_sbom_data.json,20250215_700_sbom_data.json,0,0.0
0.0,20250426_1545_sbom_data.json,20250214_449_sbom_data.json,0,0.0
0.0,20250426_1545_sbom_data.json,20250214_1123_sbom_data.json,0,0.0
0.0,20250426_1545_sbom_data.json,20250210_1258_sbom_data.json,0,0.0
0.0,20250426_1545_sbom_data.json,20250209_351_sbom_data.json,0,0.0
0.0,20250426_1545_sbom_data.json,20250208_1394_sbom_data.json,0,0.0
0.0,20250426_1120_sbom_data.json,20250427_294_sbom_data.json,0,0.0
0.0,20250426_1120_sbom_data.json,20250415_1518_sbom_data.json,0,0.0
0.0,20250421_528_sbom_data.json,20250427_294_sbom_data.json,0,0.0
0.0,20250421_528_sbom_data.json,20250426_1120_sbom_data.json,0,0.0
0.0,20250421_528_sbom_data.json,20250417_234_sbom_data.json,0,0.0
0.0,20250421_528_sbom_data.json,20250410_1473_sbom_data.json,0,0.0
0.0,20250421_528_sbom_data.json,20250317_1341_sbom_data.json,0,0.0
0.0,20250421_528_sbom_data.json,20250315_1483_sbom_data.json,0,0.0
0.0,20250421_528_sbom_data.json,20250217_1561_sbom_data.json,0,0.0
0.0,20250420_249_sbom_data.json,20250502_jumbo_9047_sbom_data.json,0,0.0
0.0,20250420_249_sbom_data.json,20250502_jumbo_7959_sbom_data.json,0,0.0
0.0,20250420_249_sbom_data.json,20250502_jumbo_6624_sbom_data.json,0,0.0
0.0,20250420_249_sbom_data.json,20250502_jumbo_2331_sbom_data.json,0,0.0
0.0,20250420_249_sbom_data.json,20250502_jumbo_13802_sbom_data.json,0,0.0
0.0,20250420_249_sbom_data.json,20250502_jumbo_13314_sbom_data.json,0,0.0
0.0,20250420_249_sbom_data.json,20250502_jumbo_11496_sbom_data.json,0,0.0
0.0,20250420_249_sbom_data.json,20250427_65_sbom_data.json,0,0.0
0.0,20250420_249_sbom_data.json,20250427_294_sbom_data.json,0,0.0
0.0,20250420_249_sbom_data.json,20250426_1545_sbom_data.json,0,0.0
0.0,20250420_249_sbom_data.json,20250421_528_sbom_data.json,0,0.0
0.0,20250420_249_sbom_data.json,20250419_1455_sbom_data.json,0,0.0
0.0,20250420_249_sbom_data.json,20250418_1115_sbom_data.json,0,0.0
0.0,20250420_249_sbom_data.json,20250417_208_sbom_data.json,0,0.0
0.0,20250420_249_sbom_data.json,20250415_1518_sbom_data.json,0,0.0
0.0,20250420_249_sbom_data.json,20250412_1361_sbom_data.json,0,0.0
0.0,20250420_249_sbom_data.json,20250411_217_sbom_data.json,0,0.0
0.0,20250420_249_sbom_data.json,20250408_221_sbom_data.json,0,0.0
0.0,20250420_249_sbom_data.json,20250407_861_sbom_data.json,0,0.0
0.0,20250420_249_sbom_data.json,20250406_1002_sbom_data.json,0,0.0
0.0,20250420_249_sbom_data.json,20250405_877_sbom_data.json,0,0.0
0.0,20250420_249_sbom_data.json,20250405_1585_sbom_data.json,0,0.0
0.0,20250420_249_sbom_data.json,20250330_99_sbom_data.json,0,0.0
0.0,20250420_249_sbom_data.json,20250329_448_sbom_data.json,0,0.0
0.0,20250420_249_sbom_data.json,20250327_1054_sbom_data.json,0,0.0
0.0,20250420_249_sbom_data.json,20250326_674_sbom_data.json,0,0.0
0.0,20250420_249_sbom_data.json,20250325_816_sbom_data.json,0,0.0
0.0,20250420_249_sbom_data.json,20250325_132_sbom_data.json,0,0.0
0.0,20250420_249_sbom_data.json,20250324_396_sbom_data.json,0,0.0
0.0,20250420_249_sbom_data.json,20250323_91_sbom_data.json,0,0.0
0.0,20250420_249_sbom_data.json,20250323_832_sbom_data.json,0,0.0
0.0,20250420_249_sbom_data.json,20250320_100_sbom_data.json,0,0.0
0.0,20250420_249_sbom_data.json,20250319_857_sbom_data.json,0,0.0
0.0,20250420_249_sbom_data.json,20250317_1341_sbom_data.json,0,0.0
0.0,20250420_249_sbom_data.json,20250315_1221_sbom_data.json,0,0.0
0.0,20250420_249_sbom_data.json,20250312_876_sbom_data.json,0,0.0
0.0,20250420_249_sbom_data.json,20250310_824_sbom_data.json,0,0.0
0.0,20250420_249_sbom_data.json,20250308_1329_sbom_data.json,0,0.0
0.0,20250420_249_sbom_data.json,20250308_1092_sbom_data.json,0,0.0
0.0,20250420_249_sbom_data.json,20250306_771_sbom_data.json,0,0.0
0.0,20250420_249_sbom_data.json,20250303_1483_sbom_data.json,0,0.0
0.0,20250420_249_sbom_data.json,20250227_1478_sbom_data.json,0,0.0
0.0,20250420_249_sbom_data.json,20250226_632_sbom_data.json,0,0.0
0.0,20250420_249_sbom_data.json,20250226_192_sbom_data.json,0,0.0
0.0,20250420_249_sbom_data.json,20250224_1367_sbom_data.json,0,0.0
0.0,20250420_249_sbom_data.json,20250219_1451_sbom_data.json,0,0.0
0.0,20250420_249_sbom_data.json,20250218_533_sbom_data.json,0,0.0
0.0,20250420_249_sbom_data.json,20250217_1222_sbom_data.json,0,0.0
0.0,20250420_249_sbom_data.json,20250216_1131_sbom_data.json,0,0.0
0.0,20250420_249_sbom_data.json,20250215_700_sbom_data.json,0,0.0
0.0,20250420_249_sbom_data.json,20250215_283_sbom_data.json,0,0.0
0.0,20250420_249_sbom_data.json,20250214_1461_sbom_data.json,0,0.0
0.0,20250420_249_sbom_data.json,20250214_1123_sbom_data.json,0,0.0
0.0,20250420_249_sbom_data.json,20250210_1258_sbom_data.json,0,0.0
0.0,20250420_249_sbom_data.json,20250209_351_sbom_data.json,0,0.0
0.0,20250420_249_sbom_data.json,20250208_1394_sbom_data.json,0,0.0
0.0,20250419_491_sbom_data.json,20250502_jumbo_9047_sbom_data.json,0,0.0
0.0,20250419_491_sbom_data.json,20250502_jumbo_7959_sbom_data.json,0,0.0
0.0,20250419_491_sbom_data.json,20250502_jumbo_6624_sbom_data.json,0,0.0
0.0,20250419_491_sbom_data.json,20250502_jumbo_2331_sbom_data.json,0,0.0
0.0,20250419_491_sbom_data.json,20250502_jumbo_13802_sbom_data.json,0,0.0
0.0,20250419_491_sbom_data.json,20250502_jumbo_13314_sbom_data.json,0,0.0
0.0,20250419_491_sbom_data.json,20250502_jumbo_11496_sbom_data.json,0,0.0
0.0,20250419_491_sbom_data.json,20250502_jumbo_10892_sbom_data.json,0,0.0
0.0,20250419_491_sbom_data.json,20250427_65_sbom_data.json,0,0.0
0.0,20250419_491_sbom_data.json,20250427_294_sbom_data.json,0,0.0
0.0,20250419_491_sbom_data.json,20250426_1545_sbom_data.json,0,0.0
0.0,20250419_491_sbom_data.json,20250421_528_sbom_data.json,0,0.0
0.0,20250419_491_sbom_data.json,20250420_249_sbom_data.json,0,0.0
0.0,20250419_491_sbom_data.json,20250418_1115_sbom_data.json,0,0.0
0.0,20250419_491_sbom_data.json,20250417_208_sbom_data.json,0,0.0
0.0,20250419_491_sbom_data.json,20250416_657_sbom_data.json,0,0.0
0.0,20250419_491_sbom_data.json,20250415_1518_sbom_data.json,0,0.0
0.0,20250419_491_sbom_data.json,20250414_793_sbom_data.json,0,0.0
0.0,20250419_491_sbom_data.json,20250412_1361_sbom_data.json,0,0.0
0.0,20250419_491_sbom_data.json,20250411_866_sbom_data.json,0,0.0
0.0,20250419_491_sbom_data.json,20250411_217_sbom_data.json,0,0.0
0.0,20250419_491_sbom_data.json,20250408_221_sbom_data.json,0,0.0
0.0,20250419_491_sbom_data.json,20250405_877_sbom_data.json,0,0.0
0.0,20250419_491_sbom_data.json,20250405_1585_sbom_data.json,0,0.0
0.0,20250419_491_sbom_data.json,20250404_1683_sbom_data.json,0,0.0
0.0,20250419_491_sbom_data.json,20250330_99_sbom_data.json,0,0.0
0.0,20250419_491_sbom_data.json,20250327_1054_sbom_data.json,0,0.0
0.0,20250419_491_sbom_data.json,20250326_674_sbom_data.json,0,0.0
0.0,20250419_491_sbom_data.json,20250325_816_sbom_data.json,0,0.0
0.0,20250419_491_sbom_data.json,20250325_132_sbom_data.json,0,0.0
0.0,20250419_491_sbom_data.json,20250324_485_sbom_data.json,0,0.0
0.0,20250419_491_sbom_data.json,20250324_396_sbom_data.json,0,0.0
0.0,20250419_491_sbom_data.json,20250324_242_sbom_data.json,0,0.0
0.0,20250419_491_sbom_data.json,20250323_832_sbom_data.json,0,0.0
0.0,20250419_491_sbom_data.json,20250323_221_sbom_data.json,0,0.0
0.0,20250419_491_sbom_data.json,20250322_241_sbom_data.json,0,0.0
0.0,20250419_491_sbom_data.json,20250321_648_sbom_data.json,0,0.0
0.0,20250419_491_sbom_data.json,20250317_1341_sbom_data.json,0,0.0
0.0,20250419_491_sbom_data.json,20250312_876_sbom_data.json,0,0.0
0.0,20250419_491_sbom_data.json,20250311_1388_sbom_data.json,0,0.0
0.0,20250419_491_sbom_data.json,20250310_824_sbom_data.json,0,0.0
0.0,20250419_491_sbom_data.json,20250308_1329_sbom_data.json,0,0.0
0.0,20250419_491_sbom_data.json,20250307_1428_sbom_data.json,0,0.0
0.0,20250419_491_sbom_data.json,20250306_771_sbom_data.json,0,0.0
0.0,20250419_491_sbom_data.json,20250306_550_sbom_data.json,0,0.0
0.0,20250419_491_sbom_data.json,20250303_1483_sbom_data.json,0,0.0
0.0,20250419_491_sbom_data.json,20250227_1133_sbom_data.json,0,0.0
0.0,20250419_491_sbom_data.json,20250226_192_sbom_data.json,0,0.0
0.0,20250419_491_sbom_data.json,20250224_1367_sbom_data.json,0,0.0
0.0,20250419_491_sbom_data.json,20250219_1451_sbom_data.json,0,0.0
0.0,20250419_491_sbom_data.json,20250219_1142_sbom_data.json,0,0.0
0.0,20250419_491_sbom_data.json,20250218_533_sbom_data.json,0,0.0
0.0,20250419_491_sbom_data.json,20250217_1222_sbom_data.json,0,0.0
0.0,20250419_491_sbom_data.json,20250215_700_sbom_data.json,0,0.0
0.0,20250419_491_sbom_data.json,20250214_1461_sbom_data.json,0,0.0
0.0,20250419_491_sbom_data.json,20250214_1123_sbom_data.json,0,0.0
0.0,20250419_491_sbom_data.json,20250210_1258_sbom_data.json,0,0.0
0.0,20250419_491_sbom_data.json,20250209_351_sbom_data.json,0,0.0
0.0,20250419_491_sbom_data.json,20250208_1394_sbom_data.json,0,0.0
0.0,20250419_1455_sbom_data.json,20250502_jumbo_6624_sbom_data.json,0,0.0
0.0,20250419_1455_sbom_data.json,20250502_jumbo_2331_sbom_data.json,0,0.0
0.0,20250419_1455_sbom_data.json,20250502_jumbo_14282_sbom_data.json,0,0.0
0.0,20250419_1455_sbom_data.json,20250502_jumbo_11496_sbom_data.json,0,0.0
0.0,20250419_1455_sbom_data.json,20250427_65_sbom_data.json,0,0.0
0.0,20250419_1455_sbom_data.json,20250427_294_sbom_data.json,0,0.0
0.0,20250419_1455_sbom_data.json,20250426_1545_sbom_data.json,0,0.0
0.0,20250419_1455_sbom_data.json,20250421_528_sbom_data.json,0,0.0
0.0,20250419_1455_sbom_data.json,20250418_1115_sbom_data.json,0,0.0
0.0,20250419_1455_sbom_data.json,20250417_234_sbom_data.json,0,0.0
0.0,20250419_1455_sbom_data.json,20250415_1518_sbom_data.json,0,0.0
0.0,20250419_1455_sbom_data.json,20250411_217_sbom_data.json,0,0.0
0.0,20250419_1455_sbom_data.json,20250407_861_sbom_data.json,0,0.0
0.0,20250419_1455_sbom_data.json,20250406_1002_sbom_data.json,0,0.0
0.0,20250419_1455_sbom_data.json,20250405_877_sbom_data.json,0,0.0
0.0,20250419_1455_sbom_data.json,20250405_1585_sbom_data.json,0,0.0
0.0,20250419_1455_sbom_data.json,20250404_1683_sbom_data.json,0,0.0
0.0,20250419_1455_sbom_data.json,20250329_448_sbom_data.json,0,0.0
0.0,20250419_1455_sbom_data.json,20250326_674_sbom_data.json,0,0.0
0.0,20250419_1455_sbom_data.json,20250325_816_sbom_data.json,0,0.0
0.0,20250419_1455_sbom_data.json,20250323_832_sbom_data.json,0,0.0
0.0,20250419_1455_sbom_data.json,20250316_1292_sbom_data.json,0,0.0
0.0,20250419_1455_sbom_data.json,20250312_876_sbom_data.json,0,0.0
0.0,20250419_1455_sbom_data.json,20250308_194_sbom_data.json,0,0.0
0.0,20250419_1455_sbom_data.json,20250308_1329_sbom_data.json,0,0.0
0.0,20250419_1455_sbom_data.json,20250307_82_sbom_data.json,0,0.0
0.0,20250419_1455_sbom_data.json,20250226_192_sbom_data.json,0,0.0
0.0,20250419_1455_sbom_data.json,20250219_1451_sbom_data.json,0,0.0
0.0,20250419_1455_sbom_data.json,20250218_533_sbom_data.json,0,0.0
0.0,20250419_1455_sbom_data.json,20250217_1222_sbom_data.json,0,0.0
0.0,20250419_1455_sbom_data.json,20250216_1131_sbom_data.json,0,0.0
0.0,20250419_1455_sbom_data.json,20250215_700_sbom_data.json,0,0.0
0.0,20250419_1455_sbom_data.json,20250214_449_sbom_data.json,0,0.0
0.0,20250419_1455_sbom_data.json,20250214_1123_sbom_data.json,0,0.0
0.0,20250419_1455_sbom_data.json,20250210_1258_sbom_data.json,0,0.0
0.0,20250419_1455_sbom_data.json,20250209_351_sbom_data.json,0,0.0
0.0,20250419_1455_sbom_data.json,20250208_1394_sbom_data.json,0,0.0
0.0,20250418_910_sbom_data.json,20250502_jumbo_9047_sbom_data.json,0,0.0
0.0,20250418_910_sbom_data.json,20250502_jumbo_7959_sbom_data.json,0,0.0
0.0,20250418_910_sbom_data.json,20250502_jumbo_6624_sbom_data.json,0,0.0
0.0,20250418_910_sbom_data.json,20250502_jumbo_2331_sbom_data.json,0,0.0
0.0,20250418_910_sbom_data.json,20250502_jumbo_11496_sbom_data.json,0,0.0
0.0,20250418_910_sbom_data.json,20250427_65_sbom_data.json,0,0.0
0.0,20250418_910_sbom_data.json,20250427_294_sbom_data.json,0,0.0
0.0,20250418_910_sbom_data.json,20250426_1545_sbom_data.json,0,0.0
0.0,20250418_910_sbom_data.json,20250421_528_sbom_data.json,0,0.0
0.0,20250418_910_sbom_data.json,20250419_1455_sbom_data.json,0,0.0
0.0,20250418_910_sbom_data.json,20250418_1115_sbom_data.json,0,0.0
0.0,20250418_910_sbom_data.json,20250415_1518_sbom_data.json,0,0.0
0.0,20250418_910_sbom_data.json,20250411_217_sbom_data.json,0,0.0
0.0,20250418_910_sbom_data.json,20250408_221_sbom_data.json,0,0.0
0.0,20250418_910_sbom_data.json,20250405_877_sbom_data.json,0,0.0
0.0,20250418_910_sbom_data.json,20250405_1585_sbom_data.json,0,0.0
0.0,20250418_910_sbom_data.json,20250330_99_sbom_data.json,0,0.0
0.0,20250418_910_sbom_data.json,20250326_674_sbom_data.json,0,0.0
0.0,20250418_910_sbom_data.json,20250325_816_sbom_data.json,0,0.0
0.0,20250418_910_sbom_data.json,20250323_832_sbom_data.json,0,0.0
0.0,20250418_910_sbom_data.json,20250312_876_sbom_data.json,0,0.0
0.0,20250418_910_sbom_data.json,20250310_824_sbom_data.json,0,0.0
0.0,20250418_910_sbom_data.json,20250308_1329_sbom_data.json,0,0.0
0.0,20250418_910_sbom_data.json,20250303_1483_sbom_data.json,0,0.0
0.0,20250418_910_sbom_data.json,20250226_192_sbom_data.json,0,0.0
0.0,20250418_910_sbom_data.json,20250219_1451_sbom_data.json,0,0.0
0.0,20250418_910_sbom_data.json,20250218_533_sbom_data.json,0,0.0
0.0,20250418_910_sbom_data.json,20250217_1222_sbom_data.json,0,0.0
0.0,20250418_910_sbom_data.json,20250216_1131_sbom_data.json,0,0.0
0.0,20250418_910_sbom_data.json,20250215_700_sbom_data.json,0,0.0
0.0,20250418_910_sbom_data.json,20250214_1123_sbom_data.json,0,0.0
0.0,20250418_910_sbom_data.json,20250210_1258_sbom_data.json,0,0.0
0.0,20250418_910_sbom_data.json,20250209_351_sbom_data.json,0,0.0
0.0,20250418_910_sbom_data.json,20250208_1394_sbom_data.json,0,0.0
0.0,20250418_1115_sbom_data.json,20250502_jumbo_14282_sbom_data.json,0,0.0
0.0,20250418_1115_sbom_data.json,20250502_jumbo_11496_sbom_data.json,0,0.0
0.0,20250418_1115_sbom_data.json,20250427_294_sbom_data.json,0,0.0
0.0,20250418_1115_sbom_data.json,20250426_1120_sbom_data.json,0,0.0
0.0,20250418_1115_sbom_data.json,20250421_528_sbom_data.json,0,0.0
0.0,20250418_1115_sbom_data.json,20250417_234_sbom_data.json,0,0.0
0.0,20250418_1115_sbom_data.json,20250415_1518_sbom_data.json,0,0.0
0.0,20250418_1115_sbom_data.json,20250410_1473_sbom_data.json,0,0.0
0.0,20250418_1115_sbom_data.json,20250407_861_sbom_data.json,0,0.0
0.0,20250418_1115_sbom_data.json,20250406_1002_sbom_data.json,0,0.0
0.0,20250418_1115_sbom_data.json,20250405_1585_sbom_data.json,0,0.0
0.0,20250418_1115_sbom_data.json,20250404_1683_sbom_data.json,0,0.0
0.0,20250418_1115_sbom_data.json,20250402_1511_sbom_data.json,0,0.0
0.0,20250418_1115_sbom_data.json,20250329_223_sbom_data.json,0,0.0
0.0,20250418_1115_sbom_data.json,20250327_1532_sbom_data.json,0,0.0
0.0,20250418_1115_sbom_data.json,20250325_816_sbom_data.json,0,0.0
0.0,20250418_1115_sbom_data.json,20250319_857_sbom_data.json,0,0.0
0.0,20250418_1115_sbom_data.json,20250317_1341_sbom_data.json,0,0.0
0.0,20250418_1115_sbom_data.json,20250315_1483_sbom_data.json,0,0.0
0.0,20250418_1115_sbom_data.json,20250312_876_sbom_data.json,0,0.0
0.0,20250418_1115_sbom_data.json,20250308_194_sbom_data.json,0,0.0
0.0,20250418_1115_sbom_data.json,20250307_82_sbom_data.json,0,0.0
0.0,20250418_1115_sbom_data.json,20250302_1466_sbom_data.json,0,0.0
0.0,20250418_1115_sbom_data.json,20250301_261_sbom_data.json,0,0.0
0.0,20250418_1115_sbom_data.json,20250227_1478_sbom_data.json,0,0.0
0.0,20250418_1115_sbom_data.json,20250226_192_sbom_data.json,0,0.0
0.0,20250418_1115_sbom_data.json,20250219_1451_sbom_data.json,0,0.0
0.0,20250418_1115_sbom_data.json,20250218_533_sbom_data.json,0,0.0
0.0,20250418_1115_sbom_data.json,20250217_1561_sbom_data.json,0,0.0
0.0,20250418_1115_sbom_data.json,20250217_1222_sbom_data.json,0,0.0
0.0,20250418_1115_sbom_data.json,20250216_1131_sbom_data.json,0,0.0
0.0,20250418_1115_sbom_data.json,20250215_700_sbom_data.json,0,0.0
0.0,20250418_1115_sbom_data.json,20250214_449_sbom_data.json,0,0.0
0.0,20250418_1115_sbom_data.json,20250214_1123_sbom_data.json,0,0.0
0.0,20250418_1115_sbom_data.json,20250209_351_sbom_data.json,0,0.0
0.0,20250418_1115_sbom_data.json,20250208_1394_sbom_data.json,0,0.0
0.0,20250417_234_sbom_data.json,20250427_294_sbom_data.json,0,0.0
0.0,20250417_234_sbom_data.json,20250415_1518_sbom_data.json,0,0.0
0.0,20250417_208_sbom_data.json,20250502_jumbo_9047_sbom_data.json,0,0.0
0.0,20250417_208_sbom_data.json,20250502_jumbo_7959_sbom_data.json,0,0.0
0.0,20250417_208_sbom_data.json,20250502_jumbo_6624_sbom_data.json,0,0.0
0.0,20250417_208_sbom_data.json,20250502_jumbo_2331_sbom_data.json,0,0.0
0.0,20250417_208_sbom_data.json,20250502_jumbo_14282_sbom_data.json,0,0.0
0.0,20250417_208_sbom_data.json,20250502_jumbo_13802_sbom_data.json,0,0.0
0.0,20250417_208_sbom_data.json,20250502_jumbo_11496_sbom_data.json,0,0.0
0.0,20250417_208_sbom_data.json,20250427_65_sbom_data.json,0,0.0
0.0,20250417_208_sbom_data.json,20250427_294_sbom_data.json,0,0.0
0.0,20250417_208_sbom_data.json,20250426_1545_sbom_data.json,0,0.0
0.0,20250417_208_sbom_data.json,20250426_1120_sbom_data.json,0,0.0
0.0,20250417_208_sbom_data.json,20250421_528_sbom_data.json,0,0.0
0.0,20250417_208_sbom_data.json,20250419_1455_sbom_data.json,0,0.0
0.0,20250417_208_sbom_data.json,20250418_910_sbom_data.json,0,0.0
0.0,20250417_208_sbom_data.json,20250418_1115_sbom_data.json,0,0.0
0.0,20250417_208_sbom_data.json,20250417_234_sbom_data.json,0,0.0
0.0,20250417_208_sbom_data.json,20250415_1518_sbom_data.json,0,0.0
0.0,20250417_208_sbom_data.json,20250412_1423_sbom_data.json,0,0.0
0.0,20250417_208_sbom_data.json,20250411_217_sbom_data.json,0,0.0
0.0,20250417_208_sbom_data.json,20250410_1473_sbom_data.json,0,0.0
0.0,20250417_208_sbom_data.json,20250408_221_sbom_data.json,0,0.0
0.0,20250417_208_sbom_data.json,20250407_861_sbom_data.json,0,0.0
0.0,20250417_208_sbom_data.json,20250406_1002_sbom_data.json,0,0.0
0.0,20250417_208_sbom_data.json,20250405_877_sbom_data.json,0,0.0
0.0,20250417_208_sbom_data.json,20250405_1585_sbom_data.json,0,0.0
0.0,20250417_208_sbom_data.json,20250404_1683_sbom_data.json,0,0.0
0.0,20250417_208_sbom_data.json,20250402_1511_sbom_data.json,0,0.0
0.0,20250417_208_sbom_data.json,20250330_99_sbom_data.json,0,0.0
0.0,20250417_208_sbom_data.json,20250329_448_sbom_data.json,0,0.0
0.0,20250417_208_sbom_data.json,20250329_223_sbom_data.json,0,0.0
0.0,20250417_208_sbom_data.json,20250327_1532_sbom_data.json,0,0.0
0.0,20250417_208_sbom_data.json,20250325_816_sbom_data.json,0,0.0
0.0,20250417_208_sbom_data.json,20250325_132_sbom_data.json,0,0.0
0.0,20250417_208_sbom_data.json,20250323_91_sbom_data.json,0,0.0
0.0,20250417_208_sbom_data.json,20250323_832_sbom_data.json,0,0.0
0.0,20250417_208_sbom_data.json,20250320_100_sbom_data.json,0,0.0
0.0,20250417_208_sbom_data.json,20250319_857_sbom_data.json,0,0.0
0.0,20250417_208_sbom_data.json,20250317_1341_sbom_data.json,0,0.0
0.0,20250417_208_sbom_data.json,20250316_1292_sbom_data.json,0,0.0
0.0,20250417_208_sbom_data.json,20250315_1483_sbom_data.json,0,0.0
0.0,20250417_208_sbom_data.json,20250315_1221_sbom_data.json,0,0.0
0.0,20250417_208_sbom_data.json,20250312_876_sbom_data.json,0,0.0
0.0,20250417_208_sbom_data.json,20250311_1388_sbom_data.json,0,0.0
0.0,20250417_208_sbom_data.json,20250310_824_sbom_data.json,0,0.0
0.0,20250417_208_sbom_data.json,20250308_194_sbom_data.json,0,0.0
0.0,20250417_208_sbom_data.json,20250308_1092_sbom_data.json,0,0.0
0.0,20250417_208_sbom_data.json,20250307_82_sbom_data.json,0,0.0
0.0,20250417_208_sbom_data.json,20250303_1483_sbom_data.json,0,0.0
0.0,20250417_208_sbom_data.json,20250302_1466_sbom_data.json,0,0.0
0.0,20250417_208_sbom_data.json,20250301_261_sbom_data.json,0,0.0
0.0,20250417_208_sbom_data.json,20250227_1478_sbom_data.json,0,0.0
0.0,20250417_208_sbom_data.json,20250226_632_sbom_data.json,0,0.0
0.0,20250417_208_sbom_data.json,20250226_192_sbom_data.json,0,0.0
0.0,20250417_208_sbom_data.json,20250224_1367_sbom_data.json,0,0.0
0.0,20250417_208_sbom_data.json,20250219_1451_sbom_data.json,0,0.0
0.0,20250417_208_sbom_data.json,20250218_533_sbom_data.json,0,0.0
0.0,20250417_208_sbom_data.json,20250217_1561_sbom_data.json,0,0.0
0.0,20250417_208_sbom_data.json,20250217_1222_sbom_data.json,0,0.0
0.0,20250417_208_sbom_data.json,20250216_1131_sbom_data.json,0,0.0
0.0,20250417_208_sbom_data.json,20250215_700_sbom_data.json,0,0.0
0.0,20250417_208_sbom_data.json,20250214_449_sbom_data.json,0,0.0
0.0,20250417_208_sbom_data.json,20250214_1123_sbom_data.json,0,0.0
0.0,20250417_208_sbom_data.json,20250210_1258_sbom_data.json,0,0.0
0.0,20250417_208_sbom_data.json,20250209_351_sbom_data.json,0,0.0
0.0,20250417_208_sbom_data.json,20250208_1394_sbom_data.json,0,0.0
0.0,20250416_657_sbom_data.json,20250502_jumbo_979_sbom_data.json,0,0.0
0.0,20250416_657_sbom_data.json,20250502_jumbo_7959_sbom_data.json,0,0.0
0.0,20250416_657_sbom_data.json,20250502_jumbo_6624_sbom_data.json,0,0.0
0.0,20250416_657_sbom_data.json,20250502_jumbo_2331_sbom_data.json,0,0.0
0.0,20250416_657_sbom_data.json,20250502_jumbo_14282_sbom_data.json,0,0.0
0.0,20250416_657_sbom_data.json,20250502_jumbo_13802_sbom_data.json,0,0.0
0.0,20250416_657_sbom_data.json,20250502_jumbo_13314_sbom_data.json,0,0.0
0.0,20250416_657_sbom_data.json,20250502_jumbo_11496_sbom_data.json,0,0.0
0.0,20250416_657_sbom_data.json,20250502_jumbo_10892_sbom_data.json,0,0.0
0.0,20250416_657_sbom_data.json,20250427_65_sbom_data.json,0,0.0
0.0,20250416_657_sbom_data.json,20250427_294_sbom_data.json,0,0.0
0.0,20250416_657_sbom_data.json,20250426_1545_sbom_data.json,0,0.0
0.0,20250416_657_sbom_data.json,20250426_1120_sbom_data.json,0,0.0
0.0,20250416_657_sbom_data.json,20250420_249_sbom_data.json,0,0.0
0.0,20250416_657_sbom_data.json,20250419_1455_sbom_data.json,0,0.0
0.0,20250416_657_sbom_data.json,20250418_910_sbom_data.json,0,0.0
0.0,20250416_657_sbom_data.json,20250418_1115_sbom_data.json,0,0.0
0.0,20250416_657_sbom_data.json,20250417_234_sbom_data.json,0,0.0
0.0,20250416_657_sbom_data.json,20250417_208_sbom_data.json,0,0.0
0.0,20250416_657_sbom_data.json,20250412_1423_sbom_data.json,0,0.0
0.0,20250416_657_sbom_data.json,20250412_1361_sbom_data.json,0,0.0
0.0,20250416_657_sbom_data.json,20250411_217_sbom_data.json,0,0.0
0.0,20250416_657_sbom_data.json,20250410_1473_sbom_data.json,0,0.0
0.0,20250416_657_sbom_data.json,20250408_221_sbom_data.json,0,0.0
0.0,20250416_657_sbom_data.json,20250407_861_sbom_data.json,0,0.0
0.0,20250416_657_sbom_data.json,20250407_203_sbom_data.json,0,0.0
0.0,20250416_657_sbom_data.json,20250406_1002_sbom_data.json,0,0.0
0.0,20250416_657_sbom_data.json,20250405_877_sbom_data.json,0,0.0
0.0,20250416_657_sbom_data.json,20250404_1683_sbom_data.json,0,0.0
0.0,20250416_657_sbom_data.json,20250402_1511_sbom_data.json,0,0.0
0.0,20250416_657_sbom_data.json,20250330_99_sbom_data.json,0,0.0
0.0,20250416_657_sbom_data.json,20250329_448_sbom_data.json,0,0.0
0.0,20250416_657_sbom_data.json,20250329_223_sbom_data.json,0,0.0
0.0,20250416_657_sbom_data.json,20250327_1532_sbom_data.json,0,0.0
0.0,20250416_657_sbom_data.json,20250327_1054_sbom_data.json,0,0.0
0.0,20250416_657_sbom_data.json,20250326_674_sbom_data.json,0,0.0
0.0,20250416_657_sbom_data.json,20250325_132_sbom_data.json,0,0.0
0.0,20250416_657_sbom_data.json,20250324_396_sbom_data.json,0,0.0
0.0,20250416_657_sbom_data.json,20250323_91_sbom_data.json,0,0.0
0.0,20250416_657_sbom_data.json,20250323_832_sbom_data.json,0,0.0
0.0,20250416_657_sbom_data.json,20250323_221_sbom_data.json,0,0.0
0.0,20250416_657_sbom_data.json,20250321_648_sbom_data.json,0,0.0
0.0,20250416_657_sbom_data.json,20250320_100_sbom_data.json,0,0.0
0.0,20250416_657_sbom_data.json,20250319_857_sbom_data.json,0,0.0
0.0,20250416_657_sbom_data.json,20250317_1341_sbom_data.json,0,0.0
0.0,20250416_657_sbom_data.json,20250316_1292_sbom_data.json,0,0.0
0.0,20250416_657_sbom_data.json,20250315_1483_sbom_data.json,0,0.0
0.0,20250416_657_sbom_data.json,20250315_1221_sbom_data.json,0,0.0
0.0,20250416_657_sbom_data.json,20250312_876_sbom_data.json,0,0.0
0.0,20250416_657_sbom_data.json,20250311_1388_sbom_data.json,0,0.0
0.0,20250416_657_sbom_data.json,20250310_824_sbom_data.json,0,0.0
0.0,20250416_657_sbom_data.json,20250308_194_sbom_data.json,0,0.0
0.0,20250416_657_sbom_data.json,20250308_1329_sbom_data.json,0,0.0
0.0,20250416_657_sbom_data.json,20250308_1092_sbom_data.json,0,0.0
0.0,20250416_657_sbom_data.json,20250307_82_sbom_data.json,0,0.0
0.0,20250416_657_sbom_data.json,20250307_1428_sbom_data.json,0,0.0
0.0,20250416_657_sbom_data.json,20250306_771_sbom_data.json,0,0.0
0.0,20250416_657_sbom_data.json,20250306_550_sbom_data.json,0,0.0
0.0,20250416_657_sbom_data.json,20250302_1466_sbom_data.json,0,0.0
0.0,20250416_657_sbom_data.json,20250301_261_sbom_data.json,0,0.0
0.0,20250416_657_sbom_data.json,20250227_1478_sbom_data.json,0,0.0
0.0,20250416_657_sbom_data.json,20250227_1133_sbom_data.json,0,0.0
0.0,20250416_657_sbom_data.json,20250226_632_sbom_data.json,0,0.0
0.0,20250416_657_sbom_data.json,20250226_192_sbom_data.json,0,0.0
0.0,20250416_657_sbom_data.json,20250224_1367_sbom_data.json,0,0.0
0.0,20250416_657_sbom_data.json,20250219_1451_sbom_data.json,0,0.0
0.0,20250416_657_sbom_data.json,20250218_533_sbom_data.json,0,0.0
0.0,20250416_657_sbom_data.json,20250217_1561_sbom_data.json,0,0.0
0.0,20250416_657_sbom_data.json,20250217_1222_sbom_data.json,0,0.0
0.0,20250416_657_sbom_data.json,20250216_1131_sbom_data.json,0,0.0
0.0,20250416_657_sbom_data.json,20250215_283_sbom_data.json,0,0.0
0.0,20250416_657_sbom_data.json,20250214_1461_sbom_data.json,0,0.0
0.0,20250416_657_sbom_data.json,20250214_1123_sbom_data.json,0,0.0
0.0,20250416_657_sbom_data.json,20250210_1258_sbom_data.json,0,0.0
0.0,20250416_657_sbom_data.json,20250209_351_sbom_data.json,0,0.0
0.0,20250416_657_sbom_data.json,20250208_1394_sbom_data.json,0,0.0
0.0,20250415_1518_sbom_data.json,20250427_294_sbom_data.json,0,0.0
0.0,20250415_1518_sbom_data.json,20250410_1473_sbom_data.json,0,0.0
0.0,20250415_1518_sbom_data.json,20250317_1341_sbom_data.json,0,0.0
0.0,20250415_1518_sbom_data.json,20250315_1483_sbom_data.json,0,0.0
0.0,20250414_793_sbom_data.json,20250502_jumbo_979_sbom_data.json,0,0.0
0.0,20250414_793_sbom_data.json,20250502_jumbo_9047_sbom_data.json,0,0.0
0.0,20250414_793_sbom_data.json,20250502_jumbo_7959_sbom_data.json,0,0.0
0.0,20250414_793_sbom_data.json,20250502_jumbo_6624_sbom_data.json,0,0.0
0.0,20250414_793_sbom_data.json,20250502_jumbo_2331_sbom_data.json,0,0.0
0.0,20250414_793_sbom_data.json,20250502_jumbo_14282_sbom_data.json,0,0.0
0.0,20250414_793_sbom_data.json,20250502_jumbo_13802_sbom_data.json,0,0.0
0.0,20250414_793_sbom_data.json,20250502_jumbo_13314_sbom_data.json,0,0.0
0.0,20250414_793_sbom_data.json,20250502_jumbo_12963_sbom_data.json,0,0.0
0.0,20250414_793_sbom_data.json,20250502_jumbo_11496_sbom_data.json,0,0.0
0.0,20250414_793_sbom_data.json,20250502_jumbo_10892_sbom_data.json,0,0.0
0.0,20250414_793_sbom_data.json,20250427_65_sbom_data.json,0,0.0
0.0,20250414_793_sbom_data.json,20250427_294_sbom_data.json,0,0.0
0.0,20250414_793_sbom_data.json,20250426_1545_sbom_data.json,0,0.0
0.0,20250414_793_sbom_data.json,20250426_1120_sbom_data.json,0,0.0
0.0,20250414_793_sbom_data.json,20250421_528_sbom_data.json,0,0.0
0.0,20250414_793_sbom_data.json,20250420_249_sbom_data.json,0,0.0
0.0,20250414_793_sbom_data.json,20250419_1455_sbom_data.json,0,0.0
0.0,20250414_793_sbom_data.json,20250418_910_sbom_data.json,0,0.0
0.0,20250414_793_sbom_data.json,20250418_1115_sbom_data.json,0,0.0
0.0,20250414_793_sbom_data.json,20250417_234_sbom_data.json,0,0.0
0.0,20250414_793_sbom_data.json,20250417_208_sbom_data.json,0,0.0
0.0,20250414_793_sbom_data.json,20250416_657_sbom_data.json,0,0.0
0.0,20250414_793_sbom_data.json,20250415_1518_sbom_data.json,0,0.0
0.0,20250414_793_sbom_data.json,20250412_1423_sbom_data.json,0,0.0
0.0,20250414_793_sbom_data.json,20250412_1361_sbom_data.json,0,0.0
0.0,20250414_793_sbom_data.json,20250411_866_sbom_data.json,0,0.0
0.0,20250414_793_sbom_data.json,20250411_217_sbom_data.json,0,0.0
0.0,20250414_793_sbom_data.json,20250410_1473_sbom_data.json,0,0.0
0.0,20250414_793_sbom_data.json,20250408_221_sbom_data.json,0,0.0
0.0,20250414_793_sbom_data.json,20250407_861_sbom_data.json,0,0.0
0.0,20250414_793_sbom_data.json,20250407_203_sbom_data.json,0,0.0
0.0,20250414_793_sbom_data.json,20250406_1002_sbom_data.json,0,0.0
0.0,20250414_793_sbom_data.json,20250405_877_sbom_data.json,0,0.0
0.0,20250414_793_sbom_data.json,20250405_1585_sbom_data.json,0,0.0
0.0,20250414_793_sbom_data.json,20250404_1683_sbom_data.json,0,0.0
0.0,20250414_793_sbom_data.json,20250402_1511_sbom_data.json,0,0.0
0.0,20250414_793_sbom_data.json,20250330_99_sbom_data.json,0,0.0
0.0,20250414_793_sbom_data.json,20250329_448_sbom_data.json,0,0.0
0.0,20250414_793_sbom_data.json,20250329_223_sbom_data.json,0,0.0
0.0,20250414_793_sbom_data.json,20250327_1532_sbom_data.json,0,0.0
0.0,20250414_793_sbom_data.json,20250327_1054_sbom_data.json,0,0.0
0.0,20250414_793_sbom_data.json,20250326_674_sbom_data.json,0,0.0
0.0,20250414_793_sbom_data.json,20250325_816_sbom_data.json,0,0.0
0.0,20250414_793_sbom_data.json,20250325_132_sbom_data.json,0,0.0
0.0,20250414_793_sbom_data.json,20250324_485_sbom_data.json,0,0.0
0.0,20250414_793_sbom_data.json,20250324_396_sbom_data.json,0,0.0
0.0,20250414_793_sbom_data.json,20250324_242_sbom_data.json,0,0.0
0.0,20250414_793_sbom_data.json,20250323_91_sbom_data.json,0,0.0
0.0,20250414_793_sbom_data.json,20250323_832_sbom_data.json,0,0.0
0.0,20250414_793_sbom_data.json,20250323_221_sbom_data.json,0,0.0
0.0,20250414_793_sbom_data.json,20250322_241_sbom_data.json,0,0.0
0.0,20250414_793_sbom_data.json,20250321_648_sbom_data.json,0,0.0
0.0,20250414_793_sbom_data.json,20250320_1023_sbom_data.json,0,0.0
0.0,20250414_793_sbom_data.json,20250320_100_sbom_data.json,0,0.0
0.0,20250414_793_sbom_data.json,20250319_857_sbom_data.json,0,0.0
0.0,20250414_793_sbom_data.json,20250317_1341_sbom_data.json,0,0.0
0.0,20250414_793_sbom_data.json,20250316_1292_sbom_data.json,0,0.0
0.0,20250414_793_sbom_data.json,20250315_1483_sbom_data.json,0,0.0
0.0,20250414_793_sbom_data.json,20250315_1221_sbom_data.json,0,0.0
0.0,20250414_793_sbom_data.json,20250312_876_sbom_data.json,0,0.0
0.0,20250414_793_sbom_data.json,20250311_1388_sbom_data.json,0,0.0
0.0,20250414_793_sbom_data.json,20250310_824_sbom_data.json,0,0.0
0.0,20250414_793_sbom_data.json,20250308_194_sbom_data.json,0,0.0
0.0,20250414_793_sbom_data.json,20250308_1329_sbom_data.json,0,0.0
0.0,20250414_793_sbom_data.json,20250308_1092_sbom_data.json,0,0.0
0.0,20250414_793_sbom_data.json,20250307_82_sbom_data.json,0,0.0
0.0,20250414_793_sbom_data.json,20250307_1428_sbom_data.json,0,0.0
0.0,20250414_793_sbom_data.json,20250306_771_sbom_data.json,0,0.0
0.0,20250414_793_sbom_data.json,20250306_550_sbom_data.json,0,0.0
0.0,20250414_793_sbom_data.json,20250303_1483_sbom_data.json,0,0.0
0.0,20250414_793_sbom_data.json,20250302_1466_sbom_data.json,0,0.0
0.0,20250414_793_sbom_data.json,20250301_261_sbom_data.json,0,0.0
0.0,20250414_793_sbom_data.json,20250227_1478_sbom_data.json,0,0.0
0.0,20250414_793_sbom_data.json,20250227_1133_sbom_data.json,0,0.0
0.0,20250414_793_sbom_data.json,20250226_632_sbom_data.json,0,0.0
0.0,20250414_793_sbom_data.json,20250226_192_sbom_data.json,0,0.0
0.0,20250414_793_sbom_data.json,20250224_1367_sbom_data.json,0,0.0
0.0,20250414_793_sbom_data.json,20250219_1451_sbom_data.json,0,0.0
0.0,20250414_793_sbom_data.json,20250219_1142_sbom_data.json,0,0.0
0.0,20250414_793_sbom_data.json,20250218_533_sbom_data.json,0,0.0
0.0,20250414_793_sbom_data.json,20250217_1561_sbom_data.json,0,0.0
0.0,20250414_793_sbom_data.json,20250217_1222_sbom_data.json,0,0.0
0.0,20250414_793_sbom_data.json,20250216_1131_sbom_data.json,0,0.0
0.0,20250414_793_sbom_data.json,20250215_700_sbom_data.json,0,0.0
0.0,20250414_793_sbom_data.json,20250215_283_sbom_data.json,0,0.0
0.0,20250414_793_sbom_data.json,20250214_449_sbom_data.json,0,0.0
0.0,20250414_793_sbom_data.json,20250214_1461_sbom_data.json,0,0.0
0.0,20250414_793_sbom_data.json,20250214_1123_sbom_data.json,0,0.0
0.0,20250414_793_sbom_data.json,20250210_1258_sbom_data.json,0,0.0
0.0,20250414_793_sbom_data.json,20250209_351_sbom_data.json,0,0.0
0.0,20250414_793_sbom_data.json,20250208_1394_sbom_data.json,0,0.0
0.0,20250412_1423_sbom_data.json,20250502_jumbo_6624_sbom_data.json,0,0.0
0.0,20250412_1423_sbom_data.json,20250502_jumbo_11496_sbom_data.json,0,0.0
0.0,20250412_1423_sbom_data.json,20250427_65_sbom_data.json,0,0.0
0.0,20250412_1423_sbom_data.json,20250427_294_sbom_data.json,0,0.0
0.0,20250412_1423_sbom_data.json,20250421_528_sbom_data.json,0,0.0
0.0,20250412_1423_sbom_data.json,20250418_1115_sbom_data.json,0,0.0
0.0,20250412_1423_sbom_data.json,20250415_1518_sbom_data.json,0,0.0
0.0,20250412_1423_sbom_data.json,20250405_1585_sbom_data.json,0,0.0
0.0,20250412_1423_sbom_data.json,20250326_674_sbom_data.json,0,0.0
0.0,20250412_1423_sbom_data.json,20250325_816_sbom_data.json,0,0.0
0.0,20250412_1423_sbom_data.json,20250323_832_sbom_data.json,0,0.0
0.0,20250412_1423_sbom_data.json,20250312_876_sbom_data.json,0,0.0
0.0,20250412_1423_sbom_data.json,20250226_192_sbom_data.json,0,0.0
0.0,20250412_1423_sbom_data.json,20250218_533_sbom_data.json,0,0.0
0.0,20250412_1423_sbom_data.json,20250216_1131_sbom_data.json,0,0.0
0.0,20250412_1423_sbom_data.json,20250215_700_sbom_data.json,0,0.0
0.0,20250412_1423_sbom_data.json,20250214_1123_sbom_data.json,0,0.0
0.0,20250412_1423_sbom_data.json,20250209_351_sbom_data.json,0,0.0
0.0,20250412_1361_sbom_data.json,20250502_jumbo_9047_sbom_data.json,0,0.0
0.0,20250412_1361_sbom_data.json,20250502_jumbo_7959_sbom_data.json,0,0.0
0.0,20250412_1361_sbom_data.json,20250502_jumbo_6624_sbom_data.json,0,0.0
0.0,20250412_1361_sbom_data.json,20250502_jumbo_2331_sbom_data.json,0,0.0
0.0,20250412_1361_sbom_data.json,20250502_jumbo_13802_sbom_data.json,0,0.0
0.0,20250412_1361_sbom_data.json,20250502_jumbo_11496_sbom_data.json,0,0.0
0.0,20250412_1361_sbom_data.json,20250427_65_sbom_data.json,0,0.0
0.0,20250412_1361_sbom_data.json,20250427_294_sbom_data.json,0,0.0
0.0,20250412_1361_sbom_data.json,20250426_1545_sbom_data.json,0,0.0
0.0,20250412_1361_sbom_data.json,20250421_528_sbom_data.json,0,0.0
0.0,20250412_1361_sbom_data.json,20250419_1455_sbom_data.json,0,0.0
0.0,20250412_1361_sbom_data.json,20250418_1115_sbom_data.json,0,0.0
0.0,20250412_1361_sbom_data.json,20250417_208_sbom_data.json,0,0.0
0.0,20250412_1361_sbom_data.json,20250415_1518_sbom_data.json,0,0.0
0.0,20250412_1361_sbom_data.json,20250411_217_sbom_data.json,0,0.0
0.0,20250412_1361_sbom_data.json,20250410_1473_sbom_data.json,0,0.0
0.0,20250412_1361_sbom_data.json,20250408_221_sbom_data.json,0,0.0
0.0,20250412_1361_sbom_data.json,20250405_877_sbom_data.json,0,0.0
0.0,20250412_1361_sbom_data.json,20250405_1585_sbom_data.json,0,0.0
0.0,20250412_1361_sbom_data.json,20250404_1683_sbom_data.json,0,0.0
0.0,20250412_1361_sbom_data.json,20250402_1511_sbom_data.json,0,0.0
0.0,20250412_1361_sbom_data.json,20250330_99_sbom_data.json,0,0.0
0.0,20250412_1361_sbom_data.json,20250329_448_sbom_data.json,0,0.0
0.0,20250412_1361_sbom_data.json,20250329_223_sbom_data.json,0,0.0
0.0,20250412_1361_sbom_data.json,20250326_674_sbom_data.json,0,0.0
0.0,20250412_1361_sbom_data.json,20250325_816_sbom_data.json,0,0.0
0.0,20250412_1361_sbom_data.json,20250325_132_sbom_data.json,0,0.0
0.0,20250412_1361_sbom_data.json,20250323_91_sbom_data.json,0,0.0
0.0,20250412_1361_sbom_data.json,20250323_832_sbom_data.json,0,0.0
0.0,20250412_1361_sbom_data.json,20250320_100_sbom_data.json,0,0.0
0.0,20250412_1361_sbom_data.json,20250319_857_sbom_data.json,0,0.0
0.0,20250412_1361_sbom_data.json,20250316_1292_sbom_data.json,0,0.0
0.0,20250412_1361_sbom_data.json,20250312_876_sbom_data.json,0,0.0
0.0,20250412_1361_sbom_data.json,20250311_1388_sbom_data.json,0,0.0
0.0,20250412_1361_sbom_data.json,20250310_824_sbom_data.json,0,0.0
0.0,20250412_1361_sbom_data.json,20250308_1329_sbom_data.json,0,0.0
0.0,20250412_1361_sbom_data.json,20250303_1483_sbom_data.json,0,0.0
0.0,20250412_1361_sbom_data.json,20250227_1478_sbom_data.json,0,0.0
0.0,20250412_1361_sbom_data.json,20250226_192_sbom_data.json,0,0.0
0.0,20250412_1361_sbom_data.json,20250224_1367_sbom_data.json,0,0.0
0.0,20250412_1361_sbom_data.json,20250219_1451_sbom_data.json,0,0.0
0.0,20250412_1361_sbom_data.json,20250218_533_sbom_data.json,0,0.0
0.0,20250412_1361_sbom_data.json,20250217_1222_sbom_data.json,0,0.0
0.0,20250412_1361_sbom_data.json,20250216_1131_sbom_data.json,0,0.0
0.0,20250412_1361_sbom_data.json,20250215_700_sbom_data.json,0,0.0
0.0,20250412_1361_sbom_data.json,20250214_449_sbom_data.json,0,0.0
0.0,20250412_1361_sbom_data.json,20250214_1123_sbom_data.json,0,0.0
0.0,20250412_1361_sbom_data.json,20250210_1258_sbom_data.json,0,0.0
0.0,20250412_1361_sbom_data.json,20250209_351_sbom_data.json,0,0.0
0.0,20250412_1361_sbom_data.json,20250208_1394_sbom_data.json,0,0.0
0.0,20250411_866_sbom_data.json,20250502_jumbo_979_sbom_data.json,0,0.0
0.0,20250411_866_sbom_data.json,20250502_jumbo_9047_sbom_data.json,0,0.0
0.0,20250411_866_sbom_data.json,20250502_jumbo_7959_sbom_data.json,0,0.0
0.0,20250411_866_sbom_data.json,20250502_jumbo_6624_sbom_data.json,0,0.0
0.0,20250411_866_sbom_data.json,20250502_jumbo_2331_sbom_data.json,0,0.0
0.0,20250411_866_sbom_data.json,20250502_jumbo_14282_sbom_data.json,0,0.0
0.0,20250411_866_sbom_data.json,20250502_jumbo_13802_sbom_data.json,0,0.0
0.0,20250411_866_sbom_data.json,20250502_jumbo_13314_sbom_data.json,0,0.0
0.0,20250411_866_sbom_data.json,20250502_jumbo_11496_sbom_data.json,0,0.0
0.0,20250411_866_sbom_data.json,20250502_jumbo_10892_sbom_data.json,0,0.0
0.0,20250411_866_sbom_data.json,20250427_65_sbom_data.json,0,0.0
0.0,20250411_866_sbom_data.json,20250427_294_sbom_data.json,0,0.0
0.0,20250411_866_sbom_data.json,20250426_1545_sbom_data.json,0,0.0
0.0,20250411_866_sbom_data.json,20250426_1120_sbom_data.json,0,0.0
0.0,20250411_866_sbom_data.json,20250421_528_sbom_data.json,0,0.0
0.0,20250411_866_sbom_data.json,20250420_249_sbom_data.json,0,0.0
0.0,20250411_866_sbom_data.json,20250419_1455_sbom_data.json,0,0.0
0.0,20250411_866_sbom_data.json,20250418_910_sbom_data.json,0,0.0
0.0,20250411_866_sbom_data.json,20250417_234_sbom_data.json,0,0.0
0.0,20250411_866_sbom_data.json,20250417_208_sbom_data.json,0,0.0
0.0,20250411_866_sbom_data.json,20250416_657_sbom_data.json,0,0.0
0.0,20250411_866_sbom_data.json,20250415_1518_sbom_data.json,0,0.0
0.0,20250411_866_sbom_data.json,20250412_1423_sbom_data.json,0,0.0
0.0,20250411_866_sbom_data.json,20250412_1361_sbom_data.json,0,0.0
0.0,20250411_866_sbom_data.json,20250411_217_sbom_data.json,0,0.0
0.0,20250411_866_sbom_data.json,20250410_1473_sbom_data.json,0,0.0
0.0,20250411_866_sbom_data.json,20250408_221_sbom_data.json,0,0.0
0.0,20250411_866_sbom_data.json,20250407_861_sbom_data.json,0,0.0
0.0,20250411_866_sbom_data.json,20250407_203_sbom_data.json,0,0.0
0.0,20250411_866_sbom_data.json,20250406_1002_sbom_data.json,0,0.0
0.0,20250411_866_sbom_data.json,20250405_877_sbom_data.json,0,0.0
0.0,20250411_866_sbom_data.json,20250405_1585_sbom_data.json,0,0.0
0.0,20250411_866_sbom_data.json,20250404_1683_sbom_data.json,0,0.0
0.0,20250411_866_sbom_data.json,20250402_1511_sbom_data.json,0,0.0
0.0,20250411_866_sbom_data.json,20250330_99_sbom_data.json,0,0.0
0.0,20250411_866_sbom_data.json,20250329_448_sbom_data.json,0,0.0
0.0,20250411_866_sbom_data.json,20250329_223_sbom_data.json,0,0.0
0.0,20250411_866_sbom_data.json,20250327_1532_sbom_data.json,0,0.0
0.0,20250411_866_sbom_data.json,20250327_1054_sbom_data.json,0,0.0
0.0,20250411_866_sbom_data.json,20250326_674_sbom_data.json,0,0.0
0.0,20250411_866_sbom_data.json,20250325_816_sbom_data.json,0,0.0
0.0,20250411_866_sbom_data.json,20250325_132_sbom_data.json,0,0.0
0.0,20250411_866_sbom_data.json,20250324_396_sbom_data.json,0,0.0
0.0,20250411_866_sbom_data.json,20250324_242_sbom_data.json,0,0.0
0.0,20250411_866_sbom_data.json,20250323_91_sbom_data.json,0,0.0
0.0,20250411_866_sbom_data.json,20250323_832_sbom_data.json,0,0.0
0.0,20250411_866_sbom_data.json,20250323_221_sbom_data.json,0,0.0
0.0,20250411_866_sbom_data.json,20250322_241_sbom_data.json,0,0.0
0.0,20250411_866_sbom_data.json,20250321_648_sbom_data.json,0,0.0
0.0,20250411_866_sbom_data.json,20250320_100_sbom_data.json,0,0.0
0.0,20250411_866_sbom_data.json,20250319_857_sbom_data.json,0,0.0
0.0,20250411_866_sbom_data.json,20250317_1341_sbom_data.json,0,0.0
0.0,20250411_866_sbom_data.json,20250316_1292_sbom_data.json,0,0.0
0.0,20250411_866_sbom_data.json,20250315_1483_sbom_data.json,0,0.0
0.0,20250411_866_sbom_data.json,20250315_1221_sbom_data.json,0,0.0
0.0,20250411_866_sbom_data.json,20250312_876_sbom_data.json,0,0.0
0.0,20250411_866_sbom_data.json,20250311_1388_sbom_data.json,0,0.0
0.0,20250411_866_sbom_data.json,20250310_824_sbom_data.json,0,0.0
0.0,20250411_866_sbom_data.json,20250308_194_sbom_data.json,0,0.0
0.0,20250411_866_sbom_data.json,20250308_1329_sbom_data.json,0,0.0
0.0,20250411_866_sbom_data.json,20250308_1092_sbom_data.json,0,0.0
0.0,20250411_866_sbom_data.json,20250307_82_sbom_data.json,0,0.0
0.0,20250411_866_sbom_data.json,20250307_1428_sbom_data.json,0,0.0
0.0,20250411_866_sbom_data.json,20250306_550_sbom_data.json,0,0.0
0.0,20250411_866_sbom_data.json,20250303_1483_sbom_data.json,0,0.0
0.0,20250411_866_sbom_data.json,20250302_1466_sbom_data.json,0,0.0
0.0,20250411_866_sbom_data.json,20250301_261_sbom_data.json,0,0.0
0.0,20250411_866_sbom_data.json,20250227_1478_sbom_data.json,0,0.0
0.0,20250411_866_sbom_data.json,20250227_1133_sbom_data.json,0,0.0
0.0,20250411_866_sbom_data.json,20250226_632_sbom_data.json,0,0.0
0.0,20250411_866_sbom_data.json,20250226_192_sbom_data.json,0,0.0
0.0,20250411_866_sbom_data.json,20250224_1367_sbom_data.json,0,0.0
0.0,20250411_866_sbom_data.json,20250219_1451_sbom_data.json,0,0.0
0.0,20250411_866_sbom_data.json,20250218_533_sbom_data.json,0,0.0
0.0,20250411_866_sbom_data.json,20250217_1561_sbom_data.json,0,0.0
0.0,20250411_866_sbom_data.json,20250217_1222_sbom_data.json,0,0.0
0.0,20250411_866_sbom_data.json,20250216_1131_sbom_data.json,0,0.0
0.0,20250411_866_sbom_data.json,20250215_700_sbom_data.json,0,0.0
0.0,20250411_866_sbom_data.json,20250215_283_sbom_data.json,0,0.0
0.0,20250411_866_sbom_data.json,20250214_449_sbom_data.json,0,0.0
0.0,20250411_866_sbom_data.json,20250214_1461_sbom_data.json,0,0.0
0.0,20250411_866_sbom_data.json,20250214_1123_sbom_data.json,0,0.0
0.0,20250411_866_sbom_data.json,20250210_1258_sbom_data.json,0,0.0
0.0,20250411_866_sbom_data.json,20250209_351_sbom_data.json,0,0.0
0.0,20250411_866_sbom_data.json,20250208_1394_sbom_data.json,0,0.0
0.0,20250411_217_sbom_data.json,20250502_jumbo_6624_sbom_data.json,0,0.0
0.0,20250411_217_sbom_data.json,20250502_jumbo_14282_sbom_data.json,0,0.0
0.0,20250411_217_sbom_data.json,20250502_jumbo_11496_sbom_data.json,0,0.0
0.0,20250411_217_sbom_data.json,20250427_65_sbom_data.json,0,0.0
0.0,20250411_217_sbom_data.json,20250427_294_sbom_data.json,0,0.0
0.0,20250411_217_sbom_data.json,20250426_1545_sbom_data.json,0,0.0
0.0,20250411_217_sbom_data.json,20250426_1120_sbom_data.json,0,0.0
0.0,20250411_217_sbom_data.json,20250421_528_sbom_data.json,0,0.0
0.0,20250411_217_sbom_data.json,20250418_1115_sbom_data.json,0,0.0
0.0,20250411_217_sbom_data.json,20250417_234_sbom_data.json,0,0.0
0.0,20250411_217_sbom_data.json,20250415_1518_sbom_data.json,0,0.0
0.0,20250411_217_sbom_data.json,20250412_1423_sbom_data.json,0,0.0
0.0,20250411_217_sbom_data.json,20250410_1473_sbom_data.json,0,0.0
0.0,20250411_217_sbom_data.json,20250407_861_sbom_data.json,0,0.0
0.0,20250411_217_sbom_data.json,20250406_1002_sbom_data.json,0,0.0
0.0,20250411_217_sbom_data.json,20250405_1585_sbom_data.json,0,0.0
0.0,20250411_217_sbom_data.json,20250404_1683_sbom_data.json,0,0.0
0.0,20250411_217_sbom_data.json,20250402_1511_sbom_data.json,0,0.0
0.0,20250411_217_sbom_data.json,20250329_448_sbom_data.json,0,0.0
0.0,20250411_217_sbom_data.json,20250329_223_sbom_data.json,0,0.0
0.0,20250411_217_sbom_data.json,20250327_1532_sbom_data.json,0,0.0
0.0,20250411_217_sbom_data.json,20250326_674_sbom_data.json,0,0.0
0.0,20250411_217_sbom_data.json,20250325_816_sbom_data.json,0,0.0
0.0,20250411_217_sbom_data.json,20250323_832_sbom_data.json,0,0.0
0.0,20250411_217_sbom_data.json,20250319_857_sbom_data.json,0,0.0
0.0,20250411_217_sbom_data.json,20250317_1341_sbom_data.json,0,0.0
0.0,20250411_217_sbom_data.json,20250315_1483_sbom_data.json,0,0.0
0.0,20250411_217_sbom_data.json,20250312_876_sbom_data.json,0,0.0
0.0,20250411_217_sbom_data.json,20250308_194_sbom_data.json,0,0.0
0.0,20250411_217_sbom_data.json,20250307_82_sbom_data.json,0,0.0
0.0,20250411_217_sbom_data.json,20250302_1466_sbom_data.json,0,0.0
0.0,20250411_217_sbom_data.json,20250301_261_sbom_data.json,0,0.0
0.0,20250411_217_sbom_data.json,20250227_1478_sbom_data.json,0,0.0
0.0,20250411_217_sbom_data.json,20250226_192_sbom_data.json,0,0.0
0.0,20250411_217_sbom_data.json,20250219_1451_sbom_data.json,0,0.0
0.0,20250411_217_sbom_data.json,20250218_533_sbom_data.json,0,0.0
0.0,20250411_217_sbom_data.json,20250217_1561_sbom_data.json,0,0.0
0.0,20250411_217_sbom_data.json,20250217_1222_sbom_data.json,0,0.0
0.0,20250411_217_sbom_data.json,20250216_1131_sbom_data.json,0,0.0
0.0,20250411_217_sbom_data.json,20250215_700_sbom_data.json,0,0.0
0.0,20250411_217_sbom_data.json,20250214_449_sbom_data.json,0,0.0
0.0,20250411_217_sbom_data.json,20250214_1123_sbom_data.json,0,0.0
0.0,20250411_217_sbom_data.json,20250210_1258_sbom_data.json,0,0.0
0.0,20250411_217_sbom_data.json,20250209_351_sbom_data.json,0,0.0
0.0,20250411_217_sbom_data.json,20250208_1394_sbom_data.json,0,0.0
0.0,20250410_1473_sbom_data.json,20250427_294_sbom_data.json,0,0.0
0.0,20250408_221_sbom_data.json,20250502_jumbo_7959_sbom_data.json,0,0.0
0.0,20250408_221_sbom_data.json,20250502_jumbo_6624_sbom_data.json,0,0.0
0.0,20250408_221_sbom_data.json,20250502_jumbo_2331_sbom_data.json,0,0.0
0.0,20250408_221_sbom_data.json,20250502_jumbo_14282_sbom_data.json,0,0.0
0.0,20250408_221_sbom_data.json,20250502_jumbo_11496_sbom_data.json,0,0.0
0.0,20250408_221_sbom_data.json,20250427_65_sbom_data.json,0,0.0
0.0,20250408_221_sbom_data.json,20250427_294_sbom_data.json,0,0.0
0.0,20250408_221_sbom_data.json,20250426_1120_sbom_data.json,0,0.0
0.0,20250408_221_sbom_data.json,20250421_528_sbom_data.json,0,0.0
0.0,20250408_221_sbom_data.json,20250419_1455_sbom_data.json,0,0.0
0.0,20250408_221_sbom_data.json,20250418_1115_sbom_data.json,0,0.0
0.0,20250408_221_sbom_data.json,20250417_234_sbom_data.json,0,0.0
0.0,20250408_221_sbom_data.json,20250415_1518_sbom_data.json,0,0.0
0.0,20250408_221_sbom_data.json,20250412_1423_sbom_data.json,0,0.0
0.0,20250408_221_sbom_data.json,20250411_217_sbom_data.json,0,0.0
0.0,20250408_221_sbom_data.json,20250410_1473_sbom_data.json,0,0.0
0.0,20250408_221_sbom_data.json,20250407_861_sbom_data.json,0,0.0
0.0,20250408_221_sbom_data.json,20250406_1002_sbom_data.json,0,0.0
0.0,20250408_221_sbom_data.json,20250405_877_sbom_data.json,0,0.0
0.0,20250408_221_sbom_data.json,20250405_1585_sbom_data.json,0,0.0
0.0,20250408_221_sbom_data.json,20250404_1683_sbom_data.json,0,0.0
0.0,20250408_221_sbom_data.json,20250402_1511_sbom_data.json,0,0.0
0.0,20250408_221_sbom_data.json,20250329_448_sbom_data.json,0,0.0
0.0,20250408_221_sbom_data.json,20250329_223_sbom_data.json,0,0.0
0.0,20250408_221_sbom_data.json,20250327_1532_sbom_data.json,0,0.0
0.0,20250408_221_sbom_data.json,20250326_674_sbom_data.json,0,0.0
0.0,20250408_221_sbom_data.json,20250325_816_sbom_data.json,0,0.0
0.0,20250408_221_sbom_data.json,20250323_91_sbom_data.json,0,0.0
0.0,20250408_221_sbom_data.json,20250323_832_sbom_data.json,0,0.0
0.0,20250408_221_sbom_data.json,20250319_857_sbom_data.json,0,0.0
0.0,20250408_221_sbom_data.json,20250317_1341_sbom_data.json,0,0.0
0.0,20250408_221_sbom_data.json,20250316_1292_sbom_data.json,0,0.0
0.0,20250408_221_sbom_data.json,20250315_1483_sbom_data.json,0,0.0
0.0,20250408_221_sbom_data.json,20250312_876_sbom_data.json,0,0.0
0.0,20250408_221_sbom_data.json,20250308_194_sbom_data.json,0,0.0
0.0,20250408_221_sbom_data.json,20250308_1329_sbom_data.json,0,0.0
0.0,20250408_221_sbom_data.json,20250308_1092_sbom_data.json,0,0.0
0.0,20250408_221_sbom_data.json,20250307_82_sbom_data.json,0,0.0
0.0,20250408_221_sbom_data.json,20250303_1483_sbom_data.json,0,0.0
0.0,20250408_221_sbom_data.json,20250302_1466_sbom_data.json,0,0.0
0.0,20250408_221_sbom_data.json,20250301_261_sbom_data.json,0,0.0
0.0,20250408_221_sbom_data.json,20250227_1478_sbom_data.json,0,0.0
0.0,20250408_221_sbom_data.json,20250226_192_sbom_data.json,0,0.0
0.0,20250408_221_sbom_data.json,20250219_1451_sbom_data.json,0,0.0
0.0,20250408_221_sbom_data.json,20250218_533_sbom_data.json,0,0.0
0.0,20250408_221_sbom_data.json,20250217_1561_sbom_data.json,0,0.0
0.0,20250408_221_sbom_data.json,20250217_1222_sbom_data.json,0,0.0
0.0,20250408_221_sbom_data.json,20250216_1131_sbom_data.json,0,0.0
0.0,20250408_221_sbom_data.json,20250215_700_sbom_data.json,0,0.0
0.0,20250408_221_sbom_data.json,20250214_449_sbom_data.json,0,0.0
0.0,20250408_221_sbom_data.json,20250214_1123_sbom_data.json,0,0.0
0.0,20250408_221_sbom_data.json,20250210_1258_sbom_data.json,0,0.0
0.0,20250408_221_sbom_data.json,20250209_351_sbom_data.json,0,0.0
0.0,20250408_221_sbom_data.json,20250208_1394_sbom_data.json,0,0.0
0.0,20250407_861_sbom_data.json,20250427_294_sbom_data.json,0,0.0
0.0,20250407_861_sbom_data.json,20250421_528_sbom_data.json,0,0.0
0.0,20250407_861_sbom_data.json,20250415_1518_sbom_data.json,0,0.0
0.0,20250407_861_sbom_data.json,20250226_192_sbom_data.json,0,0.0
0.0,20250407_861_sbom_data.json,20250217_1222_sbom_data.json,0,0.0
0.0,20250407_861_sbom_data.json,20250215_700_sbom_data.json,0,0.0
0.0,20250407_203_sbom_data.json,20250502_jumbo_9047_sbom_data.json,0,0.0
0.0,20250407_203_sbom_data.json,20250502_jumbo_7959_sbom_data.json,0,0.0
0.0,20250407_203_sbom_data.json,20250502_jumbo_6624_sbom_data.json,0,0.0
0.0,20250407_203_sbom_data.json,20250502_jumbo_2331_sbom_data.json,0,0.0
0.0,20250407_203_sbom_data.json,20250502_jumbo_11496_sbom_data.json,0,0.0
0.0,20250407_203_sbom_data.json,20250427_65_sbom_data.json,0,0.0
0.0,20250407_203_sbom_data.json,20250427_294_sbom_data.json,0,0.0
0.0,20250407_203_sbom_data.json,20250426_1545_sbom_data.json,0,0.0
0.0,20250407_203_sbom_data.json,20250421_528_sbom_data.json,0,0.0
0.0,20250407_203_sbom_data.json,20250419_1455_sbom_data.json,0,0.0
0.0,20250407_203_sbom_data.json,20250418_1115_sbom_data.json,0,0.0
0.0,20250407_203_sbom_data.json,20250417_208_sbom_data.json,0,0.0
0.0,20250407_203_sbom_data.json,20250415_1518_sbom_data.json,0,0.0
0.0,20250407_203_sbom_data.json,20250411_217_sbom_data.json,0,0.0
0.0,20250407_203_sbom_data.json,20250408_221_sbom_data.json,0,0.0
0.0,20250407_203_sbom_data.json,20250405_877_sbom_data.json,0,0.0
0.0,20250407_203_sbom_data.json,20250405_1585_sbom_data.json,0,0.0
0.0,20250407_203_sbom_data.json,20250330_99_sbom_data.json,0,0.0
0.0,20250407_203_sbom_data.json,20250329_448_sbom_data.json,0,0.0
0.0,20250407_203_sbom_data.json,20250326_674_sbom_data.json,0,0.0
0.0,20250407_203_sbom_data.json,20250325_816_sbom_data.json,0,0.0
0.0,20250407_203_sbom_data.json,20250323_832_sbom_data.json,0,0.0
0.0,20250407_203_sbom_data.json,20250312_876_sbom_data.json,0,0.0
0.0,20250407_203_sbom_data.json,20250310_824_sbom_data.json,0,0.0
0.0,20250407_203_sbom_data.json,20250308_1329_sbom_data.json,0,0.0
0.0,20250407_203_sbom_data.json,20250303_1483_sbom_data.json,0,0.0
0.0,20250407_203_sbom_data.json,20250226_192_sbom_data.json,0,0.0
0.0,20250407_203_sbom_data.json,20250224_1367_sbom_data.json,0,0.0
0.0,20250407_203_sbom_data.json,20250219_1451_sbom_data.json,0,0.0
0.0,20250407_203_sbom_data.json,20250218_533_sbom_data.json,0,0.0
0.0,20250407_203_sbom_data.json,20250217_1222_sbom_data.json,0,0.0
0.0,20250407_203_sbom_data.json,20250215_700_sbom_data.json,0,0.0
0.0,20250407_203_sbom_data.json,20250214_1123_sbom_data.json,0,0.0
0.0,20250407_203_sbom_data.json,20250210_1258_sbom_data.json,0,0.0
0.0,20250407_203_sbom_data.json,20250209_351_sbom_data.json,0,0.0
0.0,20250407_203_sbom_data.json,20250208_1394_sbom_data.json,0,0.0
0.0,20250406_1002_sbom_data.json,20250427_294_sbom_data.json,0,0.0
0.0,20250406_1002_sbom_data.json,20250421_528_sbom_data.json,0,0.0
0.0,20250406_1002_sbom_data.json,20250415_1518_sbom_data.json,0,0.0
0.0,20250406_1002_sbom_data.json,20250226_192_sbom_data.json,0,0.0
0.0,20250406_1002_sbom_data.json,20250217_1222_sbom_data.json,0,0.0
0.0,20250406_1002_sbom_data.json,20250215_700_sbom_data.json,0,0.0
0.0,20250405_877_sbom_data.json,20250502_jumbo_6624_sbom_data.json,0,0.0
0.0,20250405_877_sbom_data.json,20250502_jumbo_14282_sbom_data.json,0,0.0
0.0,20250405_877_sbom_data.json,20250502_jumbo_11496_sbom_data.json,0,0.0
0.0,20250405_877_sbom_data.json,20250427_65_sbom_data.json,0,0.0
0.0,20250405_877_sbom_data.json,20250427_294_sbom_data.json,0,0.0
0.0,20250405_877_sbom_data.json,20250426_1545_sbom_data.json,0,0.0
0.0,20250405_877_sbom_data.json,20250426_1120_sbom_data.json,0,0.0
0.0,20250405_877_sbom_data.json,20250421_528_sbom_data.json,0,0.0
0.0,20250405_877_sbom_data.json,20250418_1115_sbom_data.json,0,0.0
0.0,20250405_877_sbom_data.json,20250417_234_sbom_data.json,0,0.0
0.0,20250405_877_sbom_data.json,20250415_1518_sbom_data.json,0,0.0
0.0,20250405_877_sbom_data.json,20250412_1423_sbom_data.json,0,0.0
0.0,20250405_877_sbom_data.json,20250411_217_sbom_data.json,0,0.0
0.0,20250405_877_sbom_data.json,20250410_1473_sbom_data.json,0,0.0
0.0,20250405_877_sbom_data.json,20250407_861_sbom_data.json,0,0.0
0.0,20250405_877_sbom_data.json,20250406_1002_sbom_data.json,0,0.0
0.0,20250405_877_sbom_data.json,20250405_1585_sbom_data.json,0,0.0
0.0,20250405_877_sbom_data.json,20250404_1683_sbom_data.json,0,0.0
0.0,20250405_877_sbom_data.json,20250402_1511_sbom_data.json,0,0.0
0.0,20250405_877_sbom_data.json,20250329_448_sbom_data.json,0,0.0
0.0,20250405_877_sbom_data.json,20250329_223_sbom_data.json,0,0.0
0.0,20250405_877_sbom_data.json,20250327_1532_sbom_data.json,0,0.0
0.0,20250405_877_sbom_data.json,20250326_674_sbom_data.json,0,0.0
0.0,20250405_877_sbom_data.json,20250325_816_sbom_data.json,0,0.0
0.0,20250405_877_sbom_data.json,20250323_832_sbom_data.json,0,0.0
0.0,20250405_877_sbom_data.json,20250319_857_sbom_data.json,0,0.0
0.0,20250405_877_sbom_data.json,20250317_1341_sbom_data.json,0,0.0
0.0,20250405_877_sbom_data.json,20250315_1483_sbom_data.json,0,0.0
0.0,20250405_877_sbom_data.json,20250312_876_sbom_data.json,0,0.0
0.0,20250405_877_sbom_data.json,20250308_194_sbom_data.json,0,0.0
0.0,20250405_877_sbom_data.json,20250307_82_sbom_data.json,0,0.0
0.0,20250405_877_sbom_data.json,20250302_1466_sbom_data.json,0,0.0
0.0,20250405_877_sbom_data.json,20250301_261_sbom_data.json,0,0.0
0.0,20250405_877_sbom_data.json,20250227_1478_sbom_data.json,0,0.0
0.0,20250405_877_sbom_data.json,20250226_192_sbom_data.json,0,0.0
0.0,20250405_877_sbom_data.json,20250219_1451_sbom_data.json,0,0.0
0.0,20250405_877_sbom_data.json,20250218_533_sbom_data.json,0,0.0
0.0,20250405_877_sbom_data.json,20250217_1222_sbom_data.json,0,0.0
0.0,20250405_877_sbom_data.json,20250216_1131_sbom_data.json,0,0.0
0.0,20250405_877_sbom_data.json,20250215_700_sbom_data.json,0,0.0
0.0,20250405_877_sbom_data.json,20250214_449_sbom_data.json,0,0.0
0.0,20250405_877_sbom_data.json,20250214_1123_sbom_data.json,0,0.0
0.0,20250405_877_sbom_data.json,20250210_1258_sbom_data.json,0,0.0
0.0,20250405_877_sbom_data.json,20250208_1394_sbom_data.json,0,0.0
0.0,20250405_1585_sbom_data.json,20250427_294_sbom_data.json,0,0.0
0.0,20250405_1585_sbom_data.json,20250426_1120_sbom_data.json,0,0.0
0.0,20250405_1585_sbom_data.json,20250417_234_sbom_data.json,0,0.0
0.0,20250405_1585_sbom_data.json,20250410_1473_sbom_data.json,0,0.0
0.0,20250405_1585_sbom_data.json,20250407_861_sbom_data.json,0,0.0
0.0,20250405_1585_sbom_data.json,20250406_1002_sbom_data.json,0,0.0
0.0,20250405_1585_sbom_data.json,20250402_1511_sbom_data.json,0,0.0
0.0,20250405_1585_sbom_data.json,20250327_1532_sbom_data.json,0,0.0
0.0,20250405_1585_sbom_data.json,20250317_1341_sbom_data.json,0,0.0
0.0,20250405_1585_sbom_data.json,20250315_1483_sbom_data.json,0,0.0
0.0,20250405_1585_sbom_data.json,20250227_1478_sbom_data.json,0,0.0
0.0,20250405_1585_sbom_data.json,20250226_192_sbom_data.json,0,0.0
0.0,20250405_1585_sbom_data.json,20250217_1561_sbom_data.json,0,0.0
0.0,20250405_1585_sbom_data.json,20250217_1222_sbom_data.json,0,0.0
0.0,20250405_1585_sbom_data.json,20250208_1394_sbom_data.json,0,0.0
0.0,20250404_1683_sbom_data.json,20250427_294_sbom_data.json,0,0.0
0.0,20250404_1683_sbom_data.json,20250421_528_sbom_data.json,0,0.0
0.0,20250404_1683_sbom_data.json,20250417_234_sbom_data.json,0,0.0
0.0,20250404_1683_sbom_data.json,20250415_1518_sbom_data.json,0,0.0
0.0,20250404_1683_sbom_data.json,20250407_861_sbom_data.json,0,0.0
0.0,20250404_1683_sbom_data.json,20250406_1002_sbom_data.json,0,0.0
0.0,20250404_1683_sbom_data.json,20250405_1585_sbom_data.json,0,0.0
0.0,20250404_1683_sbom_data.json,20250325_816_sbom_data.json,0,0.0
0.0,20250404_1683_sbom_data.json,20250319_857_sbom_data.json,0,0.0
0.0,20250404_1683_sbom_data.json,20250317_1341_sbom_data.json,0,0.0
0.0,20250404_1683_sbom_data.json,20250312_876_sbom_data.json,0,0.0
0.0,20250404_1683_sbom_data.json,20250227_1478_sbom_data.json,0,0.0
0.0,20250404_1683_sbom_data.json,20250226_192_sbom_data.json,0,0.0
0.0,20250404_1683_sbom_data.json,20250219_1451_sbom_data.json,0,0.0
0.0,20250404_1683_sbom_data.json,20250218_533_sbom_data.json,0,0.0
0.0,20250404_1683_sbom_data.json,20250217_1222_sbom_data.json,0,0.0
0.0,20250404_1683_sbom_data.json,20250215_700_sbom_data.json,0,0.0
0.0,20250404_1683_sbom_data.json,20250214_1123_sbom_data.json,0,0.0
0.0,20250404_1683_sbom_data.json,20250209_351_sbom_data.json,0,0.0
0.0,20250404_1683_sbom_data.json,20250208_1394_sbom_data.json,0,0.0
0.0,20250402_1511_sbom_data.json,20250427_294_sbom_data.json,0,0.0
0.0,20250402_1511_sbom_data.json,20250421_528_sbom_data.json,0,0.0
0.0,20250402_1511_sbom_data.json,20250415_1518_sbom_data.json,0,0.0
0.0,20250402_1511_sbom_data.json,20250226_192_sbom_data.json,0,0.0
0.0,20250402_1511_sbom_data.json,20250217_1222_sbom_data.json,0,0.0
0.0,20250402_1511_sbom_data.json,20250215_700_sbom_data.json,0,0.0
0.0,20250330_99_sbom_data.json,20250502_jumbo_7959_sbom_data.json,0,0.0
0.0,20250330_99_sbom_data.json,20250502_jumbo_6624_sbom_data.json,0,0.0
0.0,20250330_99_sbom_data.json,20250502_jumbo_2331_sbom_data.json,0,0.0
0.0,20250330_99_sbom_data.json,20250502_jumbo_14282_sbom_data.json,0,0.0
0.0,20250330_99_sbom_data.json,20250502_jumbo_11496_sbom_data.json,0,0.0
0.0,20250330_99_sbom_data.json,20250427_65_sbom_data.json,0,0.0
0.0,20250330_99_sbom_data.json,20250427_294_sbom_data.json,0,0.0
0.0,20250330_99_sbom_data.json,20250426_1545_sbom_data.json,0,0.0
0.0,20250330_99_sbom_data.json,20250426_1120_sbom_data.json,0,0.0
0.0,20250330_99_sbom_data.json,20250421_528_sbom_data.json,0,0.0
0.0,20250330_99_sbom_data.json,20250419_1455_sbom_data.json,0,0.0
0.0,20250330_99_sbom_data.json,20250418_1115_sbom_data.json,0,0.0
0.0,20250330_99_sbom_data.json,20250417_234_sbom_data.json,0,0.0
0.0,20250330_99_sbom_data.json,20250415_1518_sbom_data.json,0,0.0
0.0,20250330_99_sbom_data.json,20250412_1423_sbom_data.json,0,0.0
0.0,20250330_99_sbom_data.json,20250411_217_sbom_data.json,0,0.0
0.0,20250330_99_sbom_data.json,20250410_1473_sbom_data.json,0,0.0
0.0,20250330_99_sbom_data.json,20250408_221_sbom_data.json,0,0.0
0.0,20250330_99_sbom_data.json,20250407_861_sbom_data.json,0,0.0
0.0,20250330_99_sbom_data.json,20250406_1002_sbom_data.json,0,0.0
0.0,20250330_99_sbom_data.json,20250405_877_sbom_data.json,0,0.0
0.0,20250330_99_sbom_data.json,20250405_1585_sbom_data.json,0,0.0
0.0,20250330_99_sbom_data.json,20250404_1683_sbom_data.json,0,0.0
0.0,20250330_99_sbom_data.json,20250402_1511_sbom_data.json,0,0.0
0.0,20250330_99_sbom_data.json,20250329_448_sbom_data.json,0,0.0
0.0,20250330_99_sbom_data.json,20250329_223_sbom_data.json,0,0.0
0.0,20250330_99_sbom_data.json,20250327_1532_sbom_data.json,0,0.0
0.0,20250330_99_sbom_data.json,20250326_674_sbom_data.json,0,0.0
0.0,20250330_99_sbom_data.json,20250325_816_sbom_data.json,0,0.0
0.0,20250330_99_sbom_data.json,20250323_91_sbom_data.json,0,0.0
0.0,20250330_99_sbom_data.json,20250323_832_sbom_data.json,0,0.0
0.0,20250330_99_sbom_data.json,20250319_857_sbom_data.json,0,0.0
0.0,20250330_99_sbom_data.json,20250317_1341_sbom_data.json,0,0.0
0.0,20250330_99_sbom_data.json,20250316_1292_sbom_data.json,0,0.0
0.0,20250330_99_sbom_data.json,20250315_1483_sbom_data.json,0,0.0
0.0,20250330_99_sbom_data.json,20250315_1221_sbom_data.json,0,0.0
0.0,20250330_99_sbom_data.json,20250312_876_sbom_data.json,0,0.0
0.0,20250330_99_sbom_data.json,20250310_824_sbom_data.json,0,0.0
0.0,20250330_99_sbom_data.json,20250308_194_sbom_data.json,0,0.0
0.0,20250330_99_sbom_data.json,20250308_1329_sbom_data.json,0,0.0
0.0,20250330_99_sbom_data.json,20250308_1092_sbom_data.json,0,0.0
0.0,20250330_99_sbom_data.json,20250307_82_sbom_data.json,0,0.0
0.0,20250330_99_sbom_data.json,20250303_1483_sbom_data.json,0,0.0
0.0,20250330_99_sbom_data.json,20250302_1466_sbom_data.json,0,0.0
0.0,20250330_99_sbom_data.json,20250301_261_sbom_data.json,0,0.0
0.0,20250330_99_sbom_data.json,20250227_1478_sbom_data.json,0,0.0
0.0,20250330_99_sbom_data.json,20250226_192_sbom_data.json,0,0.0
0.0,20250330_99_sbom_data.json,20250219_1451_sbom_data.json,0,0.0
0.0,20250330_99_sbom_data.json,20250218_533_sbom_data.json,0,0.0
0.0,20250330_99_sbom_data.json,20250217_1561_sbom_data.json,0,0.0
0.0,20250330_99_sbom_data.json,20250217_1222_sbom_data.json,0,0.0
0.0,20250330_99_sbom_data.json,20250216_1131_sbom_data.json,0,0.0
0.0,20250330_99_sbom_data.json,20250215_700_sbom_data.json,0,0.0
0.0,20250330_99_sbom_data.json,20250214_449_sbom_data.json,0,0.0
0.0,20250330_99_sbom_data.json,20250214_1123_sbom_data.json,0,0.0
0.0,20250330_99_sbom_data.json,20250210_1258_sbom_data.json,0,0.0
0.0,20250330_99_sbom_data.json,20250209_351_sbom_data.json,0,0.0
0.0,20250330_99_sbom_data.json,20250208_1394_sbom_data.json,0,0.0
0.0,20250329_448_sbom_data.json,20250502_jumbo_6624_sbom_data.json,0,0.0
0.0,20250329_448_sbom_data.json,20250502_jumbo_14282_sbom_data.json,0,0.0
0.0,20250329_448_sbom_data.json,20250502_jumbo_11496_sbom_data.json,0,0.0
0.0,20250329_448_sbom_data.json,20250427_65_sbom_data.json,0,0.0
0.0,20250329_448_sbom_data.json,20250427_294_sbom_data.json,0,0.0
0.0,20250329_448_sbom_data.json,20250421_528_sbom_data.json,0,0.0
0.0,20250329_448_sbom_data.json,20250418_1115_sbom_data.json,0,0.0
0.0,20250329_448_sbom_data.json,20250415_1518_sbom_data.json,0,0.0
0.0,20250329_448_sbom_data.json,20250407_861_sbom_data.json,0,0.0
0.0,20250329_448_sbom_data.json,20250406_1002_sbom_data.json,0,0.0
0.0,20250329_448_sbom_data.json,20250405_1585_sbom_data.json,0,0.0
0.0,20250329_448_sbom_data.json,20250404_1683_sbom_data.json,0,0.0
0.0,20250329_448_sbom_data.json,20250326_674_sbom_data.json,0,0.0
0.0,20250329_448_sbom_data.json,20250325_816_sbom_data.json,0,0.0
0.0,20250329_448_sbom_data.json,20250323_832_sbom_data.json,0,0.0
0.0,20250329_448_sbom_data.json,20250319_857_sbom_data.json,0,0.0
0.0,20250329_448_sbom_data.json,20250312_876_sbom_data.json,0,0.0
0.0,20250329_448_sbom_data.json,20250227_1478_sbom_data.json,0,0.0
0.0,20250329_448_sbom_data.json,20250226_192_sbom_data.json,0,0.0
0.0,20250329_448_sbom_data.json,20250218_533_sbom_data.json,0,0.0
0.0,20250329_448_sbom_data.json,20250217_1561_sbom_data.json,0,0.0
0.0,20250329_448_sbom_data.json,20250215_700_sbom_data.json,0,0.0
0.0,20250329_448_sbom_data.json,20250214_449_sbom_data.json,0,0.0
0.0,20250329_448_sbom_data.json,20250214_1123_sbom_data.json,0,0.0
0.0,20250329_448_sbom_data.json,20250209_351_sbom_data.json,0,0.0
0.0,20250329_223_sbom_data.json,20250427_294_sbom_data.json,0,0.0
0.0,20250329_223_sbom_data.json,20250421_528_sbom_data.json,0,0.0
0.0,20250329_223_sbom_data.json,20250415_1518_sbom_data.json,0,0.0
0.0,20250329_223_sbom_data.json,20250405_1585_sbom_data.json,0,0.0
0.0,20250329_223_sbom_data.json,20250325_816_sbom_data.json,0,0.0
0.0,20250329_223_sbom_data.json,20250312_876_sbom_data.json,0,0.0
0.0,20250329_223_sbom_data.json,20250226_192_sbom_data.json,0,0.0
0.0,20250329_223_sbom_data.json,20250218_533_sbom_data.json,0,0.0
0.0,20250329_223_sbom_data.json,20250217_1222_sbom_data.json,0,0.0
0.0,20250329_223_sbom_data.json,20250215_700_sbom_data.json,0,0.0
0.0,20250329_223_sbom_data.json,20250209_351_sbom_data.json,0,0.0
0.0,20250329_223_sbom_data.json,20250208_1394_sbom_data.json,0,0.0
0.0,20250327_1532_sbom_data.json,20250427_294_sbom_data.json,0,0.0
0.0,20250327_1532_sbom_data.json,20250421_528_sbom_data.json,0,0.0
0.0,20250327_1532_sbom_data.json,20250415_1518_sbom_data.json,0,0.0
0.0,20250327_1054_sbom_data.json,20250502_jumbo_9047_sbom_data.json,0,0.0
0.0,20250327_1054_sbom_data.json,20250502_jumbo_7959_sbom_data.json,0,0.0
0.0,20250327_1054_sbom_data.json,20250502_jumbo_6624_sbom_data.json,0,0.0
0.0,20250327_1054_sbom_data.json,20250502_jumbo_2331_sbom_data.json,0,0.0
0.0,20250327_1054_sbom_data.json,20250502_jumbo_14282_sbom_data.json,0,0.0
0.0,20250327_1054_sbom_data.json,20250502_jumbo_13802_sbom_data.json,0,0.0
0.0,20250327_1054_sbom_data.json,20250502_jumbo_13314_sbom_data.json,0,0.0
0.0,20250327_1054_sbom_data.json,20250502_jumbo_11496_sbom_data.json,0,0.0
0.0,20250327_1054_sbom_data.json,20250427_65_sbom_data.json,0,0.0
0.0,20250327_1054_sbom_data.json,20250427_294_sbom_data.json,0,0.0
0.0,20250327_1054_sbom_data.json,20250426_1545_sbom_data.json,0,0.0
0.0,20250327_1054_sbom_data.json,20250426_1120_sbom_data.json,0,0.0
0.0,20250327_1054_sbom_data.json,20250421_528_sbom_data.json,0,0.0
0.0,20250327_1054_sbom_data.json,20250419_1455_sbom_data.json,0,0.0
0.0,20250327_1054_sbom_data.json,20250418_910_sbom_data.json,0,0.0
0.0,20250327_1054_sbom_data.json,20250418_1115_sbom_data.json,0,0.0
0.0,20250327_1054_sbom_data.json,20250417_234_sbom_data.json,0,0.0
0.0,20250327_1054_sbom_data.json,20250417_208_sbom_data.json,0,0.0
0.0,20250327_1054_sbom_data.json,20250415_1518_sbom_data.json,0,0.0
0.0,20250327_1054_sbom_data.json,20250412_1423_sbom_data.json,0,0.0
0.0,20250327_1054_sbom_data.json,20250412_1361_sbom_data.json,0,0.0
0.0,20250327_1054_sbom_data.json,20250411_217_sbom_data.json,0,0.0
0.0,20250327_1054_sbom_data.json,20250410_1473_sbom_data.json,0,0.0
0.0,20250327_1054_sbom_data.json,20250408_221_sbom_data.json,0,0.0
0.0,20250327_1054_sbom_data.json,20250407_861_sbom_data.json,0,0.0
0.0,20250327_1054_sbom_data.json,20250407_203_sbom_data.json,0,0.0
0.0,20250327_1054_sbom_data.json,20250406_1002_sbom_data.json,0,0.0
0.0,20250327_1054_sbom_data.json,20250405_877_sbom_data.json,0,0.0
0.0,20250327_1054_sbom_data.json,20250405_1585_sbom_data.json,0,0.0
0.0,20250327_1054_sbom_data.json,20250404_1683_sbom_data.json,0,0.0
0.0,20250327_1054_sbom_data.json,20250402_1511_sbom_data.json,0,0.0
0.0,20250327_1054_sbom_data.json,20250330_99_sbom_data.json,0,0.0
0.0,20250327_1054_sbom_data.json,20250329_448_sbom_data.json,0,0.0
0.0,20250327_1054_sbom_data.json,20250329_223_sbom_data.json,0,0.0
0.0,20250327_1054_sbom_data.json,20250327_1532_sbom_data.json,0,0.0
0.0,20250327_1054_sbom_data.json,20250326_674_sbom_data.json,0,0.0
0.0,20250327_1054_sbom_data.json,20250325_816_sbom_data.json,0,0.0
0.0,20250327_1054_sbom_data.json,20250325_132_sbom_data.json,0,0.0
0.0,20250327_1054_sbom_data.json,20250323_91_sbom_data.json,0,0.0
0.0,20250327_1054_sbom_data.json,20250323_832_sbom_data.json,0,0.0
0.0,20250327_1054_sbom_data.json,20250320_100_sbom_data.json,0,0.0
0.0,20250327_1054_sbom_data.json,20250319_857_sbom_data.json,0,0.0
0.0,20250327_1054_sbom_data.json,20250317_1341_sbom_data.json,0,0.0
0.0,20250327_1054_sbom_data.json,20250316_1292_sbom_data.json,0,0.0
0.0,20250327_1054_sbom_data.json,20250315_1483_sbom_data.json,0,0.0
0.0,20250327_1054_sbom_data.json,20250315_1221_sbom_data.json,0,0.0
0.0,20250327_1054_sbom_data.json,20250312_876_sbom_data.json,0,0.0
0.0,20250327_1054_sbom_data.json,20250311_1388_sbom_data.json,0,0.0
0.0,20250327_1054_sbom_data.json,20250310_824_sbom_data.json,0,0.0
0.0,20250327_1054_sbom_data.json,20250308_194_sbom_data.json,0,0.0
0.0,20250327_1054_sbom_data.json,20250308_1329_sbom_data.json,0,0.0
0.0,20250327_1054_sbom_data.json,20250308_1092_sbom_data.json,0,0.0
0.0,20250327_1054_sbom_data.json,20250307_82_sbom_data.json,0,0.0
0.0,20250327_1054_sbom_data.json,20250303_1483_sbom_data.json,0,0.0
0.0,20250327_1054_sbom_data.json,20250302_1466_sbom_data.json,0,0.0
0.0,20250327_1054_sbom_data.json,20250301_261_sbom_data.json,0,0.0
0.0,20250327_1054_sbom_data.json,20250227_1478_sbom_data.json,0,0.0
0.0,20250327_1054_sbom_data.json,20250226_632_sbom_data.json,0,0.0
0.0,20250327_1054_sbom_data.json,20250226_192_sbom_data.json,0,0.0
0.0,20250327_1054_sbom_data.json,20250224_1367_sbom_data.json,0,0.0
0.0,20250327_1054_sbom_data.json,20250219_1451_sbom_data.json,0,0.0
0.0,20250327_1054_sbom_data.json,20250218_533_sbom_data.json,0,0.0
0.0,20250327_1054_sbom_data.json,20250217_1561_sbom_data.json,0,0.0
0.0,20250327_1054_sbom_data.json,20250217_1222_sbom_data.json,0,0.0
0.0,20250327_1054_sbom_data.json,20250216_1131_sbom_data.json,0,0.0
0.0,20250327_1054_sbom_data.json,20250215_700_sbom_data.json,0,0.0
0.0,20250327_1054_sbom_data.json,20250215_283_sbom_data.json,0,0.0
0.0,20250327_1054_sbom_data.json,20250214_449_sbom_data.json,0,0.0
0.0,20250327_1054_sbom_data.json,20250214_1123_sbom_data.json,0,0.0
0.0,20250327_1054_sbom_data.json,20250210_1258_sbom_data.json,0,0.0
0.0,20250327_1054_sbom_data.json,20250209_351_sbom_data.json,0,0.0
0.0,20250327_1054_sbom_data.json,20250208_1394_sbom_data.json,0,0.0
0.0,20250326_674_sbom_data.json,20250502_jumbo_14282_sbom_data.json,0,0.0
0.0,20250326_674_sbom_data.json,20250502_jumbo_11496_sbom_data.json,0,0.0
0.0,20250326_674_sbom_data.json,20250427_65_sbom_data.json,0,0.0
0.0,20250326_674_sbom_data.json,20250427_294_sbom_data.json,0,0.0
0.0,20250326_674_sbom_data.json,20250426_1120_sbom_data.json,0,0.0
0.0,20250326_674_sbom_data.json,20250421_528_sbom_data.json,0,0.0
0.0,20250326_674_sbom_data.json,20250418_1115_sbom_data.json,0,0.0
0.0,20250326_674_sbom_data.json,20250417_234_sbom_data.json,0,0.0
0.0,20250326_674_sbom_data.json,20250415_1518_sbom_data.json,0,0.0
0.0,20250326_674_sbom_data.json,20250410_1473_sbom_data.json,0,0.0
0.0,20250326_674_sbom_data.json,20250407_861_sbom_data.json,0,0.0
0.0,20250326_674_sbom_data.json,20250406_1002_sbom_data.json,0,0.0
0.0,20250326_674_sbom_data.json,20250405_1585_sbom_data.json,0,0.0
0.0,20250326_674_sbom_data.json,20250404_1683_sbom_data.json,0,0.0
0.0,20250326_674_sbom_data.json,20250402_1511_sbom_data.json,0,0.0
0.0,20250326_674_sbom_data.json,20250329_223_sbom_data.json,0,0.0
0.0,20250326_674_sbom_data.json,20250327_1532_sbom_data.json,0,0.0
0.0,20250326_674_sbom_data.json,20250325_816_sbom_data.json,0,0.0
0.0,20250326_674_sbom_data.json,20250323_832_sbom_data.json,0,0.0
0.0,20250326_674_sbom_data.json,20250319_857_sbom_data.json,0,0.0
0.0,20250326_674_sbom_data.json,20250317_1341_sbom_data.json,0,0.0
0.0,20250326_674_sbom_data.json,20250315_1483_sbom_data.json,0,0.0
0.0,20250326_674_sbom_data.json,20250312_876_sbom_data.json,0,0.0
0.0,20250326_674_sbom_data.json,20250308_194_sbom_data.json,0,0.0
0.0,20250326_674_sbom_data.json,20250307_82_sbom_data.json,0,0.0
0.0,20250326_674_sbom_data.json,20250302_1466_sbom_data.json,0,0.0
0.0,20250326_674_sbom_data.json,20250301_261_sbom_data.json,0,0.0
0.0,20250326_674_sbom_data.json,20250227_1478_sbom_data.json,0,0.0
0.0,20250326_674_sbom_data.json,20250226_192_sbom_data.json,0,0.0
0.0,20250326_674_sbom_data.json,20250219_1451_sbom_data.json,0,0.0
0.0,20250326_674_sbom_data.json,20250218_533_sbom_data.json,0,0.0
0.0,20250326_674_sbom_data.json,20250217_1561_sbom_data.json,0,0.0
0.0,20250326_674_sbom_data.json,20250217_1222_sbom_data.json,0,0.0
0.0,20250326_674_sbom_data.json,20250216_1131_sbom_data.json,0,0.0
0.0,20250326_674_sbom_data.json,20250215_700_sbom_data.json,0,0.0
0.0,20250326_674_sbom_data.json,20250214_449_sbom_data.json,0,0.0
0.0,20250326_674_sbom_data.json,20250214_1123_sbom_data.json,0,0.0
0.0,20250326_674_sbom_data.json,20250210_1258_sbom_data.json,0,0.0
0.0,20250326_674_sbom_data.json,20250209_351_sbom_data.json,0,0.0
0.0,20250326_674_sbom_data.json,20250208_1394_sbom_data.json,0,0.0
0.0,20250325_816_sbom_data.json,20250427_294_sbom_data.json,0,0.0
0.0,20250325_816_sbom_data.json,20250426_1120_sbom_data.json,0,0.0
0.0,20250325_816_sbom_data.json,20250417_234_sbom_data.json,0,0.0
0.0,20250325_816_sbom_data.json,20250410_1473_sbom_data.json,0,0.0
0.0,20250325_816_sbom_data.json,20250407_861_sbom_data.json,0,0.0
0.0,20250325_816_sbom_data.json,20250406_1002_sbom_data.json,0,0.0
0.0,20250325_816_sbom_data.json,20250402_1511_sbom_data.json,0,0.0
0.0,20250325_816_sbom_data.json,20250327_1532_sbom_data.json,0,0.0
0.0,20250325_816_sbom_data.json,20250317_1341_sbom_data.json,0,0.0
0.0,20250325_816_sbom_data.json,20250315_1483_sbom_data.json,0,0.0
0.0,20250325_816_sbom_data.json,20250226_192_sbom_data.json,0,0.0
0.0,20250325_816_sbom_data.json,20250217_1561_sbom_data.json,0,0.0
0.0,20250325_816_sbom_data.json,20250217_1222_sbom_data.json,0,0.0
0.0,20250325_132_sbom_data.json,20250502_jumbo_9047_sbom_data.json,0,0.0
0.0,20250325_132_sbom_data.json,20250502_jumbo_7959_sbom_data.json,0,0.0
0.0,20250325_132_sbom_data.json,20250502_jumbo_6624_sbom_data.json,0,0.0
0.0,20250325_132_sbom_data.json,20250502_jumbo_2331_sbom_data.json,0,0.0
0.0,20250325_132_sbom_data.json,20250502_jumbo_14282_sbom_data.json,0,0.0
0.0,20250325_132_sbom_data.json,20250502_jumbo_13802_sbom_data.json,0,0.0
0.0,20250325_132_sbom_data.json,20250502_jumbo_11496_sbom_data.json,0,0.0
0.0,20250325_132_sbom_data.json,20250427_294_sbom_data.json,0,0.0
0.0,20250325_132_sbom_data.json,20250426_1545_sbom_data.json,0,0.0
0.0,20250325_132_sbom_data.json,20250426_1120_sbom_data.json,0,0.0
0.0,20250325_132_sbom_data.json,20250421_528_sbom_data.json,0,0.0
0.0,20250325_132_sbom_data.json,20250419_1455_sbom_data.json,0,0.0
0.0,20250325_132_sbom_data.json,20250418_910_sbom_data.json,0,0.0
0.0,20250325_132_sbom_data.json,20250418_1115_sbom_data.json,0,0.0
0.0,20250325_132_sbom_data.json,20250417_234_sbom_data.json,0,0.0
0.0,20250325_132_sbom_data.json,20250415_1518_sbom_data.json,0,0.0
0.0,20250325_132_sbom_data.json,20250412_1423_sbom_data.json,0,0.0
0.0,20250325_132_sbom_data.json,20250411_217_sbom_data.json,0,0.0
0.0,20250325_132_sbom_data.json,20250408_221_sbom_data.json,0,0.0
0.0,20250325_132_sbom_data.json,20250407_861_sbom_data.json,0,0.0
0.0,20250325_132_sbom_data.json,20250406_1002_sbom_data.json,0,0.0
0.0,20250325_132_sbom_data.json,20250405_877_sbom_data.json,0,0.0
0.0,20250325_132_sbom_data.json,20250405_1585_sbom_data.json,0,0.0
0.0,20250325_132_sbom_data.json,20250404_1683_sbom_data.json,0,0.0
0.0,20250325_132_sbom_data.json,20250402_1511_sbom_data.json,0,0.0
0.0,20250325_132_sbom_data.json,20250330_99_sbom_data.json,0,0.0
0.0,20250325_132_sbom_data.json,20250329_448_sbom_data.json,0,0.0
0.0,20250325_132_sbom_data.json,20250329_223_sbom_data.json,0,0.0
0.0,20250325_132_sbom_data.json,20250327_1532_sbom_data.json,0,0.0
0.0,20250325_132_sbom_data.json,20250326_674_sbom_data.json,0,0.0
0.0,20250325_132_sbom_data.json,20250325_816_sbom_data.json,0,0.0
0.0,20250325_132_sbom_data.json,20250323_832_sbom_data.json,0,0.0
0.0,20250325_132_sbom_data.json,20250320_100_sbom_data.json,0,0.0
0.0,20250325_132_sbom_data.json,20250319_857_sbom_data.json,0,0.0
0.0,20250325_132_sbom_data.json,20250317_1341_sbom_data.json,0,0.0
0.0,20250325_132_sbom_data.json,20250315_1483_sbom_data.json,0,0.0
0.0,20250325_132_sbom_data.json,20250315_1221_sbom_data.json,0,0.0
0.0,20250325_132_sbom_data.json,20250312_876_sbom_data.json,0,0.0
0.0,20250325_132_sbom_data.json,20250311_1388_sbom_data.json,0,0.0
0.0,20250325_132_sbom_data.json,20250310_824_sbom_data.json,0,0.0
0.0,20250325_132_sbom_data.json,20250308_194_sbom_data.json,0,0.0
0.0,20250325_132_sbom_data.json,20250308_1329_sbom_data.json,0,0.0
0.0,20250325_132_sbom_data.json,20250308_1092_sbom_data.json,0,0.0
0.0,20250325_132_sbom_data.json,20250307_82_sbom_data.json,0,0.0
0.0,20250325_132_sbom_data.json,20250303_1483_sbom_data.json,0,0.0
0.0,20250325_132_sbom_data.json,20250302_1466_sbom_data.json,0,0.0
0.0,20250325_132_sbom_data.json,20250301_261_sbom_data.json,0,0.0
0.0,20250325_132_sbom_data.json,20250227_1478_sbom_data.json,0,0.0
0.0,20250325_132_sbom_data.json,20250226_192_sbom_data.json,0,0.0
0.0,20250325_132_sbom_data.json,20250219_1451_sbom_data.json,0,0.0
0.0,20250325_132_sbom_data.json,20250218_533_sbom_data.json,0,0.0
0.0,20250325_132_sbom_data.json,20250217_1561_sbom_data.json,0,0.0
0.0,20250325_132_sbom_data.json,20250217_1222_sbom_data.json,0,0.0
0.0,20250325_132_sbom_data.json,20250215_700_sbom_data.json,0,0.0
0.0,20250325_132_sbom_data.json,20250214_449_sbom_data.json,0,0.0
0.0,20250325_132_sbom_data.json,20250214_1123_sbom_data.json,0,0.0
0.0,20250325_132_sbom_data.json,20250210_1258_sbom_data.json,0,0.0
0.0,20250325_132_sbom_data.json,20250209_351_sbom_data.json,0,0.0
0.0,20250325_132_sbom_data.json,20250208_1394_sbom_data.json,0,0.0
0.0,20250324_485_sbom_data.json,20250502_jumbo_979_sbom_data.json,0,0.0
0.0,20250324_485_sbom_data.json,20250502_jumbo_9047_sbom_data.json,0,0.0
0.0,20250324_485_sbom_data.json,20250502_jumbo_7959_sbom_data.json,0,0.0
0.0,20250324_485_sbom_data.json,20250502_jumbo_6624_sbom_data.json,0,0.0
0.0,20250324_485_sbom_data.json,20250502_jumbo_2331_sbom_data.json,0,0.0
0.0,20250324_485_sbom_data.json,20250502_jumbo_14282_sbom_data.json,0,0.0
0.0,20250324_485_sbom_data.json,20250502_jumbo_13802_sbom_data.json,0,0.0
0.0,20250324_485_sbom_data.json,20250502_jumbo_13314_sbom_data.json,0,0.0
0.0,20250324_485_sbom_data.json,20250502_jumbo_11496_sbom_data.json,0,0.0
0.0,20250324_485_sbom_data.json,20250502_jumbo_10892_sbom_data.json,0,0.0
0.0,20250324_485_sbom_data.json,20250427_65_sbom_data.json,0,0.0
0.0,20250324_485_sbom_data.json,20250427_294_sbom_data.json,0,0.0
0.0,20250324_485_sbom_data.json,20250426_1545_sbom_data.json,0,0.0
0.0,20250324_485_sbom_data.json,20250426_1120_sbom_data.json,0,0.0
0.0,20250324_485_sbom_data.json,20250421_528_sbom_data.json,0,0.0
0.0,20250324_485_sbom_data.json,20250420_249_sbom_data.json,0,0.0
0.0,20250324_485_sbom_data.json,20250419_1455_sbom_data.json,0,0.0
0.0,20250324_485_sbom_data.json,20250418_910_sbom_data.json,0,0.0
0.0,20250324_485_sbom_data.json,20250418_1115_sbom_data.json,0,0.0
0.0,20250324_485_sbom_data.json,20250417_234_sbom_data.json,0,0.0
0.0,20250324_485_sbom_data.json,20250417_208_sbom_data.json,0,0.0
0.0,20250324_485_sbom_data.json,20250416_657_sbom_data.json,0,0.0
0.0,20250324_485_sbom_data.json,20250415_1518_sbom_data.json,0,0.0
0.0,20250324_485_sbom_data.json,20250412_1423_sbom_data.json,0,0.0
0.0,20250324_485_sbom_data.json,20250412_1361_sbom_data.json,0,0.0
0.0,20250324_485_sbom_data.json,20250411_866_sbom_data.json,0,0.0
0.0,20250324_485_sbom_data.json,20250411_217_sbom_data.json,0,0.0
0.0,20250324_485_sbom_data.json,20250410_1473_sbom_data.json,0,0.0
0.0,20250324_485_sbom_data.json,20250408_221_sbom_data.json,0,0.0
0.0,20250324_485_sbom_data.json,20250407_861_sbom_data.json,0,0.0
0.0,20250324_485_sbom_data.json,20250407_203_sbom_data.json,0,0.0
0.0,20250324_485_sbom_data.json,20250406_1002_sbom_data.json,0,0.0
0.0,20250324_485_sbom_data.json,20250405_877_sbom_data.json,0,0.0
0.0,20250324_485_sbom_data.json,20250405_1585_sbom_data.json,0,0.0
0.0,20250324_485_sbom_data.json,20250404_1683_sbom_data.json,0,0.0
0.0,20250324_485_sbom_data.json,20250402_1511_sbom_data.json,0,0.0
0.0,20250324_485_sbom_data.json,20250330_99_sbom_data.json,0,0.0
0.0,20250324_485_sbom_data.json,20250329_448_sbom_data.json,0,0.0
0.0,20250324_485_sbom_data.json,20250329_223_sbom_data.json,0,0.0
0.0,20250324_485_sbom_data.json,20250327_1532_sbom_data.json,0,0.0
0.0,20250324_485_sbom_data.json,20250327_1054_sbom_data.json,0,0.0
0.0,20250324_485_sbom_data.json,20250326_674_sbom_data.json,0,0.0
0.0,20250324_485_sbom_data.json,20250325_816_sbom_data.json,0,0.0
0.0,20250324_485_sbom_data.json,20250325_132_sbom_data.json,0,0.0
0.0,20250324_485_sbom_data.json,20250324_396_sbom_data.json,0,0.0
0.0,20250324_485_sbom_data.json,20250324_242_sbom_data.json,0,0.0
0.0,20250324_485_sbom_data.json,20250323_91_sbom_data.json,0,0.0
0.0,20250324_485_sbom_data.json,20250323_832_sbom_data.json,0,0.0
0.0,20250324_485_sbom_data.json,20250323_221_sbom_data.json,0,0.0
0.0,20250324_485_sbom_data.json,20250322_241_sbom_data.json,0,0.0
0.0,20250324_485_sbom_data.json,20250321_648_sbom_data.json,0,0.0
0.0,20250324_485_sbom_data.json,20250320_100_sbom_data.json,0,0.0
0.0,20250324_485_sbom_data.json,20250319_857_sbom_data.json,0,0.0
0.0,20250324_485_sbom_data.json,20250317_1341_sbom_data.json,0,0.0
0.0,20250324_485_sbom_data.json,20250316_1292_sbom_data.json,0,0.0
0.0,20250324_485_sbom_data.json,20250315_1483_sbom_data.json,0,0.0
0.0,20250324_485_sbom_data.json,20250315_1221_sbom_data.json,0,0.0
0.0,20250324_485_sbom_data.json,20250312_876_sbom_data.json,0,0.0
0.0,20250324_485_sbom_data.json,20250311_1388_sbom_data.json,0,0.0
0.0,20250324_485_sbom_data.json,20250310_824_sbom_data.json,0,0.0
0.0,20250324_485_sbom_data.json,20250308_194_sbom_data.json,0,0.0
0.0,20250324_485_sbom_data.json,20250308_1329_sbom_data.json,0,0.0
0.0,20250324_485_sbom_data.json,20250308_1092_sbom_data.json,0,0.0
0.0,20250324_485_sbom_data.json,20250307_82_sbom_data.json,0,0.0
0.0,20250324_485_sbom_data.json,20250307_1428_sbom_data.json,0,0.0
0.0,20250324_485_sbom_data.json,20250306_771_sbom_data.json,0,0.0
0.0,20250324_485_sbom_data.json,20250306_550_sbom_data.json,0,0.0
0.0,20250324_485_sbom_data.json,20250303_1483_sbom_data.json,0,0.0
0.0,20250324_485_sbom_data.json,20250302_1466_sbom_data.json,0,0.0
0.0,20250324_485_sbom_data.json,20250301_261_sbom_data.json,0,0.0
0.0,20250324_485_sbom_data.json,20250227_1478_sbom_data.json,0,0.0
0.0,20250324_485_sbom_data.json,20250227_1133_sbom_data.json,0,0.0
0.0,20250324_485_sbom_data.json,20250226_632_sbom_data.json,0,0.0
0.0,20250324_485_sbom_data.json,20250226_192_sbom_data.json,0,0.0
0.0,20250324_485_sbom_data.json,20250224_1367_sbom_data.json,0,0.0
0.0,20250324_485_sbom_data.json,20250219_1451_sbom_data.json,0,0.0
0.0,20250324_485_sbom_data.json,20250219_1142_sbom_data.json,0,0.0
0.0,20250324_485_sbom_data.json,20250218_533_sbom_data.json,0,0.0
0.0,20250324_485_sbom_data.json,20250217_1561_sbom_data.json,0,0.0
0.0,20250324_485_sbom_data.json,20250217_1222_sbom_data.json,0,0.0
0.0,20250324_485_sbom_data.json,20250216_1131_sbom_data.json,0,0.0
0.0,20250324_485_sbom_data.json,20250215_700_sbom_data.json,0,0.0
0.0,20250324_485_sbom_data.json,20250215_283_sbom_data.json,0,0.0
0.0,20250324_485_sbom_data.json,20250214_449_sbom_data.json,0,0.0
0.0,20250324_485_sbom_data.json,20250214_1461_sbom_data.json,0,0.0
0.0,20250324_485_sbom_data.json,20250214_1123_sbom_data.json,0,0.0
0.0,20250324_485_sbom_data.json,20250210_1258_sbom_data.json,0,0.0
0.0,20250324_485_sbom_data.json,20250209_351_sbom_data.json,0,0.0
0.0,20250324_485_sbom_data.json,20250208_1394_sbom_data.json,0,0.0
0.0,20250324_396_sbom_data.json,20250502_jumbo_9047_sbom_data.json,0,0.0
0.0,20250324_396_sbom_data.json,20250502_jumbo_2331_sbom_data.json,0,0.0
0.0,20250324_396_sbom_data.json,20250502_jumbo_13802_sbom_data.json,0,0.0
0.0,20250324_396_sbom_data.json,20250502_jumbo_13314_sbom_data.json,0,0.0
0.0,20250324_396_sbom_data.json,20250502_jumbo_11496_sbom_data.json,0,0.0
0.0,20250324_396_sbom_data.json,20250427_65_sbom_data.json,0,0.0
0.0,20250324_396_sbom_data.json,20250426_1545_sbom_data.json,0,0.0
0.0,20250324_396_sbom_data.json,20250426_1120_sbom_data.json,0,0.0
0.0,20250324_396_sbom_data.json,20250421_528_sbom_data.json,0,0.0
0.0,20250324_396_sbom_data.json,20250419_1455_sbom_data.json,0,0.0
0.0,20250324_396_sbom_data.json,20250418_910_sbom_data.json,0,0.0
0.0,20250324_396_sbom_data.json,20250418_1115_sbom_data.json,0,0.0
0.0,20250324_396_sbom_data.json,20250417_234_sbom_data.json,0,0.0
0.0,20250324_396_sbom_data.json,20250417_208_sbom_data.json,0,0.0
0.0,20250324_396_sbom_data.json,20250415_1518_sbom_data.json,0,0.0
0.0,20250324_396_sbom_data.json,20250412_1423_sbom_data.json,0,0.0
0.0,20250324_396_sbom_data.json,20250412_1361_sbom_data.json,0,0.0
0.0,20250324_396_sbom_data.json,20250411_217_sbom_data.json,0,0.0
0.0,20250324_396_sbom_data.json,20250410_1473_sbom_data.json,0,0.0
0.0,20250324_396_sbom_data.json,20250408_221_sbom_data.json,0,0.0
0.0,20250324_396_sbom_data.json,20250407_861_sbom_data.json,0,0.0
0.0,20250324_396_sbom_data.json,20250407_203_sbom_data.json,0,0.0
0.0,20250324_396_sbom_data.json,20250406_1002_sbom_data.json,0,0.0
0.0,20250324_396_sbom_data.json,20250405_877_sbom_data.json,0,0.0
0.0,20250324_396_sbom_data.json,20250405_1585_sbom_data.json,0,0.0
0.0,20250324_396_sbom_data.json,20250404_1683_sbom_data.json,0,0.0
0.0,20250324_396_sbom_data.json,20250402_1511_sbom_data.json,0,0.0
0.0,20250324_396_sbom_data.json,20250330_99_sbom_data.json,0,0.0
0.0,20250324_396_sbom_data.json,20250329_448_sbom_data.json,0,0.0
0.0,20250324_396_sbom_data.json,20250329_223_sbom_data.json,0,0.0
0.0,20250324_396_sbom_data.json,20250327_1532_sbom_data.json,0,0.0
0.0,20250324_396_sbom_data.json,20250327_1054_sbom_data.json,0,0.0
0.0,20250324_396_sbom_data.json,20250326_674_sbom_data.json,0,0.0
0.0,20250324_396_sbom_data.json,20250325_816_sbom_data.json,0,0.0
0.0,20250324_396_sbom_data.json,20250325_132_sbom_data.json,0,0.0
0.0,20250324_396_sbom_data.json,20250323_91_sbom_data.json,0,0.0
0.0,20250324_396_sbom_data.json,20250320_100_sbom_data.json,0,0.0
0.0,20250324_396_sbom_data.json,20250319_857_sbom_data.json,0,0.0
0.0,20250324_396_sbom_data.json,20250317_1341_sbom_data.json,0,0.0
0.0,20250324_396_sbom_data.json,20250316_1292_sbom_data.json,0,0.0
0.0,20250324_396_sbom_data.json,20250315_1483_sbom_data.json,0,0.0
0.0,20250324_396_sbom_data.json,20250315_1221_sbom_data.json,0,0.0
0.0,20250324_396_sbom_data.json,20250312_876_sbom_data.json,0,0.0
0.0,20250324_396_sbom_data.json,20250311_1388_sbom_data.json,0,0.0
0.0,20250324_396_sbom_data.json,20250310_824_sbom_data.json,0,0.0
0.0,20250324_396_sbom_data.json,20250308_194_sbom_data.json,0,0.0
0.0,20250324_396_sbom_data.json,20250308_1329_sbom_data.json,0,0.0
0.0,20250324_396_sbom_data.json,20250308_1092_sbom_data.json,0,0.0
0.0,20250324_396_sbom_data.json,20250307_82_sbom_data.json,0,0.0
0.0,20250324_396_sbom_data.json,20250306_771_sbom_data.json,0,0.0
0.0,20250324_396_sbom_data.json,20250303_1483_sbom_data.json,0,0.0
0.0,20250324_396_sbom_data.json,20250302_1466_sbom_data.json,0,0.0
0.0,20250324_396_sbom_data.json,20250301_261_sbom_data.json,0,0.0
0.0,20250324_396_sbom_data.json,20250227_1478_sbom_data.json,0,0.0
0.0,20250324_396_sbom_data.json,20250226_632_sbom_data.json,0,0.0
0.0,20250324_396_sbom_data.json,20250226_192_sbom_data.json,0,0.0
0.0,20250324_396_sbom_data.json,20250219_1451_sbom_data.json,0,0.0
0.0,20250324_396_sbom_data.json,20250218_533_sbom_data.json,0,0.0
0.0,20250324_396_sbom_data.json,20250217_1561_sbom_data.json,0,0.0
0.0,20250324_396_sbom_data.json,20250217_1222_sbom_data.json,0,0.0
0.0,20250324_396_sbom_data.json,20250216_1131_sbom_data.json,0,0.0
0.0,20250324_396_sbom_data.json,20250215_700_sbom_data.json,0,0.0
0.0,20250324_396_sbom_data.json,20250215_283_sbom_data.json,0,0.0
0.0,20250324_396_sbom_data.json,20250214_449_sbom_data.json,0,0.0
0.0,20250324_396_sbom_data.json,20250214_1461_sbom_data.json,0,0.0
0.0,20250324_396_sbom_data.json,20250214_1123_sbom_data.json,0,0.0
0.0,20250324_396_sbom_data.json,20250210_1258_sbom_data.json,0,0.0
0.0,20250324_396_sbom_data.json,20250209_351_sbom_data.json,0,0.0
0.0,20250324_396_sbom_data.json,20250208_1394_sbom_data.json,0,0.0
0.0,20250324_242_sbom_data.json,20250502_jumbo_979_sbom_data.json,0,0.0
0.0,20250324_242_sbom_data.json,20250502_jumbo_9047_sbom_data.json,0,0.0
0.0,20250324_242_sbom_data.json,20250502_jumbo_7959_sbom_data.json,0,0.0
0.0,20250324_242_sbom_data.json,20250502_jumbo_6624_sbom_data.json,0,0.0
0.0,20250324_242_sbom_data.json,20250502_jumbo_2331_sbom_data.json,0,0.0
0.0,20250324_242_sbom_data.json,20250502_jumbo_14282_sbom_data.json,0,0.0
0.0,20250324_242_sbom_data.json,20250502_jumbo_13802_sbom_data.json,0,0.0
0.0,20250324_242_sbom_data.json,20250502_jumbo_13314_sbom_data.json,0,0.0
0.0,20250324_242_sbom_data.json,20250502_jumbo_11496_sbom_data.json,0,0.0
0.0,20250324_242_sbom_data.json,20250502_jumbo_10892_sbom_data.json,0,0.0
0.0,20250324_242_sbom_data.json,20250427_65_sbom_data.json,0,0.0
0.0,20250324_242_sbom_data.json,20250427_294_sbom_data.json,0,0.0
0.0,20250324_242_sbom_data.json,20250426_1545_sbom_data.json,0,0.0
0.0,20250324_242_sbom_data.json,20250426_1120_sbom_data.json,0,0.0
0.0,20250324_242_sbom_data.json,20250421_528_sbom_data.json,0,0.0
0.0,20250324_242_sbom_data.json,20250420_249_sbom_data.json,0,0.0
0.0,20250324_242_sbom_data.json,20250419_1455_sbom_data.json,0,0.0
0.0,20250324_242_sbom_data.json,20250418_910_sbom_data.json,0,0.0
0.0,20250324_242_sbom_data.json,20250418_1115_sbom_data.json,0,0.0
0.0,20250324_242_sbom_data.json,20250417_234_sbom_data.json,0,0.0
0.0,20250324_242_sbom_data.json,20250417_208_sbom_data.json,0,0.0
0.0,20250324_242_sbom_data.json,20250416_657_sbom_data.json,0,0.0
0.0,20250324_242_sbom_data.json,20250415_1518_sbom_data.json,0,0.0
0.0,20250324_242_sbom_data.json,20250412_1423_sbom_data.json,0,0.0
0.0,20250324_242_sbom_data.json,20250412_1361_sbom_data.json,0,0.0
0.0,20250324_242_sbom_data.json,20250411_217_sbom_data.json,0,0.0
0.0,20250324_242_sbom_data.json,20250410_1473_sbom_data.json,0,0.0
0.0,20250324_242_sbom_data.json,20250408_221_sbom_data.json,0,0.0
0.0,20250324_242_sbom_data.json,20250407_861_sbom_data.json,0,0.0
0.0,20250324_242_sbom_data.json,20250407_203_sbom_data.json,0,0.0
0.0,20250324_242_sbom_data.json,20250406_1002_sbom_data.json,0,0.0
0.0,20250324_242_sbom_data.json,20250405_877_sbom_data.json,0,0.0
0.0,20250324_242_sbom_data.json,20250405_1585_sbom_data.json,0,0.0
0.0,20250324_242_sbom_data.json,20250404_1683_sbom_data.json,0,0.0
0.0,20250324_242_sbom_data.json,20250402_1511_sbom_data.json,0,0.0
0.0,20250324_242_sbom_data.json,20250330_99_sbom_data.json,0,0.0
0.0,20250324_242_sbom_data.json,20250329_448_sbom_data.json,0,0.0
0.0,20250324_242_sbom_data.json,20250329_223_sbom_data.json,0,0.0
0.0,20250324_242_sbom_data.json,20250327_1532_sbom_data.json,0,0.0
0.0,20250324_242_sbom_data.json,20250327_1054_sbom_data.json,0,0.0
0.0,20250324_242_sbom_data.json,20250326_674_sbom_data.json,0,0.0
0.0,20250324_242_sbom_data.json,20250325_816_sbom_data.json,0,0.0
0.0,20250324_242_sbom_data.json,20250325_132_sbom_data.json,0,0.0
0.0,20250324_242_sbom_data.json,20250324_396_sbom_data.json,0,0.0
0.0,20250324_242_sbom_data.json,20250323_91_sbom_data.json,0,0.0
0.0,20250324_242_sbom_data.json,20250323_832_sbom_data.json,0,0.0
0.0,20250324_242_sbom_data.json,20250323_221_sbom_data.json,0,0.0
0.0,20250324_242_sbom_data.json,20250322_241_sbom_data.json,0,0.0
0.0,20250324_242_sbom_data.json,20250321_648_sbom_data.json,0,0.0
0.0,20250324_242_sbom_data.json,20250320_100_sbom_data.json,0,0.0
0.0,20250324_242_sbom_data.json,20250319_857_sbom_data.json,0,0.0
0.0,20250324_242_sbom_data.json,20250317_1341_sbom_data.json,0,0.0
0.0,20250324_242_sbom_data.json,20250316_1292_sbom_data.json,0,0.0
0.0,20250324_242_sbom_data.json,20250315_1483_sbom_data.json,0,0.0
0.0,20250324_242_sbom_data.json,20250315_1221_sbom_data.json,0,0.0
0.0,20250324_242_sbom_data.json,20250312_876_sbom_data.json,0,0.0
0.0,20250324_242_sbom_data.json,20250311_1388_sbom_data.json,0,0.0
0.0,20250324_242_sbom_data.json,20250310_824_sbom_data.json,0,0.0
0.0,20250324_242_sbom_data.json,20250308_194_sbom_data.json,0,0.0
0.0,20250324_242_sbom_data.json,20250308_1329_sbom_data.json,0,0.0
0.0,20250324_242_sbom_data.json,20250308_1092_sbom_data.json,0,0.0
0.0,20250324_242_sbom_data.json,20250307_82_sbom_data.json,0,0.0
0.0,20250324_242_sbom_data.json,20250307_1428_sbom_data.json,0,0.0
0.0,20250324_242_sbom_data.json,20250306_771_sbom_data.json,0,0.0
0.0,20250324_242_sbom_data.json,20250306_550_sbom_data.json,0,0.0
0.0,20250324_242_sbom_data.json,20250303_1483_sbom_data.json,0,0.0
0.0,20250324_242_sbom_data.json,20250302_1466_sbom_data.json,0,0.0
0.0,20250324_242_sbom_data.json,20250301_261_sbom_data.json,0,0.0
0.0,20250324_242_sbom_data.json,20250227_1478_sbom_data.json,0,0.0
0.0,20250324_242_sbom_data.json,20250227_1133_sbom_data.json,0,0.0
0.0,20250324_242_sbom_data.json,20250226_632_sbom_data.json,0,0.0
0.0,20250324_242_sbom_data.json,20250226_192_sbom_data.json,0,0.0
0.0,20250324_242_sbom_data.json,20250224_1367_sbom_data.json,0,0.0
0.0,20250324_242_sbom_data.json,20250219_1451_sbom_data.json,0,0.0
0.0,20250324_242_sbom_data.json,20250218_533_sbom_data.json,0,0.0
0.0,20250324_242_sbom_data.json,20250217_1561_sbom_data.json,0,0.0
0.0,20250324_242_sbom_data.json,20250217_1222_sbom_data.json,0,0.0
0.0,20250324_242_sbom_data.json,20250216_1131_sbom_data.json,0,0.0
0.0,20250324_242_sbom_data.json,20250215_700_sbom_data.json,0,0.0
0.0,20250324_242_sbom_data.json,20250215_283_sbom_data.json,0,0.0
0.0,20250324_242_sbom_data.json,20250214_449_sbom_data.json,0,0.0
0.0,20250324_242_sbom_data.json,20250214_1461_sbom_data.json,0,0.0
0.0,20250324_242_sbom_data.json,20250214_1123_sbom_data.json,0,0.0
0.0,20250324_242_sbom_data.json,20250210_1258_sbom_data.json,0,0.0
0.0,20250324_242_sbom_data.json,20250209_351_sbom_data.json,0,0.0
0.0,20250324_242_sbom_data.json,20250208_1394_sbom_data.json,0,0.0
0.0,20250323_91_sbom_data.json,20250502_jumbo_7959_sbom_data.json,0,0.0
0.0,20250323_91_sbom_data.json,20250502_jumbo_6624_sbom_data.json,0,0.0
0.0,20250323_91_sbom_data.json,20250502_jumbo_2331_sbom_data.json,0,0.0
0.0,20250323_91_sbom_data.json,20250502_jumbo_11496_sbom_data.json,0,0.0
0.0,20250323_91_sbom_data.json,20250427_65_sbom_data.json,0,0.0
0.0,20250323_91_sbom_data.json,20250427_294_sbom_data.json,0,0.0
0.0,20250323_91_sbom_data.json,20250426_1545_sbom_data.json,0,0.0
0.0,20250323_91_sbom_data.json,20250421_528_sbom_data.json,0,0.0
0.0,20250323_91_sbom_data.json,20250419_1455_sbom_data.json,0,0.0
0.0,20250323_91_sbom_data.json,20250418_1115_sbom_data.json,0,0.0
0.0,20250323_91_sbom_data.json,20250415_1518_sbom_data.json,0,0.0
0.0,20250323_91_sbom_data.json,20250411_217_sbom_data.json,0,0.0
0.0,20250323_91_sbom_data.json,20250405_877_sbom_data.json,0,0.0
0.0,20250323_91_sbom_data.json,20250405_1585_sbom_data.json,0,0.0
0.0,20250323_91_sbom_data.json,20250326_674_sbom_data.json,0,0.0
0.0,20250323_91_sbom_data.json,20250325_816_sbom_data.json,0,0.0
0.0,20250323_91_sbom_data.json,20250323_832_sbom_data.json,0,0.0
0.0,20250323_91_sbom_data.json,20250312_876_sbom_data.json,0,0.0
0.0,20250323_91_sbom_data.json,20250308_1329_sbom_data.json,0,0.0
0.0,20250323_91_sbom_data.json,20250226_192_sbom_data.json,0,0.0
0.0,20250323_91_sbom_data.json,20250219_1451_sbom_data.json,0,0.0
0.0,20250323_91_sbom_data.json,20250218_533_sbom_data.json,0,0.0
0.0,20250323_91_sbom_data.json,20250217_1222_sbom_data.json,0,0.0
0.0,20250323_91_sbom_data.json,20250215_700_sbom_data.json,0,0.0
0.0,20250323_91_sbom_data.json,20250214_1123_sbom_data.json,0,0.0
0.0,20250323_91_sbom_data.json,20250210_1258_sbom_data.json,0,0.0
0.0,20250323_91_sbom_data.json,20250209_351_sbom_data.json,0,0.0
0.0,20250323_91_sbom_data.json,20250208_1394_sbom_data.json,0,0.0
0.0,20250323_832_sbom_data.json,20250502_jumbo_11496_sbom_data.json,0,0.0
0.0,20250323_832_sbom_data.json,20250426_1120_sbom_data.json,0,0.0
0.0,20250323_832_sbom_data.json,20250421_528_sbom_data.json,0,0.0
0.0,20250323_832_sbom_data.json,20250418_1115_sbom_data.json,0,0.0
0.0,20250323_832_sbom_data.json,20250417_234_sbom_data.json,0,0.0
0.0,20250323_832_sbom_data.json,20250415_1518_sbom_data.json,0,0.0
0.0,20250323_832_sbom_data.json,20250410_1473_sbom_data.json,0,0.0
0.0,20250323_832_sbom_data.json,20250407_861_sbom_data.json,0,0.0
0.0,20250323_832_sbom_data.json,20250406_1002_sbom_data.json,0,0.0
0.0,20250323_832_sbom_data.json,20250405_1585_sbom_data.json,0,0.0
0.0,20250323_832_sbom_data.json,20250404_1683_sbom_data.json,0,0.0
0.0,20250323_832_sbom_data.json,20250402_1511_sbom_data.json,0,0.0
0.0,20250323_832_sbom_data.json,20250329_223_sbom_data.json,0,0.0
0.0,20250323_832_sbom_data.json,20250327_1532_sbom_data.json,0,0.0
0.0,20250323_832_sbom_data.json,20250325_816_sbom_data.json,0,0.0
0.0,20250323_832_sbom_data.json,20250319_857_sbom_data.json,0,0.0
0.0,20250323_832_sbom_data.json,20250317_1341_sbom_data.json,0,0.0
0.0,20250323_832_sbom_data.json,20250315_1483_sbom_data.json,0,0.0
0.0,20250323_832_sbom_data.json,20250312_876_sbom_data.json,0,0.0
0.0,20250323_832_sbom_data.json,20250308_194_sbom_data.json,0,0.0
0.0,20250323_832_sbom_data.json,20250307_82_sbom_data.json,0,0.0
0.0,20250323_832_sbom_data.json,20250302_1466_sbom_data.json,0,0.0
0.0,20250323_832_sbom_data.json,20250301_261_sbom_data.json,0,0.0
0.0,20250323_832_sbom_data.json,20250227_1478_sbom_data.json,0,0.0
0.0,20250323_832_sbom_data.json,20250226_192_sbom_data.json,0,0.0
0.0,20250323_832_sbom_data.json,20250219_1451_sbom_data.json,0,0.0
0.0,20250323_832_sbom_data.json,20250218_533_sbom_data.json,0,0.0
0.0,20250323_832_sbom_data.json,20250217_1561_sbom_data.json,0,0.0
0.0,20250323_832_sbom_data.json,20250217_1222_sbom_data.json,0,0.0
0.0,20250323_832_sbom_data.json,20250216_1131_sbom_data.json,0,0.0
0.0,20250323_832_sbom_data.json,20250215_700_sbom_data.json,0,0.0
0.0,20250323_832_sbom_data.json,20250214_449_sbom_data.json,0,0.0
0.0,20250323_832_sbom_data.json,20250214_1123_sbom_data.json,0,0.0
0.0,20250323_832_sbom_data.json,20250210_1258_sbom_data.json,0,0.0
0.0,20250323_832_sbom_data.json,20250209_351_sbom_data.json,0,0.0
0.0,20250323_832_sbom_data.json,20250208_1394_sbom_data.json,0,0.0
0.0,20250323_221_sbom_data.json,20250502_jumbo_9047_sbom_data.json,0,0.0
0.0,20250323_221_sbom_data.json,20250502_jumbo_7959_sbom_data.json,0,0.0
0.0,20250323_221_sbom_data.json,20250502_jumbo_6624_sbom_data.json,0,0.0
0.0,20250323_221_sbom_data.json,20250502_jumbo_2331_sbom_data.json,0,0.0
0.0,20250323_221_sbom_data.json,20250502_jumbo_14282_sbom_data.json,0,0.0
0.0,20250323_221_sbom_data.json,20250502_jumbo_13802_sbom_data.json,0,0.0
0.0,20250323_221_sbom_data.json,20250502_jumbo_13314_sbom_data.json,0,0.0
0.0,20250323_221_sbom_data.json,20250502_jumbo_11496_sbom_data.json,0,0.0
0.0,20250323_221_sbom_data.json,20250427_65_sbom_data.json,0,0.0
0.0,20250323_221_sbom_data.json,20250427_294_sbom_data.json,0,0.0
0.0,20250323_221_sbom_data.json,20250426_1545_sbom_data.json,0,0.0
0.0,20250323_221_sbom_data.json,20250426_1120_sbom_data.json,0,0.0
0.0,20250323_221_sbom_data.json,20250421_528_sbom_data.json,0,0.0
0.0,20250323_221_sbom_data.json,20250420_249_sbom_data.json,0,0.0
0.0,20250323_221_sbom_data.json,20250419_1455_sbom_data.json,0,0.0
0.0,20250323_221_sbom_data.json,20250418_910_sbom_data.json,0,0.0
0.0,20250323_221_sbom_data.json,20250418_1115_sbom_data.json,0,0.0
0.0,20250323_221_sbom_data.json,20250417_234_sbom_data.json,0,0.0
0.0,20250323_221_sbom_data.json,20250415_1518_sbom_data.json,0,0.0
0.0,20250323_221_sbom_data.json,20250412_1423_sbom_data.json,0,0.0
0.0,20250323_221_sbom_data.json,20250412_1361_sbom_data.json,0,0.0
0.0,20250323_221_sbom_data.json,20250411_217_sbom_data.json,0,0.0
0.0,20250323_221_sbom_data.json,20250410_1473_sbom_data.json,0,0.0
0.0,20250323_221_sbom_data.json,20250408_221_sbom_data.json,0,0.0
0.0,20250323_221_sbom_data.json,20250407_861_sbom_data.json,0,0.0
0.0,20250323_221_sbom_data.json,20250407_203_sbom_data.json,0,0.0
0.0,20250323_221_sbom_data.json,20250406_1002_sbom_data.json,0,0.0
0.0,20250323_221_sbom_data.json,20250405_877_sbom_data.json,0,0.0
0.0,20250323_221_sbom_data.json,20250405_1585_sbom_data.json,0,0.0
0.0,20250323_221_sbom_data.json,20250404_1683_sbom_data.json,0,0.0
0.0,20250323_221_sbom_data.json,20250402_1511_sbom_data.json,0,0.0
0.0,20250323_221_sbom_data.json,20250330_99_sbom_data.json,0,0.0
0.0,20250323_221_sbom_data.json,20250329_448_sbom_data.json,0,0.0
0.0,20250323_221_sbom_data.json,20250329_223_sbom_data.json,0,0.0
0.0,20250323_221_sbom_data.json,20250327_1532_sbom_data.json,0,0.0
0.0,20250323_221_sbom_data.json,20250327_1054_sbom_data.json,0,0.0
0.0,20250323_221_sbom_data.json,20250325_816_sbom_data.json,0,0.0
0.0,20250323_221_sbom_data.json,20250325_132_sbom_data.json,0,0.0
0.0,20250323_221_sbom_data.json,20250324_396_sbom_data.json,0,0.0
0.0,20250323_221_sbom_data.json,20250323_91_sbom_data.json,0,0.0
0.0,20250323_221_sbom_data.json,20250323_832_sbom_data.json,0,0.0
0.0,20250323_221_sbom_data.json,20250321_648_sbom_data.json,0,0.0
0.0,20250323_221_sbom_data.json,20250320_100_sbom_data.json,0,0.0
0.0,20250323_221_sbom_data.json,20250319_857_sbom_data.json,0,0.0
0.0,20250323_221_sbom_data.json,20250317_1341_sbom_data.json,0,0.0
0.0,20250323_221_sbom_data.json,20250316_1292_sbom_data.json,0,0.0
0.0,20250323_221_sbom_data.json,20250315_1483_sbom_data.json,0,0.0
0.0,20250323_221_sbom_data.json,20250315_1221_sbom_data.json,0,0.0
0.0,20250323_221_sbom_data.json,20250312_876_sbom_data.json,0,0.0
0.0,20250323_221_sbom_data.json,20250311_1388_sbom_data.json,0,0.0
0.0,20250323_221_sbom_data.json,20250310_824_sbom_data.json,0,0.0
0.0,20250323_221_sbom_data.json,20250308_194_sbom_data.json,0,0.0
0.0,20250323_221_sbom_data.json,20250308_1092_sbom_data.json,0,0.0
0.0,20250323_221_sbom_data.json,20250307_82_sbom_data.json,0,0.0
0.0,20250323_221_sbom_data.json,20250306_771_sbom_data.json,0,0.0
0.0,20250323_221_sbom_data.json,20250303_1483_sbom_data.json,0,0.0
0.0,20250323_221_sbom_data.json,20250302_1466_sbom_data.json,0,0.0
0.0,20250323_221_sbom_data.json,20250301_261_sbom_data.json,0,0.0
0.0,20250323_221_sbom_data.json,20250227_1478_sbom_data.json,0,0.0
0.0,20250323_221_sbom_data.json,20250226_632_sbom_data.json,0,0.0
0.0,20250323_221_sbom_data.json,20250226_192_sbom_data.json,0,0.0
0.0,20250323_221_sbom_data.json,20250224_1367_sbom_data.json,0,0.0
0.0,20250323_221_sbom_data.json,20250219_1451_sbom_data.json,0,0.0
0.0,20250323_221_sbom_data.json,20250218_533_sbom_data.json,0,0.0
0.0,20250323_221_sbom_data.json,20250217_1561_sbom_data.json,0,0.0
0.0,20250323_221_sbom_data.json,20250217_1222_sbom_data.json,0,0.0
0.0,20250323_221_sbom_data.json,20250216_1131_sbom_data.json,0,0.0
0.0,20250323_221_sbom_data.json,20250215_700_sbom_data.json,0,0.0
0.0,20250323_221_sbom_data.json,20250215_283_sbom_data.json,0,0.0
0.0,20250323_221_sbom_data.json,20250214_449_sbom_data.json,0,0.0
0.0,20250323_221_sbom_data.json,20250214_1461_sbom_data.json,0,0.0
0.0,20250323_221_sbom_data.json,20250214_1123_sbom_data.json,0,0.0
0.0,20250323_221_sbom_data.json,20250210_1258_sbom_data.json,0,0.0
0.0,20250323_221_sbom_data.json,20250209_351_sbom_data.json,0,0.0
0.0,20250323_221_sbom_data.json,20250208_1394_sbom_data.json,0,0.0
0.0,20250322_241_sbom_data.json,20250502_jumbo_979_sbom_data.json,0,0.0
0.0,20250322_241_sbom_data.json,20250502_jumbo_9047_sbom_data.json,0,0.0
0.0,20250322_241_sbom_data.json,20250502_jumbo_6624_sbom_data.json,0,0.0
0.0,20250322_241_sbom_data.json,20250502_jumbo_2331_sbom_data.json,0,0.0
0.0,20250322_241_sbom_data.json,20250502_jumbo_14282_sbom_data.json,0,0.0
0.0,20250322_241_sbom_data.json,20250502_jumbo_13802_sbom_data.json,0,0.0
0.0,20250322_241_sbom_data.json,20250502_jumbo_13314_sbom_data.json,0,0.0
0.0,20250322_241_sbom_data.json,20250502_jumbo_11496_sbom_data.json,0,0.0
0.0,20250322_241_sbom_data.json,20250427_65_sbom_data.json,0,0.0
0.0,20250322_241_sbom_data.json,20250427_294_sbom_data.json,0,0.0
0.0,20250322_241_sbom_data.json,20250426_1545_sbom_data.json,0,0.0
0.0,20250322_241_sbom_data.json,20250426_1120_sbom_data.json,0,0.0
0.0,20250322_241_sbom_data.json,20250421_528_sbom_data.json,0,0.0
0.0,20250322_241_sbom_data.json,20250420_249_sbom_data.json,0,0.0
0.0,20250322_241_sbom_data.json,20250419_1455_sbom_data.json,0,0.0
0.0,20250322_241_sbom_data.json,20250418_910_sbom_data.json,0,0.0
0.0,20250322_241_sbom_data.json,20250418_1115_sbom_data.json,0,0.0
0.0,20250322_241_sbom_data.json,20250417_208_sbom_data.json,0,0.0
0.0,20250322_241_sbom_data.json,20250416_657_sbom_data.json,0,0.0
0.0,20250322_241_sbom_data.json,20250415_1518_sbom_data.json,0,0.0
0.0,20250322_241_sbom_data.json,20250412_1423_sbom_data.json,0,0.0
0.0,20250322_241_sbom_data.json,20250412_1361_sbom_data.json,0,0.0
0.0,20250322_241_sbom_data.json,20250411_217_sbom_data.json,0,0.0
0.0,20250322_241_sbom_data.json,20250410_1473_sbom_data.json,0,0.0
0.0,20250322_241_sbom_data.json,20250408_221_sbom_data.json,0,0.0
0.0,20250322_241_sbom_data.json,20250407_861_sbom_data.json,0,0.0
0.0,20250322_241_sbom_data.json,20250407_203_sbom_data.json,0,0.0
0.0,20250322_241_sbom_data.json,20250406_1002_sbom_data.json,0,0.0
0.0,20250322_241_sbom_data.json,20250405_877_sbom_data.json,0,0.0
0.0,20250322_241_sbom_data.json,20250405_1585_sbom_data.json,0,0.0
0.0,20250322_241_sbom_data.json,20250404_1683_sbom_data.json,0,0.0
0.0,20250322_241_sbom_data.json,20250402_1511_sbom_data.json,0,0.0
0.0,20250322_241_sbom_data.json,20250330_99_sbom_data.json,0,0.0
0.0,20250322_241_sbom_data.json,20250329_448_sbom_data.json,0,0.0
0.0,20250322_241_sbom_data.json,20250329_223_sbom_data.json,0,0.0
0.0,20250322_241_sbom_data.json,20250327_1532_sbom_data.json,0,0.0
0.0,20250322_241_sbom_data.json,20250327_1054_sbom_data.json,0,0.0
0.0,20250322_241_sbom_data.json,20250326_674_sbom_data.json,0,0.0
0.0,20250322_241_sbom_data.json,20250325_816_sbom_data.json,0,0.0
0.0,20250322_241_sbom_data.json,20250325_132_sbom_data.json,0,0.0
0.0,20250322_241_sbom_data.json,20250324_396_sbom_data.json,0,0.0
0.0,20250322_241_sbom_data.json,20250323_91_sbom_data.json,0,0.0
0.0,20250322_241_sbom_data.json,20250323_832_sbom_data.json,0,0.0
0.0,20250322_241_sbom_data.json,20250323_221_sbom_data.json,0,0.0
0.0,20250322_241_sbom_data.json,20250321_648_sbom_data.json,0,0.0
0.0,20250322_241_sbom_data.json,20250320_100_sbom_data.json,0,0.0
0.0,20250322_241_sbom_data.json,20250319_857_sbom_data.json,0,0.0
0.0,20250322_241_sbom_data.json,20250317_1341_sbom_data.json,0,0.0
0.0,20250322_241_sbom_data.json,20250316_1292_sbom_data.json,0,0.0
0.0,20250322_241_sbom_data.json,20250315_1483_sbom_data.json,0,0.0
0.0,20250322_241_sbom_data.json,20250315_1221_sbom_data.json,0,0.0
0.0,20250322_241_sbom_data.json,20250312_876_sbom_data.json,0,0.0
0.0,20250322_241_sbom_data.json,20250311_1388_sbom_data.json,0,0.0
0.0,20250322_241_sbom_data.json,20250310_824_sbom_data.json,0,0.0
0.0,20250322_241_sbom_data.json,20250308_194_sbom_data.json,0,0.0
0.0,20250322_241_sbom_data.json,20250308_1329_sbom_data.json,0,0.0
0.0,20250322_241_sbom_data.json,20250308_1092_sbom_data.json,0,0.0
0.0,20250322_241_sbom_data.json,20250307_82_sbom_data.json,0,0.0
0.0,20250322_241_sbom_data.json,20250307_1428_sbom_data.json,0,0.0
0.0,20250322_241_sbom_data.json,20250306_771_sbom_data.json,0,0.0
0.0,20250322_241_sbom_data.json,20250306_550_sbom_data.json,0,0.0
0.0,20250322_241_sbom_data.json,20250303_1483_sbom_data.json,0,0.0
0.0,20250322_241_sbom_data.json,20250302_1466_sbom_data.json,0,0.0
0.0,20250322_241_sbom_data.json,20250301_261_sbom_data.json,0,0.0
0.0,20250322_241_sbom_data.json,20250227_1478_sbom_data.json,0,0.0
0.0,20250322_241_sbom_data.json,20250226_632_sbom_data.json,0,0.0
0.0,20250322_241_sbom_data.json,20250226_192_sbom_data.json,0,0.0
0.0,20250322_241_sbom_data.json,20250224_1367_sbom_data.json,0,0.0
0.0,20250322_241_sbom_data.json,20250219_1451_sbom_data.json,0,0.0
0.0,20250322_241_sbom_data.json,20250218_533_sbom_data.json,0,0.0
0.0,20250322_241_sbom_data.json,20250217_1561_sbom_data.json,0,0.0
0.0,20250322_241_sbom_data.json,20250217_1222_sbom_data.json,0,0.0
0.0,20250322_241_sbom_data.json,20250216_1131_sbom_data.json,0,0.0
0.0,20250322_241_sbom_data.json,20250215_700_sbom_data.json,0,0.0
0.0,20250322_241_sbom_data.json,20250215_283_sbom_data.json,0,0.0
0.0,20250322_241_sbom_data.json,20250214_449_sbom_data.json,0,0.0
0.0,20250322_241_sbom_data.json,20250214_1461_sbom_data.json,0,0.0
0.0,20250322_241_sbom_data.json,20250214_1123_sbom_data.json,0,0.0
0.0,20250322_241_sbom_data.json,20250210_1258_sbom_data.json,0,0.0
0.0,20250322_241_sbom_data.json,20250209_351_sbom_data.json,0,0.0
0.0,20250322_241_sbom_data.json,20250208_1394_sbom_data.json,0,0.0
0.0,20250321_648_sbom_data.json,20250502_jumbo_9047_sbom_data.json,0,0.0
0.0,20250321_648_sbom_data.json,20250502_jumbo_7959_sbom_data.json,0,0.0
0.0,20250321_648_sbom_data.json,20250502_jumbo_6624_sbom_data.json,0,0.0
0.0,20250321_648_sbom_data.json,20250502_jumbo_2331_sbom_data.json,0,0.0
0.0,20250321_648_sbom_data.json,20250502_jumbo_14282_sbom_data.json,0,0.0
0.0,20250321_648_sbom_data.json,20250502_jumbo_13802_sbom_data.json,0,0.0
0.0,20250321_648_sbom_data.json,20250502_jumbo_13314_sbom_data.json,0,0.0
0.0,20250321_648_sbom_data.json,20250502_jumbo_11496_sbom_data.json,0,0.0
0.0,20250321_648_sbom_data.json,20250427_65_sbom_data.json,0,0.0
0.0,20250321_648_sbom_data.json,20250427_294_sbom_data.json,0,0.0
0.0,20250321_648_sbom_data.json,20250426_1545_sbom_data.json,0,0.0
0.0,20250321_648_sbom_data.json,20250426_1120_sbom_data.json,0,0.0
0.0,20250321_648_sbom_data.json,20250421_528_sbom_data.json,0,0.0
0.0,20250321_648_sbom_data.json,20250420_249_sbom_data.json,0,0.0
0.0,20250321_648_sbom_data.json,20250419_1455_sbom_data.json,0,0.0
0.0,20250321_648_sbom_data.json,20250418_910_sbom_data.json,0,0.0
0.0,20250321_648_sbom_data.json,20250418_1115_sbom_data.json,0,0.0
0.0,20250321_648_sbom_data.json,20250417_234_sbom_data.json,0,0.0
0.0,20250321_648_sbom_data.json,20250417_208_sbom_data.json,0,0.0
0.0,20250321_648_sbom_data.json,20250415_1518_sbom_data.json,0,0.0
0.0,20250321_648_sbom_data.json,20250412_1423_sbom_data.json,0,0.0
0.0,20250321_648_sbom_data.json,20250412_1361_sbom_data.json,0,0.0
0.0,20250321_648_sbom_data.json,20250411_217_sbom_data.json,0,0.0
0.0,20250321_648_sbom_data.json,20250408_221_sbom_data.json,0,0.0
0.0,20250321_648_sbom_data.json,20250407_861_sbom_data.json,0,0.0
0.0,20250321_648_sbom_data.json,20250407_203_sbom_data.json,0,0.0
0.0,20250321_648_sbom_data.json,20250406_1002_sbom_data.json,0,0.0
0.0,20250321_648_sbom_data.json,20250405_877_sbom_data.json,0,0.0
0.0,20250321_648_sbom_data.json,20250405_1585_sbom_data.json,0,0.0
0.0,20250321_648_sbom_data.json,20250404_1683_sbom_data.json,0,0.0
0.0,20250321_648_sbom_data.json,20250402_1511_sbom_data.json,0,0.0
0.0,20250321_648_sbom_data.json,20250330_99_sbom_data.json,0,0.0
0.0,20250321_648_sbom_data.json,20250329_448_sbom_data.json,0,0.0
0.0,20250321_648_sbom_data.json,20250329_223_sbom_data.json,0,0.0
0.0,20250321_648_sbom_data.json,20250327_1532_sbom_data.json,0,0.0
0.0,20250321_648_sbom_data.json,20250327_1054_sbom_data.json,0,0.0
0.0,20250321_648_sbom_data.json,20250326_674_sbom_data.json,0,0.0
0.0,20250321_648_sbom_data.json,20250325_816_sbom_data.json,0,0.0
0.0,20250321_648_sbom_data.json,20250325_132_sbom_data.json,0,0.0
0.0,20250321_648_sbom_data.json,20250324_396_sbom_data.json,0,0.0
0.0,20250321_648_sbom_data.json,20250323_91_sbom_data.json,0,0.0
0.0,20250321_648_sbom_data.json,20250323_832_sbom_data.json,0,0.0
0.0,20250321_648_sbom_data.json,20250320_100_sbom_data.json,0,0.0
0.0,20250321_648_sbom_data.json,20250319_857_sbom_data.json,0,0.0
0.0,20250321_648_sbom_data.json,20250317_1341_sbom_data.json,0,0.0
0.0,20250321_648_sbom_data.json,20250316_1292_sbom_data.json,0,0.0
0.0,20250321_648_sbom_data.json,20250315_1483_sbom_data.json,0,0.0
0.0,20250321_648_sbom_data.json,20250315_1221_sbom_data.json,0,0.0
0.0,20250321_648_sbom_data.json,20250312_876_sbom_data.json,0,0.0
0.0,20250321_648_sbom_data.json,20250311_1388_sbom_data.json,0,0.0
0.0,20250321_648_sbom_data.json,20250310_824_sbom_data.json,0,0.0
0.0,20250321_648_sbom_data.json,20250308_194_sbom_data.json,0,0.0
0.0,20250321_648_sbom_data.json,20250308_1329_sbom_data.json,0,0.0
0.0,20250321_648_sbom_data.json,20250308_1092_sbom_data.json,0,0.0
0.0,20250321_648_sbom_data.json,20250307_82_sbom_data.json,0,0.0
0.0,20250321_648_sbom_data.json,20250306_771_sbom_data.json,0,0.0
0.0,20250321_648_sbom_data.json,20250303_1483_sbom_data.json,0,0.0
0.0,20250321_648_sbom_data.json,20250302_1466_sbom_data.json,0,0.0
0.0,20250321_648_sbom_data.json,20250301_261_sbom_data.json,0,0.0
0.0,20250321_648_sbom_data.json,20250227_1478_sbom_data.json,0,0.0
0.0,20250321_648_sbom_data.json,20250226_632_sbom_data.json,0,0.0
0.0,20250321_648_sbom_data.json,20250226_192_sbom_data.json,0,0.0
0.0,20250321_648_sbom_data.json,20250224_1367_sbom_data.json,0,0.0
0.0,20250321_648_sbom_data.json,20250219_1451_sbom_data.json,0,0.0
0.0,20250321_648_sbom_data.json,20250218_533_sbom_data.json,0,0.0
0.0,20250321_648_sbom_data.json,20250217_1561_sbom_data.json,0,0.0
0.0,20250321_648_sbom_data.json,20250217_1222_sbom_data.json,0,0.0
0.0,20250321_648_sbom_data.json,20250216_1131_sbom_data.json,0,0.0
0.0,20250321_648_sbom_data.json,20250215_700_sbom_data.json,0,0.0
0.0,20250321_648_sbom_data.json,20250215_283_sbom_data.json,0,0.0
0.0,20250321_648_sbom_data.json,20250214_449_sbom_data.json,0,0.0
0.0,20250321_648_sbom_data.json,20250214_1461_sbom_data.json,0,0.0
0.0,20250321_648_sbom_data.json,20250214_1123_sbom_data.json,0,0.0
0.0,20250321_648_sbom_data.json,20250210_1258_sbom_data.json,0,0.0
0.0,20250321_648_sbom_data.json,20250209_351_sbom_data.json,0,0.0
0.0,20250321_648_sbom_data.json,20250208_1394_sbom_data.json,0,0.0
0.0,20250320_1023_sbom_data.json,20250502_jumbo_9047_sbom_data.json,0,0.0
0.0,20250320_1023_sbom_data.json,20250502_jumbo_7959_sbom_data.json,0,0.0
0.0,20250320_1023_sbom_data.json,20250502_jumbo_6624_sbom_data.json,0,0.0
0.0,20250320_1023_sbom_data.json,20250502_jumbo_2331_sbom_data.json,0,0.0
0.0,20250320_1023_sbom_data.json,20250502_jumbo_13802_sbom_data.json,0,0.0
0.0,20250320_1023_sbom_data.json,20250502_jumbo_11496_sbom_data.json,0,0.0
0.0,20250320_1023_sbom_data.json,20250502_jumbo_10892_sbom_data.json,0,0.0
0.0,20250320_1023_sbom_data.json,20250427_65_sbom_data.json,0,0.0
0.0,20250320_1023_sbom_data.json,20250427_294_sbom_data.json,0,0.0
0.0,20250320_1023_sbom_data.json,20250426_1545_sbom_data.json,0,0.0
0.0,20250320_1023_sbom_data.json,20250421_528_sbom_data.json,0,0.0
0.0,20250320_1023_sbom_data.json,20250420_249_sbom_data.json,0,0.0
0.0,20250320_1023_sbom_data.json,20250418_1115_sbom_data.json,0,0.0
0.0,20250320_1023_sbom_data.json,20250417_208_sbom_data.json,0,0.0
0.0,20250320_1023_sbom_data.json,20250416_657_sbom_data.json,0,0.0
0.0,20250320_1023_sbom_data.json,20250415_1518_sbom_data.json,0,0.0
0.0,20250320_1023_sbom_data.json,20250411_866_sbom_data.json,0,0.0
0.0,20250320_1023_sbom_data.json,20250411_217_sbom_data.json,0,0.0
0.0,20250320_1023_sbom_data.json,20250408_221_sbom_data.json,0,0.0
0.0,20250320_1023_sbom_data.json,20250405_877_sbom_data.json,0,0.0
0.0,20250320_1023_sbom_data.json,20250405_1585_sbom_data.json,0,0.0
0.0,20250320_1023_sbom_data.json,20250330_99_sbom_data.json,0,0.0
0.0,20250320_1023_sbom_data.json,20250329_448_sbom_data.json,0,0.0
0.0,20250320_1023_sbom_data.json,20250327_1054_sbom_data.json,0,0.0
0.0,20250320_1023_sbom_data.json,20250326_674_sbom_data.json,0,0.0
0.0,20250320_1023_sbom_data.json,20250325_816_sbom_data.json,0,0.0
0.0,20250320_1023_sbom_data.json,20250325_132_sbom_data.json,0,0.0
0.0,20250320_1023_sbom_data.json,20250324_485_sbom_data.json,0,0.0
0.0,20250320_1023_sbom_data.json,20250324_396_sbom_data.json,0,0.0
0.0,20250320_1023_sbom_data.json,20250324_242_sbom_data.json,0,0.0
0.0,20250320_1023_sbom_data.json,20250323_832_sbom_data.json,0,0.0
0.0,20250320_1023_sbom_data.json,20250323_221_sbom_data.json,0,0.0
0.0,20250320_1023_sbom_data.json,20250322_241_sbom_data.json,0,0.0
0.0,20250320_1023_sbom_data.json,20250321_648_sbom_data.json,0,0.0
0.0,20250320_1023_sbom_data.json,20250312_876_sbom_data.json,0,0.0
0.0,20250320_1023_sbom_data.json,20250310_824_sbom_data.json,0,0.0
0.0,20250320_1023_sbom_data.json,20250308_1329_sbom_data.json,0,0.0
0.0,20250320_1023_sbom_data.json,20250307_1428_sbom_data.json,0,0.0
0.0,20250320_1023_sbom_data.json,20250306_771_sbom_data.json,0,0.0
0.0,20250320_1023_sbom_data.json,20250303_1483_sbom_data.json,0,0.0
0.0,20250320_1023_sbom_data.json,20250227_1133_sbom_data.json,0,0.0
0.0,20250320_1023_sbom_data.json,20250226_192_sbom_data.json,0,0.0
0.0,20250320_1023_sbom_data.json,20250224_1367_sbom_data.json,0,0.0
0.0,20250320_1023_sbom_data.json,20250219_1451_sbom_data.json,0,0.0
0.0,20250320_1023_sbom_data.json,20250219_1142_sbom_data.json,0,0.0
0.0,20250320_1023_sbom_data.json,20250218_533_sbom_data.json,0,0.0
0.0,20250320_1023_sbom_data.json,20250217_1222_sbom_data.json,0,0.0
0.0,20250320_1023_sbom_data.json,20250216_1131_sbom_data.json,0,0.0
0.0,20250320_1023_sbom_data.json,20250215_700_sbom_data.json,0,0.0
0.0,20250320_1023_sbom_data.json,20250214_1461_sbom_data.json,0,0.0
0.0,20250320_1023_sbom_data.json,20250214_1123_sbom_data.json,0,0.0
0.0,20250320_1023_sbom_data.json,20250210_1258_sbom_data.json,0,0.0
0.0,20250320_1023_sbom_data.json,20250209_351_sbom_data.json,0,0.0
0.0,20250320_1023_sbom_data.json,20250208_1394_sbom_data.json,0,0.0
0.0,20250320_100_sbom_data.json,20250502_jumbo_7959_sbom_data.json,0,0.0
0.0,20250320_100_sbom_data.json,20250502_jumbo_6624_sbom_data.json,0,0.0
0.0,20250320_100_sbom_data.json,20250502_jumbo_2331_sbom_data.json,0,0.0
0.0,20250320_100_sbom_data.json,20250502_jumbo_11496_sbom_data.json,0,0.0
0.0,20250320_100_sbom_data.json,20250427_65_sbom_data.json,0,0.0
0.0,20250320_100_sbom_data.json,20250427_294_sbom_data.json,0,0.0
0.0,20250320_100_sbom_data.json,20250426_1545_sbom_data.json,0,0.0
0.0,20250320_100_sbom_data.json,20250421_528_sbom_data.json,0,0.0
0.0,20250320_100_sbom_data.json,20250419_1455_sbom_data.json,0,0.0
0.0,20250320_100_sbom_data.json,20250418_1115_sbom_data.json,0,0.0
0.0,20250320_100_sbom_data.json,20250415_1518_sbom_data.json,0,0.0
0.0,20250320_100_sbom_data.json,20250411_217_sbom_data.json,0,0.0
0.0,20250320_100_sbom_data.json,20250408_221_sbom_data.json,0,0.0
0.0,20250320_100_sbom_data.json,20250405_877_sbom_data.json,0,0.0
0.0,20250320_100_sbom_data.json,20250405_1585_sbom_data.json,0,0.0
0.0,20250320_100_sbom_data.json,20250330_99_sbom_data.json,0,0.0
0.0,20250320_100_sbom_data.json,20250329_448_sbom_data.json,0,0.0
0.0,20250320_100_sbom_data.json,20250326_674_sbom_data.json,0,0.0
0.0,20250320_100_sbom_data.json,20250325_816_sbom_data.json,0,0.0
0.0,20250320_100_sbom_data.json,20250323_832_sbom_data.json,0,0.0
0.0,20250320_100_sbom_data.json,20250312_876_sbom_data.json,0,0.0
0.0,20250320_100_sbom_data.json,20250310_824_sbom_data.json,0,0.0
0.0,20250320_100_sbom_data.json,20250308_1329_sbom_data.json,0,0.0
0.0,20250320_100_sbom_data.json,20250303_1483_sbom_data.json,0,0.0
0.0,20250320_100_sbom_data.json,20250226_192_sbom_data.json,0,0.0
0.0,20250320_100_sbom_data.json,20250219_1451_sbom_data.json,0,0.0
0.0,20250320_100_sbom_data.json,20250218_533_sbom_data.json,0,0.0
0.0,20250320_100_sbom_data.json,20250217_1222_sbom_data.json,0,0.0
0.0,20250320_100_sbom_data.json,20250216_1131_sbom_data.json,0,0.0
0.0,20250320_100_sbom_data.json,20250215_700_sbom_data.json,0,0.0
0.0,20250320_100_sbom_data.json,20250214_1123_sbom_data.json,0,0.0
0.0,20250320_100_sbom_data.json,20250210_1258_sbom_data.json,0,0.0
0.0,20250320_100_sbom_data.json,20250209_351_sbom_data.json,0,0.0
0.0,20250320_100_sbom_data.json,20250208_1394_sbom_data.json,0,0.0
0.0,20250319_857_sbom_data.json,20250427_294_sbom_data.json,0,0.0
0.0,20250319_857_sbom_data.json,20250421_528_sbom_data.json,0,0.0
0.0,20250319_857_sbom_data.json,20250415_1518_sbom_data.json,0,0.0
0.0,20250319_857_sbom_data.json,20250405_1585_sbom_data.json,0,0.0
0.0,20250319_857_sbom_data.json,20250325_816_sbom_data.json,0,0.0
0.0,20250319_857_sbom_data.json,20250312_876_sbom_data.json,0,0.0
0.0,20250319_857_sbom_data.json,20250226_192_sbom_data.json,0,0.0
0.0,20250319_857_sbom_data.json,20250218_533_sbom_data.json,0,0.0
0.0,20250319_857_sbom_data.json,20250217_1222_sbom_data.json,0,0.0
0.0,20250319_857_sbom_data.json,20250215_700_sbom_data.json,0,0.0
0.0,20250319_857_sbom_data.json,20250209_351_sbom_data.json,0,0.0
0.0,20250319_857_sbom_data.json,20250208_1394_sbom_data.json,0,0.0
0.0,20250316_1292_sbom_data.json,20250502_jumbo_6624_sbom_data.json,0,0.0
0.0,20250316_1292_sbom_data.json,20250502_jumbo_2331_sbom_data.json,0,0.0
0.0,20250316_1292_sbom_data.json,20250502_jumbo_11496_sbom_data.json,0,0.0
0.0,20250316_1292_sbom_data.json,20250427_65_sbom_data.json,0,0.0
0.0,20250316_1292_sbom_data.json,20250427_294_sbom_data.json,0,0.0
0.0,20250316_1292_sbom_data.json,20250426_1545_sbom_data.json,0,0.0
0.0,20250316_1292_sbom_data.json,20250421_528_sbom_data.json,0,0.0
0.0,20250316_1292_sbom_data.json,20250418_1115_sbom_data.json,0,0.0
0.0,20250316_1292_sbom_data.json,20250415_1518_sbom_data.json,0,0.0
0.0,20250316_1292_sbom_data.json,20250411_217_sbom_data.json,0,0.0
0.0,20250316_1292_sbom_data.json,20250405_877_sbom_data.json,0,0.0
0.0,20250316_1292_sbom_data.json,20250405_1585_sbom_data.json,0,0.0
0.0,20250316_1292_sbom_data.json,20250404_1683_sbom_data.json,0,0.0
0.0,20250316_1292_sbom_data.json,20250329_448_sbom_data.json,0,0.0
0.0,20250316_1292_sbom_data.json,20250326_674_sbom_data.json,0,0.0
0.0,20250316_1292_sbom_data.json,20250325_816_sbom_data.json,0,0.0
0.0,20250316_1292_sbom_data.json,20250323_832_sbom_data.json,0,0.0
0.0,20250316_1292_sbom_data.json,20250312_876_sbom_data.json,0,0.0
0.0,20250316_1292_sbom_data.json,20250308_1329_sbom_data.json,0,0.0
0.0,20250316_1292_sbom_data.json,20250226_192_sbom_data.json,0,0.0
0.0,20250316_1292_sbom_data.json,20250219_1451_sbom_data.json,0,0.0
0.0,20250316_1292_sbom_data.json,20250218_533_sbom_data.json,0,0.0
0.0,20250316_1292_sbom_data.json,20250217_1222_sbom_data.json,0,0.0
0.0,20250316_1292_sbom_data.json,20250215_700_sbom_data.json,0,0.0
0.0,20250316_1292_sbom_data.json,20250214_1123_sbom_data.json,0,0.0
0.0,20250316_1292_sbom_data.json,20250210_1258_sbom_data.json,0,0.0
0.0,20250316_1292_sbom_data.json,20250209_351_sbom_data.json,0,0.0
0.0,20250316_1292_sbom_data.json,20250208_1394_sbom_data.json,0,0.0
0.0,20250315_1221_sbom_data.json,20250502_jumbo_7959_sbom_data.json,0,0.0
0.0,20250315_1221_sbom_data.json,20250502_jumbo_6624_sbom_data.json,0,0.0
0.0,20250315_1221_sbom_data.json,20250502_jumbo_2331_sbom_data.json,0,0.0
0.0,20250315_1221_sbom_data.json,20250502_jumbo_11496_sbom_data.json,0,0.0
0.0,20250315_1221_sbom_data.json,20250427_65_sbom_data.json,0,0.0
0.0,20250315_1221_sbom_data.json,20250427_294_sbom_data.json,0,0.0
0.0,20250315_1221_sbom_data.json,20250426_1545_sbom_data.json,0,0.0
0.0,20250315_1221_sbom_data.json,20250421_528_sbom_data.json,0,0.0
0.0,20250315_1221_sbom_data.json,20250419_1455_sbom_data.json,0,0.0
0.0,20250315_1221_sbom_data.json,20250418_1115_sbom_data.json,0,0.0
0.0,20250315_1221_sbom_data.json,20250415_1518_sbom_data.json,0,0.0
0.0,20250315_1221_sbom_data.json,20250411_217_sbom_data.json,0,0.0
0.0,20250315_1221_sbom_data.json,20250408_221_sbom_data.json,0,0.0
0.0,20250315_1221_sbom_data.json,20250405_877_sbom_data.json,0,0.0
0.0,20250315_1221_sbom_data.json,20250405_1585_sbom_data.json,0,0.0
0.0,20250315_1221_sbom_data.json,20250326_674_sbom_data.json,0,0.0
0.0,20250315_1221_sbom_data.json,20250325_816_sbom_data.json,0,0.0
0.0,20250315_1221_sbom_data.json,20250323_832_sbom_data.json,0,0.0
0.0,20250315_1221_sbom_data.json,20250312_876_sbom_data.json,0,0.0
0.0,20250315_1221_sbom_data.json,20250308_1329_sbom_data.json,0,0.0
0.0,20250315_1221_sbom_data.json,20250303_1483_sbom_data.json,0,0.0
0.0,20250315_1221_sbom_data.json,20250226_192_sbom_data.json,0,0.0
0.0,20250315_1221_sbom_data.json,20250219_1451_sbom_data.json,0,0.0
0.0,20250315_1221_sbom_data.json,20250218_533_sbom_data.json,0,0.0
0.0,20250315_1221_sbom_data.json,20250217_1222_sbom_data.json,0,0.0
0.0,20250315_1221_sbom_data.json,20250216_1131_sbom_data.json,0,0.0
0.0,20250315_1221_sbom_data.json,20250215_700_sbom_data.json,0,0.0
0.0,20250315_1221_sbom_data.json,20250210_1258_sbom_data.json,0,0.0
0.0,20250315_1221_sbom_data.json,20250209_351_sbom_data.json,0,0.0
0.0,20250315_1221_sbom_data.json,20250208_1394_sbom_data.json,0,0.0
0.0,20250312_876_sbom_data.json,20250427_294_sbom_data.json,0,0.0
0.0,20250312_876_sbom_data.json,20250426_1120_sbom_data.json,0,0.0
0.0,20250312_876_sbom_data.json,20250421_528_sbom_data.json,0,0.0
0.0,20250312_876_sbom_data.json,20250417_234_sbom_data.json,0,0.0
0.0,20250312_876_sbom_data.json,20250415_1518_sbom_data.json,0,0.0
0.0,20250312_876_sbom_data.json,20250410_1473_sbom_data.json,0,0.0
0.0,20250312_876_sbom_data.json,20250407_861_sbom_data.json,0,0.0
0.0,20250312_876_sbom_data.json,20250406_1002_sbom_data.json,0,0.0
0.0,20250312_876_sbom_data.json,20250405_1585_sbom_data.json,0,0.0
0.0,20250312_876_sbom_data.json,20250402_1511_sbom_data.json,0,0.0
0.0,20250312_876_sbom_data.json,20250327_1532_sbom_data.json,0,0.0
0.0,20250312_876_sbom_data.json,20250325_816_sbom_data.json,0,0.0
0.0,20250312_876_sbom_data.json,20250317_1341_sbom_data.json,0,0.0
0.0,20250312_876_sbom_data.json,20250315_1483_sbom_data.json,0,0.0
0.0,20250312_876_sbom_data.json,20250227_1478_sbom_data.json,0,0.0
0.0,20250312_876_sbom_data.json,20250226_192_sbom_data.json,0,0.0
0.0,20250312_876_sbom_data.json,20250218_533_sbom_data.json,0,0.0
0.0,20250312_876_sbom_data.json,20250217_1561_sbom_data.json,0,0.0
0.0,20250312_876_sbom_data.json,20250217_1222_sbom_data.json,0,0.0
0.0,20250312_876_sbom_data.json,20250215_700_sbom_data.json,0,0.0
0.0,20250312_876_sbom_data.json,20250209_351_sbom_data.json,0,0.0
0.0,20250312_876_sbom_data.json,20250208_1394_sbom_data.json,0,0.0
0.0,20250312_248_sbom_data.json,20250502_jumbo_979_sbom_data.json,0,0.0
0.0,20250312_248_sbom_data.json,20250502_jumbo_9047_sbom_data.json,0,0.0
0.0,20250312_248_sbom_data.json,20250502_jumbo_6624_sbom_data.json,0,0.0
0.0,20250312_248_sbom_data.json,20250502_jumbo_3179_sbom_data.json,0,0.0
0.0,20250312_248_sbom_data.json,20250502_jumbo_2331_sbom_data.json,0,0.0
0.0,20250312_248_sbom_data.json,20250502_jumbo_14282_sbom_data.json,0,0.0
0.0,20250312_248_sbom_data.json,20250502_jumbo_13802_sbom_data.json,0,0.0
0.0,20250312_248_sbom_data.json,20250502_jumbo_13314_sbom_data.json,0,0.0
0.0,20250312_248_sbom_data.json,20250502_jumbo_12963_sbom_data.json,0,0.0
0.0,20250312_248_sbom_data.json,20250502_jumbo_11496_sbom_data.json,0,0.0
0.0,20250312_248_sbom_data.json,20250427_65_sbom_data.json,0,0.0
0.0,20250312_248_sbom_data.json,20250427_294_sbom_data.json,0,0.0
0.0,20250312_248_sbom_data.json,20250426_1545_sbom_data.json,0,0.0
0.0,20250312_248_sbom_data.json,20250426_1120_sbom_data.json,0,0.0
0.0,20250312_248_sbom_data.json,20250421_528_sbom_data.json,0,0.0
0.0,20250312_248_sbom_data.json,20250420_249_sbom_data.json,0,0.0
0.0,20250312_248_sbom_data.json,20250419_491_sbom_data.json,0,0.0
0.0,20250312_248_sbom_data.json,20250419_1455_sbom_data.json,0,0.0
0.0,20250312_248_sbom_data.json,20250418_910_sbom_data.json,0,0.0
0.0,20250312_248_sbom_data.json,20250418_1115_sbom_data.json,0,0.0
0.0,20250312_248_sbom_data.json,20250417_208_sbom_data.json,0,0.0
0.0,20250312_248_sbom_data.json,20250416_657_sbom_data.json,0,0.0
0.0,20250312_248_sbom_data.json,20250415_1518_sbom_data.json,0,0.0
0.0,20250312_248_sbom_data.json,20250414_793_sbom_data.json,0,0.0
0.0,20250312_248_sbom_data.json,20250412_1423_sbom_data.json,0,0.0
0.0,20250312_248_sbom_data.json,20250412_1361_sbom_data.json,0,0.0
0.0,20250312_248_sbom_data.json,20250411_866_sbom_data.json,0,0.0
0.0,20250312_248_sbom_data.json,20250411_217_sbom_data.json,0,0.0
0.0,20250312_248_sbom_data.json,20250410_1473_sbom_data.json,0,0.0
0.0,20250312_248_sbom_data.json,20250408_221_sbom_data.json,0,0.0
0.0,20250312_248_sbom_data.json,20250407_861_sbom_data.json,0,0.0
0.0,20250312_248_sbom_data.json,20250407_203_sbom_data.json,0,0.0
0.0,20250312_248_sbom_data.json,20250406_1002_sbom_data.json,0,0.0
0.0,20250312_248_sbom_data.json,20250405_877_sbom_data.json,0,0.0
0.0,20250312_248_sbom_data.json,20250405_1585_sbom_data.json,0,0.0
0.0,20250312_248_sbom_data.json,20250404_1683_sbom_data.json,0,0.0
0.0,20250312_248_sbom_data.json,20250402_1511_sbom_data.json,0,0.0
0.0,20250312_248_sbom_data.json,20250330_99_sbom_data.json,0,0.0
0.0,20250312_248_sbom_data.json,20250329_448_sbom_data.json,0,0.0
0.0,20250312_248_sbom_data.json,20250329_223_sbom_data.json,0,0.0
0.0,20250312_248_sbom_data.json,20250327_1532_sbom_data.json,0,0.0
0.0,20250312_248_sbom_data.json,20250327_1054_sbom_data.json,0,0.0
0.0,20250312_248_sbom_data.json,20250326_674_sbom_data.json,0,0.0
0.0,20250312_248_sbom_data.json,20250325_816_sbom_data.json,0,0.0
0.0,20250312_248_sbom_data.json,20250325_132_sbom_data.json,0,0.0
0.0,20250312_248_sbom_data.json,20250324_485_sbom_data.json,0,0.0
0.0,20250312_248_sbom_data.json,20250324_396_sbom_data.json,0,0.0
0.0,20250312_248_sbom_data.json,20250324_242_sbom_data.json,0,0.0
0.0,20250312_248_sbom_data.json,20250323_91_sbom_data.json,0,0.0
0.0,20250312_248_sbom_data.json,20250323_832_sbom_data.json,0,0.0
0.0,20250312_248_sbom_data.json,20250323_221_sbom_data.json,0,0.0
0.0,20250312_248_sbom_data.json,20250321_648_sbom_data.json,0,0.0
0.0,20250312_248_sbom_data.json,20250320_1023_sbom_data.json,0,0.0
0.0,20250312_248_sbom_data.json,20250320_100_sbom_data.json,0,0.0
0.0,20250312_248_sbom_data.json,20250319_857_sbom_data.json,0,0.0
0.0,20250312_248_sbom_data.json,20250317_1341_sbom_data.json,0,0.0
0.0,20250312_248_sbom_data.json,20250316_1292_sbom_data.json,0,0.0
0.0,20250312_248_sbom_data.json,20250315_1483_sbom_data.json,0,0.0
0.0,20250312_248_sbom_data.json,20250315_1221_sbom_data.json,0,0.0
0.0,20250312_248_sbom_data.json,20250312_876_sbom_data.json,0,0.0
0.0,20250312_248_sbom_data.json,20250311_1388_sbom_data.json,0,0.0
0.0,20250312_248_sbom_data.json,20250310_824_sbom_data.json,0,0.0
0.0,20250312_248_sbom_data.json,20250308_540_sbom_data.json,0,0.0
0.0,20250312_248_sbom_data.json,20250308_194_sbom_data.json,0,0.0
0.0,20250312_248_sbom_data.json,20250308_1329_sbom_data.json,0,0.0
0.0,20250312_248_sbom_data.json,20250308_1092_sbom_data.json,0,0.0
0.0,20250312_248_sbom_data.json,20250307_82_sbom_data.json,0,0.0
0.0,20250312_248_sbom_data.json,20250307_1428_sbom_data.json,0,0.0
0.0,20250312_248_sbom_data.json,20250307_139_sbom_data.json,0,0.0
0.0,20250312_248_sbom_data.json,20250306_771_sbom_data.json,0,0.0
0.0,20250312_248_sbom_data.json,20250306_550_sbom_data.json,0,0.0
0.0,20250312_248_sbom_data.json,20250303_1483_sbom_data.json,0,0.0
0.0,20250312_248_sbom_data.json,20250302_1466_sbom_data.json,0,0.0
0.0,20250312_248_sbom_data.json,20250301_261_sbom_data.json,0,0.0
0.0,20250312_248_sbom_data.json,20250227_1478_sbom_data.json,0,0.0
0.0,20250312_248_sbom_data.json,20250226_632_sbom_data.json,0,0.0
0.0,20250312_248_sbom_data.json,20250226_192_sbom_data.json,0,0.0
0.0,20250312_248_sbom_data.json,20250224_1367_sbom_data.json,0,0.0
0.0,20250312_248_sbom_data.json,20250219_1451_sbom_data.json,0,0.0
0.0,20250312_248_sbom_data.json,20250219_1142_sbom_data.json,0,0.0
0.0,20250312_248_sbom_data.json,20250218_533_sbom_data.json,0,0.0
0.0,20250312_248_sbom_data.json,20250217_1561_sbom_data.json,0,0.0
0.0,20250312_248_sbom_data.json,20250217_1222_sbom_data.json,0,0.0
0.0,20250312_248_sbom_data.json,20250216_1131_sbom_data.json,0,0.0
0.0,20250312_248_sbom_data.json,20250215_700_sbom_data.json,0,0.0
0.0,20250312_248_sbom_data.json,20250215_283_sbom_data.json,0,0.0
0.0,20250312_248_sbom_data.json,20250214_449_sbom_data.json,0,0.0
0.0,20250312_248_sbom_data.json,20250214_1461_sbom_data.json,0,0.0
0.0,20250312_248_sbom_data.json,20250214_1123_sbom_data.json,0,0.0
0.0,20250312_248_sbom_data.json,20250211_1366_sbom_data.json,0,0.0
0.0,20250312_248_sbom_data.json,20250210_1258_sbom_data.json,0,0.0
0.0,20250312_248_sbom_data.json,20250209_351_sbom_data.json,0,0.0
0.0,20250312_248_sbom_data.json,20250208_1394_sbom_data.json,0,0.0
0.0,20250311_1388_sbom_data.json,20250502_jumbo_9047_sbom_data.json,0,0.0
0.0,20250311_1388_sbom_data.json,20250502_jumbo_7959_sbom_data.json,0,0.0
0.0,20250311_1388_sbom_data.json,20250502_jumbo_6624_sbom_data.json,0,0.0
0.0,20250311_1388_sbom_data.json,20250502_jumbo_2331_sbom_data.json,0,0.0
0.0,20250311_1388_sbom_data.json,20250502_jumbo_11496_sbom_data.json,0,0.0
0.0,20250311_1388_sbom_data.json,20250427_294_sbom_data.json,0,0.0
0.0,20250311_1388_sbom_data.json,20250426_1545_sbom_data.json,0,0.0
0.0,20250311_1388_sbom_data.json,20250421_528_sbom_data.json,0,0.0
0.0,20250311_1388_sbom_data.json,20250419_1455_sbom_data.json,0,0.0
0.0,20250311_1388_sbom_data.json,20250418_1115_sbom_data.json,0,0.0
0.0,20250311_1388_sbom_data.json,20250417_234_sbom_data.json,0,0.0
0.0,20250311_1388_sbom_data.json,20250415_1518_sbom_data.json,0,0.0
0.0,20250311_1388_sbom_data.json,20250411_217_sbom_data.json,0,0.0
0.0,20250311_1388_sbom_data.json,20250408_221_sbom_data.json,0,0.0
0.0,20250311_1388_sbom_data.json,20250407_861_sbom_data.json,0,0.0
0.0,20250311_1388_sbom_data.json,20250406_1002_sbom_data.json,0,0.0
0.0,20250311_1388_sbom_data.json,20250405_877_sbom_data.json,0,0.0
0.0,20250311_1388_sbom_data.json,20250405_1585_sbom_data.json,0,0.0
0.0,20250311_1388_sbom_data.json,20250330_99_sbom_data.json,0,0.0
0.0,20250311_1388_sbom_data.json,20250329_448_sbom_data.json,0,0.0
0.0,20250311_1388_sbom_data.json,20250326_674_sbom_data.json,0,0.0
0.0,20250311_1388_sbom_data.json,20250325_816_sbom_data.json,0,0.0
0.0,20250311_1388_sbom_data.json,20250323_832_sbom_data.json,0,0.0
0.0,20250311_1388_sbom_data.json,20250320_100_sbom_data.json,0,0.0
0.0,20250311_1388_sbom_data.json,20250319_857_sbom_data.json,0,0.0
0.0,20250311_1388_sbom_data.json,20250317_1341_sbom_data.json,0,0.0
0.0,20250311_1388_sbom_data.json,20250315_1221_sbom_data.json,0,0.0
0.0,20250311_1388_sbom_data.json,20250312_876_sbom_data.json,0,0.0
0.0,20250311_1388_sbom_data.json,20250310_824_sbom_data.json,0,0.0
0.0,20250311_1388_sbom_data.json,20250308_1329_sbom_data.json,0,0.0
0.0,20250311_1388_sbom_data.json,20250308_1092_sbom_data.json,0,0.0
0.0,20250311_1388_sbom_data.json,20250303_1483_sbom_data.json,0,0.0
0.0,20250311_1388_sbom_data.json,20250226_192_sbom_data.json,0,0.0
0.0,20250311_1388_sbom_data.json,20250219_1451_sbom_data.json,0,0.0
0.0,20250311_1388_sbom_data.json,20250218_533_sbom_data.json,0,0.0
0.0,20250311_1388_sbom_data.json,20250217_1222_sbom_data.json,0,0.0
0.0,20250311_1388_sbom_data.json,20250216_1131_sbom_data.json,0,0.0
0.0,20250311_1388_sbom_data.json,20250215_700_sbom_data.json,0,0.0
0.0,20250311_1388_sbom_data.json,20250214_449_sbom_data.json,0,0.0
0.0,20250311_1388_sbom_data.json,20250214_1123_sbom_data.json,0,0.0
0.0,20250311_1388_sbom_data.json,20250210_1258_sbom_data.json,0,0.0
0.0,20250311_1388_sbom_data.json,20250209_351_sbom_data.json,0,0.0
0.0,20250311_1388_sbom_data.json,20250208_1394_sbom_data.json,0,0.0
0.0,20250310_824_sbom_data.json,20250502_jumbo_7959_sbom_data.json,0,0.0
0.0,20250310_824_sbom_data.json,20250502_jumbo_6624_sbom_data.json,0,0.0
0.0,20250310_824_sbom_data.json,20250502_jumbo_14282_sbom_data.json,0,0.0
0.0,20250310_824_sbom_data.json,20250502_jumbo_11496_sbom_data.json,0,0.0
0.0,20250310_824_sbom_data.json,20250427_65_sbom_data.json,0,0.0
0.0,20250310_824_sbom_data.json,20250427_294_sbom_data.json,0,0.0
0.0,20250310_824_sbom_data.json,20250426_1545_sbom_data.json,0,0.0
0.0,20250310_824_sbom_data.json,20250426_1120_sbom_data.json,0,0.0
0.0,20250310_824_sbom_data.json,20250421_528_sbom_data.json,0,0.0
0.0,20250310_824_sbom_data.json,20250419_1455_sbom_data.json,0,0.0
0.0,20250310_824_sbom_data.json,20250418_1115_sbom_data.json,0,0.0
0.0,20250310_824_sbom_data.json,20250417_234_sbom_data.json,0,0.0
0.0,20250310_824_sbom_data.json,20250415_1518_sbom_data.json,0,0.0
0.0,20250310_824_sbom_data.json,20250412_1423_sbom_data.json,0,0.0
0.0,20250310_824_sbom_data.json,20250411_217_sbom_data.json,0,0.0
0.0,20250310_824_sbom_data.json,20250410_1473_sbom_data.json,0,0.0
0.0,20250310_824_sbom_data.json,20250408_221_sbom_data.json,0,0.0
0.0,20250310_824_sbom_data.json,20250407_861_sbom_data.json,0,0.0
0.0,20250310_824_sbom_data.json,20250406_1002_sbom_data.json,0,0.0
0.0,20250310_824_sbom_data.json,20250405_877_sbom_data.json,0,0.0
0.0,20250310_824_sbom_data.json,20250405_1585_sbom_data.json,0,0.0
0.0,20250310_824_sbom_data.json,20250404_1683_sbom_data.json,0,0.0
0.0,20250310_824_sbom_data.json,20250402_1511_sbom_data.json,0,0.0
0.0,20250310_824_sbom_data.json,20250329_448_sbom_data.json,0,0.0
0.0,20250310_824_sbom_data.json,20250329_223_sbom_data.json,0,0.0
0.0,20250310_824_sbom_data.json,20250327_1532_sbom_data.json,0,0.0
0.0,20250310_824_sbom_data.json,20250326_674_sbom_data.json,0,0.0
0.0,20250310_824_sbom_data.json,20250325_816_sbom_data.json,0,0.0
0.0,20250310_824_sbom_data.json,20250323_91_sbom_data.json,0,0.0
0.0,20250310_824_sbom_data.json,20250323_832_sbom_data.json,0,0.0
0.0,20250310_824_sbom_data.json,20250319_857_sbom_data.json,0,0.0
0.0,20250310_824_sbom_data.json,20250317_1341_sbom_data.json,0,0.0
0.0,20250310_824_sbom_data.json,20250316_1292_sbom_data.json,0,0.0
0.0,20250310_824_sbom_data.json,20250315_1483_sbom_data.json,0,0.0
0.0,20250310_824_sbom_data.json,20250315_1221_sbom_data.json,0,0.0
0.0,20250310_824_sbom_data.json,20250312_876_sbom_data.json,0,0.0
0.0,20250310_824_sbom_data.json,20250308_194_sbom_data.json,0,0.0
0.0,20250310_824_sbom_data.json,20250308_1329_sbom_data.json,0,0.0
0.0,20250310_824_sbom_data.json,20250308_1092_sbom_data.json,0,0.0
0.0,20250310_824_sbom_data.json,20250307_82_sbom_data.json,0,0.0
0.0,20250310_824_sbom_data.json,20250303_1483_sbom_data.json,0,0.0
0.0,20250310_824_sbom_data.json,20250302_1466_sbom_data.json,0,0.0
0.0,20250310_824_sbom_data.json,20250301_261_sbom_data.json,0,0.0
0.0,20250310_824_sbom_data.json,20250227_1478_sbom_data.json,0,0.0
0.0,20250310_824_sbom_data.json,20250226_192_sbom_data.json,0,0.0
0.0,20250310_824_sbom_data.json,20250219_1451_sbom_data.json,0,0.0
0.0,20250310_824_sbom_data.json,20250218_533_sbom_data.json,0,0.0
0.0,20250310_824_sbom_data.json,20250217_1561_sbom_data.json,0,0.0
0.0,20250310_824_sbom_data.json,20250217_1222_sbom_data.json,0,0.0
0.0,20250310_824_sbom_data.json,20250216_1131_sbom_data.json,0,0.0
0.0,20250310_824_sbom_data.json,20250215_700_sbom_data.json,0,0.0
0.0,20250310_824_sbom_data.json,20250214_449_sbom_data.json,0,0.0
0.0,20250310_824_sbom_data.json,20250214_1123_sbom_data.json,0,0.0
0.0,20250310_824_sbom_data.json,20250210_1258_sbom_data.json,0,0.0
0.0,20250310_824_sbom_data.json,20250209_351_sbom_data.json,0,0.0
0.0,20250310_824_sbom_data.json,20250208_1394_sbom_data.json,0,0.0
0.0,20250308_540_sbom_data.json,20250502_jumbo_9047_sbom_data.json,0,0.0
0.0,20250308_540_sbom_data.json,20250502_jumbo_7959_sbom_data.json,0,0.0
0.0,20250308_540_sbom_data.json,20250502_jumbo_6624_sbom_data.json,0,0.0
0.0,20250308_540_sbom_data.json,20250502_jumbo_2331_sbom_data.json,0,0.0
0.0,20250308_540_sbom_data.json,20250502_jumbo_14282_sbom_data.json,0,0.0
0.0,20250308_540_sbom_data.json,20250502_jumbo_13802_sbom_data.json,0,0.0
0.0,20250308_540_sbom_data.json,20250502_jumbo_12963_sbom_data.json,0,0.0
0.0,20250308_540_sbom_data.json,20250502_jumbo_11496_sbom_data.json,0,0.0
0.0,20250308_540_sbom_data.json,20250502_jumbo_10892_sbom_data.json,0,0.0
0.0,20250308_540_sbom_data.json,20250427_65_sbom_data.json,0,0.0
0.0,20250308_540_sbom_data.json,20250427_294_sbom_data.json,0,0.0
0.0,20250308_540_sbom_data.json,20250426_1545_sbom_data.json,0,0.0
0.0,20250308_540_sbom_data.json,20250421_528_sbom_data.json,0,0.0
0.0,20250308_540_sbom_data.json,20250420_249_sbom_data.json,0,0.0
0.0,20250308_540_sbom_data.json,20250419_1455_sbom_data.json,0,0.0
0.0,20250308_540_sbom_data.json,20250418_1115_sbom_data.json,0,0.0
0.0,20250308_540_sbom_data.json,20250417_208_sbom_data.json,0,0.0
0.0,20250308_540_sbom_data.json,20250416_657_sbom_data.json,0,0.0
0.0,20250308_540_sbom_data.json,20250415_1518_sbom_data.json,0,0.0
0.0,20250308_540_sbom_data.json,20250414_793_sbom_data.json,0,0.0
0.0,20250308_540_sbom_data.json,20250412_1423_sbom_data.json,0,0.0
0.0,20250308_540_sbom_data.json,20250412_1361_sbom_data.json,0,0.0
0.0,20250308_540_sbom_data.json,20250411_866_sbom_data.json,0,0.0
0.0,20250308_540_sbom_data.json,20250411_217_sbom_data.json,0,0.0
0.0,20250308_540_sbom_data.json,20250410_1473_sbom_data.json,0,0.0
0.0,20250308_540_sbom_data.json,20250408_221_sbom_data.json,0,0.0
0.0,20250308_540_sbom_data.json,20250405_877_sbom_data.json,0,0.0
0.0,20250308_540_sbom_data.json,20250405_1585_sbom_data.json,0,0.0
0.0,20250308_540_sbom_data.json,20250404_1683_sbom_data.json,0,0.0
0.0,20250308_540_sbom_data.json,20250402_1511_sbom_data.json,0,0.0
0.0,20250308_540_sbom_data.json,20250330_99_sbom_data.json,0,0.0
0.0,20250308_540_sbom_data.json,20250329_223_sbom_data.json,0,0.0
0.0,20250308_540_sbom_data.json,20250327_1054_sbom_data.json,0,0.0
0.0,20250308_540_sbom_data.json,20250326_674_sbom_data.json,0,0.0
0.0,20250308_540_sbom_data.json,20250325_816_sbom_data.json,0,0.0
0.0,20250308_540_sbom_data.json,20250325_132_sbom_data.json,0,0.0
0.0,20250308_540_sbom_data.json,20250324_485_sbom_data.json,0,0.0
0.0,20250308_540_sbom_data.json,20250324_396_sbom_data.json,0,0.0
0.0,20250308_540_sbom_data.json,20250324_242_sbom_data.json,0,0.0
0.0,20250308_540_sbom_data.json,20250323_832_sbom_data.json,0,0.0
0.0,20250308_540_sbom_data.json,20250323_221_sbom_data.json,0,0.0
0.0,20250308_540_sbom_data.json,20250322_241_sbom_data.json,0,0.0
0.0,20250308_540_sbom_data.json,20250321_648_sbom_data.json,0,0.0
0.0,20250308_540_sbom_data.json,20250320_1023_sbom_data.json,0,0.0
0.0,20250308_540_sbom_data.json,20250320_100_sbom_data.json,0,0.0
0.0,20250308_540_sbom_data.json,20250317_1341_sbom_data.json,0,0.0
0.0,20250308_540_sbom_data.json,20250316_1292_sbom_data.json,0,0.0
0.0,20250308_540_sbom_data.json,20250312_876_sbom_data.json,0,0.0
0.0,20250308_540_sbom_data.json,20250311_1388_sbom_data.json,0,0.0
0.0,20250308_540_sbom_data.json,20250310_824_sbom_data.json,0,0.0
0.0,20250308_540_sbom_data.json,20250308_1329_sbom_data.json,0,0.0
0.0,20250308_540_sbom_data.json,20250307_1428_sbom_data.json,0,0.0
0.0,20250308_540_sbom_data.json,20250306_771_sbom_data.json,0,0.0
0.0,20250308_540_sbom_data.json,20250303_1483_sbom_data.json,0,0.0
0.0,20250308_540_sbom_data.json,20250302_1466_sbom_data.json,0,0.0
0.0,20250308_540_sbom_data.json,20250227_1478_sbom_data.json,0,0.0
0.0,20250308_540_sbom_data.json,20250227_1133_sbom_data.json,0,0.0
0.0,20250308_540_sbom_data.json,20250226_632_sbom_data.json,0,0.0
0.0,20250308_540_sbom_data.json,20250226_192_sbom_data.json,0,0.0
0.0,20250308_540_sbom_data.json,20250224_1367_sbom_data.json,0,0.0
0.0,20250308_540_sbom_data.json,20250219_1451_sbom_data.json,0,0.0
0.0,20250308_540_sbom_data.json,20250219_1142_sbom_data.json,0,0.0
0.0,20250308_540_sbom_data.json,20250218_533_sbom_data.json,0,0.0
0.0,20250308_540_sbom_data.json,20250217_1561_sbom_data.json,0,0.0
0.0,20250308_540_sbom_data.json,20250217_1222_sbom_data.json,0,0.0
0.0,20250308_540_sbom_data.json,20250216_1131_sbom_data.json,0,0.0
0.0,20250308_540_sbom_data.json,20250215_700_sbom_data.json,0,0.0
0.0,20250308_540_sbom_data.json,20250214_1461_sbom_data.json,0,0.0
0.0,20250308_540_sbom_data.json,20250214_1123_sbom_data.json,0,0.0
0.0,20250308_540_sbom_data.json,20250210_1258_sbom_data.json,0,0.0
0.0,20250308_540_sbom_data.json,20250209_351_sbom_data.json,0,0.0
0.0,20250308_540_sbom_data.json,20250208_1394_sbom_data.json,0,0.0
0.0,20250308_194_sbom_data.json,20250427_294_sbom_data.json,0,0.0
0.0,20250308_194_sbom_data.json,20250421_528_sbom_data.json,0,0.0
0.0,20250308_194_sbom_data.json,20250415_1518_sbom_data.json,0,0.0
0.0,20250308_194_sbom_data.json,20250405_1585_sbom_data.json,0,0.0
0.0,20250308_194_sbom_data.json,20250325_816_sbom_data.json,0,0.0
0.0,20250308_194_sbom_data.json,20250312_876_sbom_data.json,0,0.0
0.0,20250308_194_sbom_data.json,20250226_192_sbom_data.json,0,0.0
0.0,20250308_194_sbom_data.json,20250219_1451_sbom_data.json,0,0.0
0.0,20250308_194_sbom_data.json,20250218_533_sbom_data.json,0,0.0
0.0,20250308_194_sbom_data.json,20250217_1222_sbom_data.json,0,0.0
0.0,20250308_194_sbom_data.json,20250215_700_sbom_data.json,0,0.0
0.0,20250308_194_sbom_data.json,20250214_1123_sbom_data.json,0,0.0
0.0,20250308_194_sbom_data.json,20250209_351_sbom_data.json,0,0.0
0.0,20250308_194_sbom_data.json,20250208_1394_sbom_data.json,0,0.0
0.0,20250308_1329_sbom_data.json,20250502_jumbo_6624_sbom_data.json,0,0.0
0.0,20250308_1329_sbom_data.json,20250502_jumbo_2331_sbom_data.json,0,0.0
0.0,20250308_1329_sbom_data.json,20250502_jumbo_14282_sbom_data.json,0,0.0
0.0,20250308_1329_sbom_data.json,20250502_jumbo_11496_sbom_data.json,0,0.0
0.0,20250308_1329_sbom_data.json,20250427_65_sbom_data.json,0,0.0
0.0,20250308_1329_sbom_data.json,20250427_294_sbom_data.json,0,0.0
0.0,20250308_1329_sbom_data.json,20250426_1545_sbom_data.json,0,0.0
0.0,20250308_1329_sbom_data.json,20250426_1120_sbom_data.json,0,0.0
0.0,20250308_1329_sbom_data.json,20250421_528_sbom_data.json,0,0.0
0.0,20250308_1329_sbom_data.json,20250418_1115_sbom_data.json,0,0.0
0.0,20250308_1329_sbom_data.json,20250417_234_sbom_data.json,0,0.0
0.0,20250308_1329_sbom_data.json,20250415_1518_sbom_data.json,0,0.0
0.0,20250308_1329_sbom_data.json,20250412_1423_sbom_data.json,0,0.0
0.0,20250308_1329_sbom_data.json,20250411_217_sbom_data.json,0,0.0
0.0,20250308_1329_sbom_data.json,20250410_1473_sbom_data.json,0,0.0
0.0,20250308_1329_sbom_data.json,20250407_861_sbom_data.json,0,0.0
0.0,20250308_1329_sbom_data.json,20250406_1002_sbom_data.json,0,0.0
0.0,20250308_1329_sbom_data.json,20250405_877_sbom_data.json,0,0.0
0.0,20250308_1329_sbom_data.json,20250405_1585_sbom_data.json,0,0.0
0.0,20250308_1329_sbom_data.json,20250404_1683_sbom_data.json,0,0.0
0.0,20250308_1329_sbom_data.json,20250402_1511_sbom_data.json,0,0.0
0.0,20250308_1329_sbom_data.json,20250329_448_sbom_data.json,0,0.0
0.0,20250308_1329_sbom_data.json,20250329_223_sbom_data.json,0,0.0
0.0,20250308_1329_sbom_data.json,20250327_1532_sbom_data.json,0,0.0
0.0,20250308_1329_sbom_data.json,20250325_816_sbom_data.json,0,0.0
0.0,20250308_1329_sbom_data.json,20250323_832_sbom_data.json,0,0.0
0.0,20250308_1329_sbom_data.json,20250319_857_sbom_data.json,0,0.0
0.0,20250308_1329_sbom_data.json,20250317_1341_sbom_data.json,0,0.0
0.0,20250308_1329_sbom_data.json,20250315_1483_sbom_data.json,0,0.0
0.0,20250308_1329_sbom_data.json,20250312_876_sbom_data.json,0,0.0
0.0,20250308_1329_sbom_data.json,20250308_194_sbom_data.json,0,0.0
0.0,20250308_1329_sbom_data.json,20250307_82_sbom_data.json,0,0.0
0.0,20250308_1329_sbom_data.json,20250302_1466_sbom_data.json,0,0.0
0.0,20250308_1329_sbom_data.json,20250301_261_sbom_data.json,0,0.0
0.0,20250308_1329_sbom_data.json,20250227_1478_sbom_data.json,0,0.0
0.0,20250308_1329_sbom_data.json,20250226_192_sbom_data.json,0,0.0
0.0,20250308_1329_sbom_data.json,20250219_1451_sbom_data.json,0,0.0
0.0,20250308_1329_sbom_data.json,20250218_533_sbom_data.json,0,0.0
0.0,20250308_1329_sbom_data.json,20250217_1561_sbom_data.json,0,0.0
0.0,20250308_1329_sbom_data.json,20250217_1222_sbom_data.json,0,0.0
0.0,20250308_1329_sbom_data.json,20250216_1131_sbom_data.json,0,0.0
0.0,20250308_1329_sbom_data.json,20250215_700_sbom_data.json,0,0.0
0.0,20250308_1329_sbom_data.json,20250214_449_sbom_data.json,0,0.0
0.0,20250308_1329_sbom_data.json,20250214_1123_sbom_data.json,0,0.0
0.0,20250308_1329_sbom_data.json,20250210_1258_sbom_data.json,0,0.0
0.0,20250308_1329_sbom_data.json,20250209_351_sbom_data.json,0,0.0
0.0,20250308_1329_sbom_data.json,20250208_1394_sbom_data.json,0,0.0
0.0,20250308_1092_sbom_data.json,20250502_jumbo_6624_sbom_data.json,0,0.0
0.0,20250308_1092_sbom_data.json,20250502_jumbo_2331_sbom_data.json,0,0.0
0.0,20250308_1092_sbom_data.json,20250502_jumbo_11496_sbom_data.json,0,0.0
0.0,20250308_1092_sbom_data.json,20250427_65_sbom_data.json,0,0.0
0.0,20250308_1092_sbom_data.json,20250427_294_sbom_data.json,0,0.0
0.0,20250308_1092_sbom_data.json,20250426_1545_sbom_data.json,0,0.0
0.0,20250308_1092_sbom_data.json,20250421_528_sbom_data.json,0,0.0
0.0,20250308_1092_sbom_data.json,20250418_1115_sbom_data.json,0,0.0
0.0,20250308_1092_sbom_data.json,20250415_1518_sbom_data.json,0,0.0
0.0,20250308_1092_sbom_data.json,20250411_217_sbom_data.json,0,0.0
0.0,20250308_1092_sbom_data.json,20250405_877_sbom_data.json,0,0.0
0.0,20250308_1092_sbom_data.json,20250405_1585_sbom_data.json,0,0.0
0.0,20250308_1092_sbom_data.json,20250404_1683_sbom_data.json,0,0.0
0.0,20250308_1092_sbom_data.json,20250326_674_sbom_data.json,0,0.0
0.0,20250308_1092_sbom_data.json,20250325_816_sbom_data.json,0,0.0
0.0,20250308_1092_sbom_data.json,20250323_832_sbom_data.json,0,0.0
0.0,20250308_1092_sbom_data.json,20250312_876_sbom_data.json,0,0.0
0.0,20250308_1092_sbom_data.json,20250308_1329_sbom_data.json,0,0.0
0.0,20250308_1092_sbom_data.json,20250226_192_sbom_data.json,0,0.0
0.0,20250308_1092_sbom_data.json,20250219_1451_sbom_data.json,0,0.0
0.0,20250308_1092_sbom_data.json,20250218_533_sbom_data.json,0,0.0
0.0,20250308_1092_sbom_data.json,20250217_1222_sbom_data.json,0,0.0
0.0,20250308_1092_sbom_data.json,20250216_1131_sbom_data.json,0,0.0
0.0,20250308_1092_sbom_data.json,20250215_700_sbom_data.json,0,0.0
0.0,20250308_1092_sbom_data.json,20250214_1123_sbom_data.json,0,0.0
0.0,20250308_1092_sbom_data.json,20250210_1258_sbom_data.json,0,0.0
0.0,20250308_1092_sbom_data.json,20250209_351_sbom_data.json,0,0.0
0.0,20250308_1092_sbom_data.json,20250208_1394_sbom_data.json,0,0.0
0.0,20250307_82_sbom_data.json,20250427_294_sbom_data.json,0,0.0
0.0,20250307_82_sbom_data.json,20250421_528_sbom_data.json,0,0.0
0.0,20250307_82_sbom_data.json,20250415_1518_sbom_data.json,0,0.0
0.0,20250307_82_sbom_data.json,20250405_1585_sbom_data.json,0,0.0
0.0,20250307_82_sbom_data.json,20250325_816_sbom_data.json,0,0.0
0.0,20250307_82_sbom_data.json,20250312_876_sbom_data.json,0,0.0
0.0,20250307_82_sbom_data.json,20250226_192_sbom_data.json,0,0.0
0.0,20250307_82_sbom_data.json,20250219_1451_sbom_data.json,0,0.0
0.0,20250307_82_sbom_data.json,20250218_533_sbom_data.json,0,0.0
0.0,20250307_82_sbom_data.json,20250217_1222_sbom_data.json,0,0.0
0.0,20250307_82_sbom_data.json,20250215_700_sbom_data.json,0,0.0
0.0,20250307_82_sbom_data.json,20250214_1123_sbom_data.json,0,0.0
0.0,20250307_82_sbom_data.json,20250209_351_sbom_data.json,0,0.0
0.0,20250307_82_sbom_data.json,20250208_1394_sbom_data.json,0,0.0
0.0,20250307_1428_sbom_data.json,20250502_jumbo_9047_sbom_data.json,0,0.0
0.0,20250307_1428_sbom_data.json,20250502_jumbo_7959_sbom_data.json,0,0.0
0.0,20250307_1428_sbom_data.json,20250502_jumbo_2331_sbom_data.json,0,0.0
0.0,20250307_1428_sbom_data.json,20250502_jumbo_14282_sbom_data.json,0,0.0
0.0,20250307_1428_sbom_data.json,20250502_jumbo_13802_sbom_data.json,0,0.0
0.0,20250307_1428_sbom_data.json,20250502_jumbo_13314_sbom_data.json,0,0.0
0.0,20250307_1428_sbom_data.json,20250427_65_sbom_data.json,0,0.0
0.0,20250307_1428_sbom_data.json,20250427_294_sbom_data.json,0,0.0
0.0,20250307_1428_sbom_data.json,20250426_1545_sbom_data.json,0,0.0
0.0,20250307_1428_sbom_data.json,20250426_1120_sbom_data.json,0,0.0
0.0,20250307_1428_sbom_data.json,20250421_528_sbom_data.json,0,0.0
0.0,20250307_1428_sbom_data.json,20250420_249_sbom_data.json,0,0.0
0.0,20250307_1428_sbom_data.json,20250419_1455_sbom_data.json,0,0.0
0.0,20250307_1428_sbom_data.json,20250418_910_sbom_data.json,0,0.0
0.0,20250307_1428_sbom_data.json,20250418_1115_sbom_data.json,0,0.0
0.0,20250307_1428_sbom_data.json,20250417_234_sbom_data.json,0,0.0
0.0,20250307_1428_sbom_data.json,20250417_208_sbom_data.json,0,0.0
0.0,20250307_1428_sbom_data.json,20250415_1518_sbom_data.json,0,0.0
0.0,20250307_1428_sbom_data.json,20250412_1423_sbom_data.json,0,0.0
0.0,20250307_1428_sbom_data.json,20250412_1361_sbom_data.json,0,0.0
0.0,20250307_1428_sbom_data.json,20250411_217_sbom_data.json,0,0.0
0.0,20250307_1428_sbom_data.json,20250410_1473_sbom_data.json,0,0.0
0.0,20250307_1428_sbom_data.json,20250408_221_sbom_data.json,0,0.0
0.0,20250307_1428_sbom_data.json,20250407_861_sbom_data.json,0,0.0
0.0,20250307_1428_sbom_data.json,20250407_203_sbom_data.json,0,0.0
0.0,20250307_1428_sbom_data.json,20250406_1002_sbom_data.json,0,0.0
0.0,20250307_1428_sbom_data.json,20250405_877_sbom_data.json,0,0.0
0.0,20250307_1428_sbom_data.json,20250405_1585_sbom_data.json,0,0.0
0.0,20250307_1428_sbom_data.json,20250404_1683_sbom_data.json,0,0.0
0.0,20250307_1428_sbom_data.json,20250402_1511_sbom_data.json,0,0.0
0.0,20250307_1428_sbom_data.json,20250330_99_sbom_data.json,0,0.0
0.0,20250307_1428_sbom_data.json,20250329_448_sbom_data.json,0,0.0
0.0,20250307_1428_sbom_data.json,20250329_223_sbom_data.json,0,0.0
0.0,20250307_1428_sbom_data.json,20250327_1532_sbom_data.json,0,0.0
0.0,20250307_1428_sbom_data.json,20250327_1054_sbom_data.json,0,0.0
0.0,20250307_1428_sbom_data.json,20250326_674_sbom_data.json,0,0.0
0.0,20250307_1428_sbom_data.json,20250325_816_sbom_data.json,0,0.0
0.0,20250307_1428_sbom_data.json,20250325_132_sbom_data.json,0,0.0
0.0,20250307_1428_sbom_data.json,20250324_396_sbom_data.json,0,0.0
0.0,20250307_1428_sbom_data.json,20250323_91_sbom_data.json,0,0.0
0.0,20250307_1428_sbom_data.json,20250323_832_sbom_data.json,0,0.0
0.0,20250307_1428_sbom_data.json,20250323_221_sbom_data.json,0,0.0
0.0,20250307_1428_sbom_data.json,20250321_648_sbom_data.json,0,0.0
0.0,20250307_1428_sbom_data.json,20250320_100_sbom_data.json,0,0.0
0.0,20250307_1428_sbom_data.json,20250319_857_sbom_data.json,0,0.0
0.0,20250307_1428_sbom_data.json,20250317_1341_sbom_data.json,0,0.0
0.0,20250307_1428_sbom_data.json,20250316_1292_sbom_data.json,0,0.0
0.0,20250307_1428_sbom_data.json,20250315_1483_sbom_data.json,0,0.0
0.0,20250307_1428_sbom_data.json,20250315_1221_sbom_data.json,0,0.0
0.0,20250307_1428_sbom_data.json,20250312_876_sbom_data.json,0,0.0
0.0,20250307_1428_sbom_data.json,20250311_1388_sbom_data.json,0,0.0
0.0,20250307_1428_sbom_data.json,20250310_824_sbom_data.json,0,0.0
0.0,20250307_1428_sbom_data.json,20250308_194_sbom_data.json,0,0.0
0.0,20250307_1428_sbom_data.json,20250308_1329_sbom_data.json,0,0.0
0.0,20250307_1428_sbom_data.json,20250308_1092_sbom_data.json,0,0.0
0.0,20250307_1428_sbom_data.json,20250307_82_sbom_data.json,0,0.0
0.0,20250307_1428_sbom_data.json,20250306_771_sbom_data.json,0,0.0
0.0,20250307_1428_sbom_data.json,20250303_1483_sbom_data.json,0,0.0
0.0,20250307_1428_sbom_data.json,20250302_1466_sbom_data.json,0,0.0
0.0,20250307_1428_sbom_data.json,20250301_261_sbom_data.json,0,0.0
0.0,20250307_1428_sbom_data.json,20250227_1478_sbom_data.json,0,0.0
0.0,20250307_1428_sbom_data.json,20250227_1133_sbom_data.json,0,0.0
0.0,20250307_1428_sbom_data.json,20250226_632_sbom_data.json,0,0.0
0.0,20250307_1428_sbom_data.json,20250226_192_sbom_data.json,0,0.0
0.0,20250307_1428_sbom_data.json,20250224_1367_sbom_data.json,0,0.0
0.0,20250307_1428_sbom_data.json,20250219_1451_sbom_data.json,0,0.0
0.0,20250307_1428_sbom_data.json,20250218_533_sbom_data.json,0,0.0
0.0,20250307_1428_sbom_data.json,20250217_1561_sbom_data.json,0,0.0
0.0,20250307_1428_sbom_data.json,20250217_1222_sbom_data.json,0,0.0
0.0,20250307_1428_sbom_data.json,20250216_1131_sbom_data.json,0,0.0
0.0,20250307_1428_sbom_data.json,20250215_700_sbom_data.json,0,0.0
0.0,20250307_1428_sbom_data.json,20250215_283_sbom_data.json,0,0.0
0.0,20250307_1428_sbom_data.json,20250214_449_sbom_data.json,0,0.0
0.0,20250307_1428_sbom_data.json,20250214_1123_sbom_data.json,0,0.0
0.0,20250307_1428_sbom_data.json,20250210_1258_sbom_data.json,0,0.0
0.0,20250307_1428_sbom_data.json,20250209_351_sbom_data.json,0,0.0
0.0,20250307_1428_sbom_data.json,20250208_1394_sbom_data.json,0,0.0
0.0,20250307_139_sbom_data.json,20250502_jumbo_9047_sbom_data.json,0,0.0
0.0,20250307_139_sbom_data.json,20250502_jumbo_7959_sbom_data.json,0,0.0
0.0,20250307_139_sbom_data.json,20250502_jumbo_6624_sbom_data.json,0,0.0
0.0,20250307_139_sbom_data.json,20250502_jumbo_2331_sbom_data.json,0,0.0
0.0,20250307_139_sbom_data.json,20250502_jumbo_11496_sbom_data.json,0,0.0
0.0,20250307_139_sbom_data.json,20250427_65_sbom_data.json,0,0.0
0.0,20250307_139_sbom_data.json,20250427_294_sbom_data.json,0,0.0
0.0,20250307_139_sbom_data.json,20250426_1545_sbom_data.json,0,0.0
0.0,20250307_139_sbom_data.json,20250421_528_sbom_data.json,0,0.0
0.0,20250307_139_sbom_data.json,20250419_1455_sbom_data.json,0,0.0
0.0,20250307_139_sbom_data.json,20250418_1115_sbom_data.json,0,0.0
0.0,20250307_139_sbom_data.json,20250417_208_sbom_data.json,0,0.0
0.0,20250307_139_sbom_data.json,20250416_657_sbom_data.json,0,0.0
0.0,20250307_139_sbom_data.json,20250415_1518_sbom_data.json,0,0.0
0.0,20250307_139_sbom_data.json,20250414_793_sbom_data.json,0,0.0
0.0,20250307_139_sbom_data.json,20250412_1361_sbom_data.json,0,0.0
0.0,20250307_139_sbom_data.json,20250411_866_sbom_data.json,0,0.0
0.0,20250307_139_sbom_data.json,20250411_217_sbom_data.json,0,0.0
0.0,20250307_139_sbom_data.json,20250408_221_sbom_data.json,0,0.0
0.0,20250307_139_sbom_data.json,20250405_877_sbom_data.json,0,0.0
0.0,20250307_139_sbom_data.json,20250405_1585_sbom_data.json,0,0.0
0.0,20250307_139_sbom_data.json,20250330_99_sbom_data.json,0,0.0
0.0,20250307_139_sbom_data.json,20250327_1054_sbom_data.json,0,0.0
0.0,20250307_139_sbom_data.json,20250326_674_sbom_data.json,0,0.0
0.0,20250307_139_sbom_data.json,20250325_816_sbom_data.json,0,0.0
0.0,20250307_139_sbom_data.json,20250325_132_sbom_data.json,0,0.0
0.0,20250307_139_sbom_data.json,20250324_485_sbom_data.json,0,0.0
0.0,20250307_139_sbom_data.json,20250324_396_sbom_data.json,0,0.0
0.0,20250307_139_sbom_data.json,20250324_242_sbom_data.json,0,0.0
0.0,20250307_139_sbom_data.json,20250323_832_sbom_data.json,0,0.0
0.0,20250307_139_sbom_data.json,20250323_221_sbom_data.json,0,0.0
0.0,20250307_139_sbom_data.json,20250322_241_sbom_data.json,0,0.0
0.0,20250307_139_sbom_data.json,20250321_648_sbom_data.json,0,0.0
0.0,20250307_139_sbom_data.json,20250312_876_sbom_data.json,0,0.0
0.0,20250307_139_sbom_data.json,20250310_824_sbom_data.json,0,0.0
0.0,20250307_139_sbom_data.json,20250308_1329_sbom_data.json,0,0.0
0.0,20250307_139_sbom_data.json,20250307_1428_sbom_data.json,0,0.0
0.0,20250307_139_sbom_data.json,20250306_771_sbom_data.json,0,0.0
0.0,20250307_139_sbom_data.json,20250303_1483_sbom_data.json,0,0.0
0.0,20250307_139_sbom_data.json,20250227_1133_sbom_data.json,0,0.0
0.0,20250307_139_sbom_data.json,20250226_192_sbom_data.json,0,0.0
0.0,20250307_139_sbom_data.json,20250224_1367_sbom_data.json,0,0.0
0.0,20250307_139_sbom_data.json,20250219_1451_sbom_data.json,0,0.0
0.0,20250307_139_sbom_data.json,20250219_1142_sbom_data.json,0,0.0
0.0,20250307_139_sbom_data.json,20250218_533_sbom_data.json,0,0.0
0.0,20250307_139_sbom_data.json,20250217_1222_sbom_data.json,0,0.0
0.0,20250307_139_sbom_data.json,20250216_1131_sbom_data.json,0,0.0
0.0,20250307_139_sbom_data.json,20250215_700_sbom_data.json,0,0.0
0.0,20250307_139_sbom_data.json,20250214_1461_sbom_data.json,0,0.0
0.0,20250307_139_sbom_data.json,20250210_1258_sbom_data.json,0,0.0
0.0,20250307_139_sbom_data.json,20250209_351_sbom_data.json,0,0.0
0.0,20250307_139_sbom_data.json,20250208_1394_sbom_data.json,0,0.0
0.0,20250306_771_sbom_data.json,20250502_jumbo_9047_sbom_data.json,0,0.0
0.0,20250306_771_sbom_data.json,20250502_jumbo_7959_sbom_data.json,0,0.0
0.0,20250306_771_sbom_data.json,20250502_jumbo_6624_sbom_data.json,0,0.0
0.0,20250306_771_sbom_data.json,20250502_jumbo_14282_sbom_data.json,0,0.0
0.0,20250306_771_sbom_data.json,20250502_jumbo_13802_sbom_data.json,0,0.0
0.0,20250306_771_sbom_data.json,20250502_jumbo_13314_sbom_data.json,0,0.0
0.0,20250306_771_sbom_data.json,20250502_jumbo_11496_sbom_data.json,0,0.0
0.0,20250306_771_sbom_data.json,20250427_65_sbom_data.json,0,0.0
0.0,20250306_771_sbom_data.json,20250427_294_sbom_data.json,0,0.0
0.0,20250306_771_sbom_data.json,20250426_1545_sbom_data.json,0,0.0
0.0,20250306_771_sbom_data.json,20250426_1120_sbom_data.json,0,0.0
0.0,20250306_771_sbom_data.json,20250421_528_sbom_data.json,0,0.0
0.0,20250306_771_sbom_data.json,20250419_1455_sbom_data.json,0,0.0
0.0,20250306_771_sbom_data.json,20250418_910_sbom_data.json,0,0.0
0.0,20250306_771_sbom_data.json,20250417_234_sbom_data.json,0,0.0
0.0,20250306_771_sbom_data.json,20250417_208_sbom_data.json,0,0.0
0.0,20250306_771_sbom_data.json,20250415_1518_sbom_data.json,0,0.0
0.0,20250306_771_sbom_data.json,20250412_1423_sbom_data.json,0,0.0
0.0,20250306_771_sbom_data.json,20250412_1361_sbom_data.json,0,0.0
0.0,20250306_771_sbom_data.json,20250411_217_sbom_data.json,0,0.0
0.0,20250306_771_sbom_data.json,20250410_1473_sbom_data.json,0,0.0
0.0,20250306_771_sbom_data.json,20250408_221_sbom_data.json,0,0.0
0.0,20250306_771_sbom_data.json,20250407_861_sbom_data.json,0,0.0
0.0,20250306_771_sbom_data.json,20250407_203_sbom_data.json,0,0.0
0.0,20250306_771_sbom_data.json,20250406_1002_sbom_data.json,0,0.0
0.0,20250306_771_sbom_data.json,20250405_877_sbom_data.json,0,0.0
0.0,20250306_771_sbom_data.json,20250405_1585_sbom_data.json,0,0.0
0.0,20250306_771_sbom_data.json,20250404_1683_sbom_data.json,0,0.0
0.0,20250306_771_sbom_data.json,20250402_1511_sbom_data.json,0,0.0
0.0,20250306_771_sbom_data.json,20250330_99_sbom_data.json,0,0.0
0.0,20250306_771_sbom_data.json,20250329_448_sbom_data.json,0,0.0
0.0,20250306_771_sbom_data.json,20250329_223_sbom_data.json,0,0.0
0.0,20250306_771_sbom_data.json,20250327_1532_sbom_data.json,0,0.0
0.0,20250306_771_sbom_data.json,20250327_1054_sbom_data.json,0,0.0
0.0,20250306_771_sbom_data.json,20250326_674_sbom_data.json,0,0.0
0.0,20250306_771_sbom_data.json,20250325_816_sbom_data.json,0,0.0
0.0,20250306_771_sbom_data.json,20250325_132_sbom_data.json,0,0.0
0.0,20250306_771_sbom_data.json,20250323_91_sbom_data.json,0,0.0
0.0,20250306_771_sbom_data.json,20250323_832_sbom_data.json,0,0.0
0.0,20250306_771_sbom_data.json,20250320_100_sbom_data.json,0,0.0
0.0,20250306_771_sbom_data.json,20250319_857_sbom_data.json,0,0.0
0.0,20250306_771_sbom_data.json,20250317_1341_sbom_data.json,0,0.0
0.0,20250306_771_sbom_data.json,20250316_1292_sbom_data.json,0,0.0
0.0,20250306_771_sbom_data.json,20250315_1483_sbom_data.json,0,0.0
0.0,20250306_771_sbom_data.json,20250315_1221_sbom_data.json,0,0.0
0.0,20250306_771_sbom_data.json,20250312_876_sbom_data.json,0,0.0
0.0,20250306_771_sbom_data.json,20250311_1388_sbom_data.json,0,0.0
0.0,20250306_771_sbom_data.json,20250308_194_sbom_data.json,0,0.0
0.0,20250306_771_sbom_data.json,20250308_1329_sbom_data.json,0,0.0
0.0,20250306_771_sbom_data.json,20250308_1092_sbom_data.json,0,0.0
0.0,20250306_771_sbom_data.json,20250307_82_sbom_data.json,0,0.0
0.0,20250306_771_sbom_data.json,20250303_1483_sbom_data.json,0,0.0
0.0,20250306_771_sbom_data.json,20250302_1466_sbom_data.json,0,0.0
0.0,20250306_771_sbom_data.json,20250301_261_sbom_data.json,0,0.0
0.0,20250306_771_sbom_data.json,20250227_1478_sbom_data.json,0,0.0
0.0,20250306_771_sbom_data.json,20250226_632_sbom_data.json,0,0.0
0.0,20250306_771_sbom_data.json,20250226_192_sbom_data.json,0,0.0
0.0,20250306_771_sbom_data.json,20250224_1367_sbom_data.json,0,0.0
0.0,20250306_771_sbom_data.json,20250219_1451_sbom_data.json,0,0.0
0.0,20250306_771_sbom_data.json,20250217_1561_sbom_data.json,0,0.0
0.0,20250306_771_sbom_data.json,20250217_1222_sbom_data.json,0,0.0
0.0,20250306_771_sbom_data.json,20250216_1131_sbom_data.json,0,0.0
0.0,20250306_771_sbom_data.json,20250215_700_sbom_data.json,0,0.0
0.0,20250306_771_sbom_data.json,20250215_283_sbom_data.json,0,0.0
0.0,20250306_771_sbom_data.json,20250214_449_sbom_data.json,0,0.0
0.0,20250306_771_sbom_data.json,20250214_1123_sbom_data.json,0,0.0
0.0,20250306_771_sbom_data.json,20250210_1258_sbom_data.json,0,0.0
0.0,20250306_771_sbom_data.json,20250209_351_sbom_data.json,0,0.0
0.0,20250306_771_sbom_data.json,20250208_1394_sbom_data.json,0,0.0
0.0,20250306_550_sbom_data.json,20250502_jumbo_9047_sbom_data.json,0,0.0
0.0,20250306_550_sbom_data.json,20250502_jumbo_7959_sbom_data.json,0,0.0
0.0,20250306_550_sbom_data.json,20250502_jumbo_6624_sbom_data.json,0,0.0
0.0,20250306_550_sbom_data.json,20250502_jumbo_2331_sbom_data.json,0,0.0
0.0,20250306_550_sbom_data.json,20250502_jumbo_11496_sbom_data.json,0,0.0
0.0,20250306_550_sbom_data.json,20250427_65_sbom_data.json,0,0.0
0.0,20250306_550_sbom_data.json,20250427_294_sbom_data.json,0,0.0
0.0,20250306_550_sbom_data.json,20250426_1545_sbom_data.json,0,0.0
0.0,20250306_550_sbom_data.json,20250421_528_sbom_data.json,0,0.0
0.0,20250306_550_sbom_data.json,20250420_249_sbom_data.json,0,0.0
0.0,20250306_550_sbom_data.json,20250419_1455_sbom_data.json,0,0.0
0.0,20250306_550_sbom_data.json,20250418_1115_sbom_data.json,0,0.0
0.0,20250306_550_sbom_data.json,20250417_208_sbom_data.json,0,0.0
0.0,20250306_550_sbom_data.json,20250415_1518_sbom_data.json,0,0.0
0.0,20250306_550_sbom_data.json,20250411_217_sbom_data.json,0,0.0
0.0,20250306_550_sbom_data.json,20250408_221_sbom_data.json,0,0.0
0.0,20250306_550_sbom_data.json,20250405_877_sbom_data.json,0,0.0
0.0,20250306_550_sbom_data.json,20250405_1585_sbom_data.json,0,0.0
0.0,20250306_550_sbom_data.json,20250330_99_sbom_data.json,0,0.0
0.0,20250306_550_sbom_data.json,20250327_1054_sbom_data.json,0,0.0
0.0,20250306_550_sbom_data.json,20250326_674_sbom_data.json,0,0.0
0.0,20250306_550_sbom_data.json,20250325_816_sbom_data.json,0,0.0
0.0,20250306_550_sbom_data.json,20250325_132_sbom_data.json,0,0.0
0.0,20250306_550_sbom_data.json,20250324_396_sbom_data.json,0,0.0
0.0,20250306_550_sbom_data.json,20250323_832_sbom_data.json,0,0.0
0.0,20250306_550_sbom_data.json,20250323_221_sbom_data.json,0,0.0
0.0,20250306_550_sbom_data.json,20250321_648_sbom_data.json,0,0.0
0.0,20250306_550_sbom_data.json,20250312_876_sbom_data.json,0,0.0
0.0,20250306_550_sbom_data.json,20250311_1388_sbom_data.json,0,0.0
0.0,20250306_550_sbom_data.json,20250310_824_sbom_data.json,0,0.0
0.0,20250306_550_sbom_data.json,20250308_1329_sbom_data.json,0,0.0
0.0,20250306_550_sbom_data.json,20250307_1428_sbom_data.json,0,0.0
0.0,20250306_550_sbom_data.json,20250306_771_sbom_data.json,0,0.0
0.0,20250306_550_sbom_data.json,20250303_1483_sbom_data.json,0,0.0
0.0,20250306_550_sbom_data.json,20250227_1133_sbom_data.json,0,0.0
0.0,20250306_550_sbom_data.json,20250226_192_sbom_data.json,0,0.0
0.0,20250306_550_sbom_data.json,20250224_1367_sbom_data.json,0,0.0
0.0,20250306_550_sbom_data.json,20250219_1451_sbom_data.json,0,0.0
0.0,20250306_550_sbom_data.json,20250218_533_sbom_data.json,0,0.0
0.0,20250306_550_sbom_data.json,20250217_1222_sbom_data.json,0,0.0
0.0,20250306_550_sbom_data.json,20250216_1131_sbom_data.json,0,0.0
0.0,20250306_550_sbom_data.json,20250215_700_sbom_data.json,0,0.0
0.0,20250306_550_sbom_data.json,20250214_1461_sbom_data.json,0,0.0
0.0,20250306_550_sbom_data.json,20250210_1258_sbom_data.json,0,0.0
0.0,20250306_550_sbom_data.json,20250209_351_sbom_data.json,0,0.0
0.0,20250306_550_sbom_data.json,20250208_1394_sbom_data.json,0,0.0
0.0,20250303_1483_sbom_data.json,20250502_jumbo_7959_sbom_data.json,0,0.0
0.0,20250303_1483_sbom_data.json,20250502_jumbo_6624_sbom_data.json,0,0.0
0.0,20250303_1483_sbom_data.json,20250502_jumbo_2331_sbom_data.json,0,0.0
0.0,20250303_1483_sbom_data.json,20250502_jumbo_14282_sbom_data.json,0,0.0
0.0,20250303_1483_sbom_data.json,20250502_jumbo_11496_sbom_data.json,0,0.0
0.0,20250303_1483_sbom_data.json,20250427_65_sbom_data.json,0,0.0
0.0,20250303_1483_sbom_data.json,20250427_294_sbom_data.json,0,0.0
0.0,20250303_1483_sbom_data.json,20250426_1545_sbom_data.json,0,0.0
0.0,20250303_1483_sbom_data.json,20250426_1120_sbom_data.json,0,0.0
0.0,20250303_1483_sbom_data.json,20250419_1455_sbom_data.json,0,0.0
0.0,20250303_1483_sbom_data.json,20250418_1115_sbom_data.json,0,0.0
0.0,20250303_1483_sbom_data.json,20250417_234_sbom_data.json,0,0.0
0.0,20250303_1483_sbom_data.json,20250412_1423_sbom_data.json,0,0.0
0.0,20250303_1483_sbom_data.json,20250411_217_sbom_data.json,0,0.0
0.0,20250303_1483_sbom_data.json,20250410_1473_sbom_data.json,0,0.0
0.0,20250303_1483_sbom_data.json,20250407_861_sbom_data.json,0,0.0
0.0,20250303_1483_sbom_data.json,20250406_1002_sbom_data.json,0,0.0
0.0,20250303_1483_sbom_data.json,20250405_877_sbom_data.json,0,0.0
0.0,20250303_1483_sbom_data.json,20250404_1683_sbom_data.json,0,0.0
0.0,20250303_1483_sbom_data.json,20250402_1511_sbom_data.json,0,0.0
0.0,20250303_1483_sbom_data.json,20250329_448_sbom_data.json,0,0.0
0.0,20250303_1483_sbom_data.json,20250329_223_sbom_data.json,0,0.0
0.0,20250303_1483_sbom_data.json,20250327_1532_sbom_data.json,0,0.0
0.0,20250303_1483_sbom_data.json,20250326_674_sbom_data.json,0,0.0
0.0,20250303_1483_sbom_data.json,20250323_91_sbom_data.json,0,0.0
0.0,20250303_1483_sbom_data.json,20250323_832_sbom_data.json,0,0.0
0.0,20250303_1483_sbom_data.json,20250319_857_sbom_data.json,0,0.0
0.0,20250303_1483_sbom_data.json,20250317_1341_sbom_data.json,0,0.0
0.0,20250303_1483_sbom_data.json,20250316_1292_sbom_data.json,0,0.0
0.0,20250303_1483_sbom_data.json,20250315_1483_sbom_data.json,0,0.0
0.0,20250303_1483_sbom_data.json,20250312_876_sbom_data.json,0,0.0
0.0,20250303_1483_sbom_data.json,20250308_194_sbom_data.json,0,0.0
0.0,20250303_1483_sbom_data.json,20250308_1329_sbom_data.json,0,0.0
0.0,20250303_1483_sbom_data.json,20250308_1092_sbom_data.json,0,0.0
0.0,20250303_1483_sbom_data.json,20250307_82_sbom_data.json,0,0.0
0.0,20250303_1483_sbom_data.json,20250302_1466_sbom_data.json,0,0.0
0.0,20250303_1483_sbom_data.json,20250301_261_sbom_data.json,0,0.0
0.0,20250303_1483_sbom_data.json,20250227_1478_sbom_data.json,0,0.0
0.0,20250303_1483_sbom_data.json,20250226_192_sbom_data.json,0,0.0
0.0,20250303_1483_sbom_data.json,20250219_1451_sbom_data.json,0,0.0
0.0,20250303_1483_sbom_data.json,20250218_533_sbom_data.json,0,0.0
0.0,20250303_1483_sbom_data.json,20250217_1561_sbom_data.json,0,0.0
0.0,20250303_1483_sbom_data.json,20250217_1222_sbom_data.json,0,0.0
0.0,20250303_1483_sbom_data.json,20250216_1131_sbom_data.json,0,0.0
0.0,20250303_1483_sbom_data.json,20250214_1123_sbom_data.json,0,0.0
0.0,20250303_1483_sbom_data.json,20250210_1258_sbom_data.json,0,0.0
0.0,20250303_1483_sbom_data.json,20250209_351_sbom_data.json,0,0.0
0.0,20250303_1483_sbom_data.json,20250208_1394_sbom_data.json,0,0.0
0.0,20250302_1466_sbom_data.json,20250427_294_sbom_data.json,0,0.0
0.0,20250302_1466_sbom_data.json,20250421_528_sbom_data.json,0,0.0
0.0,20250302_1466_sbom_data.json,20250415_1518_sbom_data.json,0,0.0
0.0,20250302_1466_sbom_data.json,20250405_1585_sbom_data.json,0,0.0
0.0,20250302_1466_sbom_data.json,20250325_816_sbom_data.json,0,0.0
0.0,20250302_1466_sbom_data.json,20250312_876_sbom_data.json,0,0.0
0.0,20250302_1466_sbom_data.json,20250226_192_sbom_data.json,0,0.0
0.0,20250302_1466_sbom_data.json,20250218_533_sbom_data.json,0,0.0
0.0,20250302_1466_sbom_data.json,20250217_1222_sbom_data.json,0,0.0
0.0,20250302_1466_sbom_data.json,20250215_700_sbom_data.json,0,0.0
0.0,20250302_1466_sbom_data.json,20250209_351_sbom_data.json,0,0.0
0.0,20250302_1466_sbom_data.json,20250208_1394_sbom_data.json,0,0.0
0.0,20250301_261_sbom_data.json,20250427_294_sbom_data.json,0,0.0
0.0,20250301_261_sbom_data.json,20250421_528_sbom_data.json,0,0.0
0.0,20250301_261_sbom_data.json,20250415_1518_sbom_data.json,0,0.0
0.0,20250301_261_sbom_data.json,20250405_1585_sbom_data.json,0,0.0
0.0,20250301_261_sbom_data.json,20250325_816_sbom_data.json,0,0.0
0.0,20250301_261_sbom_data.json,20250312_876_sbom_data.json,0,0.0
0.0,20250301_261_sbom_data.json,20250226_192_sbom_data.json,0,0.0
0.0,20250301_261_sbom_data.json,20250218_533_sbom_data.json,0,0.0
0.0,20250301_261_sbom_data.json,20250217_1222_sbom_data.json,0,0.0
0.0,20250301_261_sbom_data.json,20250215_700_sbom_data.json,0,0.0
0.0,20250301_261_sbom_data.json,20250209_351_sbom_data.json,0,0.0
0.0,20250301_261_sbom_data.json,20250208_1394_sbom_data.json,0,0.0
0.0,20250227_1478_sbom_data.json,20250427_294_sbom_data.json,0,0.0
0.0,20250227_1478_sbom_data.json,20250421_528_sbom_data.json,0,0.0
0.0,20250227_1478_sbom_data.json,20250415_1518_sbom_data.json,0,0.0
0.0,20250227_1478_sbom_data.json,20250325_816_sbom_data.json,0,0.0
0.0,20250227_1478_sbom_data.json,20250226_192_sbom_data.json,0,0.0
0.0,20250227_1478_sbom_data.json,20250217_1222_sbom_data.json,0,0.0
0.0,20250227_1478_sbom_data.json,20250215_700_sbom_data.json,0,0.0
0.0,20250227_1478_sbom_data.json,20250208_1394_sbom_data.json,0,0.0
0.0,20250227_1133_sbom_data.json,20250502_jumbo_9047_sbom_data.json,0,0.0
0.0,20250227_1133_sbom_data.json,20250502_jumbo_6624_sbom_data.json,0,0.0
0.0,20250227_1133_sbom_data.json,20250502_jumbo_2331_sbom_data.json,0,0.0
0.0,20250227_1133_sbom_data.json,20250502_jumbo_14282_sbom_data.json,0,0.0
0.0,20250227_1133_sbom_data.json,20250502_jumbo_13802_sbom_data.json,0,0.0
0.0,20250227_1133_sbom_data.json,20250502_jumbo_13314_sbom_data.json,0,0.0
0.0,20250227_1133_sbom_data.json,20250502_jumbo_11496_sbom_data.json,0,0.0
0.0,20250227_1133_sbom_data.json,20250427_65_sbom_data.json,0,0.0
0.0,20250227_1133_sbom_data.json,20250427_294_sbom_data.json,0,0.0
0.0,20250227_1133_sbom_data.json,20250426_1545_sbom_data.json,0,0.0
0.0,20250227_1133_sbom_data.json,20250426_1120_sbom_data.json,0,0.0
0.0,20250227_1133_sbom_data.json,20250421_528_sbom_data.json,0,0.0
0.0,20250227_1133_sbom_data.json,20250420_249_sbom_data.json,0,0.0
0.0,20250227_1133_sbom_data.json,20250419_1455_sbom_data.json,0,0.0
0.0,20250227_1133_sbom_data.json,20250418_910_sbom_data.json,0,0.0
0.0,20250227_1133_sbom_data.json,20250418_1115_sbom_data.json,0,0.0
0.0,20250227_1133_sbom_data.json,20250417_208_sbom_data.json,0,0.0
0.0,20250227_1133_sbom_data.json,20250415_1518_sbom_data.json,0,0.0
0.0,20250227_1133_sbom_data.json,20250412_1423_sbom_data.json,0,0.0
0.0,20250227_1133_sbom_data.json,20250412_1361_sbom_data.json,0,0.0
0.0,20250227_1133_sbom_data.json,20250411_217_sbom_data.json,0,0.0
0.0,20250227_1133_sbom_data.json,20250410_1473_sbom_data.json,0,0.0
0.0,20250227_1133_sbom_data.json,20250408_221_sbom_data.json,0,0.0
0.0,20250227_1133_sbom_data.json,20250407_861_sbom_data.json,0,0.0
0.0,20250227_1133_sbom_data.json,20250407_203_sbom_data.json,0,0.0
0.0,20250227_1133_sbom_data.json,20250406_1002_sbom_data.json,0,0.0
0.0,20250227_1133_sbom_data.json,20250405_877_sbom_data.json,0,0.0
0.0,20250227_1133_sbom_data.json,20250405_1585_sbom_data.json,0,0.0
0.0,20250227_1133_sbom_data.json,20250404_1683_sbom_data.json,0,0.0
0.0,20250227_1133_sbom_data.json,20250402_1511_sbom_data.json,0,0.0
0.0,20250227_1133_sbom_data.json,20250330_99_sbom_data.json,0,0.0
0.0,20250227_1133_sbom_data.json,20250329_448_sbom_data.json,0,0.0
0.0,20250227_1133_sbom_data.json,20250329_223_sbom_data.json,0,0.0
0.0,20250227_1133_sbom_data.json,20250327_1532_sbom_data.json,0,0.0
0.0,20250227_1133_sbom_data.json,20250327_1054_sbom_data.json,0,0.0
0.0,20250227_1133_sbom_data.json,20250326_674_sbom_data.json,0,0.0
0.0,20250227_1133_sbom_data.json,20250325_816_sbom_data.json,0,0.0
0.0,20250227_1133_sbom_data.json,20250325_132_sbom_data.json,0,0.0
0.0,20250227_1133_sbom_data.json,20250324_396_sbom_data.json,0,0.0
0.0,20250227_1133_sbom_data.json,20250323_91_sbom_data.json,0,0.0
0.0,20250227_1133_sbom_data.json,20250323_832_sbom_data.json,0,0.0
0.0,20250227_1133_sbom_data.json,20250323_221_sbom_data.json,0,0.0
0.0,20250227_1133_sbom_data.json,20250321_648_sbom_data.json,0,0.0
0.0,20250227_1133_sbom_data.json,20250320_100_sbom_data.json,0,0.0
0.0,20250227_1133_sbom_data.json,20250319_857_sbom_data.json,0,0.0
0.0,20250227_1133_sbom_data.json,20250317_1341_sbom_data.json,0,0.0
0.0,20250227_1133_sbom_data.json,20250316_1292_sbom_data.json,0,0.0
0.0,20250227_1133_sbom_data.json,20250315_1483_sbom_data.json,0,0.0
0.0,20250227_1133_sbom_data.json,20250315_1221_sbom_data.json,0,0.0
0.0,20250227_1133_sbom_data.json,20250312_876_sbom_data.json,0,0.0
0.0,20250227_1133_sbom_data.json,20250311_1388_sbom_data.json,0,0.0
0.0,20250227_1133_sbom_data.json,20250310_824_sbom_data.json,0,0.0
0.0,20250227_1133_sbom_data.json,20250308_194_sbom_data.json,0,0.0
0.0,20250227_1133_sbom_data.json,20250308_1329_sbom_data.json,0,0.0
0.0,20250227_1133_sbom_data.json,20250308_1092_sbom_data.json,0,0.0
0.0,20250227_1133_sbom_data.json,20250307_82_sbom_data.json,0,0.0
0.0,20250227_1133_sbom_data.json,20250306_771_sbom_data.json,0,0.0
0.0,20250227_1133_sbom_data.json,20250303_1483_sbom_data.json,0,0.0
0.0,20250227_1133_sbom_data.json,20250302_1466_sbom_data.json,0,0.0
0.0,20250227_1133_sbom_data.json,20250301_261_sbom_data.json,0,0.0
0.0,20250227_1133_sbom_data.json,20250227_1478_sbom_data.json,0,0.0
0.0,20250227_1133_sbom_data.json,20250226_632_sbom_data.json,0,0.0
0.0,20250227_1133_sbom_data.json,20250226_192_sbom_data.json,0,0.0
0.0,20250227_1133_sbom_data.json,20250224_1367_sbom_data.json,0,0.0
0.0,20250227_1133_sbom_data.json,20250219_1451_sbom_data.json,0,0.0
0.0,20250227_1133_sbom_data.json,20250218_533_sbom_data.json,0,0.0
0.0,20250227_1133_sbom_data.json,20250217_1561_sbom_data.json,0,0.0
0.0,20250227_1133_sbom_data.json,20250217_1222_sbom_data.json,0,0.0
0.0,20250227_1133_sbom_data.json,20250216_1131_sbom_data.json,0,0.0
0.0,20250227_1133_sbom_data.json,20250215_700_sbom_data.json,0,0.0
0.0,20250227_1133_sbom_data.json,20250215_283_sbom_data.json,0,0.0
0.0,20250227_1133_sbom_data.json,20250214_449_sbom_data.json,0,0.0
0.0,20250227_1133_sbom_data.json,20250214_1461_sbom_data.json,0,0.0
0.0,20250227_1133_sbom_data.json,20250214_1123_sbom_data.json,0,0.0
0.0,20250227_1133_sbom_data.json,20250210_1258_sbom_data.json,0,0.0
0.0,20250227_1133_sbom_data.json,20250209_351_sbom_data.json,0,0.0
0.0,20250227_1133_sbom_data.json,20250208_1394_sbom_data.json,0,0.0
0.0,20250226_632_sbom_data.json,20250502_jumbo_9047_sbom_data.json,0,0.0
0.0,20250226_632_sbom_data.json,20250502_jumbo_7959_sbom_data.json,0,0.0
0.0,20250226_632_sbom_data.json,20250502_jumbo_6624_sbom_data.json,0,0.0
0.0,20250226_632_sbom_data.json,20250502_jumbo_2331_sbom_data.json,0,0.0
0.0,20250226_632_sbom_data.json,20250502_jumbo_13802_sbom_data.json,0,0.0
0.0,20250226_632_sbom_data.json,20250502_jumbo_11496_sbom_data.json,0,0.0
0.0,20250226_632_sbom_data.json,20250427_294_sbom_data.json,0,0.0
0.0,20250226_632_sbom_data.json,20250426_1545_sbom_data.json,0,0.0
0.0,20250226_632_sbom_data.json,20250421_528_sbom_data.json,0,0.0
0.0,20250226_632_sbom_data.json,20250418_1115_sbom_data.json,0,0.0
0.0,20250226_632_sbom_data.json,20250415_1518_sbom_data.json,0,0.0
0.0,20250226_632_sbom_data.json,20250411_217_sbom_data.json,0,0.0
0.0,20250226_632_sbom_data.json,20250408_221_sbom_data.json,0,0.0
0.0,20250226_632_sbom_data.json,20250405_877_sbom_data.json,0,0.0
0.0,20250226_632_sbom_data.json,20250405_1585_sbom_data.json,0,0.0
0.0,20250226_632_sbom_data.json,20250404_1683_sbom_data.json,0,0.0
0.0,20250226_632_sbom_data.json,20250330_99_sbom_data.json,0,0.0
0.0,20250226_632_sbom_data.json,20250329_448_sbom_data.json,0,0.0
0.0,20250226_632_sbom_data.json,20250326_674_sbom_data.json,0,0.0
0.0,20250226_632_sbom_data.json,20250325_816_sbom_data.json,0,0.0
0.0,20250226_632_sbom_data.json,20250325_132_sbom_data.json,0,0.0
0.0,20250226_632_sbom_data.json,20250323_832_sbom_data.json,0,0.0
0.0,20250226_632_sbom_data.json,20250312_876_sbom_data.json,0,0.0
0.0,20250226_632_sbom_data.json,20250310_824_sbom_data.json,0,0.0
0.0,20250226_632_sbom_data.json,20250308_1329_sbom_data.json,0,0.0
0.0,20250226_632_sbom_data.json,20250303_1483_sbom_data.json,0,0.0
0.0,20250226_632_sbom_data.json,20250226_192_sbom_data.json,0,0.0
0.0,20250226_632_sbom_data.json,20250219_1451_sbom_data.json,0,0.0
0.0,20250226_632_sbom_data.json,20250218_533_sbom_data.json,0,0.0
0.0,20250226_632_sbom_data.json,20250217_1222_sbom_data.json,0,0.0
0.0,20250226_632_sbom_data.json,20250216_1131_sbom_data.json,0,0.0
0.0,20250226_632_sbom_data.json,20250215_700_sbom_data.json,0,0.0
0.0,20250226_632_sbom_data.json,20250214_1123_sbom_data.json,0,0.0
0.0,20250226_632_sbom_data.json,20250210_1258_sbom_data.json,0,0.0
0.0,20250226_632_sbom_data.json,20250209_351_sbom_data.json,0,0.0
0.0,20250226_632_sbom_data.json,20250208_1394_sbom_data.json,0,0.0
0.0,20250226_192_sbom_data.json,20250427_294_sbom_data.json,0,0.0
0.0,20250226_192_sbom_data.json,20250426_1120_sbom_data.json,0,0.0
0.0,20250226_192_sbom_data.json,20250421_528_sbom_data.json,0,0.0
0.0,20250226_192_sbom_data.json,20250417_234_sbom_data.json,0,0.0
0.0,20250226_192_sbom_data.json,20250415_1518_sbom_data.json,0,0.0
0.0,20250226_192_sbom_data.json,20250410_1473_sbom_data.json,0,0.0
0.0,20250226_192_sbom_data.json,20250327_1532_sbom_data.json,0,0.0
0.0,20250226_192_sbom_data.json,20250317_1341_sbom_data.json,0,0.0
0.0,20250226_192_sbom_data.json,20250315_1483_sbom_data.json,0,0.0
0.0,20250226_192_sbom_data.json,20250217_1561_sbom_data.json,0,0.0
0.0,20250226_192_sbom_data.json,20250217_1222_sbom_data.json,0,0.0
0.0,20250226_192_sbom_data.json,20250215_700_sbom_data.json,0,0.0
0.0,20250224_1367_sbom_data.json,20250502_jumbo_9047_sbom_data.json,0,0.0
0.0,20250224_1367_sbom_data.json,20250502_jumbo_7959_sbom_data.json,0,0.0
0.0,20250224_1367_sbom_data.json,20250502_jumbo_2331_sbom_data.json,0,0.0
0.0,20250224_1367_sbom_data.json,20250502_jumbo_14282_sbom_data.json,0,0.0
0.0,20250224_1367_sbom_data.json,20250502_jumbo_13802_sbom_data.json,0,0.0
0.0,20250224_1367_sbom_data.json,20250502_jumbo_11496_sbom_data.json,0,0.0
0.0,20250224_1367_sbom_data.json,20250427_65_sbom_data.json,0,0.0
0.0,20250224_1367_sbom_data.json,20250427_294_sbom_data.json,0,0.0
0.0,20250224_1367_sbom_data.json,20250426_1545_sbom_data.json,0,0.0
0.0,20250224_1367_sbom_data.json,20250426_1120_sbom_data.json,0,0.0
0.0,20250224_1367_sbom_data.json,20250421_528_sbom_data.json,0,0.0
0.0,20250224_1367_sbom_data.json,20250419_1455_sbom_data.json,0,0.0
0.0,20250224_1367_sbom_data.json,20250418_910_sbom_data.json,0,0.0
0.0,20250224_1367_sbom_data.json,20250418_1115_sbom_data.json,0,0.0
0.0,20250224_1367_sbom_data.json,20250417_234_sbom_data.json,0,0.0
0.0,20250224_1367_sbom_data.json,20250415_1518_sbom_data.json,0,0.0
0.0,20250224_1367_sbom_data.json,20250412_1423_sbom_data.json,0,0.0
0.0,20250224_1367_sbom_data.json,20250411_217_sbom_data.json,0,0.0
0.0,20250224_1367_sbom_data.json,20250410_1473_sbom_data.json,0,0.0
0.0,20250224_1367_sbom_data.json,20250408_221_sbom_data.json,0,0.0
0.0,20250224_1367_sbom_data.json,20250407_861_sbom_data.json,0,0.0
0.0,20250224_1367_sbom_data.json,20250406_1002_sbom_data.json,0,0.0
0.0,20250224_1367_sbom_data.json,20250405_877_sbom_data.json,0,0.0
0.0,20250224_1367_sbom_data.json,20250405_1585_sbom_data.json,0,0.0
0.0,20250224_1367_sbom_data.json,20250404_1683_sbom_data.json,0,0.0
0.0,20250224_1367_sbom_data.json,20250402_1511_sbom_data.json,0,0.0
0.0,20250224_1367_sbom_data.json,20250330_99_sbom_data.json,0,0.0
0.0,20250224_1367_sbom_data.json,20250329_448_sbom_data.json,0,0.0
0.0,20250224_1367_sbom_data.json,20250329_223_sbom_data.json,0,0.0
0.0,20250224_1367_sbom_data.json,20250327_1532_sbom_data.json,0,0.0
0.0,20250224_1367_sbom_data.json,20250326_674_sbom_data.json,0,0.0
0.0,20250224_1367_sbom_data.json,20250325_816_sbom_data.json,0,0.0
0.0,20250224_1367_sbom_data.json,20250325_132_sbom_data.json,0,0.0
0.0,20250224_1367_sbom_data.json,20250323_91_sbom_data.json,0,0.0
0.0,20250224_1367_sbom_data.json,20250323_832_sbom_data.json,0,0.0
0.0,20250224_1367_sbom_data.json,20250320_100_sbom_data.json,0,0.0
0.0,20250224_1367_sbom_data.json,20250319_857_sbom_data.json,0,0.0
0.0,20250224_1367_sbom_data.json,20250317_1341_sbom_data.json,0,0.0
0.0,20250224_1367_sbom_data.json,20250316_1292_sbom_data.json,0,0.0
0.0,20250224_1367_sbom_data.json,20250315_1483_sbom_data.json,0,0.0
0.0,20250224_1367_sbom_data.json,20250315_1221_sbom_data.json,0,0.0
0.0,20250224_1367_sbom_data.json,20250312_876_sbom_data.json,0,0.0
0.0,20250224_1367_sbom_data.json,20250311_1388_sbom_data.json,0,0.0
0.0,20250224_1367_sbom_data.json,20250310_824_sbom_data.json,0,0.0
0.0,20250224_1367_sbom_data.json,20250308_194_sbom_data.json,0,0.0
0.0,20250224_1367_sbom_data.json,20250308_1329_sbom_data.json,0,0.0
0.0,20250224_1367_sbom_data.json,20250308_1092_sbom_data.json,0,0.0
0.0,20250224_1367_sbom_data.json,20250307_82_sbom_data.json,0,0.0
0.0,20250224_1367_sbom_data.json,20250303_1483_sbom_data.json,0,0.0
0.0,20250224_1367_sbom_data.json,20250302_1466_sbom_data.json,0,0.0
0.0,20250224_1367_sbom_data.json,20250301_261_sbom_data.json,0,0.0
0.0,20250224_1367_sbom_data.json,20250227_1478_sbom_data.json,0,0.0
0.0,20250224_1367_sbom_data.json,20250226_632_sbom_data.json,0,0.0
0.0,20250224_1367_sbom_data.json,20250226_192_sbom_data.json,0,0.0
0.0,20250224_1367_sbom_data.json,20250219_1451_sbom_data.json,0,0.0
0.0,20250224_1367_sbom_data.json,20250218_533_sbom_data.json,0,0.0
0.0,20250224_1367_sbom_data.json,20250217_1561_sbom_data.json,0,0.0
0.0,20250224_1367_sbom_data.json,20250217_1222_sbom_data.json,0,0.0
0.0,20250224_1367_sbom_data.json,20250216_1131_sbom_data.json,0,0.0
0.0,20250224_1367_sbom_data.json,20250215_700_sbom_data.json,0,0.0
0.0,20250224_1367_sbom_data.json,20250214_449_sbom_data.json,0,0.0
0.0,20250224_1367_sbom_data.json,20250214_1123_sbom_data.json,0,0.0
0.0,20250224_1367_sbom_data.json,20250210_1258_sbom_data.json,0,0.0
0.0,20250224_1367_sbom_data.json,20250209_351_sbom_data.json,0,0.0
0.0,20250224_1367_sbom_data.json,20250208_1394_sbom_data.json,0,0.0
0.0,20250219_1451_sbom_data.json,20250427_294_sbom_data.json,0,0.0
0.0,20250219_1451_sbom_data.json,20250426_1120_sbom_data.json,0,0.0
0.0,20250219_1451_sbom_data.json,20250421_528_sbom_data.json,0,0.0
0.0,20250219_1451_sbom_data.json,20250417_234_sbom_data.json,0,0.0
0.0,20250219_1451_sbom_data.json,20250415_1518_sbom_data.json,0,0.0
0.0,20250219_1451_sbom_data.json,20250410_1473_sbom_data.json,0,0.0
0.0,20250219_1451_sbom_data.json,20250407_861_sbom_data.json,0,0.0
0.0,20250219_1451_sbom_data.json,20250406_1002_sbom_data.json,0,0.0
0.0,20250219_1451_sbom_data.json,20250405_1585_sbom_data.json,0,0.0
0.0,20250219_1451_sbom_data.json,20250402_1511_sbom_data.json,0,0.0
0.0,20250219_1451_sbom_data.json,20250329_223_sbom_data.json,0,0.0
0.0,20250219_1451_sbom_data.json,20250325_816_sbom_data.json,0,0.0
0.0,20250219_1451_sbom_data.json,20250319_857_sbom_data.json,0,0.0
0.0,20250219_1451_sbom_data.json,20250315_1483_sbom_data.json,0,0.0
0.0,20250219_1451_sbom_data.json,20250312_876_sbom_data.json,0,0.0
0.0,20250219_1451_sbom_data.json,20250302_1466_sbom_data.json,0,0.0
0.0,20250219_1451_sbom_data.json,20250301_261_sbom_data.json,0,0.0
0.0,20250219_1451_sbom_data.json,20250227_1478_sbom_data.json,0,0.0
0.0,20250219_1451_sbom_data.json,20250226_192_sbom_data.json,0,0.0
0.0,20250219_1451_sbom_data.json,20250218_533_sbom_data.json,0,0.0
0.0,20250219_1451_sbom_data.json,20250217_1561_sbom_data.json,0,0.0
0.0,20250219_1451_sbom_data.json,20250215_700_sbom_data.json,0,0.0
0.0,20250219_1451_sbom_data.json,20250209_351_sbom_data.json,0,0.0
0.0,20250219_1142_sbom_data.json,20250502_jumbo_979_sbom_data.json,0,0.0
0.0,20250219_1142_sbom_data.json,20250502_jumbo_9047_sbom_data.json,0,0.0
0.0,20250219_1142_sbom_data.json,20250502_jumbo_7959_sbom_data.json,0,0.0
0.0,20250219_1142_sbom_data.json,20250502_jumbo_6624_sbom_data.json,0,0.0
0.0,20250219_1142_sbom_data.json,20250502_jumbo_2331_sbom_data.json,0,0.0
0.0,20250219_1142_sbom_data.json,20250502_jumbo_14282_sbom_data.json,0,0.0
0.0,20250219_1142_sbom_data.json,20250502_jumbo_13802_sbom_data.json,0,0.0
0.0,20250219_1142_sbom_data.json,20250502_jumbo_13314_sbom_data.json,0,0.0
0.0,20250219_1142_sbom_data.json,20250502_jumbo_11496_sbom_data.json,0,0.0
0.0,20250219_1142_sbom_data.json,20250502_jumbo_10892_sbom_data.json,0,0.0
0.0,20250219_1142_sbom_data.json,20250427_65_sbom_data.json,0,0.0
0.0,20250219_1142_sbom_data.json,20250427_294_sbom_data.json,0,0.0
0.0,20250219_1142_sbom_data.json,20250426_1545_sbom_data.json,0,0.0
0.0,20250219_1142_sbom_data.json,20250426_1120_sbom_data.json,0,0.0
0.0,20250219_1142_sbom_data.json,20250421_528_sbom_data.json,0,0.0
0.0,20250219_1142_sbom_data.json,20250420_249_sbom_data.json,0,0.0
0.0,20250219_1142_sbom_data.json,20250419_1455_sbom_data.json,0,0.0
0.0,20250219_1142_sbom_data.json,20250418_910_sbom_data.json,0,0.0
0.0,20250219_1142_sbom_data.json,20250417_234_sbom_data.json,0,0.0
0.0,20250219_1142_sbom_data.json,20250417_208_sbom_data.json,0,0.0
0.0,20250219_1142_sbom_data.json,20250416_657_sbom_data.json,0,0.0
0.0,20250219_1142_sbom_data.json,20250415_1518_sbom_data.json,0,0.0
0.0,20250219_1142_sbom_data.json,20250412_1423_sbom_data.json,0,0.0
0.0,20250219_1142_sbom_data.json,20250412_1361_sbom_data.json,0,0.0
0.0,20250219_1142_sbom_data.json,20250411_217_sbom_data.json,0,0.0
0.0,20250219_1142_sbom_data.json,20250410_1473_sbom_data.json,0,0.0
0.0,20250219_1142_sbom_data.json,20250408_221_sbom_data.json,0,0.0
0.0,20250219_1142_sbom_data.json,20250407_861_sbom_data.json,0,0.0
0.0,20250219_1142_sbom_data.json,20250407_203_sbom_data.json,0,0.0
0.0,20250219_1142_sbom_data.json,20250406_1002_sbom_data.json,0,0.0
0.0,20250219_1142_sbom_data.json,20250405_877_sbom_data.json,0,0.0
0.0,20250219_1142_sbom_data.json,20250405_1585_sbom_data.json,0,0.0
0.0,20250219_1142_sbom_data.json,20250404_1683_sbom_data.json,0,0.0
0.0,20250219_1142_sbom_data.json,20250402_1511_sbom_data.json,0,0.0
0.0,20250219_1142_sbom_data.json,20250330_99_sbom_data.json,0,0.0
0.0,20250219_1142_sbom_data.json,20250329_448_sbom_data.json,0,0.0
0.0,20250219_1142_sbom_data.json,20250329_223_sbom_data.json,0,0.0
0.0,20250219_1142_sbom_data.json,20250327_1532_sbom_data.json,0,0.0
0.0,20250219_1142_sbom_data.json,20250327_1054_sbom_data.json,0,0.0
0.0,20250219_1142_sbom_data.json,20250326_674_sbom_data.json,0,0.0
0.0,20250219_1142_sbom_data.json,20250325_816_sbom_data.json,0,0.0
0.0,20250219_1142_sbom_data.json,20250325_132_sbom_data.json,0,0.0
0.0,20250219_1142_sbom_data.json,20250324_396_sbom_data.json,0,0.0
0.0,20250219_1142_sbom_data.json,20250324_242_sbom_data.json,0,0.0
0.0,20250219_1142_sbom_data.json,20250323_91_sbom_data.json,0,0.0
0.0,20250219_1142_sbom_data.json,20250323_832_sbom_data.json,0,0.0
0.0,20250219_1142_sbom_data.json,20250323_221_sbom_data.json,0,0.0
0.0,20250219_1142_sbom_data.json,20250322_241_sbom_data.json,0,0.0
0.0,20250219_1142_sbom_data.json,20250321_648_sbom_data.json,0,0.0
0.0,20250219_1142_sbom_data.json,20250320_100_sbom_data.json,0,0.0
0.0,20250219_1142_sbom_data.json,20250319_857_sbom_data.json,0,0.0
0.0,20250219_1142_sbom_data.json,20250317_1341_sbom_data.json,0,0.0
0.0,20250219_1142_sbom_data.json,20250316_1292_sbom_data.json,0,0.0
0.0,20250219_1142_sbom_data.json,20250315_1483_sbom_data.json,0,0.0
0.0,20250219_1142_sbom_data.json,20250315_1221_sbom_data.json,0,0.0
0.0,20250219_1142_sbom_data.json,20250312_876_sbom_data.json,0,0.0
0.0,20250219_1142_sbom_data.json,20250311_1388_sbom_data.json,0,0.0
0.0,20250219_1142_sbom_data.json,20250310_824_sbom_data.json,0,0.0
0.0,20250219_1142_sbom_data.json,20250308_194_sbom_data.json,0,0.0
0.0,20250219_1142_sbom_data.json,20250308_1329_sbom_data.json,0,0.0
0.0,20250219_1142_sbom_data.json,20250308_1092_sbom_data.json,0,0.0
0.0,20250219_1142_sbom_data.json,20250307_82_sbom_data.json,0,0.0
0.0,20250219_1142_sbom_data.json,20250307_1428_sbom_data.json,0,0.0
0.0,20250219_1142_sbom_data.json,20250306_550_sbom_data.json,0,0.0
0.0,20250219_1142_sbom_data.json,20250303_1483_sbom_data.json,0,0.0
0.0,20250219_1142_sbom_data.json,20250302_1466_sbom_data.json,0,0.0
0.0,20250219_1142_sbom_data.json,20250301_261_sbom_data.json,0,0.0
0.0,20250219_1142_sbom_data.json,20250227_1478_sbom_data.json,0,0.0
0.0,20250219_1142_sbom_data.json,20250227_1133_sbom_data.json,0,0.0
0.0,20250219_1142_sbom_data.json,20250226_632_sbom_data.json,0,0.0
0.0,20250219_1142_sbom_data.json,20250226_192_sbom_data.json,0,0.0
0.0,20250219_1142_sbom_data.json,20250224_1367_sbom_data.json,0,0.0
0.0,20250219_1142_sbom_data.json,20250219_1451_sbom_data.json,0,0.0
0.0,20250219_1142_sbom_data.json,20250218_533_sbom_data.json,0,0.0
0.0,20250219_1142_sbom_data.json,20250217_1561_sbom_data.json,0,0.0
0.0,20250219_1142_sbom_data.json,20250217_1222_sbom_data.json,0,0.0
0.0,20250219_1142_sbom_data.json,20250216_1131_sbom_data.json,0,0.0
0.0,20250219_1142_sbom_data.json,20250215_700_sbom_data.json,0,0.0
0.0,20250219_1142_sbom_data.json,20250215_283_sbom_data.json,0,0.0
0.0,20250219_1142_sbom_data.json,20250214_449_sbom_data.json,0,0.0
0.0,20250219_1142_sbom_data.json,20250214_1461_sbom_data.json,0,0.0
0.0,20250219_1142_sbom_data.json,20250214_1123_sbom_data.json,0,0.0
0.0,20250219_1142_sbom_data.json,20250210_1258_sbom_data.json,0,0.0
0.0,20250219_1142_sbom_data.json,20250209_351_sbom_data.json,0,0.0
0.0,20250219_1142_sbom_data.json,20250208_1394_sbom_data.json,0,0.0
0.0,20250218_533_sbom_data.json,20250427_294_sbom_data.json,0,0.0
0.0,20250218_533_sbom_data.json,20250426_1120_sbom_data.json,0,0.0
0.0,20250218_533_sbom_data.json,20250421_528_sbom_data.json,0,0.0
0.0,20250218_533_sbom_data.json,20250417_234_sbom_data.json,0,0.0
0.0,20250218_533_sbom_data.json,20250415_1518_sbom_data.json,0,0.0
0.0,20250218_533_sbom_data.json,20250410_1473_sbom_data.json,0,0.0
0.0,20250218_533_sbom_data.json,20250407_861_sbom_data.json,0,0.0
0.0,20250218_533_sbom_data.json,20250406_1002_sbom_data.json,0,0.0
0.0,20250218_533_sbom_data.json,20250405_1585_sbom_data.json,0,0.0
0.0,20250218_533_sbom_data.json,20250402_1511_sbom_data.json,0,0.0
0.0,20250218_533_sbom_data.json,20250327_1532_sbom_data.json,0,0.0
0.0,20250218_533_sbom_data.json,20250325_816_sbom_data.json,0,0.0
0.0,20250218_533_sbom_data.json,20250317_1341_sbom_data.json,0,0.0
0.0,20250218_533_sbom_data.json,20250315_1483_sbom_data.json,0,0.0
0.0,20250218_533_sbom_data.json,20250227_1478_sbom_data.json,0,0.0
0.0,20250218_533_sbom_data.json,20250226_192_sbom_data.json,0,0.0
0.0,20250218_533_sbom_data.json,20250217_1561_sbom_data.json,0,0.0
0.0,20250218_533_sbom_data.json,20250217_1222_sbom_data.json,0,0.0
0.0,20250218_533_sbom_data.json,20250215_700_sbom_data.json,0,0.0
0.0,20250218_533_sbom_data.json,20250208_1394_sbom_data.json,0,0.0
0.0,20250217_1561_sbom_data.json,20250427_294_sbom_data.json,0,0.0
0.0,20250217_1561_sbom_data.json,20250415_1518_sbom_data.json,0,0.0
0.0,20250217_1222_sbom_data.json,20250427_294_sbom_data.json,0,0.0
0.0,20250217_1222_sbom_data.json,20250426_1120_sbom_data.json,0,0.0
0.0,20250217_1222_sbom_data.json,20250421_528_sbom_data.json,0,0.0
0.0,20250217_1222_sbom_data.json,20250417_234_sbom_data.json,0,0.0
0.0,20250217_1222_sbom_data.json,20250415_1518_sbom_data.json,0,0.0
0.0,20250217_1222_sbom_data.json,20250410_1473_sbom_data.json,0,0.0
0.0,20250217_1222_sbom_data.json,20250317_1341_sbom_data.json,0,0.0
0.0,20250217_1222_sbom_data.json,20250315_1483_sbom_data.json,0,0.0
0.0,20250217_1222_sbom_data.json,20250217_1561_sbom_data.json,0,0.0
0.0,20250217_1222_sbom_data.json,20250215_700_sbom_data.json,0,0.0
0.0,20250216_1131_sbom_data.json,20250502_jumbo_14282_sbom_data.json,0,0.0
0.0,20250216_1131_sbom_data.json,20250502_jumbo_11496_sbom_data.json,0,0.0
0.0,20250216_1131_sbom_data.json,20250427_294_sbom_data.json,0,0.0
0.0,20250216_1131_sbom_data.json,20250421_528_sbom_data.json,0,0.0
0.0,20250216_1131_sbom_data.json,20250417_234_sbom_data.json,0,0.0
0.0,20250216_1131_sbom_data.json,20250415_1518_sbom_data.json,0,0.0
0.0,20250216_1131_sbom_data.json,20250407_861_sbom_data.json,0,0.0
0.0,20250216_1131_sbom_data.json,20250406_1002_sbom_data.json,0,0.0
0.0,20250216_1131_sbom_data.json,20250405_1585_sbom_data.json,0,0.0
0.0,20250216_1131_sbom_data.json,20250404_1683_sbom_data.json,0,0.0
0.0,20250216_1131_sbom_data.json,20250327_1532_sbom_data.json,0,0.0
0.0,20250216_1131_sbom_data.json,20250325_816_sbom_data.json,0,0.0
0.0,20250216_1131_sbom_data.json,20250319_857_sbom_data.json,0,0.0
0.0,20250216_1131_sbom_data.json,20250317_1341_sbom_data.json,0,0.0
0.0,20250216_1131_sbom_data.json,20250312_876_sbom_data.json,0,0.0
0.0,20250216_1131_sbom_data.json,20250307_82_sbom_data.json,0,0.0
0.0,20250216_1131_sbom_data.json,20250301_261_sbom_data.json,0,0.0
0.0,20250216_1131_sbom_data.json,20250227_1478_sbom_data.json,0,0.0
0.0,20250216_1131_sbom_data.json,20250226_192_sbom_data.json,0,0.0
0.0,20250216_1131_sbom_data.json,20250219_1451_sbom_data.json,0,0.0
0.0,20250216_1131_sbom_data.json,20250218_533_sbom_data.json,0,0.0
0.0,20250216_1131_sbom_data.json,20250217_1561_sbom_data.json,0,0.0
0.0,20250216_1131_sbom_data.json,20250217_1222_sbom_data.json,0,0.0
0.0,20250216_1131_sbom_data.json,20250215_700_sbom_data.json,0,0.0
0.0,20250216_1131_sbom_data.json,20250214_449_sbom_data.json,0,0.0
0.0,20250216_1131_sbom_data.json,20250214_1123_sbom_data.json,0,0.0
0.0,20250216_1131_sbom_data.json,20250209_351_sbom_data.json,0,0.0
0.0,20250216_1131_sbom_data.json,20250208_1394_sbom_data.json,0,0.0
0.0,20250215_700_sbom_data.json,20250427_294_sbom_data.json,0,0.0
0.0,20250215_700_sbom_data.json,20250426_1120_sbom_data.json,0,0.0
0.0,20250215_700_sbom_data.json,20250417_234_sbom_data.json,0,0.0
0.0,20250215_700_sbom_data.json,20250410_1473_sbom_data.json,0,0.0
0.0,20250215_700_sbom_data.json,20250327_1532_sbom_data.json,0,0.0
0.0,20250215_700_sbom_data.json,20250317_1341_sbom_data.json,0,0.0
0.0,20250215_700_sbom_data.json,20250315_1483_sbom_data.json,0,0.0
0.0,20250215_700_sbom_data.json,20250217_1561_sbom_data.json,0,0.0
0.0,20250215_283_sbom_data.json,20250502_jumbo_9047_sbom_data.json,0,0.0
0.0,20250215_283_sbom_data.json,20250502_jumbo_7959_sbom_data.json,0,0.0
0.0,20250215_283_sbom_data.json,20250502_jumbo_6624_sbom_data.json,0,0.0
0.0,20250215_283_sbom_data.json,20250502_jumbo_2331_sbom_data.json,0,0.0
0.0,20250215_283_sbom_data.json,20250502_jumbo_11496_sbom_data.json,0,0.0
0.0,20250215_283_sbom_data.json,20250427_294_sbom_data.json,0,0.0
0.0,20250215_283_sbom_data.json,20250426_1545_sbom_data.json,0,0.0
0.0,20250215_283_sbom_data.json,20250421_528_sbom_data.json,0,0.0
0.0,20250215_283_sbom_data.json,20250419_1455_sbom_data.json,0,0.0
0.0,20250215_283_sbom_data.json,20250418_1115_sbom_data.json,0,0.0
0.0,20250215_283_sbom_data.json,20250417_208_sbom_data.json,0,0.0
0.0,20250215_283_sbom_data.json,20250415_1518_sbom_data.json,0,0.0
0.0,20250215_283_sbom_data.json,20250411_217_sbom_data.json,0,0.0
0.0,20250215_283_sbom_data.json,20250408_221_sbom_data.json,0,0.0
0.0,20250215_283_sbom_data.json,20250405_877_sbom_data.json,0,0.0
0.0,20250215_283_sbom_data.json,20250405_1585_sbom_data.json,0,0.0
0.0,20250215_283_sbom_data.json,20250330_99_sbom_data.json,0,0.0
0.0,20250215_283_sbom_data.json,20250326_674_sbom_data.json,0,0.0
0.0,20250215_283_sbom_data.json,20250325_816_sbom_data.json,0,0.0
0.0,20250215_283_sbom_data.json,20250325_132_sbom_data.json,0,0.0
0.0,20250215_283_sbom_data.json,20250323_832_sbom_data.json,0,0.0
0.0,20250215_283_sbom_data.json,20250312_876_sbom_data.json,0,0.0
0.0,20250215_283_sbom_data.json,20250311_1388_sbom_data.json,0,0.0
0.0,20250215_283_sbom_data.json,20250310_824_sbom_data.json,0,0.0
0.0,20250215_283_sbom_data.json,20250308_1329_sbom_data.json,0,0.0
0.0,20250215_283_sbom_data.json,20250303_1483_sbom_data.json,0,0.0
0.0,20250215_283_sbom_data.json,20250226_192_sbom_data.json,0,0.0
0.0,20250215_283_sbom_data.json,20250224_1367_sbom_data.json,0,0.0
0.0,20250215_283_sbom_data.json,20250219_1451_sbom_data.json,0,0.0
0.0,20250215_283_sbom_data.json,20250218_533_sbom_data.json,0,0.0
0.0,20250215_283_sbom_data.json,20250217_1222_sbom_data.json,0,0.0
0.0,20250215_283_sbom_data.json,20250216_1131_sbom_data.json,0,0.0
0.0,20250215_283_sbom_data.json,20250215_700_sbom_data.json,0,0.0
0.0,20250215_283_sbom_data.json,20250210_1258_sbom_data.json,0,0.0
0.0,20250215_283_sbom_data.json,20250209_351_sbom_data.json,0,0.0
0.0,20250215_283_sbom_data.json,20250208_1394_sbom_data.json,0,0.0
0.0,20250214_449_sbom_data.json,20250427_294_sbom_data.json,0,0.0
0.0,20250214_449_sbom_data.json,20250312_876_sbom_data.json,0,0.0
0.0,20250214_449_sbom_data.json,20250226_192_sbom_data.json,0,0.0
0.0,20250214_449_sbom_data.json,20250219_1451_sbom_data.json,0,0.0
0.0,20250214_449_sbom_data.json,20250218_533_sbom_data.json,0,0.0
0.0,20250214_449_sbom_data.json,20250217_1222_sbom_data.json,0,0.0
0.0,20250214_449_sbom_data.json,20250214_1123_sbom_data.json,0,0.0
0.0,20250214_449_sbom_data.json,20250209_351_sbom_data.json,0,0.0
0.0,20250214_449_sbom_data.json,20250208_1394_sbom_data.json,0,0.0
0.0,20250214_1461_sbom_data.json,20250502_jumbo_9047_sbom_data.json,0,0.0
0.0,20250214_1461_sbom_data.json,20250502_jumbo_7959_sbom_data.json,0,0.0
0.0,20250214_1461_sbom_data.json,20250502_jumbo_2331_sbom_data.json,0,0.0
0.0,20250214_1461_sbom_data.json,20250502_jumbo_13802_sbom_data.json,0,0.0
0.0,20250214_1461_sbom_data.json,20250502_jumbo_13314_sbom_data.json,0,0.0
0.0,20250214_1461_sbom_data.json,20250427_65_sbom_data.json,0,0.0
0.0,20250214_1461_sbom_data.json,20250427_294_sbom_data.json,0,0.0
0.0,20250214_1461_sbom_data.json,20250426_1545_sbom_data.json,0,0.0
0.0,20250214_1461_sbom_data.json,20250426_1120_sbom_data.json,0,0.0
0.0,20250214_1461_sbom_data.json,20250421_528_sbom_data.json,0,0.0
0.0,20250214_1461_sbom_data.json,20250419_1455_sbom_data.json,0,0.0
0.0,20250214_1461_sbom_data.json,20250418_910_sbom_data.json,0,0.0
0.0,20250214_1461_sbom_data.json,20250418_1115_sbom_data.json,0,0.0
0.0,20250214_1461_sbom_data.json,20250417_234_sbom_data.json,0,0.0
0.0,20250214_1461_sbom_data.json,20250417_208_sbom_data.json,0,0.0
0.0,20250214_1461_sbom_data.json,20250415_1518_sbom_data.json,0,0.0
0.0,20250214_1461_sbom_data.json,20250412_1423_sbom_data.json,0,0.0
0.0,20250214_1461_sbom_data.json,20250412_1361_sbom_data.json,0,0.0
0.0,20250214_1461_sbom_data.json,20250411_217_sbom_data.json,0,0.0
0.0,20250214_1461_sbom_data.json,20250410_1473_sbom_data.json,0,0.0
0.0,20250214_1461_sbom_data.json,20250408_221_sbom_data.json,0,0.0
0.0,20250214_1461_sbom_data.json,20250407_861_sbom_data.json,0,0.0
0.0,20250214_1461_sbom_data.json,20250407_203_sbom_data.json,0,0.0
0.0,20250214_1461_sbom_data.json,20250406_1002_sbom_data.json,0,0.0
0.0,20250214_1461_sbom_data.json,20250405_877_sbom_data.json,0,0.0
0.0,20250214_1461_sbom_data.json,20250405_1585_sbom_data.json,0,0.0
0.0,20250214_1461_sbom_data.json,20250404_1683_sbom_data.json,0,0.0
0.0,20250214_1461_sbom_data.json,20250402_1511_sbom_data.json,0,0.0
0.0,20250214_1461_sbom_data.json,20250330_99_sbom_data.json,0,0.0
0.0,20250214_1461_sbom_data.json,20250329_448_sbom_data.json,0,0.0
0.0,20250214_1461_sbom_data.json,20250329_223_sbom_data.json,0,0.0
0.0,20250214_1461_sbom_data.json,20250327_1532_sbom_data.json,0,0.0
0.0,20250214_1461_sbom_data.json,20250327_1054_sbom_data.json,0,0.0
0.0,20250214_1461_sbom_data.json,20250326_674_sbom_data.json,0,0.0
0.0,20250214_1461_sbom_data.json,20250325_816_sbom_data.json,0,0.0
0.0,20250214_1461_sbom_data.json,20250325_132_sbom_data.json,0,0.0
0.0,20250214_1461_sbom_data.json,20250323_91_sbom_data.json,0,0.0
0.0,20250214_1461_sbom_data.json,20250323_832_sbom_data.json,0,0.0
0.0,20250214_1461_sbom_data.json,20250320_100_sbom_data.json,0,0.0
0.0,20250214_1461_sbom_data.json,20250319_857_sbom_data.json,0,0.0
0.0,20250214_1461_sbom_data.json,20250317_1341_sbom_data.json,0,0.0
0.0,20250214_1461_sbom_data.json,20250316_1292_sbom_data.json,0,0.0
0.0,20250214_1461_sbom_data.json,20250315_1483_sbom_data.json,0,0.0
0.0,20250214_1461_sbom_data.json,20250315_1221_sbom_data.json,0,0.0
0.0,20250214_1461_sbom_data.json,20250312_876_sbom_data.json,0,0.0
0.0,20250214_1461_sbom_data.json,20250311_1388_sbom_data.json,0,0.0
0.0,20250214_1461_sbom_data.json,20250310_824_sbom_data.json,0,0.0
0.0,20250214_1461_sbom_data.json,20250308_194_sbom_data.json,0,0.0
0.0,20250214_1461_sbom_data.json,20250308_1329_sbom_data.json,0,0.0
0.0,20250214_1461_sbom_data.json,20250308_1092_sbom_data.json,0,0.0
0.0,20250214_1461_sbom_data.json,20250307_82_sbom_data.json,0,0.0
0.0,20250214_1461_sbom_data.json,20250306_771_sbom_data.json,0,0.0
0.0,20250214_1461_sbom_data.json,20250303_1483_sbom_data.json,0,0.0
0.0,20250214_1461_sbom_data.json,20250302_1466_sbom_data.json,0,0.0
0.0,20250214_1461_sbom_data.json,20250301_261_sbom_data.json,0,0.0
0.0,20250214_1461_sbom_data.json,20250227_1478_sbom_data.json,0,0.0
0.0,20250214_1461_sbom_data.json,20250226_632_sbom_data.json,0,0.0
0.0,20250214_1461_sbom_data.json,20250226_192_sbom_data.json,0,0.0
0.0,20250214_1461_sbom_data.json,20250224_1367_sbom_data.json,0,0.0
0.0,20250214_1461_sbom_data.json,20250219_1451_sbom_data.json,0,0.0
0.0,20250214_1461_sbom_data.json,20250218_533_sbom_data.json,0,0.0
0.0,20250214_1461_sbom_data.json,20250217_1561_sbom_data.json,0,0.0
0.0,20250214_1461_sbom_data.json,20250217_1222_sbom_data.json,0,0.0
0.0,20250214_1461_sbom_data.json,20250216_1131_sbom_data.json,0,0.0
0.0,20250214_1461_sbom_data.json,20250215_700_sbom_data.json,0,0.0
0.0,20250214_1461_sbom_data.json,20250215_283_sbom_data.json,0,0.0
0.0,20250214_1461_sbom_data.json,20250214_449_sbom_data.json,0,0.0
0.0,20250214_1461_sbom_data.json,20250214_1123_sbom_data.json,0,0.0
0.0,20250214_1461_sbom_data.json,20250210_1258_sbom_data.json,0,0.0
0.0,20250214_1461_sbom_data.json,20250209_351_sbom_data.json,0,0.0
0.0,20250214_1461_sbom_data.json,20250208_1394_sbom_data.json,0,0.0
0.0,20250214_1123_sbom_data.json,20250427_294_sbom_data.json,0,0.0
0.0,20250214_1123_sbom_data.json,20250421_528_sbom_data.json,0,0.0
0.0,20250214_1123_sbom_data.json,20250417_234_sbom_data.json,0,0.0
0.0,20250214_1123_sbom_data.json,20250415_1518_sbom_data.json,0,0.0
0.0,20250214_1123_sbom_data.json,20250407_861_sbom_data.json,0,0.0
0.0,20250214_1123_sbom_data.json,20250406_1002_sbom_data.json,0,0.0
0.0,20250214_1123_sbom_data.json,20250405_1585_sbom_data.json,0,0.0
0.0,20250214_1123_sbom_data.json,20250402_1511_sbom_data.json,0,0.0
0.0,20250214_1123_sbom_data.json,20250329_223_sbom_data.json,0,0.0
0.0,20250214_1123_sbom_data.json,20250325_816_sbom_data.json,0,0.0
0.0,20250214_1123_sbom_data.json,20250319_857_sbom_data.json,0,0.0
0.0,20250214_1123_sbom_data.json,20250317_1341_sbom_data.json,0,0.0
0.0,20250214_1123_sbom_data.json,20250312_876_sbom_data.json,0,0.0
0.0,20250214_1123_sbom_data.json,20250302_1466_sbom_data.json,0,0.0
0.0,20250214_1123_sbom_data.json,20250227_1478_sbom_data.json,0,0.0
0.0,20250214_1123_sbom_data.json,20250226_192_sbom_data.json,0,0.0
0.0,20250214_1123_sbom_data.json,20250219_1451_sbom_data.json,0,0.0
0.0,20250214_1123_sbom_data.json,20250218_533_sbom_data.json,0,0.0
0.0,20250214_1123_sbom_data.json,20250217_1561_sbom_data.json,0,0.0
0.0,20250214_1123_sbom_data.json,20250217_1222_sbom_data.json,0,0.0
0.0,20250214_1123_sbom_data.json,20250215_700_sbom_data.json,0,0.0
0.0,20250214_1123_sbom_data.json,20250209_351_sbom_data.json,0,0.0
0.0,20250214_1123_sbom_data.json,20250208_1394_sbom_data.json,0,0.0
0.0,20250211_1366_sbom_data.json,20250502_jumbo_9047_sbom_data.json,0,0.0
0.0,20250211_1366_sbom_data.json,20250502_jumbo_7959_sbom_data.json,0,0.0
0.0,20250211_1366_sbom_data.json,20250502_jumbo_6624_sbom_data.json,0,0.0
0.0,20250211_1366_sbom_data.json,20250502_jumbo_2331_sbom_data.json,0,0.0
0.0,20250211_1366_sbom_data.json,20250502_jumbo_11496_sbom_data.json,0,0.0
0.0,20250211_1366_sbom_data.json,20250427_294_sbom_data.json,0,0.0
0.0,20250211_1366_sbom_data.json,20250426_1545_sbom_data.json,0,0.0
0.0,20250211_1366_sbom_data.json,20250421_528_sbom_data.json,0,0.0
0.0,20250211_1366_sbom_data.json,20250418_1115_sbom_data.json,0,0.0
0.0,20250211_1366_sbom_data.json,20250417_208_sbom_data.json,0,0.0
0.0,20250211_1366_sbom_data.json,20250416_657_sbom_data.json,0,0.0
0.0,20250211_1366_sbom_data.json,20250415_1518_sbom_data.json,0,0.0
0.0,20250211_1366_sbom_data.json,20250414_793_sbom_data.json,0,0.0
0.0,20250211_1366_sbom_data.json,20250412_1361_sbom_data.json,0,0.0
0.0,20250211_1366_sbom_data.json,20250411_866_sbom_data.json,0,0.0
0.0,20250211_1366_sbom_data.json,20250411_217_sbom_data.json,0,0.0
0.0,20250211_1366_sbom_data.json,20250408_221_sbom_data.json,0,0.0
0.0,20250211_1366_sbom_data.json,20250405_877_sbom_data.json,0,0.0
0.0,20250211_1366_sbom_data.json,20250405_1585_sbom_data.json,0,0.0
0.0,20250211_1366_sbom_data.json,20250330_99_sbom_data.json,0,0.0
0.0,20250211_1366_sbom_data.json,20250327_1054_sbom_data.json,0,0.0
0.0,20250211_1366_sbom_data.json,20250326_674_sbom_data.json,0,0.0
0.0,20250211_1366_sbom_data.json,20250325_816_sbom_data.json,0,0.0
0.0,20250211_1366_sbom_data.json,20250325_132_sbom_data.json,0,0.0
0.0,20250211_1366_sbom_data.json,20250324_485_sbom_data.json,0,0.0
0.0,20250211_1366_sbom_data.json,20250324_396_sbom_data.json,0,0.0
0.0,20250211_1366_sbom_data.json,20250324_242_sbom_data.json,0,0.0
0.0,20250211_1366_sbom_data.json,20250323_832_sbom_data.json,0,0.0
0.0,20250211_1366_sbom_data.json,20250323_221_sbom_data.json,0,0.0
0.0,20250211_1366_sbom_data.json,20250322_241_sbom_data.json,0,0.0
0.0,20250211_1366_sbom_data.json,20250321_648_sbom_data.json,0,0.0
0.0,20250211_1366_sbom_data.json,20250312_876_sbom_data.json,0,0.0
0.0,20250211_1366_sbom_data.json,20250310_824_sbom_data.json,0,0.0
0.0,20250211_1366_sbom_data.json,20250308_1329_sbom_data.json,0,0.0
0.0,20250211_1366_sbom_data.json,20250307_1428_sbom_data.json,0,0.0
0.0,20250211_1366_sbom_data.json,20250306_771_sbom_data.json,0,0.0
0.0,20250211_1366_sbom_data.json,20250303_1483_sbom_data.json,0,0.0
0.0,20250211_1366_sbom_data.json,20250227_1133_sbom_data.json,0,0.0
0.0,20250211_1366_sbom_data.json,20250226_192_sbom_data.json,0,0.0
0.0,20250211_1366_sbom_data.json,20250224_1367_sbom_data.json,0,0.0
0.0,20250211_1366_sbom_data.json,20250219_1142_sbom_data.json,0,0.0
0.0,20250211_1366_sbom_data.json,20250218_533_sbom_data.json,0,0.0
0.0,20250211_1366_sbom_data.json,20250216_1131_sbom_data.json,0,0.0
0.0,20250211_1366_sbom_data.json,20250215_700_sbom_data.json,0,0.0
0.0,20250211_1366_sbom_data.json,20250214_1461_sbom_data.json,0,0.0
0.0,20250211_1366_sbom_data.json,20250214_1123_sbom_data.json,0,0.0
0.0,20250211_1366_sbom_data.json,20250209_351_sbom_data.json,0,0.0
0.0,20250210_447_sbom_data.json,20250502_jumbo_9047_sbom_data.json,0,0.0
0.0,20250210_447_sbom_data.json,20250502_jumbo_6624_sbom_data.json,0,0.0
0.0,20250210_447_sbom_data.json,20250502_jumbo_2331_sbom_data.json,0,0.0
0.0,20250210_447_sbom_data.json,20250502_jumbo_11496_sbom_data.json,0,0.0
0.0,20250210_447_sbom_data.json,20250427_294_sbom_data.json,0,0.0
0.0,20250210_447_sbom_data.json,20250426_1545_sbom_data.json,0,0.0
0.0,20250210_447_sbom_data.json,20250421_528_sbom_data.json,0,0.0
0.0,20250210_447_sbom_data.json,20250418_1115_sbom_data.json,0,0.0
0.0,20250210_447_sbom_data.json,20250417_208_sbom_data.json,0,0.0
0.0,20250210_447_sbom_data.json,20250416_657_sbom_data.json,0,0.0
0.0,20250210_447_sbom_data.json,20250415_1518_sbom_data.json,0,0.0
0.0,20250210_447_sbom_data.json,20250411_866_sbom_data.json,0,0.0
0.0,20250210_447_sbom_data.json,20250411_217_sbom_data.json,0,0.0
0.0,20250210_447_sbom_data.json,20250408_221_sbom_data.json,0,0.0
0.0,20250210_447_sbom_data.json,20250405_877_sbom_data.json,0,0.0
0.0,20250210_447_sbom_data.json,20250405_1585_sbom_data.json,0,0.0
0.0,20250210_447_sbom_data.json,20250330_99_sbom_data.json,0,0.0
0.0,20250210_447_sbom_data.json,20250327_1054_sbom_data.json,0,0.0
0.0,20250210_447_sbom_data.json,20250326_674_sbom_data.json,0,0.0
0.0,20250210_447_sbom_data.json,20250325_816_sbom_data.json,0,0.0
0.0,20250210_447_sbom_data.json,20250325_132_sbom_data.json,0,0.0
0.0,20250210_447_sbom_data.json,20250324_485_sbom_data.json,0,0.0
0.0,20250210_447_sbom_data.json,20250324_396_sbom_data.json,0,0.0
0.0,20250210_447_sbom_data.json,20250324_242_sbom_data.json,0,0.0
0.0,20250210_447_sbom_data.json,20250323_832_sbom_data.json,0,0.0
0.0,20250210_447_sbom_data.json,20250323_221_sbom_data.json,0,0.0
0.0,20250210_447_sbom_data.json,20250321_648_sbom_data.json,0,0.0
0.0,20250210_447_sbom_data.json,20250312_876_sbom_data.json,0,0.0
0.0,20250210_447_sbom_data.json,20250310_824_sbom_data.json,0,0.0
0.0,20250210_447_sbom_data.json,20250308_1329_sbom_data.json,0,0.0
0.0,20250210_447_sbom_data.json,20250307_1428_sbom_data.json,0,0.0
0.0,20250210_447_sbom_data.json,20250306_771_sbom_data.json,0,0.0
0.0,20250210_447_sbom_data.json,20250303_1483_sbom_data.json,0,0.0
0.0,20250210_447_sbom_data.json,20250226_192_sbom_data.json,0,0.0
0.0,20250210_447_sbom_data.json,20250224_1367_sbom_data.json,0,0.0
0.0,20250210_447_sbom_data.json,20250219_1451_sbom_data.json,0,0.0
0.0,20250210_447_sbom_data.json,20250219_1142_sbom_data.json,0,0.0
0.0,20250210_447_sbom_data.json,20250218_533_sbom_data.json,0,0.0
0.0,20250210_447_sbom_data.json,20250217_1222_sbom_data.json,0,0.0
0.0,20250210_447_sbom_data.json,20250216_1131_sbom_data.json,0,0.0
0.0,20250210_447_sbom_data.json,20250215_700_sbom_data.json,0,0.0
0.0,20250210_447_sbom_data.json,20250214_1461_sbom_data.json,0,0.0
0.0,20250210_447_sbom_data.json,20250214_1123_sbom_data.json,0,0.0
0.0,20250210_447_sbom_data.json,20250210_1258_sbom_data.json,0,0.0
0.0,20250210_447_sbom_data.json,20250209_351_sbom_data.json,0,0.0
0.0,20250210_447_sbom_data.json,20250208_1394_sbom_data.json,0,0.0
0.0,20250210_1258_sbom_data.json,20250502_jumbo_14282_sbom_data.json,0,0.0
0.0,20250210_1258_sbom_data.json,20250502_jumbo_11496_sbom_data.json,0,0.0
0.0,20250210_1258_sbom_data.json,20250427_294_sbom_data.json,0,0.0
0.0,20250210_1258_sbom_data.json,20250426_1120_sbom_data.json,0,0.0
0.0,20250210_1258_sbom_data.json,20250421_528_sbom_data.json,0,0.0
0.0,20250210_1258_sbom_data.json,20250418_1115_sbom_data.json,0,0.0
0.0,20250210_1258_sbom_data.json,20250417_234_sbom_data.json,0,0.0
0.0,20250210_1258_sbom_data.json,20250415_1518_sbom_data.json,0,0.0
0.0,20250210_1258_sbom_data.json,20250410_1473_sbom_data.json,0,0.0
0.0,20250210_1258_sbom_data.json,20250407_861_sbom_data.json,0,0.0
0.0,20250210_1258_sbom_data.json,20250406_1002_sbom_data.json,0,0.0
0.0,20250210_1258_sbom_data.json,20250405_1585_sbom_data.json,0,0.0
0.0,20250210_1258_sbom_data.json,20250404_1683_sbom_data.json,0,0.0
0.0,20250210_1258_sbom_data.json,20250402_1511_sbom_data.json,0,0.0
0.0,20250210_1258_sbom_data.json,20250329_223_sbom_data.json,0,0.0
0.0,20250210_1258_sbom_data.json,20250325_816_sbom_data.json,0,0.0
0.0,20250210_1258_sbom_data.json,20250319_857_sbom_data.json,0,0.0
0.0,20250210_1258_sbom_data.json,20250317_1341_sbom_data.json,0,0.0
0.0,20250210_1258_sbom_data.json,20250315_1483_sbom_data.json,0,0.0
0.0,20250210_1258_sbom_data.json,20250312_876_sbom_data.json,0,0.0
0.0,20250210_1258_sbom_data.json,20250308_194_sbom_data.json,0,0.0
0.0,20250210_1258_sbom_data.json,20250307_82_sbom_data.json,0,0.0
0.0,20250210_1258_sbom_data.json,20250302_1466_sbom_data.json,0,0.0
0.0,20250210_1258_sbom_data.json,20250301_261_sbom_data.json,0,0.0
0.0,20250210_1258_sbom_data.json,20250227_1478_sbom_data.json,0,0.0
0.0,20250210_1258_sbom_data.json,20250226_192_sbom_data.json,0,0.0
0.0,20250210_1258_sbom_data.json,20250218_533_sbom_data.json,0,0.0
0.0,20250210_1258_sbom_data.json,20250217_1561_sbom_data.json,0,0.0
0.0,20250210_1258_sbom_data.json,20250216_1131_sbom_data.json,0,0.0
0.0,20250210_1258_sbom_data.json,20250215_700_sbom_data.json,0,0.0
0.0,20250210_1258_sbom_data.json,20250214_449_sbom_data.json,0,0.0
0.0,20250210_1258_sbom_data.json,20250214_1123_sbom_data.json,0,0.0
0.0,20250210_1258_sbom_data.json,20250209_351_sbom_data.json,0,0.0
0.0,20250209_351_sbom_data.json,20250427_294_sbom_data.json,0,0.0
0.0,20250209_351_sbom_data.json,20250426_1120_sbom_data.json,0,0.0
0.0,20250209_351_sbom_data.json,20250421_528_sbom_data.json,0,0.0
0.0,20250209_351_sbom_data.json,20250417_234_sbom_data.json,0,0.0
0.0,20250209_351_sbom_data.json,20250415_1518_sbom_data.json,0,0.0
0.0,20250209_351_sbom_data.json,20250410_1473_sbom_data.json,0,0.0
0.0,20250209_351_sbom_data.json,20250407_861_sbom_data.json,0,0.0
0.0,20250209_351_sbom_data.json,20250406_1002_sbom_data.json,0,0.0
0.0,20250209_351_sbom_data.json,20250405_1585_sbom_data.json,0,0.0
0.0,20250209_351_sbom_data.json,20250402_1511_sbom_data.json,0,0.0
0.0,20250209_351_sbom_data.json,20250327_1532_sbom_data.json,0,0.0
0.0,20250209_351_sbom_data.json,20250325_816_sbom_data.json,0,0.0
0.0,20250209_351_sbom_data.json,20250317_1341_sbom_data.json,0,0.0
0.0,20250209_351_sbom_data.json,20250315_1483_sbom_data.json,0,0.0
0.0,20250209_351_sbom_data.json,20250227_1478_sbom_data.json,0,0.0
0.0,20250209_351_sbom_data.json,20250226_192_sbom_data.json,0,0.0
0.0,20250209_351_sbom_data.json,20250218_533_sbom_data.json,0,0.0
0.0,20250209_351_sbom_data.json,20250217_1222_sbom_data.json,0,0.0
0.0,20250209_351_sbom_data.json,20250215_700_sbom_data.json,0,0.0
0.0,20250209_351_sbom_data.json,20250208_1394_sbom_data.json,0,0.0
0.0,20250208_1394_sbom_data.json,20250427_294_sbom_data.json,0,0.0
0.0,20250208_1394_sbom_data.json,20250426_1120_sbom_data.json,0,0.0
0.0,20250208_1394_sbom_data.json,20250421_528_sbom_data.json,0,0.0
0.0,20250208_1394_sbom_data.json,20250417_234_sbom_data.json,0,0.0
0.0,20250208_1394_sbom_data.json,20250415_1518_sbom_data.json,0,0.0
0.0,20250208_1394_sbom_data.json,20250410_1473_sbom_data.json,0,0.0
0.0,20250208_1394_sbom_data.json,20250407_861_sbom_data.json,0,0.0
0.0,20250208_1394_sbom_data.json,20250406_1002_sbom_data.json,0,0.0
0.0,20250208_1394_sbom_data.json,20250402_1511_sbom_data.json,0,0.0
0.0,20250208_1394_sbom_data.json,20250325_816_sbom_data.json,0,0.0
0.0,20250208_1394_sbom_data.json,20250317_1341_sbom_data.json,0,0.0
0.0,20250208_1394_sbom_data.json,20250315_1483_sbom_data.json,0,0.0
0.0,20250208_1394_sbom_data.json,20250226_192_sbom_data.json,0,0.0
0.0,20250208_1394_sbom_data.json,20250217_1561_sbom_data.json,0,0.0
0.0,20250208_1394_sbom_data.json,20250215_700_sbom_data.json,0,0.0
