source_file,sbom_name,n_dependencies,n_unique_packages,n_unique_packages_versioned,n_ecosystems,primary_ecosystem,primary_ecosystem_share,ecosystem_entropy,n_vendors,primary_vendor,primary_vendor_share,vendor_entropy,frac_version_exact,frac_version_range,frac_version_missing,frac_version_branch,frac_version_other,n_version_exact,n_version_range,n_version_missing,eco_count__npm,eco_share__npm,eco_count__gem,eco_share__gem,eco_count__composer,eco_share__composer,eco_count__maven,eco_share__maven,eco_count__pypi,eco_share__pypi,eco_count__cargo,eco_share__cargo,eco_count__pub,eco_share__pub,eco_count__golang,eco_share__golang,eco_count__nuget,eco_share__nuget,eco_count__github_actions,eco_share__github_actions
20250210_447_sbom_data.json,com.github.sekthor/singing-city,932,840,932,3,npm,0.954936,0.281778,630,@babel,0.120172,8.420535,0.995708,0.0,0.0,0.0,0.004292,928,0,0,890,0.954936,0,0.0,0,0.0,0,0.0,0,0.0,0,0.0,0,0.0,39,0.041845,0,0.0,3,0.003219
20250312_248_sbom_data.json,com.github.minetest-mods/vehicle_mash,2,2,2,1,github_actions,1.0,0.0,2,actions,0.5,1.0,0.5,0.0,0.0,0.5,0.0,1,0,0,0,0.0,0,0.0,0,0.0,0,0.0,0,0.0,0,0.0,0,0.0,0,0.0,0,0.0,2,1.0
20250308_540_sbom_data.json,com.github.sashmlv/modules-hash,13,13,13,1,npm,1.0,0.0,13,npm:clean-webpack-plugin,0.076923,3.70044,0.0,1.0,0.0,0.0,0.0,0,13,0,13,1.0,0,0.0,0,0.0,0,0.0,0,0.0,0,0.0,0,0.0,0,0.0,0,0.0,0,0.0
20250502_jumbo_3179_sbom_data.json,com.github.Nagajothi-Ganesh/Coffee-full-stack,1063,914,1063,2,npm,0.958608,0.24864,853,@webassemblyjs,0.016933,9.533752,0.999059,0.0,0.0,0.0,0.000941,1062,0,0,1019,0.958608,0,0.0,0,0.0,0,0.0,44,0.041392,0,0.0,0,0.0,0,0.0,0,0.0,0,0.0
20250211_1366_sbom_data.json,com.github.exwhyeye/sandbox,801,701,801,1,npm,1.0,0.0,566,@babel,0.133583,8.347569,0.996255,0.0,0.0,0.0,0.003745,798,0,0,801,1.0,0,0.0,0,0.0,0,0.0,0,0.0,0,0.0,0,0.0,0,0.0,0,0.0,0,0.0
20250307_139_sbom_data.json,com.github.James-W-Berry/James-W-Berry.github.io,1543,1262,1543,1,npm,1.0,0.0,1054,@babel,0.095917,9.271993,0.998056,0.0,0.0,0.0,0.001944,1540,0,0,1543,1.0,0,0.0,0,0.0,0,0.0,0,0.0,0,0.0,0,0.0,0,0.0,0,0.0,0,0.0
20250419_491_sbom_data.json,com.github.cobeisfresh/lemon-box,555,439,555,1,npm,1.0,0.0,421,@webassemblyjs,0.032432,8.521468,1.0,0.0,0.0,0.0,0.0,555,0,0,555,1.0,0,0.0,0,0.0,0,0.0,0,0.0,0,0.0,0,0.0,0,0.0,0,0.0,0,0.0
20250414_793_sbom_data.json,com.github.hgupta12/go-todo-rest-api,20,20,20,1,golang,1.0,0.0,15,golang.org/x,0.2,3.721928,0.9,0.0,0.0,0.0,0.1,18,0,0,0,0.0,0,0.0,0,0.0,0,0.0,0,0.0,0,0.0,0,0.0,20,1.0,0,0.0,0,0.0
20250502_jumbo_12963_sbom_data.json,com.github.Cerynna/SpacialGame,431,216,247,1,npm,1.0,0.0,215,npm:debug,0.013921,7.701592,1.0,0.0,0.0,0.0,0.0,431,0,0,431,1.0,0,0.0,0,0.0,0,0.0,0,0.0,0,0.0,0,0.0,0,0.0,0,0.0,0,0.0
20250320_1023_sbom_data.json,com.github.klefo0/mirai_maintain,333,300,333,1,npm,1.0,0.0,269,@jimp,0.093093,7.694365,0.993994,0.0,0.0,0.0,0.006006,331,0,0,333,1.0,0,0.0,0,0.0,0,0.0,0,0.0,0,0.0,0,0.0,0,0.0,0,0.0,0,0.0
20250324_485_sbom_data.json,com.github.SamCambraia1/SamCambraia1,2,2,2,1,github_actions,1.0,0.0,2,Platane,0.5,1.0,0.5,0.0,0.0,0.5,0.0,1,0,0,0,0.0,0,0.0,0,0.0,0,0.0,0,0.0,0,0.0,0,0.0,0,0.0,0,0.0,2,1.0
20250219_1142_sbom_data.json,com.github.samyak-hash/sign-language-recognition,40,40,40,1,pub,1.0,0.0,40,pub:nested,0.025,5.321928,1.0,0.0,0.0,0.0,0.0,40,0,0,0,0.0,0,0.0,0,0.0,0,0.0,0,0.0,0,0.0,40,1.0,0,0.0,0,0.0,0,0.0
20250411_866_sbom_data.json,com.github.intoffset/flutter_examples,46,45,46,1,pub,1.0,0.0,45,pub:flutter_lints,0.043478,5.480084,0.978261,0.021739,0.0,0.0,0.0,45,1,0,0,0.0,0,0.0,0,0.0,0,0.0,0,0.0,0,0.0,46,1.0,0,0.0,0,0.0,0,0.0
20250324_242_sbom_data.json,com.github.kritikm/TheAgeBlog,1,1,1,1,composer,1.0,0.0,1,facebook,1.0,0.0,1.0,0.0,0.0,0.0,0.0,1,0,0,0,0.0,0,0.0,1,1.0,0,0.0,0,0.0,0,0.0,0,0.0,0,0.0,0,0.0,0,0.0
20250322_241_sbom_data.json,com.github.markitr/tabulate,6,6,6,1,github_actions,1.0,0.0,2,r-lib/actions,0.666667,0.918296,0.833333,0.0,0.0,0.166667,0.0,5,0,0,0,0.0,0,0.0,0,0.0,0,0.0,0,0.0,0,0.0,0,0.0,0,0.0,0,0.0,6,1.0
20250416_657_sbom_data.json,com.github.JSoulas/github-slideshow,94,94,94,2,gem,0.989362,0.084996,94,npm:reveal.js,0.010638,6.554589,1.0,0.0,0.0,0.0,0.0,94,0,0,1,0.010638,93,0.989362,0,0.0,0,0.0,0,0.0,0,0.0,0,0.0,0,0.0,0,0.0,0,0.0
20250502_jumbo_10892_sbom_data.json,com.github.samithaf/nextjs-docker,30,30,30,2,npm,0.966667,0.210842,20,@next,0.333333,3.732915,0.966667,0.033333,0.0,0.0,0.0,29,1,0,29,0.966667,0,0.0,0,0.0,0,0.0,0,0.0,0,0.0,0,0.0,0,0.0,0,0.0,1,0.033333
20250306_550_sbom_data.json,com.github.SwanandPurkar/TextUtils-React,1216,1077,1216,1,npm,1.0,0.0,833,@babel,0.098684,8.838334,0.995888,0.0,0.0,0.0,0.004112,1211,0,0,1216,1.0,0,0.0,0,0.0,0,0.0,0,0.0,0,0.0,0,0.0,0,0.0,0,0.0,0,0.0
20250502_jumbo_979_sbom_data.json,com.github.AnushanR/emojiDictionary,1391,1202,1391,1,npm,1.0,0.0,1025,@babel,0.091301,9.353284,0.997843,0.0,0.0,0.0,0.002157,1388,0,0,1391,1.0,0,0.0,0,0.0,0,0.0,0,0.0,0,0.0,0,0.0,0,0.0,0,0.0,0,0.0
20250307_1428_sbom_data.json,com.github.kashtech79/advanced-java,2,2,2,1,maven,1.0,0.0,2,junit,0.5,1.0,0.5,0.0,0.0,0.0,0.5,1,0,0,0,0.0,0,0.0,0,0.0,2,1.0,0,0.0,0,0.0,0,0.0,0,0.0,0,0.0,0,0.0
20250227_1133_sbom_data.json,com.github.DataDog/go-runtime-metrics-internal,6,6,6,2,golang,0.666667,0.918296,5,actions,0.333333,2.251629,0.666667,0.333333,0.0,0.0,0.0,4,2,0,0,0.0,0,0.0,0,0.0,0,0.0,0,0.0,0,0.0,0,0.0,4,0.666667,0,0.0,2,0.333333
20250323_221_sbom_data.json,com.github.nvirth/BookTera-WinStore,3,3,3,1,nuget,1.0,0.0,3,nuget:elmah,0.333333,1.584963,1.0,0.0,0.0,0.0,0.0,3,0,0,0,0.0,0,0.0,0,0.0,0,0.0,0,0.0,0,0.0,0,0.0,0,0.0,3,1.0,0,0.0
20250321_648_sbom_data.json,com.github.lbl1985/learnPug,2,2,2,1,npm,1.0,0.0,2,npm:pug,0.5,1.0,0.0,1.0,0.0,0.0,0.0,0,2,0,2,1.0,0,0.0,0,0.0,0,0.0,0,0.0,0,0.0,0,0.0,0,0.0,0,0.0,0,0.0
20250420_249_sbom_data.json,com.github.smy329/car-doctor-express-server,85,84,85,1,npm,1.0,0.0,82,@types,0.035294,6.329922,1.0,0.0,0.0,0.0,0.0,85,0,0,85,1.0,0,0.0,0,0.0,0,0.0,0,0.0,0,0.0,0,0.0,0,0.0,0,0.0,0,0.0
20250324_396_sbom_data.json,com.github.j2eework/com.pypay.sofa,18,18,18,1,maven,1.0,0.0,10,org.springframework.boot,0.333333,2.974938,0.444444,0.0,0.5,0.0,0.055556,8,0,9,0,0.0,0,0.0,0,0.0,18,1.0,0,0.0,0,0.0,0,0.0,0,0.0,0,0.0,0,0.0
20250214_1461_sbom_data.json,com.github.LacoAncaLaura/PhoneBook,5,5,5,1,maven,1.0,0.0,5,junit,0.2,2.321928,1.0,0.0,0.0,0.0,0.0,5,0,0,0,0.0,0,0.0,0,0.0,5,1.0,0,0.0,0,0.0,0,0.0,0,0.0,0,0.0,0,0.0
20250306_771_sbom_data.json,com.github.yushuz/zoe-null-safety,27,27,27,2,pub,0.851852,0.605187,27,pypi:flask,0.037037,4.754888,1.0,0.0,0.0,0.0,0.0,27,0,0,0,0.0,0,0.0,0,0.0,0,0.0,4,0.148148,0,0.0,23,0.851852,0,0.0,0,0.0,0,0.0
20250327_1054_sbom_data.json,com.github.romaaaa0/Zoo,43,23,23,1,npm,1.0,0.0,23,npm:com.unity.modules.unitywebrequest,0.139535,4.13594,0.837209,0.0,0.0,0.0,0.162791,36,0,0,43,1.0,0,0.0,0,0.0,0,0.0,0,0.0,0,0.0,0,0.0,0,0.0,0,0.0,0,0.0
20250215_283_sbom_data.json,com.github.alexyd88/Dijkstra-Visualizer,1303,1149,1303,1,npm,1.0,0.0,887,@babel,0.099002,8.909955,0.994628,0.0,0.0,0.0,0.005372,1296,0,0,1303,1.0,0,0.0,0,0.0,0,0.0,0,0.0,0,0.0,0,0.0,0,0.0,0,0.0,0,0.0
20250502_jumbo_13314_sbom_data.json,com.github.harodemanish/javascripproject,1225,1091,1225,1,npm,1.0,0.0,834,@babel,0.105306,8.795305,0.995102,0.0,0.0,0.0,0.004898,1219,0,0,1225,1.0,0,0.0,0,0.0,0,0.0,0,0.0,0,0.0,0,0.0,0,0.0,0,0.0,0,0.0
20250407_203_sbom_data.json,com.github.Elikdev/nestjs-rest-api,703,634,703,1,npm,1.0,0.0,502,@types,0.051209,8.406159,0.997155,0.0,0.0,0.0,0.002845,701,0,0,703,1.0,0,0.0,0,0.0,0,0.0,0,0.0,0,0.0,0,0.0,0,0.0,0,0.0,0,0.0
20250412_1361_sbom_data.json,com.github.solloc/image-hub-legacy,29,29,29,1,npm,1.0,0.0,19,@angular,0.344828,3.643523,0.034483,0.965517,0.0,0.0,0.0,1,28,0,29,1.0,0,0.0,0,0.0,0,0.0,0,0.0,0,0.0,0,0.0,0,0.0,0,0.0,0,0.0
20250417_208_sbom_data.json,com.github.pedroluzio/EducationEllie,9,9,9,1,nuget,1.0,0.0,9,nuget:microsoft.data.sqlite,0.111111,3.169925,1.0,0.0,0.0,0.0,0.0,9,0,0,0,0.0,0,0.0,0,0.0,0,0.0,0,0.0,0,0.0,0,0.0,0,0.0,9,1.0,0,0.0
20250224_1367_sbom_data.json,com.github.maxguil/tp3,10,10,10,1,maven,1.0,0.0,9,com.sun.jersey,0.2,3.121928,0.7,0.0,0.1,0.0,0.2,7,0,1,0,0.0,0,0.0,0,0.0,10,1.0,0,0.0,0,0.0,0,0.0,0,0.0,0,0.0,0,0.0
20250226_632_sbom_data.json,com.github.meganzhang88/LearnTogether,347,347,347,1,npm,1.0,0.0,330,@firebase,0.051873,8.222485,0.997118,0.0,0.0,0.0,0.002882,346,0,0,347,1.0,0,0.0,0,0.0,0,0.0,0,0.0,0,0.0,0,0.0,0,0.0,0,0.0,0,0.0
20250325_132_sbom_data.json,com.github.Shekharrajak/pleasesoundhorn_Website_official,7,7,7,1,npm,1.0,0.0,7,npm:express,0.142857,2.807355,0.0,1.0,0.0,0.0,0.0,0,7,0,7,1.0,0,0.0,0,0.0,0,0.0,0,0.0,0,0.0,0,0.0,0,0.0,0,0.0,0,0.0
20250418_910_sbom_data.json,com.github.DidierVigoya/app-pedidos-backend,542,491,542,1,npm,1.0,0.0,408,@types,0.04797,8.238984,0.99631,0.0,0.0,0.0,0.00369,540,0,0,542,1.0,0,0.0,0,0.0,0,0.0,0,0.0,0,0.0,0,0.0,0,0.0,0,0.0,0,0.0
20250502_jumbo_13802_sbom_data.json,com.github.ya2s34/AIDOUNI-ELBAKKOUCHI_C2,83,81,83,1,npm,1.0,0.0,81,npm:supports-color,0.024096,6.326847,0.987952,0.0,0.0,0.0,0.012048,82,0,0,83,1.0,0,0.0,0,0.0,0,0.0,0,0.0,0,0.0,0,0.0,0,0.0,0,0.0,0,0.0
20250311_1388_sbom_data.json,com.github.afroraydude/busycheck-api,234,111,121,1,npm,1.0,0.0,111,npm:debug,0.025641,6.736672,0.991453,0.0,0.0,0.0,0.008547,232,0,0,234,1.0,0,0.0,0,0.0,0,0.0,0,0.0,0,0.0,0,0.0,0,0.0,0,0.0,0,0.0
20250502_jumbo_9047_sbom_data.json,com.github.epochwolf/irssi_log_reader,5,5,5,1,gem,1.0,0.0,5,gem:haml,0.2,2.321928,0.0,1.0,0.0,0.0,0.0,0,5,0,0,0.0,5,1.0,0,0.0,0,0.0,0,0.0,0,0.0,0,0.0,0,0.0,0,0.0,0,0.0
20250320_100_sbom_data.json,com.github.WellSilva/ttrends,425,363,425,1,npm,1.0,0.0,363,npm:kind-of,0.009412,8.422415,0.997647,0.0,0.0,0.0,0.002353,424,0,0,425,1.0,0,0.0,0,0.0,0,0.0,0,0.0,0,0.0,0,0.0,0,0.0,0,0.0,0,0.0
20250330_99_sbom_data.json,com.github.logue/MabiPack,9,9,9,1,nuget,1.0,0.0,9,nuget:mahapps.metro.iconpacks.fontawesome,0.111111,3.169925,1.0,0.0,0.0,0.0,0.0,9,0,0,0,0.0,0,0.0,0,0.0,0,0.0,0,0.0,0,0.0,0,0.0,0,0.0,9,1.0,0,0.0
20250310_824_sbom_data.json,com.github.Nikita-Rao24/Peak-detection,1,1,1,1,pypi,1.0,0.0,1,pypi:flask,1.0,0.0,0.0,0.0,1.0,0.0,0.0,0,0,1,0,0.0,0,0.0,0,0.0,0,0.0,1,1.0,0,0.0,0,0.0,0,0.0,0,0.0,0,0.0
20250315_1221_sbom_data.json,com.github.Rajikul340/atg-world,1224,1090,1224,1,npm,1.0,0.0,841,@babel,0.098039,8.851245,0.995915,0.0,0.0,0.0,0.004085,1219,0,0,1224,1.0,0,0.0,0,0.0,0,0.0,0,0.0,0,0.0,0,0.0,0,0.0,0,0.0,0,0.0
20250408_221_sbom_data.json,com.github.kjenod/pubsub-facades,2,2,2,1,pypi,1.0,0.0,2,pypi:pytest,0.5,1.0,0.0,0.0,1.0,0.0,0.0,0,0,2,0,0.0,0,0.0,0,0.0,0,0.0,2,1.0,0,0.0,0,0.0,0,0.0,0,0.0,0,0.0
20250303_1483_sbom_data.json,com.github.yuki-koma2/continuous-integration-circle,100,100,100,1,gem,1.0,0.0,100,gem:dnsruby,0.01,6.643856,1.0,0.0,0.0,0.0,0.0,100,0,0,0,0.0,100,1.0,0,0.0,0,0.0,0,0.0,0,0.0,0,0.0,0,0.0,0,0.0,0,0.0
20250323_91_sbom_data.json,com.github.SparkEquation/basic-app-react-native,808,706,808,1,npm,1.0,0.0,650,@babel,0.070545,8.97671,0.998762,0.0,0.0,0.0,0.001238,807,0,0,808,1.0,0,0.0,0,0.0,0,0.0,0,0.0,0,0.0,0,0.0,0,0.0,0,0.0,0,0.0
20250502_jumbo_7959_sbom_data.json,com.github.KovalevskayaX5/ProductMananger,6,6,6,2,maven,0.666667,0.918296,5,actions,0.333333,2.251629,1.0,0.0,0.0,0.0,0.0,6,0,0,0,0.0,0,0.0,0,0.0,4,0.666667,0,0.0,0,0.0,0,0.0,0,0.0,0,0.0,2,0.333333
20250419_1455_sbom_data.json,com.github.Kuchezai/laravel-mysql-example,112,112,112,2,composer,0.955357,0.263189,40,symfony,0.25,4.282473,0.955357,0.044643,0.0,0.0,0.0,107,5,0,5,0.044643,0,0.0,107,0.955357,0,0.0,0,0.0,0,0.0,0,0.0,0,0.0,0,0.0,0,0.0
20250316_1292_sbom_data.json,com.github.fajaramaulana/perpustakaan-expressjs,344,327,344,1,npm,1.0,0.0,317,@types,0.014535,8.247823,0.997093,0.0,0.0,0.0,0.002907,343,0,0,344,1.0,0,0.0,0,0.0,0,0.0,0,0.0,0,0.0,0,0.0,0,0.0,0,0.0,0,0.0
20250308_1092_sbom_data.json,com.github.Ferdimanaaa/polymer-template,551,478,551,1,npm,1.0,0.0,387,@ethersproject,0.054446,8.059715,0.99637,0.0,0.0,0.0,0.00363,549,0,0,551,1.0,0,0.0,0,0.0,0,0.0,0,0.0,0,0.0,0,0.0,0,0.0,0,0.0,0,0.0
20250308_1329_sbom_data.json,com.github.ehimmelstoss-usgs/dsasv5,5,5,5,1,nuget,1.0,0.0,5,nuget:newtonsoft.json,0.2,2.321928,1.0,0.0,0.0,0.0,0.0,5,0,0,0,0.0,0,0.0,0,0.0,0,0.0,0,0.0,0,0.0,0,0.0,0,0.0,5,1.0,0,0.0
20250502_jumbo_2331_sbom_data.json,com.github.whitexgod/notifying-bot,24,24,24,1,pypi,1.0,0.0,24,pypi:certifi,0.041667,4.584963,1.0,0.0,0.0,0.0,0.0,24,0,0,0,0.0,0,0.0,0,0.0,0,0.0,24,1.0,0,0.0,0,0.0,0,0.0,0,0.0,0,0.0
20250405_877_sbom_data.json,com.github.altun42/ReCapProject,1,1,1,1,nuget,1.0,0.0,1,nuget:microsoft.entityframeworkcore.sqlserver,1.0,0.0,1.0,0.0,0.0,0.0,0.0,1,0,0,0,0.0,0,0.0,0,0.0,0,0.0,0,0.0,0,0.0,0,0.0,0,0.0,1,1.0,0,0.0
20250411_217_sbom_data.json,com.github.rogerpence/generate-json-table-schema,3,3,3,1,nuget,1.0,0.0,3,nuget:dapper,0.333333,1.584963,1.0,0.0,0.0,0.0,0.0,3,0,0,0,0.0,0,0.0,0,0.0,0,0.0,0,0.0,0,0.0,0,0.0,0,0.0,3,1.0,0,0.0
20250426_1545_sbom_data.json,com.github.PhuongTMR/pdfgen-python,23,23,23,1,pypi,1.0,0.0,23,pypi:more-itertools,0.043478,4.523562,1.0,0.0,0.0,0.0,0.0,23,0,0,0,0.0,0,0.0,0,0.0,0,0.0,23,1.0,0,0.0,0,0.0,0,0.0,0,0.0,0,0.0
20250329_448_sbom_data.json,com.github.ShaneFairweather/React-iTunes,20,20,20,1,npm,1.0,0.0,20,npm:react,0.05,4.321928,0.0,1.0,0.0,0.0,0.0,0,20,0,20,1.0,0,0.0,0,0.0,0,0.0,0,0.0,0,0.0,0,0.0,0,0.0,0,0.0,0,0.0
20250412_1423_sbom_data.json,com.github.zoroplay/hotbet,1293,1116,1293,1,npm,1.0,0.0,952,@babel,0.081206,9.308,0.998453,0.0,0.0,0.0,0.001547,1291,0,0,1293,1.0,0,0.0,0,0.0,0,0.0,0,0.0,0,0.0,0,0.0,0,0.0,0,0.0,0,0.0
20250502_jumbo_6624_sbom_data.json,com.github.thilanj/relman,640,310,640,1,maven,1.0,0.0,109,org.jenkins-ci.plugins,0.332813,4.411242,0.76875,0.0,0.14375,0.0,0.0875,492,0,92,0,0.0,0,0.0,0,0.0,640,1.0,0,0.0,0,0.0,0,0.0,0,0.0,0,0.0,0,0.0
20250326_674_sbom_data.json,com.github.mazlumozmen/kisiselWebProjesi,19,19,19,1,nuget,1.0,0.0,19,nuget:modernizr,0.052632,4.247928,1.0,0.0,0.0,0.0,0.0,19,0,0,0,0.0,0,0.0,0,0.0,0,0.0,0,0.0,0,0.0,0,0.0,0,0.0,19,1.0,0,0.0
20250427_65_sbom_data.json,com.github.FruitieX/node-switchduino,5,5,5,1,npm,1.0,0.0,5,npm:socket.io,0.2,2.321928,0.0,1.0,0.0,0.0,0.0,0,5,0,5,1.0,0,0.0,0,0.0,0,0.0,0,0.0,0,0.0,0,0.0,0,0.0,0,0.0,0,0.0
20250323_832_sbom_data.json,com.github.mahartma/SpringCloudTask,6,6,6,1,maven,1.0,0.0,4,org.springframework.boot,0.333333,1.918296,0.166667,0.0,0.666667,0.0,0.166667,1,0,4,0,0.0,0,0.0,0,0.0,6,1.0,0,0.0,0,0.0,0,0.0,0,0.0,0,0.0,0,0.0
20250210_1258_sbom_data.json,com.github.MikeyObviously/lawcms,1,1,1,1,npm,1.0,0.0,1,npm:jquery,1.0,0.0,0.0,1.0,0.0,0.0,0.0,0,1,0,1,1.0,0,0.0,0,0.0,0,0.0,0,0.0,0,0.0,0,0.0,0,0.0,0,0.0,0,0.0
20250418_1115_sbom_data.json,com.github.SERVIANTX/app_angelamaria_movil,106,106,106,1,pub,1.0,0.0,106,pub:file,0.009434,6.72792,1.0,0.0,0.0,0.0,0.0,106,0,0,0,0.0,0,0.0,0,0.0,0,0.0,0,0.0,0,0.0,106,1.0,0,0.0,0,0.0,0,0.0
20250216_1131_sbom_data.json,com.github.walkerlangley/basic-node-server,16,16,16,1,npm,1.0,0.0,16,npm:passport-local,0.0625,4.0,0.0625,0.9375,0.0,0.0,0.0,1,15,0,16,1.0,0,0.0,0,0.0,0,0.0,0,0.0,0,0.0,0,0.0,0,0.0,0,0.0,0,0.0
20250502_jumbo_11496_sbom_data.json,com.github.vaibhav-shirodkar/MavenProject,1,1,1,1,maven,1.0,0.0,1,junit,1.0,0.0,1.0,0.0,0.0,0.0,0.0,1,0,0,0,0.0,0,0.0,0,0.0,1,1.0,0,0.0,0,0.0,0,0.0,0,0.0,0,0.0,0,0.0
20250214_449_sbom_data.json,com.github.o-kun8228/git-app,956,956,956,2,npm,0.957113,0.255376,829,@babel,0.103556,9.102091,0.998954,0.0,0.0,0.0,0.001046,955,0,0,915,0.957113,41,0.042887,0,0.0,0,0.0,0,0.0,0,0.0,0,0.0,0,0.0,0,0.0,0,0.0
20250307_82_sbom_data.json,com.github.DavidValin/books-app,2679,1124,1372,1,npm,1.0,0.0,970,@types,0.06159,9.334768,0.999253,0.0,0.0,0.0,0.000747,2677,0,0,2679,1.0,0,0.0,0,0.0,0,0.0,0,0.0,0,0.0,0,0.0,0,0.0,0,0.0,0,0.0
20250502_jumbo_14282_sbom_data.json,com.github.houdatazi/Digital-Banking-,869,797,869,2,npm,0.991945,0.067605,620,@babel,0.118527,8.444898,0.990794,0.0,0.006904,0.0,0.002301,861,0,6,862,0.991945,0,0.0,0,0.0,7,0.008055,0,0.0,0,0.0,0,0.0,0,0.0,0,0.0,0,0.0
20250308_194_sbom_data.json,com.github.jellive/react_native_test,1086,902,1086,1,npm,1.0,0.0,734,@babel,0.135359,8.574872,0.936464,0.0,0.0,0.0,0.063536,1017,0,0,1086,1.0,0,0.0,0,0.0,0,0.0,0,0.0,0,0.0,0,0.0,0,0.0,0,0.0,0,0.0
20250404_1683_sbom_data.json,com.github.Darthteddy13/dm-rollbar-demo,65,64,65,1,npm,1.0,0.0,64,npm:ms,0.030769,5.991599,1.0,0.0,0.0,0.0,0.0,65,0,0,65,1.0,0,0.0,0,0.0,0,0.0,0,0.0,0,0.0,0,0.0,0,0.0,0,0.0,0,0.0
20250214_1123_sbom_data.json,com.github.ellijayne/react-redux-miniapps,7,4,7,1,npm,1.0,0.0,4,npm:react,0.285714,1.950212,0.285714,0.714286,0.0,0.0,0.0,2,5,0,7,1.0,0,0.0,0,0.0,0,0.0,0,0.0,0,0.0,0,0.0,0,0.0,0,0.0,0,0.0
20250219_1451_sbom_data.json,com.github.hyphenliu/EasyWork,3,3,3,1,npm,1.0,0.0,3,npm:bootstrap-datepicker,0.333333,1.584963,1.0,0.0,0.0,0.0,0.0,3,0,0,3,1.0,0,0.0,0,0.0,0,0.0,0,0.0,0,0.0,0,0.0,0,0.0,0,0.0,0,0.0
20250319_857_sbom_data.json,com.github.AppBuilderMS/Laravel-Portifolio-Template,821,774,821,2,npm,0.872107,0.551631,546,@babel,0.123021,8.089077,0.998782,0.0,0.0,0.0,0.001218,820,0,0,716,0.872107,0,0.0,105,0.127893,0,0.0,0,0.0,0,0.0,0,0.0,0,0.0,0,0.0,0,0.0
20250302_1466_sbom_data.json,com.github.RoyDavinci/RingoPlusApp,931,813,931,2,npm,0.998926,0.012142,617,@babel,0.128894,8.365879,0.993555,0.001074,0.0,0.0,0.005371,925,1,0,930,0.998926,1,0.001074,0,0.0,0,0.0,0,0.0,0,0.0,0,0.0,0,0.0,0,0.0,0,0.0
20250329_223_sbom_data.json,com.github.dhruv8433/chat-web,462,438,462,1,npm,1.0,0.0,317,@firebase,0.090909,7.611404,0.997835,0.0,0.0,0.0,0.002165,461,0,0,462,1.0,0,0.0,0,0.0,0,0.0,0,0.0,0,0.0,0,0.0,0,0.0,0,0.0,0,0.0
20250301_261_sbom_data.json,com.github.AbhiJain2196/Netflix-clone,1847,1517,1847,1,npm,1.0,0.0,1244,@babel,0.070926,9.566534,0.997834,0.0,0.0,0.0,0.002166,1843,0,0,1847,1.0,0,0.0,0,0.0,0,0.0,0,0.0,0,0.0,0,0.0,0,0.0,0,0.0,0,0.0
20250312_876_sbom_data.json,com.github.Ieptor/ScreenGrabber,471,292,471,1,cargo,1.0,0.0,292,cargo:toml_edit,0.010616,8.038275,0.997877,0.0,0.0,0.0,0.002123,470,0,0,0,0.0,0,0.0,0,0.0,0,0.0,0,0.0,471,1.0,0,0.0,0,0.0,0,0.0,0,0.0
20250209_351_sbom_data.json,com.github.GuilhermeMLopes/dev,6,6,6,1,nuget,1.0,0.0,6,nuget:microsoft.aspnetcore.mvc,0.166667,2.584963,1.0,0.0,0.0,0.0,0.0,6,0,0,0,0.0,0,0.0,0,0.0,0,0.0,0,0.0,0,0.0,0,0.0,0,0.0,6,1.0,0,0.0
20250218_533_sbom_data.json,com.github.TT-TutoriaIs/GANG-Nuker,39,39,39,1,pypi,1.0,0.0,39,pypi:datetime,0.025641,5.285402,0.0,0.0,1.0,0.0,0.0,0,0,39,0,0.0,0,0.0,0,0.0,0,0.0,39,1.0,0,0.0,0,0.0,0,0.0,0,0.0,0,0.0
20250405_1585_sbom_data.json,com.github.Tmee/Ruby-Finder,80,80,80,1,gem,1.0,0.0,80,gem:react-rails,0.0125,6.321928,1.0,0.0,0.0,0.0,0.0,80,0,0,0,0.0,80,1.0,0,0.0,0,0.0,0,0.0,0,0.0,0,0.0,0,0.0,0,0.0,0,0.0
20250227_1478_sbom_data.json,com.github.mcornielly/speaksmarter-app,318,310,318,2,npm,0.613208,0.962698,195,symfony,0.091195,6.82941,1.0,0.0,0.0,0.0,0.0,318,0,0,195,0.613208,0,0.0,123,0.386792,0,0.0,0,0.0,0,0.0,0,0.0,0,0.0,0,0.0,0,0.0
20250208_1394_sbom_data.json,com.github.KseniaZakh/florusin,1,1,1,1,npm,1.0,0.0,1,npm:jquery,1.0,0.0,1.0,0.0,0.0,0.0,0.0,1,0,0,1,1.0,0,0.0,0,0.0,0,0.0,0,0.0,0,0.0,0,0.0,0,0.0,0,0.0,0,0.0
20250325_816_sbom_data.json,com.github.awhina1/github-slideshow,94,94,94,2,gem,0.989362,0.084996,94,gem:jekyll-theme-slate,0.010638,6.554589,1.0,0.0,0.0,0.0,0.0,94,0,0,1,0.010638,93,0.989362,0,0.0,0,0.0,0,0.0,0,0.0,0,0.0,0,0.0,0,0.0,0,0.0
20250402_1511_sbom_data.json,com.github.maina2/Medicare-project,594,478,525,1,npm,1.0,0.0,378,@babel,0.043771,8.087631,0.994949,0.0,0.0,0.0,0.005051,591,0,0,594,1.0,0,0.0,0,0.0,0,0.0,0,0.0,0,0.0,0,0.0,0,0.0,0,0.0,0,0.0
20250406_1002_sbom_data.json,com.github.gshamalta-godaddy/uxcore-bundle,465,430,465,1,npm,1.0,0.0,273,@babel,0.23871,6.704985,0.995699,0.0,0.0,0.0,0.004301,463,0,0,465,1.0,0,0.0,0,0.0,0,0.0,0,0.0,0,0.0,0,0.0,0,0.0,0,0.0,0,0.0
20250407_861_sbom_data.json,com.github.0xadada/vital-cause,527,461,527,1,npm,1.0,0.0,423,@babel,0.053131,8.469051,1.0,0.0,0.0,0.0,0.0,527,0,0,527,1.0,0,0.0,0,0.0,0,0.0,0,0.0,0,0.0,0,0.0,0,0.0,0,0.0,0,0.0
20250226_192_sbom_data.json,com.github.joshuaewell/AccessModifiers,3,3,3,1,nuget,1.0,0.0,3,nuget:nunit,0.333333,1.584963,1.0,0.0,0.0,0.0,0.0,3,0,0,0,0.0,0,0.0,0,0.0,0,0.0,0,0.0,0,0.0,0,0.0,0,0.0,3,1.0,0,0.0
20250217_1222_sbom_data.json,com.github.JavierArriagada/repository_research,1,1,1,1,npm,1.0,0.0,1,npm:jquery,1.0,0.0,1.0,0.0,0.0,0.0,0.0,1,0,0,1,1.0,0,0.0,0,0.0,0,0.0,0,0.0,0,0.0,0,0.0,0,0.0,0,0.0,0,0.0
20250215_700_sbom_data.json,com.github.MisterDeejay/CatRentalAPI,58,58,58,1,gem,1.0,0.0,58,gem:slop,0.017241,5.857981,1.0,0.0,0.0,0.0,0.0,58,0,0,0,0.0,58,1.0,0,0.0,0,0.0,0,0.0,0,0.0,0,0.0,0,0.0,0,0.0,0,0.0
20250327_1532_sbom_data.json,com.github.CodeByCK/Iron-Budget-Client,1488,1325,1488,1,npm,1.0,0.0,1139,@babel,0.0625,9.628067,0.995296,0.0,0.0,0.0,0.004704,1481,0,0,1488,1.0,0,0.0,0,0.0,0,0.0,0,0.0,0,0.0,0,0.0,0,0.0,0,0.0,0,0.0
20250421_528_sbom_data.json,com.github.andrew-bingham1/stars_and_planets,90,90,90,1,gem,1.0,0.0,90,gem:concurrent-ruby,0.011111,6.491853,1.0,0.0,0.0,0.0,0.0,90,0,0,0,0.0,90,1.0,0,0.0,0,0.0,0,0.0,0,0.0,0,0.0,0,0.0,0,0.0,0,0.0
20250217_1561_sbom_data.json,com.github.jimspags/todolist-csharpangular,903,790,903,2,npm,0.99557,0.04101,571,@babel,0.124031,8.096269,0.996678,0.0,0.0,0.0,0.003322,900,0,0,899,0.99557,0,0.0,0,0.0,0,0.0,0,0.0,0,0.0,0,0.0,0,0.0,4,0.00443,0,0.0
20250426_1120_sbom_data.json,com.github.n33l9261/designlabfinal,2431,1542,1911,1,npm,1.0,0.0,1310,@babel,0.064994,9.616286,0.973262,0.0,0.0,0.0,0.026738,2366,0,0,2431,1.0,0,0.0,0,0.0,0,0.0,0,0.0,0,0.0,0,0.0,0,0.0,0,0.0,0,0.0
20250417_234_sbom_data.json,com.github.ntimanu/Portfolio,836,728,836,2,npm,0.997608,0.024278,611,@hint,0.087321,8.673996,0.998804,0.0,0.0,0.0,0.001196,835,0,0,834,0.997608,0,0.0,0,0.0,0,0.0,0,0.0,0,0.0,0,0.0,0,0.0,0,0.0,2,0.002392
20250415_1518_sbom_data.json,com.github.791125/github-slideshow,95,95,95,2,gem,0.989474,0.084262,95,npm:reveal.js,0.010526,6.569856,1.0,0.0,0.0,0.0,0.0,95,0,0,1,0.010526,94,0.989474,0,0.0,0,0.0,0,0.0,0,0.0,0,0.0,0,0.0,0,0.0,0,0.0
20250410_1473_sbom_data.json,com.github.codefingas/nodejs-wesbos,865,771,865,1,npm,1.0,0.0,766,@types,0.006936,9.503003,0.998844,0.0,0.0,0.0,0.001156,864,0,0,865,1.0,0,0.0,0,0.0,0,0.0,0,0.0,0,0.0,0,0.0,0,0.0,0,0.0,0,0.0
20250427_294_sbom_data.json,com.github.dutra-diego/todolist-em-java,8,8,8,1,maven,1.0,0.0,4,org.springframework.boot,0.625,1.548795,0.25,0.0,0.75,0.0,0.0,2,0,6,0,0.0,0,0.0,0,0.0,8,1.0,0,0.0,0,0.0,0,0.0,0,0.0,0,0.0,0,0.0
20250315_1483_sbom_data.json,com.github.SriShathurika21ITR105/consultancyfurniture,1331,1179,1331,1,npm,1.0,0.0,905,@babel,0.090158,8.970712,0.995492,0.0,0.0,0.0,0.004508,1325,0,0,1331,1.0,0,0.0,0,0.0,0,0.0,0,0.0,0,0.0,0,0.0,0,0.0,0,0.0,0,0.0
20250317_1341_sbom_data.json,com.github.Prerit007/Genoshi,334,311,334,1,npm,1.0,0.0,225,@babel,0.071856,7.174616,0.997006,0.0,0.0,0.0,0.002994,333,0,0,334,1.0,0,0.0,0,0.0,0,0.0,0,0.0,0,0.0,0,0.0,0,0.0,0,0.0,0,0.0
20250502_jumbo_5995_sbom_data.json,com.github.AravindRavi95/Node-ExternalAPI,2,2,2,1,npm,1.0,0.0,2,npm:express,0.5,1.0,0.0,1.0,0.0,0.0,0.0,0,2,0,2,1.0,0,0.0,0,0.0,0,0.0,0,0.0,0,0.0,0,0.0,0,0.0,0,0.0,0,0.0
20250209_1113_sbom_data.json,com.github.playrough/nodejs-blog,149,136,149,1,npm,1.0,0.0,136,npm:ms,0.020134,7.039606,1.0,0.0,0.0,0.0,0.0,149,0,0,149,1.0,0,0.0,0,0.0,0,0.0,0,0.0,0,0.0,0,0.0,0,0.0,0,0.0,0,0.0
20250421_847_sbom_data.json,com.github.Bhanu0301/Daily-Journal,76,71,76,1,npm,1.0,0.0,71,npm:minimatch,0.026316,6.116349,1.0,0.0,0.0,0.0,0.0,76,0,0,76,1.0,0,0.0,0,0.0,0,0.0,0,0.0,0,0.0,0,0.0,0,0.0,0,0.0,0,0.0
20250415_1117_sbom_data.json,com.github.erwinreyzon/params-practice-app,54,54,54,1,gem,1.0,0.0,54,gem:racc,0.018519,5.754888,0.981481,0.0,0.0,0.0,0.018519,53,0,0,0,0.0,54,1.0,0,0.0,0,0.0,0,0.0,0,0.0,0,0.0,0,0.0,0,0.0,0,0.0
20250223_285_sbom_data.json,com.github.andreabarraza/tienda_inacap,48,48,48,1,composer,1.0,0.0,25,symfony,0.229167,4.03371,1.0,0.0,0.0,0.0,0.0,48,0,0,0,0.0,0,0.0,48,1.0,0,0.0,0,0.0,0,0.0,0,0.0,0,0.0,0,0.0,0,0.0
20250215_753_sbom_data.json,com.github.freshc0w/FullStackOpenEx,2227,1452,2227,1,npm,1.0,0.0,1107,@babel,0.119892,8.682421,0.996408,0.0,0.0,0.0,0.003592,2219,0,0,2227,1.0,0,0.0,0,0.0,0,0.0,0,0.0,0,0.0,0,0.0,0,0.0,0,0.0,0,0.0
20250331_159_sbom_data.json,com.github.sikupe/robotics-2-exercise,2,2,2,1,pypi,1.0,0.0,2,pypi:numpy,0.5,1.0,0.0,0.0,1.0,0.0,0.0,0,0,2,0,0.0,0,0.0,0,0.0,0,0.0,2,1.0,0,0.0,0,0.0,0,0.0,0,0.0,0,0.0
20250315_393_sbom_data.json,com.github.SVaish/consumerBankingPolling,1,1,1,1,maven,1.0,0.0,1,junit,1.0,0.0,1.0,0.0,0.0,0.0,0.0,1,0,0,0,0.0,0,0.0,0,0.0,1,1.0,0,0.0,0,0.0,0,0.0,0,0.0,0,0.0,0,0.0
20250219_866_sbom_data.json,com.github.stoneloney/okex,4,4,4,1,golang,1.0,0.0,4,gopkg.in,0.25,2.0,1.0,0.0,0.0,0.0,0.0,4,0,0,0,0.0,0,0.0,0,0.0,0,0.0,0,0.0,0,0.0,0,0.0,4,1.0,0,0.0,0,0.0
20250223_621_sbom_data.json,com.github.nishikawa202112/books-app,1020,915,1020,2,npm,0.920588,0.400103,783,@babel,0.09902,9.001473,0.998039,0.0,0.0,0.0,0.001961,1018,0,0,939,0.920588,81,0.079412,0,0.0,0,0.0,0,0.0,0,0.0,0,0.0,0,0.0,0,0.0,0,0.0
20250311_1011_sbom_data.json,com.github.StarkOne/jilfond-report,319,279,319,1,npm,1.0,0.0,279,npm:kind-of,0.012539,8.048527,1.0,0.0,0.0,0.0,0.0,319,0,0,319,1.0,0,0.0,0,0.0,0,0.0,0,0.0,0,0.0,0,0.0,0,0.0,0,0.0,0,0.0
20250221_264_sbom_data.json,com.github.BradLeftley/crypto-dash,1438,1438,1438,1,npm,1.0,0.0,1198,@babel,0.077886,9.573224,0.997218,0.0,0.0,0.0,0.002782,1434,0,0,1438,1.0,0,0.0,0,0.0,0,0.0,0,0.0,0,0.0,0,0.0,0,0.0,0,0.0,0,0.0
20250313_1395_sbom_data.json,com.github.Louis1404/rails-mister-cocktail,1012,895,1012,2,npm,0.907115,0.446028,895,npm:kind-of,0.003953,9.736404,1.0,0.0,0.0,0.0,0.0,1012,0,0,918,0.907115,94,0.092885,0,0.0,0,0.0,0,0.0,0,0.0,0,0.0,0,0.0,0,0.0,0,0.0
20250429_422_sbom_data.json,com.github.azarai/spring-boot-intermediate-microservices,25,24,25,1,maven,1.0,0.0,15,org.springframework.boot,0.28,3.507601,0.24,0.0,0.52,0.0,0.24,6,0,13,0,0.0,0,0.0,0,0.0,25,1.0,0,0.0,0,0.0,0,0.0,0,0.0,0,0.0,0,0.0
20250423_1523_sbom_data.json,com.github.sumitjagdale/librealsense,235,189,218,3,npm,0.982979,0.138181,189,npm:strip-ansi,0.012766,7.459329,0.965957,0.017021,0.012766,0.0,0.004255,227,4,3,231,0.982979,0,0.0,0,0.0,0,0.0,3,0.012766,0,0.0,0,0.0,0,0.0,1,0.004255,0,0.0
20250218_34_sbom_data.json,com.github.karuppiah7890/merge_my_pdfs,19,19,19,1,pub,1.0,0.0,19,pub:charcode,0.052632,4.247928,1.0,0.0,0.0,0.0,0.0,19,0,0,0,0.0,0,0.0,0,0.0,0,0.0,0,0.0,0,0.0,19,1.0,0,0.0,0,0.0,0,0.0
20250502_jumbo_4060_sbom_data.json,com.github.beestreams/laravelimageable,1,1,1,1,composer,1.0,0.0,1,intervention,1.0,0.0,0.0,1.0,0.0,0.0,0.0,0,1,0,0,0.0,0,0.0,1,1.0,0,0.0,0,0.0,0,0.0,0,0.0,0,0.0,0,0.0,0,0.0
20250209_1160_sbom_data.json,com.github.Fraudxw/Frauds-too-cool,5,5,5,1,npm,1.0,0.0,5,npm:eslint,0.2,2.321928,0.0,0.8,0.2,0.0,0.0,0,4,1,5,1.0,0,0.0,0,0.0,0,0.0,0,0.0,0,0.0,0,0.0,0,0.0,0,0.0,0,0.0
20250225_218_sbom_data.json,com.github.gitjovicega/spring4,637,637,637,1,npm,1.0,0.0,581,@babel,0.050235,8.914276,0.99843,0.0,0.0,0.0,0.00157,636,0,0,637,1.0,0,0.0,0,0.0,0,0.0,0,0.0,0,0.0,0,0.0,0,0.0,0,0.0,0,0.0
20250309_1384_sbom_data.json,com.github.congsiyc/rocketmq-console,24,24,24,1,maven,1.0,0.0,17,org.springframework.boot,0.166667,3.886842,0.833333,0.0,0.166667,0.0,0.0,20,0,4,0,0.0,0,0.0,0,0.0,24,1.0,0,0.0,0,0.0,0,0.0,0,0.0,0,0.0,0,0.0
20250219_732_sbom_data.json,com.github.rolodromo/heroku-cron-scheduler,6,6,6,1,npm,1.0,0.0,6,npm:ms,0.166667,2.584963,1.0,0.0,0.0,0.0,0.0,6,0,0,6,1.0,0,0.0,0,0.0,0,0.0,0,0.0,0,0.0,0,0.0,0,0.0,0,0.0,0,0.0
20250414_535_sbom_data.json,com.github.FilipWu/quiz3,4,4,4,1,maven,1.0,0.0,3,org.junit.jupiter,0.5,1.5,1.0,0.0,0.0,0.0,0.0,4,0,0,0,0.0,0,0.0,0,0.0,4,1.0,0,0.0,0,0.0,0,0.0,0,0.0,0,0.0,0,0.0
20250327_480_sbom_data.json,com.github.v11run/ott_backend,170,160,170,1,npm,1.0,0.0,158,npm:ms,0.017647,7.254893,1.0,0.0,0.0,0.0,0.0,170,0,0,170,1.0,0,0.0,0,0.0,0,0.0,0,0.0,0,0.0,0,0.0,0,0.0,0,0.0,0,0.0
20250228_676_sbom_data.json,com.github.Jabernathy88/unit-test-redux,10,10,10,1,npm,1.0,0.0,10,npm:redux-thunk,0.1,3.321928,0.5,0.5,0.0,0.0,0.0,5,5,0,10,1.0,0,0.0,0,0.0,0,0.0,0,0.0,0,0.0,0,0.0,0,0.0,0,0.0,0,0.0
20250502_jumbo_3200_sbom_data.json,com.github.bonifazy/nova,18,18,18,1,pypi,1.0,0.0,18,pypi:async-timeout,0.055556,4.169925,1.0,0.0,0.0,0.0,0.0,18,0,0,0,0.0,0,0.0,0,0.0,0,0.0,18,1.0,0,0.0,0,0.0,0,0.0,0,0.0,0,0.0
20250319_1140_sbom_data.json,com.github.MarvinBost/front-portfolio,295,280,295,1,npm,1.0,0.0,193,@babel,0.084746,6.876432,0.99661,0.0,0.0,0.0,0.00339,294,0,0,295,1.0,0,0.0,0,0.0,0,0.0,0,0.0,0,0.0,0,0.0,0,0.0,0,0.0,0,0.0
20250502_jumbo_10302_sbom_data.json,com.github.HiimLuki/Car4You,12,12,12,1,npm,1.0,0.0,12,npm:password-hash,0.083333,3.584963,0.083333,0.916667,0.0,0.0,0.0,1,11,0,12,1.0,0,0.0,0,0.0,0,0.0,0,0.0,0,0.0,0,0.0,0,0.0,0,0.0,0,0.0
20250220_1698_sbom_data.json,com.github.jacksonDenisov/java-shareit,23,20,23,2,maven,0.956522,0.258019,13,org.springframework.boot,0.304348,3.288502,0.217391,0.0,0.73913,0.0,0.043478,5,0,17,0,0.0,0,0.0,0,0.0,22,0.956522,0,0.0,0,0.0,0,0.0,0,0.0,0,0.0,1,0.043478
20250426_1598_sbom_data.json,com.github.louishugens/gatsby-starter-hello-world,2489,1112,1245,1,npm,1.0,0.0,997,@babel,0.068301,9.511521,0.995179,0.0,0.0,0.0,0.004821,2477,0,0,2489,1.0,0,0.0,0,0.0,0,0.0,0,0.0,0,0.0,0,0.0,0,0.0,0,0.0,0,0.0
20250312_982_sbom_data.json,com.github.jagasanD/spring-batch,10,10,10,1,maven,1.0,0.0,4,org.springframework.boot,0.7,1.35678,0.0,0.0,1.0,0.0,0.0,0,0,10,0,0.0,0,0.0,0,0.0,10,1.0,0,0.0,0,0.0,0,0.0,0,0.0,0,0.0,0,0.0
20250321_1419_sbom_data.json,com.github.nahom4/unit_converter,21,21,21,1,pub,1.0,0.0,21,pub:boolean_selector,0.047619,4.392317,1.0,0.0,0.0,0.0,0.0,21,0,0,0,0.0,0,0.0,0,0.0,0,0.0,0,0.0,0,0.0,21,1.0,0,0.0,0,0.0,0,0.0
20250424_128_sbom_data.json,com.github.shrutitagade/weather-forecasting-app,1284,1133,1284,1,npm,1.0,0.0,876,@babel,0.100467,8.901607,0.994548,0.0,0.0,0.0,0.005452,1277,0,0,1284,1.0,0,0.0,0,0.0,0,0.0,0,0.0,0,0.0,0,0.0,0,0.0,0,0.0,0,0.0
20250318_944_sbom_data.json,com.github.JoshKeesee/Gemkit,180,163,180,1,npm,1.0,0.0,153,@jridgewell,0.033333,7.122246,1.0,0.0,0.0,0.0,0.0,180,0,0,180,1.0,0,0.0,0,0.0,0,0.0,0,0.0,0,0.0,0,0.0,0,0.0,0,0.0,0,0.0
20250210_945_sbom_data.json,com.github.acciojob/Headline-With-The-H2-Element-sabari882578358,1,1,1,1,github_actions,1.0,0.0,1,acciojob/acciojob-tests-action/.github/workflows,1.0,0.0,0.0,0.0,0.0,1.0,0.0,0,0,0,0,0.0,0,0.0,0,0.0,0,0.0,0,0.0,0,0.0,0,0.0,0,0.0,0,0.0,1,1.0
20250221_247_sbom_data.json,com.github.Foxik007/FastApi_SqlAlchemy_alembic,22,22,22,1,pypi,1.0,0.0,22,pypi:psycopg2,0.045455,4.459432,1.0,0.0,0.0,0.0,0.0,22,0,0,0,0.0,0,0.0,0,0.0,0,0.0,22,1.0,0,0.0,0,0.0,0,0.0,0,0.0,0,0.0
20250310_444_sbom_data.json,com.github.fxmsp/github-slideshow,99,99,99,2,gem,0.989899,0.081462,99,npm:reveal.js,0.010101,6.629357,1.0,0.0,0.0,0.0,0.0,99,0,0,1,0.010101,98,0.989899,0,0.0,0,0.0,0,0.0,0,0.0,0,0.0,0,0.0,0,0.0,0,0.0
20250417_1221_sbom_data.json,com.github.girdharsourabh/xerowrapper,2,2,2,1,maven,1.0,0.0,2,junit,0.5,1.0,1.0,0.0,0.0,0.0,0.0,2,0,0,0,0.0,0,0.0,0,0.0,2,1.0,0,0.0,0,0.0,0,0.0,0,0.0,0,0.0,0,0.0
20250311_1185_sbom_data.json,com.github.MoldavianDron/resume-builder,1604,1296,1500,1,npm,1.0,0.0,1086,@babel,0.088529,9.395096,0.995636,0.0,0.0,0.0,0.004364,1597,0,0,1604,1.0,0,0.0,0,0.0,0,0.0,0,0.0,0,0.0,0,0.0,0,0.0,0,0.0,0,0.0
20250212_1351_sbom_data.json,com.github.yasashi23/myBpulsa-project,18,18,18,1,npm,1.0,0.0,14,@testing-library,0.166667,3.683542,0.055556,0.944444,0.0,0.0,0.0,1,17,0,18,1.0,0,0.0,0,0.0,0,0.0,0,0.0,0,0.0,0,0.0,0,0.0,0,0.0,0,0.0
20250320_448_sbom_data.json,com.github.vykrum/TstngWtrs,1,1,1,1,nuget,1.0,0.0,1,nuget:fsharp.core,1.0,0.0,1.0,0.0,0.0,0.0,0.0,1,0,0,0,0.0,0,0.0,0,0.0,0,0.0,0,0.0,0,0.0,0,0.0,0,0.0,1,1.0,0,0.0
20250420_1248_sbom_data.json,com.github.LebGuillaume/Selecteur-de-periode,1193,1022,1193,1,npm,1.0,0.0,856,@babel,0.081308,9.108491,0.994132,0.0,0.0,0.0,0.005868,1186,0,0,1193,1.0,0,0.0,0,0.0,0,0.0,0,0.0,0,0.0,0,0.0,0,0.0,0,0.0,0,0.0
20250408_942_sbom_data.json,com.github.Christoph551/Team-Profile-Generator,3,3,3,1,npm,1.0,0.0,3,npm:bootstrap,0.333333,1.584963,0.0,1.0,0.0,0.0,0.0,0,3,0,3,1.0,0,0.0,0,0.0,0,0.0,0,0.0,0,0.0,0,0.0,0,0.0,0,0.0,0,0.0
20250302_1439_sbom_data.json,com.github.maheshnd/AmazonCognito,130,130,130,1,npm,1.0,0.0,130,npm:array-flatten,0.007692,7.022368,1.0,0.0,0.0,0.0,0.0,130,0,0,130,1.0,0,0.0,0,0.0,0,0.0,0,0.0,0,0.0,0,0.0,0,0.0,0,0.0,0,0.0
20250309_788_sbom_data.json,com.github.shahrozdomore/vue-ionic,1557,1300,1557,1,npm,1.0,0.0,1074,@babel,0.065511,9.42147,0.996146,0.0,0.0,0.0,0.003854,1551,0,0,1557,1.0,0,0.0,0,0.0,0,0.0,0,0.0,0,0.0,0,0.0,0,0.0,0,0.0,0,0.0
20250412_1260_sbom_data.json,com.github.b1nary/railstastic,85,85,85,1,gem,1.0,0.0,85,gem:minitest,0.011765,6.409391,0.988235,0.0,0.0,0.0,0.011765,84,0,0,0,0.0,85,1.0,0,0.0,0,0.0,0,0.0,0,0.0,0,0.0,0,0.0,0,0.0,0,0.0
20250429_321_sbom_data.json,com.github.Khasiyeva/BE-ExamMVC,6,6,6,1,nuget,1.0,0.0,6,nuget:microsoft.entityframeworkcore.tools,0.166667,2.584963,1.0,0.0,0.0,0.0,0.0,6,0,0,0,0.0,0,0.0,0,0.0,0,0.0,0,0.0,0,0.0,0,0.0,0,0.0,6,1.0,0,0.0
20250303_1161_sbom_data.json,com.github.AggroCow/MakerslabSoSe22SmartPetfeeder,2,2,2,1,pypi,1.0,0.0,2,pypi:numpy,0.5,1.0,0.0,0.0,1.0,0.0,0.0,0,0,2,0,0.0,0,0.0,0,0.0,0,0.0,2,1.0,0,0.0,0,0.0,0,0.0,0,0.0,0,0.0
20250422_11_sbom_data.json,com.github.kirlangic05/Hal,6,6,6,1,maven,1.0,0.0,3,org.springframework.boot,0.666667,1.251629,0.0,0.0,1.0,0.0,0.0,0,0,6,0,0.0,0,0.0,0,0.0,6,1.0,0,0.0,0,0.0,0,0.0,0,0.0,0,0.0,0,0.0
20250316_161_sbom_data.json,com.github.antigo-icaroteles/frontend-bloxs-challenge,2355,1054,1187,1,npm,1.0,0.0,813,@babel,0.101062,8.795766,0.996603,0.0,0.0,0.0,0.003397,2347,0,0,2355,1.0,0,0.0,0,0.0,0,0.0,0,0.0,0,0.0,0,0.0,0,0.0,0,0.0,0,0.0
20250222_902_sbom_data.json,com.github.shamil9/vimeo-test,834,750,834,1,npm,1.0,0.0,565,@babel,0.127098,8.19632,0.997602,0.0,0.0,0.0,0.002398,832,0,0,834,1.0,0,0.0,0,0.0,0,0.0,0,0.0,0,0.0,0,0.0,0,0.0,0,0.0,0,0.0
20250426_96_sbom_data.json,com.github.jasonmcaffee/tower-defense,1992,964,1259,1,npm,1.0,0.0,964,npm:debug,0.004518,9.797274,0.998494,0.0,0.0,0.0,0.001506,1989,0,0,1992,1.0,0,0.0,0,0.0,0,0.0,0,0.0,0,0.0,0,0.0,0,0.0,0,0.0,0,0.0
20250502_jumbo_5339_sbom_data.json,com.github.Morpa/Remix-Good-Morning,1348,1108,1348,2,npm,0.998516,0.01608,898,@babel,0.111276,8.912161,0.995549,0.0,0.0,0.0,0.004451,1342,0,0,1346,0.998516,0,0.0,0,0.0,0,0.0,0,0.0,0,0.0,0,0.0,0,0.0,0,0.0,2,0.001484
20250421_1376_sbom_data.json,com.github.Vineti-Internship/tdd_with_jest,1338,1170,1338,1,npm,1.0,0.0,1071,@babel,0.068012,9.636269,0.987294,0.0,0.0,0.0,0.012706,1321,0,0,1338,1.0,0,0.0,0,0.0,0,0.0,0,0.0,0,0.0,0,0.0,0,0.0,0,0.0,0,0.0
20250315_625_sbom_data.json,com.github.Mucahitakin/DotNetCoreWithAngular,4,4,4,1,nuget,1.0,0.0,4,nuget:swashbuckle.aspnetcore,0.25,2.0,1.0,0.0,0.0,0.0,0.0,4,0,0,0,0.0,0,0.0,0,0.0,0,0.0,0,0.0,0,0.0,0,0.0,0,0.0,4,1.0,0,0.0
20250313_711_sbom_data.json,com.github.comp2086/comp2007f,32,32,32,1,nuget,1.0,0.0,32,nuget:antlr,0.03125,5.0,1.0,0.0,0.0,0.0,0.0,32,0,0,0,0.0,0,0.0,0,0.0,0,0.0,0,0.0,0,0.0,0,0.0,0,0.0,32,1.0,0,0.0
20250330_1642_sbom_data.json,com.github.RafaelCCampos/proffy,1809,1314,1572,1,npm,1.0,0.0,1120,@babel,0.068546,9.500492,0.997789,0.0,0.0,0.0,0.002211,1805,0,0,1809,1.0,0,0.0,0,0.0,0,0.0,0,0.0,0,0.0,0,0.0,0,0.0,0,0.0,0,0.0
20250420_1335_sbom_data.json,com.github.xkizer/jsday-canarias-2019-examples,509,451,509,1,npm,1.0,0.0,433,@webassemblyjs,0.035363,8.596438,1.0,0.0,0.0,0.0,0.0,509,0,0,509,1.0,0,0.0,0,0.0,0,0.0,0,0.0,0,0.0,0,0.0,0,0.0,0,0.0,0,0.0
20250317_900_sbom_data.json,com.github.Dodop12/OOP23-jurassiko,2,2,2,1,github_actions,1.0,0.0,2,danysk,0.5,1.0,1.0,0.0,0.0,0.0,0.0,2,0,0,0,0.0,0,0.0,0,0.0,0,0.0,0,0.0,0,0.0,0,0.0,0,0.0,0,0.0,2,1.0
20250403_246_sbom_data.json,com.github.ncode-repo/moj,1,1,1,1,maven,1.0,0.0,1,junit,1.0,0.0,1.0,0.0,0.0,0.0,0.0,1,0,0,0,0.0,0,0.0,0,0.0,1,1.0,0,0.0,0,0.0,0,0.0,0,0.0,0,0.0,0,0.0
20250404_190_sbom_data.json,com.github.Cassese03/pipeline.promedya.it,2453,1121,1301,3,npm,0.939666,0.372652,942,@babel,0.079902,9.326781,0.9947,0.004484,0.0,0.0,0.000815,2440,11,0,2305,0.939666,30,0.01223,118,0.048104,0,0.0,0,0.0,0,0.0,0,0.0,0,0.0,0,0.0,0,0.0
20250423_1305_sbom_data.json,com.github.Polychlorobenzene/grid-sandbox,1155,986,1155,1,npm,1.0,0.0,835,@babel,0.079654,9.121502,0.997403,0.0,0.0,0.0,0.002597,1152,0,0,1155,1.0,0,0.0,0,0.0,0,0.0,0,0.0,0,0.0,0,0.0,0,0.0,0,0.0,0,0.0
20250421_508_sbom_data.json,com.github.baikaifa/mobx_react_learning,1352,1168,1352,1,npm,1.0,0.0,1020,@babel,0.076183,9.433907,0.997041,0.0,0.0,0.0,0.002959,1348,0,0,1352,1.0,0,0.0,0,0.0,0,0.0,0,0.0,0,0.0,0,0.0,0,0.0,0,0.0,0,0.0
20250218_551_sbom_data.json,com.github.P-iyushRaj/primerx,11,11,11,1,pypi,1.0,0.0,11,pypi:gunicorn,0.090909,3.459432,1.0,0.0,0.0,0.0,0.0,11,0,0,0,0.0,0,0.0,0,0.0,0,0.0,11,1.0,0,0.0,0,0.0,0,0.0,0,0.0,0,0.0
20250502_jumbo_9029_sbom_data.json,com.github.Peterka100/Node.js,90,22,25,1,npm,1.0,0.0,22,npm:express,0.2,3.87715,0.0,0.0,0.0,0.0,1.0,0,0,0,90,1.0,0,0.0,0,0.0,0,0.0,0,0.0,0,0.0,0,0.0,0,0.0,0,0.0,0,0.0
20250402_1582_sbom_data.json,com.github.DN92/planetScottishFold,1436,1277,1436,1,npm,1.0,0.0,983,@babel,0.089833,9.09967,0.994429,0.0,0.0,0.0,0.005571,1428,0,0,1436,1.0,0,0.0,0,0.0,0,0.0,0,0.0,0,0.0,0,0.0,0,0.0,0,0.0,0,0.0
20250422_780_sbom_data.json,com.github.anamicrorez/Timbre-con-telegram,2,2,2,1,npm,1.0,0.0,2,npm:onoff,0.5,1.0,0.0,1.0,0.0,0.0,0.0,0,2,0,2,1.0,0,0.0,0,0.0,0,0.0,0,0.0,0,0.0,0,0.0,0,0.0,0,0.0,0,0.0
20250325_1189_sbom_data.json,com.github.itsrazib1/phero_assignment-9,239,234,239,1,npm,1.0,0.0,168,@babel,0.104603,6.651602,0.995816,0.0,0.0,0.0,0.004184,238,0,0,239,1.0,0,0.0,0,0.0,0,0.0,0,0.0,0,0.0,0,0.0,0,0.0,0,0.0,0,0.0
20250429_44_sbom_data.json,com.github.yosaddis/api-project-for-bag,61,61,61,1,gem,1.0,0.0,61,gem:psych,0.016393,5.930737,1.0,0.0,0.0,0.0,0.0,61,0,0,0,0.0,61,1.0,0,0.0,0,0.0,0,0.0,0,0.0,0,0.0,0,0.0,0,0.0,0,0.0
20250502_jumbo_5835_sbom_data.json,com.github.nick722/thunks-ex,1045,922,1045,1,npm,1.0,0.0,922,npm:supports-color,0.003828,9.780915,1.0,0.0,0.0,0.0,0.0,1045,0,0,1045,1.0,0,0.0,0,0.0,0,0.0,0,0.0,0,0.0,0,0.0,0,0.0,0,0.0,0,0.0
20250305_493_sbom_data.json,com.github.bhavanapanduru/counter-react-redux,1317,1172,1317,1,npm,1.0,0.0,1023,@babel,0.071374,9.489167,0.997722,0.0,0.0,0.0,0.002278,1314,0,0,1317,1.0,0,0.0,0,0.0,0,0.0,0,0.0,0,0.0,0,0.0,0,0.0,0,0.0,0,0.0
20250228_467_sbom_data.json,com.github.igorrmkd/devtutlist,1661,1398,1661,1,npm,1.0,0.0,1191,@babel,0.074052,9.594194,0.998194,0.0,0.0,0.0,0.001806,1658,0,0,1661,1.0,0,0.0,0,0.0,0,0.0,0,0.0,0,0.0,0,0.0,0,0.0,0,0.0,0,0.0
20250213_421_sbom_data.json,com.github.PawanPawar03/roxiler_backend_Assignment,217,210,217,1,npm,1.0,0.0,209,npm:ms,0.013825,7.68434,1.0,0.0,0.0,0.0,0.0,217,0,0,217,1.0,0,0.0,0,0.0,0,0.0,0,0.0,0,0.0,0,0.0,0,0.0,0,0.0,0,0.0
20250222_1370_sbom_data.json,com.github.bjarneo/format2,6,6,6,1,npm,1.0,0.0,6,npm:eslint,0.166667,2.584963,0.0,1.0,0.0,0.0,0.0,0,6,0,6,1.0,0,0.0,0,0.0,0,0.0,0,0.0,0,0.0,0,0.0,0,0.0,0,0.0,0,0.0
20250420_888_sbom_data.json,com.github.RPBMedia/reactTeamRegistry,2246,974,1143,1,npm,1.0,0.0,974,npm:supports-color,0.003562,9.851482,1.0,0.0,0.0,0.0,0.0,2246,0,0,2246,1.0,0,0.0,0,0.0,0,0.0,0,0.0,0,0.0,0,0.0,0,0.0,0,0.0,0,0.0
20250413_1405_sbom_data.json,com.github.younusrahman/SLClone,1225,1091,1225,1,npm,1.0,0.0,827,@babel,0.097959,8.802314,0.995918,0.0,0.0,0.0,0.004082,1220,0,0,1225,1.0,0,0.0,0,0.0,0,0.0,0,0.0,0,0.0,0,0.0,0,0.0,0,0.0,0,0.0
20250404_42_sbom_data.json,com.github.jo-jordan/blog-middleware,7,7,7,1,golang,1.0,0.0,7,github.com/go-redis/redis,0.142857,2.807355,0.857143,0.0,0.0,0.0,0.142857,6,0,0,0,0.0,0,0.0,0,0.0,0,0.0,0,0.0,0,0.0,0,0.0,7,1.0,0,0.0,0,0.0
20250401_603_sbom_data.json,com.github.jvalen01/react-portfolio-website,1235,1101,1235,1,npm,1.0,0.0,845,@babel,0.103644,8.827458,0.994332,0.0,0.0,0.0,0.005668,1228,0,0,1235,1.0,0,0.0,0,0.0,0,0.0,0,0.0,0,0.0,0,0.0,0,0.0,0,0.0,0,0.0
20250423_603_sbom_data.json,com.github.Wendy-B-Hub/imageUpload_mern__awsS3,1349,1101,1243,1,npm,1.0,0.0,853,@babel,0.088955,8.91932,0.995552,0.0,0.0,0.0,0.004448,1343,0,0,1349,1.0,0,0.0,0,0.0,0,0.0,0,0.0,0,0.0,0,0.0,0,0.0,0,0.0,0,0.0
20250502_jumbo_8556_sbom_data.json,com.github.TryToCatchMyPromise/task_for_mobile_data_house,1450,1207,1450,1,npm,1.0,0.0,1029,@babel,0.097241,9.279144,0.997931,0.0,0.0,0.0,0.002069,1447,0,0,1450,1.0,0,0.0,0,0.0,0,0.0,0,0.0,0,0.0,0,0.0,0,0.0,0,0.0,0,0.0
20250422_256_sbom_data.json,com.github.shittuadams/exercise-tracker,84,80,84,1,npm,1.0,0.0,80,npm:mongodb,0.02381,6.297079,1.0,0.0,0.0,0.0,0.0,84,0,0,84,1.0,0,0.0,0,0.0,0,0.0,0,0.0,0,0.0,0,0.0,0,0.0,0,0.0,0,0.0
20250313_494_sbom_data.json,com.github.ilyafeynberg/first_app,42,42,42,1,gem,1.0,0.0,42,gem:erubis,0.02381,5.392317,1.0,0.0,0.0,0.0,0.0,42,0,0,0,0.0,42,1.0,0,0.0,0,0.0,0,0.0,0,0.0,0,0.0,0,0.0,0,0.0,0,0.0
20250307_185_sbom_data.json,com.github.matsad3547/server-demo,5,5,5,1,npm,1.0,0.0,5,npm:cross-env,0.2,2.321928,0.0,1.0,0.0,0.0,0.0,0,5,0,5,1.0,0,0.0,0,0.0,0,0.0,0,0.0,0,0.0,0,0.0,0,0.0,0,0.0,0,0.0
20250319_259_sbom_data.json,com.github.Aarond2018/trpc-nextjs-demo,348,341,348,1,npm,1.0,0.0,306,@next,0.031609,8.100853,0.994253,0.0,0.0,0.0,0.005747,346,0,0,348,1.0,0,0.0,0,0.0,0,0.0,0,0.0,0,0.0,0,0.0,0,0.0,0,0.0,0,0.0
20250412_1572_sbom_data.json,com.github.gigaSproule/has-my-alias-been-pwned,292,270,292,1,cargo,1.0,0.0,270,cargo:http-body,0.006849,8.03914,0.993151,0.0,0.0,0.0,0.006849,290,0,0,0,0.0,0,0.0,0,0.0,0,0.0,0,0.0,292,1.0,0,0.0,0,0.0,0,0.0,0,0.0
20250224_1374_sbom_data.json,com.github.ecnu-bing/test,4,4,4,1,maven,1.0,0.0,4,log4j,0.25,2.0,1.0,0.0,0.0,0.0,0.0,4,0,0,0,0.0,0,0.0,0,0.0,4,1.0,0,0.0,0,0.0,0,0.0,0,0.0,0,0.0,0,0.0
20250225_536_sbom_data.json,com.github.reitermarkus/dnsparse,1,1,1,1,github_actions,1.0,0.0,1,reitermarkus/.github/.github/workflows,1.0,0.0,0.0,0.0,0.0,1.0,0.0,0,0,0,0,0.0,0,0.0,0,0.0,0,0.0,0,0.0,0,0.0,0,0.0,0,0.0,0,0.0,1,1.0
20250430_1557_sbom_data.json,com.github.IrinaPrykhodko/MedKit,3,3,3,1,maven,1.0,0.0,2,org.springframework.boot,0.666667,0.918296,0.333333,0.0,0.666667,0.0,0.0,1,0,2,0,0.0,0,0.0,0,0.0,3,1.0,0,0.0,0,0.0,0,0.0,0,0.0,0,0.0,0,0.0
20250328_470_sbom_data.json,com.github.Axelhrdz/React-Academlo-entregable-1,313,304,313,1,npm,1.0,0.0,229,@babel,0.076677,7.223452,0.99361,0.0,0.0,0.0,0.00639,311,0,0,313,1.0,0,0.0,0,0.0,0,0.0,0,0.0,0,0.0,0,0.0,0,0.0,0,0.0,0,0.0
20250416_365_sbom_data.json,com.github.intanmhcr/541211091-XIRPL3-INTAN,95,93,95,1,npm,1.0,0.0,93,npm:ms,0.021053,6.52775,1.0,0.0,0.0,0.0,0.0,95,0,0,95,1.0,0,0.0,0,0.0,0,0.0,0,0.0,0,0.0,0,0.0,0,0.0,0,0.0,0,0.0
20250404_811_sbom_data.json,com.github.Reechajoshi/angular-file-manager,31,26,27,1,npm,1.0,0.0,26,npm:body-parser,0.064516,4.631616,0.0,1.0,0.0,0.0,0.0,0,31,0,31,1.0,0,0.0,0,0.0,0,0.0,0,0.0,0,0.0,0,0.0,0,0.0,0,0.0,0,0.0
20250325_730_sbom_data.json,com.github.gumodi35/portfolio,1178,1048,1178,1,npm,1.0,0.0,804,@babel,0.101868,8.767571,0.995756,0.0,0.0,0.0,0.004244,1173,0,0,1178,1.0,0,0.0,0,0.0,0,0.0,0,0.0,0,0.0,0,0.0,0,0.0,0,0.0,0,0.0
20250502_jumbo_5214_sbom_data.json,com.github.houtengbu/git-app,77,77,77,1,gem,1.0,0.0,77,gem:uglifier,0.012987,6.266787,1.0,0.0,0.0,0.0,0.0,77,0,0,0,0.0,77,1.0,0,0.0,0,0.0,0,0.0,0,0.0,0,0.0,0,0.0,0,0.0,0,0.0
20250426_604_sbom_data.json,com.github.AleRivera99/Software-proyect,3196,1419,1965,1,npm,1.0,0.0,1222,@babel,0.077597,9.580295,0.99781,0.0,0.0,0.0,0.00219,3189,0,0,3196,1.0,0,0.0,0,0.0,0,0.0,0,0.0,0,0.0,0,0.0,0,0.0,0,0.0,0,0.0
20250403_1184_sbom_data.json,com.github.gangapurambhargav/srms,3,3,3,1,github_actions,1.0,0.0,3,actions,0.333333,1.584963,0.666667,0.0,0.0,0.333333,0.0,2,0,0,0,0.0,0,0.0,0,0.0,0,0.0,0,0.0,0,0.0,0,0.0,0,0.0,0,0.0,3,1.0
20250213_430_sbom_data.json,com.github.0Lamport0/zCool,845,757,845,1,npm,1.0,0.0,757,npm:array-uniq,0.002367,9.514524,0.997633,0.0,0.0,0.0,0.002367,843,0,0,845,1.0,0,0.0,0,0.0,0,0.0,0,0.0,0,0.0,0,0.0,0,0.0,0,0.0,0,0.0
20250324_337_sbom_data.json,com.github.Deathslayer89/randomwinnergame,2121,1112,1451,1,npm,1.0,0.0,1008,@ethersproject,0.059406,9.31517,0.997171,0.0,0.0,0.0,0.002829,2115,0,0,2121,1.0,0,0.0,0,0.0,0,0.0,0,0.0,0,0.0,0,0.0,0,0.0,0,0.0,0,0.0
20250318_298_sbom_data.json,com.github.Team997Coders/WPISwerve,3,3,3,1,github_actions,1.0,0.0,2,actions,0.666667,0.918296,0.666667,0.0,0.0,0.0,0.333333,2,0,0,0,0.0,0,0.0,0,0.0,0,0.0,0,0.0,0,0.0,0,0.0,0,0.0,0,0.0,3,1.0
20250304_704_sbom_data.json,com.github.kerrybethr92/project-manager-backend,3,3,3,1,nuget,1.0,0.0,3,nuget:swashbuckle.aspnetcore,0.333333,1.584963,1.0,0.0,0.0,0.0,0.0,3,0,0,0,0.0,0,0.0,0,0.0,0,0.0,0,0.0,0,0.0,0,0.0,0,0.0,3,1.0,0,0.0
20250502_jumbo_6024_sbom_data.json,com.github.miadugas/iLoftz_app,1484,1131,1371,2,npm,0.998652,0.014794,960,@babel,0.058625,9.369118,0.997305,0.0,0.0,0.0,0.002695,1480,0,0,1482,0.998652,0,0.0,0,0.0,0,0.0,0,0.0,0,0.0,0,0.0,0,0.0,0,0.0,2,0.001348
20250404_120_sbom_data.json,com.github.iocodfasil7/apertr-vue-html,1257,1084,1257,1,npm,1.0,0.0,963,@babel,0.059666,9.472117,0.996818,0.0,0.0,0.0,0.003182,1253,0,0,1257,1.0,0,0.0,0,0.0,0,0.0,0,0.0,0,0.0,0,0.0,0,0.0,0,0.0,0,0.0
20250209_986_sbom_data.json,com.github.Bouzidhadjer/springboot-jpa-testing,6,6,6,1,maven,1.0,0.0,3,org.springframework.boot,0.666667,1.251629,0.0,0.0,1.0,0.0,0.0,0,0,6,0,0.0,0,0.0,0,0.0,6,1.0,0,0.0,0,0.0,0,0.0,0,0.0,0,0.0,0,0.0
20250215_719_sbom_data.json,com.github.gtgeek/gtgeek.github.io,1,1,1,1,npm,1.0,0.0,1,npm:jquery,1.0,0.0,1.0,0.0,0.0,0.0,0.0,1,0,0,1,1.0,0,0.0,0,0.0,0,0.0,0,0.0,0,0.0,0,0.0,0,0.0,0,0.0,0,0.0
20250425_1644_sbom_data.json,com.github.medo-iq/panel-main,330,321,330,2,npm,0.557576,0.990414,184,symfony,0.093939,6.663729,0.99697,0.0,0.0,0.0,0.00303,329,0,0,184,0.557576,0,0.0,146,0.442424,0,0.0,0,0.0,0,0.0,0,0.0,0,0.0,0,0.0,0,0.0
20250225_819_sbom_data.json,com.github.GwtMaterialDesign/gwt-material-tutorial,9,9,9,1,maven,1.0,0.0,7,com.github.gwtmaterialdesign,0.333333,2.641604,1.0,0.0,0.0,0.0,0.0,9,0,0,0,0.0,0,0.0,0,0.0,9,1.0,0,0.0,0,0.0,0,0.0,0,0.0,0,0.0,0,0.0
20250427_257_sbom_data.json,com.github.KalianePemi/Average,1047,924,1047,1,npm,1.0,0.0,777,@babel,0.097421,8.957765,0.999045,0.0,0.0,0.0,0.000955,1046,0,0,1047,1.0,0,0.0,0,0.0,0,0.0,0,0.0,0,0.0,0,0.0,0,0.0,0,0.0,0,0.0
20250403_253_sbom_data.json,com.github.MalcolmD/TheRecipeBookHub,39,39,39,1,gem,1.0,0.0,39,gem:treetop,0.025641,5.285402,1.0,0.0,0.0,0.0,0.0,39,0,0,0,0.0,39,1.0,0,0.0,0,0.0,0,0.0,0,0.0,0,0.0,0,0.0,0,0.0,0,0.0
20250310_1067_sbom_data.json,com.github.xxdamianxx/sequelizedBurger,86,85,86,1,npm,1.0,0.0,85,npm:ms,0.023256,6.403009,1.0,0.0,0.0,0.0,0.0,86,0,0,86,1.0,0,0.0,0,0.0,0,0.0,0,0.0,0,0.0,0,0.0,0,0.0,0,0.0,0,0.0
20250502_jumbo_5297_sbom_data.json,com.github.Avokado-an/EPAM_TASK8,2,2,2,1,maven,1.0,0.0,2,org.testng,0.5,1.0,0.5,0.0,0.5,0.0,0.0,1,0,1,0,0.0,0,0.0,0,0.0,2,1.0,0,0.0,0,0.0,0,0.0,0,0.0,0,0.0,0,0.0
20250316_423_sbom_data.json,com.github.TBXark/homebrew-repo,5,5,5,1,github_actions,1.0,0.0,2,Homebrew/actions,0.6,0.970951,0.0,0.2,0.0,0.8,0.0,0,1,0,0,0.0,0,0.0,0,0.0,0,0.0,0,0.0,0,0.0,0,0.0,0,0.0,0,0.0,5,1.0
20250416_385_sbom_data.json,com.github.leofls/Rocketseat-starter-ReactJS,1330,1185,1330,1,npm,1.0,0.0,1036,@babel,0.067669,9.529454,0.997744,0.0,0.0,0.0,0.002256,1327,0,0,1330,1.0,0,0.0,0,0.0,0,0.0,0,0.0,0,0.0,0,0.0,0,0.0,0,0.0,0,0.0
20250324_1173_sbom_data.json,com.github.xiaokaixuan/pikpak,2,2,2,1,github_actions,1.0,0.0,2,actions,0.5,1.0,1.0,0.0,0.0,0.0,0.0,2,0,0,0,0.0,0,0.0,0,0.0,0,0.0,0,0.0,0,0.0,0,0.0,0,0.0,0,0.0,2,1.0
20250326_255_sbom_data.json,com.github.ariarishosho/sample_app,81,81,81,1,gem,1.0,0.0,81,gem:mail,0.012346,6.33985,1.0,0.0,0.0,0.0,0.0,81,0,0,0,0.0,81,1.0,0,0.0,0,0.0,0,0.0,0,0.0,0,0.0,0,0.0,0,0.0,0,0.0
20250303_137_sbom_data.json,com.github.snowblink/design-patterns,16,16,16,1,gem,1.0,0.0,16,gem:rake,0.0625,4.0,1.0,0.0,0.0,0.0,0.0,16,0,0,0,0.0,16,1.0,0,0.0,0,0.0,0,0.0,0,0.0,0,0.0,0,0.0,0,0.0,0,0.0
20250216_493_sbom_data.json,com.github.Gatfanoff/3-2,492,440,492,1,npm,1.0,0.0,301,@babel,0.223577,6.970134,0.989837,0.0,0.0,0.0,0.010163,487,0,0,492,1.0,0,0.0,0,0.0,0,0.0,0,0.0,0,0.0,0,0.0,0,0.0,0,0.0,0,0.0
20250429_982_sbom_data.json,com.github.vanbinh92/realtime-backend,106,100,106,1,npm,1.0,0.0,98,@types,0.028302,6.555612,1.0,0.0,0.0,0.0,0.0,106,0,0,106,1.0,0,0.0,0,0.0,0,0.0,0,0.0,0,0.0,0,0.0,0,0.0,0,0.0,0,0.0
20250415_1647_sbom_data.json,com.github.410983045/test,3,3,3,2,github_actions,0.666667,0.918296,2,actions,0.666667,0.918296,0.666667,0.333333,0.0,0.0,0.0,2,1,0,0,0.0,1,0.333333,0,0.0,0,0.0,0,0.0,0,0.0,0,0.0,0,0.0,0,0.0,2,0.666667
20250320_731_sbom_data.json,com.github.technerds-waqas/notifications_demo_flutter,58,58,58,1,pub,1.0,0.0,58,pub:clock,0.017241,5.857981,1.0,0.0,0.0,0.0,0.0,58,0,0,0,0.0,0,0.0,0,0.0,0,0.0,0,0.0,0,0.0,58,1.0,0,0.0,0,0.0,0,0.0
20250411_227_sbom_data.json,com.github.srnjak/backup-scheduler,3,2,3,1,github_actions,1.0,0.0,1,actions,1.0,0.0,1.0,0.0,0.0,0.0,0.0,3,0,0,0,0.0,0,0.0,0,0.0,0,0.0,0,0.0,0,0.0,0,0.0,0,0.0,0,0.0,3,1.0
20250408_1441_sbom_data.json,com.github.solo-yolo/versioning-poc,12,12,12,1,maven,1.0,0.0,8,org.springframework.boot,0.25,2.855389,0.583333,0.0,0.416667,0.0,0.0,7,0,5,0,0.0,0,0.0,0,0.0,12,1.0,0,0.0,0,0.0,0,0.0,0,0.0,0,0.0,0,0.0
20250329_1410_sbom_data.json,com.github.uzonnadi/course-name,2,2,2,1,github_actions,1.0,0.0,2,actions,0.5,1.0,1.0,0.0,0.0,0.0,0.0,2,0,0,0,0.0,0,0.0,0,0.0,0,0.0,0,0.0,0,0.0,0,0.0,0,0.0,0,0.0,2,1.0
20250406_1635_sbom_data.json,com.github.Alexon1999/JustAnimeBack,23,23,23,1,pypi,1.0,0.0,23,pypi:coreapi,0.043478,4.523562,1.0,0.0,0.0,0.0,0.0,23,0,0,0,0.0,0,0.0,0,0.0,0,0.0,23,1.0,0,0.0,0,0.0,0,0.0,0,0.0,0,0.0
20250402_832_sbom_data.json,com.github.nhatgiau/meowpage,2,2,2,1,npm,1.0,0.0,2,npm:typescript,0.5,1.0,1.0,0.0,0.0,0.0,0.0,2,0,0,2,1.0,0,0.0,0,0.0,0,0.0,0,0.0,0,0.0,0,0.0,0,0.0,0,0.0,0,0.0
20250228_511_sbom_data.json,com.github.Indrajitsaha1997/leaflet-playground,916,916,916,1,npm,1.0,0.0,792,@babel,0.087336,9.10083,0.997817,0.0,0.0,0.0,0.002183,914,0,0,916,1.0,0,0.0,0,0.0,0,0.0,0,0.0,0,0.0,0,0.0,0,0.0,0,0.0,0,0.0
20250502_jumbo_2697_sbom_data.json,com.github.Dea10/dba-diplo-2021-fe,1462,1254,1462,1,npm,1.0,0.0,1050,@babel,0.083447,9.370267,0.997948,0.0,0.0,0.0,0.002052,1459,0,0,1462,1.0,0,0.0,0,0.0,0,0.0,0,0.0,0,0.0,0,0.0,0,0.0,0,0.0,0,0.0
20250425_1396_sbom_data.json,com.github.omarfarquek05/Next_Blog,200,189,200,1,npm,1.0,0.0,172,@next,0.05,7.252662,1.0,0.0,0.0,0.0,0.0,200,0,0,200,1.0,0,0.0,0,0.0,0,0.0,0,0.0,0,0.0,0,0.0,0,0.0,0,0.0,0,0.0
20250412_1215_sbom_data.json,com.github.gabrieldev525/data-analysis-in-spreadsheets,1,1,1,1,pypi,1.0,0.0,1,pypi:xlsxwriter,1.0,0.0,1.0,0.0,0.0,0.0,0.0,1,0,0,0,0.0,0,0.0,0,0.0,0,0.0,1,1.0,0,0.0,0,0.0,0,0.0,0,0.0,0,0.0
20250502_jumbo_2170_sbom_data.json,com.github.fabiusspop/SDM,3,3,3,1,maven,1.0,0.0,3,mysql,0.333333,1.584963,1.0,0.0,0.0,0.0,0.0,3,0,0,0,0.0,0,0.0,0,0.0,3,1.0,0,0.0,0,0.0,0,0.0,0,0.0,0,0.0,0,0.0
20250418_320_sbom_data.json,com.github.TanhGL/movie-laravel,12,12,12,2,composer,0.666667,0.918296,9,hacoidev,0.333333,2.918296,0.083333,0.916667,0.0,0.0,0.0,1,11,0,4,0.333333,0,0.0,8,0.666667,0,0.0,0,0.0,0,0.0,0,0.0,0,0.0,0,0.0,0,0.0
20250317_90_sbom_data.json,com.github.BelaSantos/github-slideshow,95,95,95,2,gem,0.989474,0.084262,95,npm:reveal.js,0.010526,6.569856,1.0,0.0,0.0,0.0,0.0,95,0,0,1,0.010526,94,0.989474,0,0.0,0,0.0,0,0.0,0,0.0,0,0.0,0,0.0,0,0.0,0,0.0
20250308_646_sbom_data.json,com.github.Andre-lucs/LojaAutoPecas,7,7,7,1,maven,1.0,0.0,6,javax.servlet,0.285714,2.521641,1.0,0.0,0.0,0.0,0.0,7,0,0,0,0.0,0,0.0,0,0.0,7,1.0,0,0.0,0,0.0,0,0.0,0,0.0,0,0.0,0,0.0
20250401_740_sbom_data.json,com.github.LBeber/e.creativa_,303,262,303,1,npm,1.0,0.0,259,npm:type-fest,0.013201,7.923722,1.0,0.0,0.0,0.0,0.0,303,0,0,303,1.0,0,0.0,0,0.0,0,0.0,0,0.0,0,0.0,0,0.0,0,0.0,0,0.0,0,0.0
20250403_200_sbom_data.json,com.github.aydanramazanli/reactNative-todo,856,738,856,1,npm,1.0,0.0,548,@babel,0.154206,8.086237,0.992991,0.0,0.0,0.0,0.007009,850,0,0,856,1.0,0,0.0,0,0.0,0,0.0,0,0.0,0,0.0,0,0.0,0,0.0,0,0.0,0,0.0
20250415_825_sbom_data.json,com.github.vikas62081/react-aggrid-app,2298,1063,1609,1,npm,1.0,0.0,822,@babel,0.104003,8.81762,0.996519,0.0,0.0,0.0,0.003481,2290,0,0,2298,1.0,0,0.0,0,0.0,0,0.0,0,0.0,0,0.0,0,0.0,0,0.0,0,0.0,0,0.0
20250420_474_sbom_data.json,com.github.Alwil17/rating-api,17,16,17,2,pypi,0.823529,0.672295,15,pypi:pydantic,0.117647,3.852169,0.352941,0.176471,0.470588,0.0,0.0,6,3,8,0,0.0,0,0.0,0,0.0,0,0.0,14,0.823529,0,0.0,0,0.0,0,0.0,0,0.0,3,0.176471
20250406_828_sbom_data.json,com.github.central-poc/powerbuy-loki,10,10,10,1,composer,1.0,0.0,10,sebastian,0.1,3.321928,0.4,0.6,0.0,0.0,0.0,4,6,0,0,0.0,0,0.0,10,1.0,0,0.0,0,0.0,0,0.0,0,0.0,0,0.0,0,0.0,0,0.0
20250301_1490_sbom_data.json,com.github.trulyshelton/douban-movie-analyzer,8,8,8,1,pypi,1.0,0.0,8,pypi:requests,0.125,3.0,0.0,1.0,0.0,0.0,0.0,0,8,0,0,0.0,0,0.0,0,0.0,0,0.0,8,1.0,0,0.0,0,0.0,0,0.0,0,0.0,0,0.0
20250321_572_sbom_data.json,com.github.ibrahimashraf169/Flutter_with_GDSC_ASU,3,3,3,1,pub,1.0,0.0,3,pub:cupertino_icons,0.333333,1.584963,0.0,1.0,0.0,0.0,0.0,0,3,0,0,0.0,0,0.0,0,0.0,0,0.0,0,0.0,0,0.0,3,1.0,0,0.0,0,0.0,0,0.0
20250209_1224_sbom_data.json,com.github.jbarrocas/backend_proj,1,1,1,1,composer,1.0,0.0,1,phpmailer,1.0,0.0,1.0,0.0,0.0,0.0,0.0,1,0,0,0,0.0,0,0.0,1,1.0,0,0.0,0,0.0,0,0.0,0,0.0,0,0.0,0,0.0,0,0.0
20250308_1414_sbom_data.json,com.github.habibie1234/Hero,728,652,728,1,npm,1.0,0.0,606,@jimp,0.042582,8.986296,0.994505,0.0,0.0,0.0,0.005495,724,0,0,728,1.0,0,0.0,0,0.0,0,0.0,0,0.0,0,0.0,0,0.0,0,0.0,0,0.0,0,0.0
20250429_981_sbom_data.json,com.github.spalaios/holygrail,1586,721,796,1,npm,1.0,0.0,629,@babel,0.094578,8.748769,0.998739,0.0,0.0,0.0,0.001261,1584,0,0,1586,1.0,0,0.0,0,0.0,0,0.0,0,0.0,0,0.0,0,0.0,0,0.0,0,0.0,0,0.0
20250404_664_sbom_data.json,com.github.FranciscoStanley/BreakingNews-front-end,714,411,430,1,npm,1.0,0.0,253,@babel,0.210084,6.771129,0.990196,0.0,0.0,0.0,0.009804,707,0,0,714,1.0,0,0.0,0,0.0,0,0.0,0,0.0,0,0.0,0,0.0,0,0.0,0,0.0,0,0.0
20250401_26_sbom_data.json,com.github.usahexo/80c58593cc994,234,220,234,1,npm,1.0,0.0,220,npm:ms,0.012821,7.747481,0.978632,0.021368,0.0,0.0,0.0,229,5,0,234,1.0,0,0.0,0,0.0,0,0.0,0,0.0,0,0.0,0,0.0,0,0.0,0,0.0,0,0.0
20250426_791_sbom_data.json,com.github.WolfElkan/uno,205,186,205,1,npm,1.0,0.0,186,npm:debug,0.019512,7.480676,1.0,0.0,0.0,0.0,0.0,205,0,0,205,1.0,0,0.0,0,0.0,0,0.0,0,0.0,0,0.0,0,0.0,0,0.0,0,0.0,0,0.0
20250329_868_sbom_data.json,com.github.prateeksan/contact_list,1,1,1,1,gem,1.0,0.0,1,gem:pg,1.0,0.0,1.0,0.0,0.0,0.0,0.0,1,0,0,0,0.0,1,1.0,0,0.0,0,0.0,0,0.0,0,0.0,0,0.0,0,0.0,0,0.0,0,0.0
20250502_jumbo_10580_sbom_data.json,com.github.Krishnanr03/resume,115,98,100,2,gem,0.73913,0.828056,98,npm:esprima,0.034783,6.515055,0.8,0.173913,0.0,0.0,0.026087,92,20,0,30,0.26087,85,0.73913,0,0.0,0,0.0,0,0.0,0,0.0,0,0.0,0,0.0,0,0.0,0,0.0
20250402_1265_sbom_data.json,com.github.acciojob/Speech-Synthesis-DrSuraj,1,1,1,1,github_actions,1.0,0.0,1,acciojob/acciojob-tests-action/.github/workflows,1.0,0.0,0.0,0.0,0.0,1.0,0.0,0,0,0,0,0.0,0,0.0,0,0.0,0,0.0,0,0.0,0,0.0,0,0.0,0,0.0,0,0.0,1,1.0
20250316_1135_sbom_data.json,com.github.SEP-proj/back-end,6,6,6,1,github_actions,1.0,0.0,5,actions,0.333333,2.251629,0.833333,0.0,0.0,0.0,0.166667,5,0,0,0,0.0,0,0.0,0,0.0,0,0.0,0,0.0,0,0.0,0,0.0,0,0.0,0,0.0,6,1.0
20250309_18_sbom_data.json,com.github.CamaelVentura/ignite-introducao-ao-SOLID,732,635,732,1,npm,1.0,0.0,553,@babel,0.050546,8.693425,0.997268,0.0,0.0,0.0,0.002732,730,0,0,732,1.0,0,0.0,0,0.0,0,0.0,0,0.0,0,0.0,0,0.0,0,0.0,0,0.0,0,0.0
20250302_175_sbom_data.json,com.github.ZachyDev/React-Hooks,1207,1207,1207,1,npm,1.0,0.0,1029,@babel,0.086993,9.401895,0.997514,0.0,0.0,0.0,0.002486,1204,0,0,1207,1.0,0,0.0,0,0.0,0,0.0,0,0.0,0,0.0,0,0.0,0,0.0,0,0.0,0,0.0
20250405_558_sbom_data.json,com.github.CristianCaraulasu/sfg-pet-clinic,24,24,24,1,maven,1.0,0.0,11,org.springframework.boot,0.291667,3.06803,0.375,0.0,0.583333,0.0,0.041667,9,0,14,0,0.0,0,0.0,0,0.0,24,1.0,0,0.0,0,0.0,0,0.0,0,0.0,0,0.0,0,0.0
20250312_502_sbom_data.json,com.github.HassanBahati/crash-tailwindcss,132,122,132,1,npm,1.0,0.0,118,@babel,0.022727,6.820835,1.0,0.0,0.0,0.0,0.0,132,0,0,132,1.0,0,0.0,0,0.0,0,0.0,0,0.0,0,0.0,0,0.0,0,0.0,0,0.0,0,0.0
20250502_jumbo_14509_sbom_data.json,com.github.maiconfriedel/react-next-js,408,385,408,1,npm,1.0,0.0,276,@chakra-ui,0.137255,7.258196,0.997549,0.0,0.0,0.0,0.002451,407,0,0,408,1.0,0,0.0,0,0.0,0,0.0,0,0.0,0,0.0,0,0.0,0,0.0,0,0.0,0,0.0
20250502_jumbo_7548_sbom_data.json,com.github.AnirudhChopra2810/Task-Manager,1746,1398,1630,1,npm,1.0,0.0,1180,@babel,0.068156,9.580837,0.998282,0.0,0.0,0.0,0.001718,1743,0,0,1746,1.0,0,0.0,0,0.0,0,0.0,0,0.0,0,0.0,0,0.0,0,0.0,0,0.0,0,0.0
20250314_885_sbom_data.json,com.github.KateFanina/goit-js-hw-10,223,212,223,2,npm,0.991031,0.073875,137,@parcel,0.273543,5.889221,1.0,0.0,0.0,0.0,0.0,223,0,0,221,0.991031,0,0.0,0,0.0,0,0.0,0,0.0,0,0.0,0,0.0,0,0.0,0,0.0,2,0.008969
20250322_1638_sbom_data.json,com.github.Rajatsingh1997/figma,1441,1239,1441,1,npm,1.0,0.0,1040,@babel,0.082582,9.371912,0.997918,0.0,0.0,0.0,0.002082,1438,0,0,1441,1.0,0,0.0,0,0.0,0,0.0,0,0.0,0,0.0,0,0.0,0,0.0,0,0.0,0,0.0
20250314_1653_sbom_data.json,com.github.theshaggy5000/skills-communicate-using-markdown,3,3,3,1,github_actions,1.0,0.0,2,skills,0.666667,0.918296,1.0,0.0,0.0,0.0,0.0,3,0,0,0,0.0,0,0.0,0,0.0,0,0.0,0,0.0,0,0.0,0,0.0,0,0.0,0,0.0,3,1.0
20250423_63_sbom_data.json,com.github.hdon/mushroom-classifier,16,16,16,1,pypi,1.0,0.0,16,pypi:pbr,0.0625,4.0,1.0,0.0,0.0,0.0,0.0,16,0,0,0,0.0,0,0.0,0,0.0,0,0.0,16,1.0,0,0.0,0,0.0,0,0.0,0,0.0,0,0.0
20250313_247_sbom_data.json,com.github.vajradog/brainstorm,46,46,46,1,gem,1.0,0.0,46,gem:erubis,0.021739,5.523562,1.0,0.0,0.0,0.0,0.0,46,0,0,0,0.0,46,1.0,0,0.0,0,0.0,0,0.0,0,0.0,0,0.0,0,0.0,0,0.0,0,0.0
20250331_411_sbom_data.json,com.github.Dan222412/ros-flutter,21,21,21,1,pub,1.0,0.0,21,pub:cupertino_icons,0.047619,4.392317,1.0,0.0,0.0,0.0,0.0,21,0,0,0,0.0,0,0.0,0,0.0,0,0.0,0,0.0,0,0.0,21,1.0,0,0.0,0,0.0,0,0.0
20250320_10_sbom_data.json,com.github.lazaaq/eps-fe,1073,945,1073,2,npm,0.883504,0.519204,756,@babel,0.087605,8.878426,0.996272,0.0,0.0,0.0,0.003728,1069,0,0,948,0.883504,0,0.0,125,0.116496,0,0.0,0,0.0,0,0.0,0,0.0,0,0.0,0,0.0,0,0.0
20250404_937_sbom_data.json,com.github.natepetersen03/MacroMeals,1275,1127,1275,1,npm,1.0,0.0,869,@babel,0.101961,8.881327,0.99451,0.0,0.0,0.0,0.00549,1268,0,0,1275,1.0,0,0.0,0,0.0,0,0.0,0,0.0,0,0.0,0,0.0,0,0.0,0,0.0,0,0.0
20250215_1657_sbom_data.json,com.github.hidayatambo/dayporto,1325,1239,1325,2,npm,0.899623,0.470191,903,@babel,0.081509,8.882189,0.994717,0.0,0.0,0.0,0.005283,1318,0,0,1192,0.899623,0,0.0,133,0.100377,0,0.0,0,0.0,0,0.0,0,0.0,0,0.0,0,0.0,0,0.0
20250406_377_sbom_data.json,com.github.cj179766/eureka-server,6,6,6,1,maven,1.0,0.0,3,org.springframework.boot,0.5,1.459148,0.0,0.0,0.833333,0.0,0.166667,0,0,5,0,0.0,0,0.0,0,0.0,6,1.0,0,0.0,0,0.0,0,0.0,0,0.0,0,0.0,0,0.0
20250422_723_sbom_data.json,com.github.boonemark/skills-introduction-to-github,2,2,2,1,github_actions,1.0,0.0,2,actions,0.5,1.0,1.0,0.0,0.0,0.0,0.0,2,0,0,0,0.0,0,0.0,0,0.0,0,0.0,0,0.0,0,0.0,0,0.0,0,0.0,0,0.0,2,1.0
20250214_1031_sbom_data.json,com.github.sargunv/arduino-ir-faker,3,3,3,1,github_actions,1.0,0.0,1,actions,1.0,0.0,1.0,0.0,0.0,0.0,0.0,3,0,0,0,0.0,0,0.0,0,0.0,0,0.0,0,0.0,0,0.0,0,0.0,0,0.0,0,0.0,3,1.0
20250225_696_sbom_data.json,com.github.Bercovein/SlideSchedule,901,901,901,1,npm,1.0,0.0,788,@babel,0.078801,9.146711,0.99889,0.0,0.0,0.0,0.00111,900,0,0,901,1.0,0,0.0,0,0.0,0,0.0,0,0.0,0,0.0,0,0.0,0,0.0,0,0.0,0,0.0
20250225_249_sbom_data.json,com.github.laindot/albumshop,938,824,938,2,npm,0.960554,0.239745,674,@babel,0.097015,8.735719,0.995736,0.0,0.0,0.0,0.004264,934,0,0,901,0.960554,37,0.039446,0,0.0,0,0.0,0,0.0,0,0.0,0,0.0,0,0.0,0,0.0,0,0.0
20250309_1136_sbom_data.json,com.github.jesuspm/JesusLaravel,114,114,114,2,composer,0.973684,0.175565,39,symfony,0.254386,4.234156,0.973684,0.026316,0.0,0.0,0.0,111,3,0,3,0.026316,0,0.0,111,0.973684,0,0.0,0,0.0,0,0.0,0,0.0,0,0.0,0,0.0,0,0.0
20250221_822_sbom_data.json,com.github.wnstn/winstonhearn.com,591,555,591,2,npm,0.954315,0.267778,555,npm:request,0.003384,9.085187,0.989848,0.010152,0.0,0.0,0.0,585,6,0,564,0.954315,27,0.045685,0,0.0,0,0.0,0,0.0,0,0.0,0,0.0,0,0.0,0,0.0,0,0.0
20250420_1266_sbom_data.json,com.github.Natali-rg/API_Test,11,11,11,1,maven,1.0,0.0,8,org.seleniumhq.selenium,0.272727,2.845351,0.909091,0.0,0.0,0.090909,0.0,10,0,0,0,0.0,0,0.0,0,0.0,11,1.0,0,0.0,0,0.0,0,0.0,0,0.0,0,0.0,0,0.0
20250401_687_sbom_data.json,com.github.iamdanielbrooks/iamdanielbrooks.github.io,1,1,1,1,gem,1.0,0.0,1,gem:github-pages,1.0,0.0,0.0,1.0,0.0,0.0,0.0,0,1,0,0,0.0,1,1.0,0,0.0,0,0.0,0,0.0,0,0.0,0,0.0,0,0.0,0,0.0,0,0.0
20250418_1137_sbom_data.json,com.github.abdoumin/ProjetMDE,6,6,6,1,maven,1.0,0.0,2,org.springframework.boot,0.833333,0.650022,0.0,0.0,1.0,0.0,0.0,0,0,6,0,0.0,0,0.0,0,0.0,6,1.0,0,0.0,0,0.0,0,0.0,0,0.0,0,0.0,0,0.0
20250330_1445_sbom_data.json,com.github.galinapx/clicky-game,1151,982,1151,1,npm,1.0,0.0,982,npm:yargs,0.003475,9.855833,1.0,0.0,0.0,0.0,0.0,1151,0,0,1151,1.0,0,0.0,0,0.0,0,0.0,0,0.0,0,0.0,0,0.0,0,0.0,0,0.0,0,0.0
20250214_693_sbom_data.json,com.github.Geniusmguni/github-slideshow,99,99,99,2,gem,0.989899,0.081462,99,gem:dnsruby,0.010101,6.629357,1.0,0.0,0.0,0.0,0.0,99,0,0,1,0.010101,98,0.989899,0,0.0,0,0.0,0,0.0,0,0.0,0,0.0,0,0.0,0,0.0,0,0.0
20250420_33_sbom_data.json,com.github.suneelbvs/Streamlit-app,4,4,4,1,pypi,1.0,0.0,4,pypi:pillow,0.25,2.0,0.0,0.0,1.0,0.0,0.0,0,0,4,0,0.0,0,0.0,0,0.0,0,0.0,4,1.0,0,0.0,0,0.0,0,0.0,0,0.0,0,0.0
20250502_jumbo_3855_sbom_data.json,com.github.mumrich/vue-memoire,650,593,650,3,npm,0.990769,0.08488,406,@babel,0.16,7.587445,0.996923,0.0,0.0,0.0,0.003077,648,0,0,644,0.990769,0,0.0,0,0.0,0,0.0,0,0.0,0,0.0,0,0.0,0,0.0,3,0.004615,3,0.004615
20250502_jumbo_7999_sbom_data.json,com.github.giovanijfc/rn-template,23,23,23,1,npm,1.0,0.0,18,@types,0.130435,4.055958,0.173913,0.826087,0.0,0.0,0.0,4,19,0,23,1.0,0,0.0,0,0.0,0,0.0,0,0.0,0,0.0,0,0.0,0,0.0,0,0.0,0,0.0
20250422_1559_sbom_data.json,com.github.chrisranjana/portlet,12,12,12,1,npm,1.0,0.0,12,npm:grunt-git-authors,0.083333,3.584963,1.0,0.0,0.0,0.0,0.0,12,0,0,12,1.0,0,0.0,0,0.0,0,0.0,0,0.0,0,0.0,0,0.0,0,0.0,0,0.0,0,0.0
20250311_1039_sbom_data.json,com.github.jeevan01/python-extra-class,22,22,22,2,maven,0.863636,0.574636,16,org.apache.maven.plugins,0.136364,3.879664,0.772727,0.0,0.090909,0.136364,0.0,17,0,2,3,0.136364,0,0.0,0,0.0,19,0.863636,0,0.0,0,0.0,0,0.0,0,0.0,0,0.0,0,0.0
20250217_1426_sbom_data.json,com.github.pochingliu131/TicTacToeMVC,24,24,24,2,nuget,0.958333,0.249882,24,nuget:antlr,0.041667,4.584963,1.0,0.0,0.0,0.0,0.0,24,0,0,1,0.041667,0,0.0,0,0.0,0,0.0,0,0.0,0,0.0,0,0.0,0,0.0,23,0.958333,0,0.0
20250216_324_sbom_data.json,com.github.bgreenwell/rstratx,4,4,4,1,pypi,1.0,0.0,4,pypi:numpy,0.25,2.0,0.0,0.0,1.0,0.0,0.0,0,0,4,0,0.0,0,0.0,0,0.0,0,0.0,4,1.0,0,0.0,0,0.0,0,0.0,0,0.0,0,0.0
20250226_1571_sbom_data.json,com.github.Veijleign/InformSecurity,1,1,1,1,nuget,1.0,0.0,1,nuget:sharphash,1.0,0.0,1.0,0.0,0.0,0.0,0.0,1,0,0,0,0.0,0,0.0,0,0.0,0,0.0,0,0.0,0,0.0,0,0.0,0,0.0,1,1.0,0,0.0
20250327_859_sbom_data.json,com.github.sumit1878/portfolio,1230,1096,1230,1,npm,1.0,0.0,831,@babel,0.096748,8.813503,0.995122,0.0,0.0,0.0,0.004878,1224,0,0,1230,1.0,0,0.0,0,0.0,0,0.0,0,0.0,0,0.0,0,0.0,0,0.0,0,0.0,0,0.0
20250429_778_sbom_data.json,com.github.risha0910/amplify-react-graphql,1252,1110,1252,1,npm,1.0,0.0,852,@babel,0.103035,8.841574,0.994409,0.0,0.0,0.0,0.005591,1245,0,0,1252,1.0,0,0.0,0,0.0,0,0.0,0,0.0,0,0.0,0,0.0,0,0.0,0,0.0,0,0.0
20250418_548_sbom_data.json,com.github.submission18/go-crypto,5,5,5,1,golang,1.0,0.0,1,golang.org/x,1.0,0.0,0.2,0.0,0.0,0.0,0.8,1,0,0,0,0.0,0,0.0,0,0.0,0,0.0,0,0.0,0,0.0,0,0.0,5,1.0,0,0.0,0,0.0
20250216_1162_sbom_data.json,com.github.vbohinc/achartengine,2,2,2,1,maven,1.0,0.0,2,com.jayway.maven.plugins.android.generation2,0.5,1.0,1.0,0.0,0.0,0.0,0.0,2,0,0,0,0.0,0,0.0,0,0.0,2,1.0,0,0.0,0,0.0,0,0.0,0,0.0,0,0.0,0,0.0
20250426_276_sbom_data.json,com.github.dnqudtjs/house,842,746,842,1,npm,1.0,0.0,613,@babel,0.103325,8.605653,0.995249,0.0,0.0,0.0,0.004751,838,0,0,842,1.0,0,0.0,0,0.0,0,0.0,0,0.0,0,0.0,0,0.0,0,0.0,0,0.0,0,0.0
20250303_1296_sbom_data.json,com.github.Sourravk/quiznew,24,24,24,1,pub,1.0,0.0,24,pub:async,0.041667,4.584963,1.0,0.0,0.0,0.0,0.0,24,0,0,0,0.0,0,0.0,0,0.0,0,0.0,0,0.0,0,0.0,24,1.0,0,0.0,0,0.0,0,0.0
20250329_812_sbom_data.json,com.github.AbdoulNuru/portfolio,1535,1297,1535,1,npm,1.0,0.0,1098,@babel,0.082085,9.440879,0.996091,0.0,0.0,0.0,0.003909,1529,0,0,1535,1.0,0,0.0,0,0.0,0,0.0,0,0.0,0,0.0,0,0.0,0,0.0,0,0.0,0,0.0
20250311_1208_sbom_data.json,com.github.Zevell/CSGO-Config-Sync,3,3,3,1,nuget,1.0,0.0,3,nuget:newtonsoft.json,0.333333,1.584963,1.0,0.0,0.0,0.0,0.0,3,0,0,0,0.0,0,0.0,0,0.0,0,0.0,0,0.0,0,0.0,0,0.0,0,0.0,3,1.0,0,0.0
20250331_1524_sbom_data.json,com.github.hoki0713/skicka-pengar-kalkylator,1471,1255,1471,1,npm,1.0,0.0,1046,@babel,0.087016,9.342153,0.997961,0.0,0.0,0.0,0.002039,1468,0,0,1471,1.0,0,0.0,0,0.0,0,0.0,0,0.0,0,0.0,0,0.0,0,0.0,0,0.0,0,0.0
20250502_jumbo_2824_sbom_data.json,com.github.Pytur/skills-introduction-to-github,2,2,2,1,github_actions,1.0,0.0,2,actions,0.5,1.0,1.0,0.0,0.0,0.0,0.0,2,0,0,0,0.0,0,0.0,0,0.0,0,0.0,0,0.0,0,0.0,0,0.0,0,0.0,0,0.0,2,1.0
20250228_350_sbom_data.json,com.github.wendywarren/resolve-gradshow-2023,11,11,11,1,npm,1.0,0.0,10,@11ty,0.181818,3.277613,0.363636,0.636364,0.0,0.0,0.0,4,7,0,11,1.0,0,0.0,0,0.0,0,0.0,0,0.0,0,0.0,0,0.0,0,0.0,0,0.0,0,0.0
20250331_722_sbom_data.json,com.github.Amogh-2404/mastermind_app,40,40,40,2,pub,0.95,0.286397,40,pub:leak_tracker,0.025,5.321928,0.95,0.05,0.0,0.0,0.0,38,2,0,0,0.0,0,0.0,0,0.0,0,0.0,0,0.0,0,0.0,38,0.95,0,0.0,0,0.0,2,0.05
20250218_1699_sbom_data.json,com.github.emilio2hd/page_crawler,24,24,24,1,gem,1.0,0.0,24,gem:tzinfo-data,0.041667,4.584963,0.541667,0.458333,0.0,0.0,0.0,13,11,0,0,0.0,24,1.0,0,0.0,0,0.0,0,0.0,0,0.0,0,0.0,0,0.0,0,0.0,0,0.0
20250318_707_sbom_data.json,com.github.ogzkhrmn/ML_NaiveBayes,3,3,3,1,maven,1.0,0.0,3,org.apache.maven.plugins,0.333333,1.584963,1.0,0.0,0.0,0.0,0.0,3,0,0,0,0.0,0,0.0,0,0.0,3,1.0,0,0.0,0,0.0,0,0.0,0,0.0,0,0.0,0,0.0
20250430_1514_sbom_data.json,com.github.shajeehsanal/responsive_ui,24,24,24,1,pub,1.0,0.0,24,pub:path,0.041667,4.584963,1.0,0.0,0.0,0.0,0.0,24,0,0,0,0.0,0,0.0,0,0.0,0,0.0,0,0.0,0,0.0,24,1.0,0,0.0,0,0.0,0,0.0
20250426_531_sbom_data.json,com.github.Shaywho/React.js-Essential-Training,909,18,19,1,npm,1.0,0.0,18,npm:babel-preset-stage-0,0.068207,4.101582,0.0,1.0,0.0,0.0,0.0,0,909,0,909,1.0,0,0.0,0,0.0,0,0.0,0,0.0,0,0.0,0,0.0,0,0.0,0,0.0,0,0.0
20250218_1102_sbom_data.json,com.github.xltan23/VTTP-Day16-Lecture,8,8,8,1,maven,1.0,0.0,3,org.springframework.boot,0.75,1.061278,0.25,0.0,0.75,0.0,0.0,2,0,6,0,0.0,0,0.0,0,0.0,8,1.0,0,0.0,0,0.0,0,0.0,0,0.0,0,0.0,0,0.0
20250317_1043_sbom_data.json,com.github.appseed-projects3/ab499cdd-cae2-4e55-9146-8e46dde0200a,1655,1390,1655,2,npm,0.996979,0.029641,1144,@babel,0.098489,9.335925,0.990937,0.0,0.0,0.0,0.009063,1640,0,0,1650,0.996979,0,0.0,0,0.0,0,0.0,5,0.003021,0,0.0,0,0.0,0,0.0,0,0.0,0,0.0
20250426_1172_sbom_data.json,com.github.valle-code/job-vibes,509,474,509,1,npm,1.0,0.0,394,@react-aria,0.047151,8.182584,0.996071,0.0,0.0,0.0,0.003929,507,0,0,509,1.0,0,0.0,0,0.0,0,0.0,0,0.0,0,0.0,0,0.0,0,0.0,0,0.0,0,0.0
20250409_662_sbom_data.json,com.github.casual033/logineko-telemetry,5,5,5,1,maven,1.0,0.0,2,org.springframework.boot,0.8,0.721928,0.0,0.0,1.0,0.0,0.0,0,0,5,0,0.0,0,0.0,0,0.0,5,1.0,0,0.0,0,0.0,0,0.0,0,0.0,0,0.0,0,0.0
20250422_1109_sbom_data.json,com.github.lipingnew/sku,1185,1000,1140,1,npm,1.0,0.0,997,npm:commander,0.004219,9.857544,1.0,0.0,0.0,0.0,0.0,1185,0,0,1185,1.0,0,0.0,0,0.0,0,0.0,0,0.0,0,0.0,0,0.0,0,0.0,0,0.0,0,0.0
20250502_jumbo_6846_sbom_data.json,com.github.orgTestCodacy11KRepos110MB/repo-4663-burrow,2050,1177,1553,3,npm,0.969268,0.217448,998,@babel,0.029268,9.375902,0.986829,0.0,0.0,0.000976,0.012195,2023,0,0,1987,0.969268,0,0.0,0,0.0,0,0.0,0,0.0,0,0.0,0,0.0,53,0.025854,0,0.0,10,0.004878
20250413_1669_sbom_data.json,com.github.Veera5iva/Churn_Prediction,6,6,6,1,pypi,1.0,0.0,6,pypi:xgboost,0.166667,2.584963,0.833333,0.0,0.166667,0.0,0.0,5,0,1,0,0.0,0,0.0,0,0.0,0,0.0,6,1.0,0,0.0,0,0.0,0,0.0,0,0.0,0,0.0
20250313_914_sbom_data.json,com.github.fiherman/tienda,60,60,60,2,composer,0.95,0.286397,32,symfony,0.216667,4.304164,0.95,0.05,0.0,0.0,0.0,57,3,0,3,0.05,0,0.0,57,0.95,0,0.0,0,0.0,0,0.0,0,0.0,0,0.0,0,0.0,0,0.0
20250405_643_sbom_data.json,com.github.dailytravel/x-federation,366,344,366,2,npm,0.795082,0.731656,276,@apollo,0.060109,7.659295,0.978142,0.0,0.0,0.0,0.021858,358,0,0,291,0.795082,0,0.0,0,0.0,0,0.0,0,0.0,0,0.0,0,0.0,75,0.204918,0,0.0,0,0.0
20250211_1189_sbom_data.json,com.github.srtushar887/react-native-todo,634,634,634,1,npm,1.0,0.0,489,@babel,0.18612,7.891828,0.995268,0.0,0.0,0.0,0.004732,631,0,0,634,1.0,0,0.0,0,0.0,0,0.0,0,0.0,0,0.0,0,0.0,0,0.0,0,0.0,0,0.0
20250420_202_sbom_data.json,com.github.mohdayanansari/nft-marketplace__APP,1507,664,754,1,npm,1.0,0.0,512,@babel,0.15793,8.048069,0.996019,0.0,0.0,0.0,0.003981,1501,0,0,1507,1.0,0,0.0,0,0.0,0,0.0,0,0.0,0,0.0,0,0.0,0,0.0,0,0.0,0,0.0
20250226_351_sbom_data.json,com.github.csepukar/RetailInventoryManager,17,16,17,1,maven,1.0,0.0,7,org.springframework.boot,0.352941,2.424836,0.352941,0.0,0.647059,0.0,0.0,6,0,11,0,0.0,0,0.0,0,0.0,17,1.0,0,0.0,0,0.0,0,0.0,0,0.0,0,0.0,0,0.0
20250413_680_sbom_data.json,com.github.behrens-de/Monsters-Rolodex,1129,1017,1129,1,npm,1.0,0.0,803,@babel,0.105403,8.819759,0.996457,0.0,0.0,0.0,0.003543,1125,0,0,1129,1.0,0,0.0,0,0.0,0,0.0,0,0.0,0,0.0,0,0.0,0,0.0,0,0.0,0,0.0
20250218_524_sbom_data.json,com.github.tanjil46/bitro-boss-resturant,492,477,492,1,npm,1.0,0.0,357,@firebase,0.085366,7.773492,0.995935,0.0,0.0,0.0,0.004065,490,0,0,492,1.0,0,0.0,0,0.0,0,0.0,0,0.0,0,0.0,0,0.0,0,0.0,0,0.0,0,0.0
20250221_640_sbom_data.json,com.github.huxlor/landing-ofertas-jumbo-cencosud,575,575,575,1,npm,1.0,0.0,557,@webassemblyjs,0.031304,9.033403,1.0,0.0,0.0,0.0,0.0,575,0,0,575,1.0,0,0.0,0,0.0,0,0.0,0,0.0,0,0.0,0,0.0,0,0.0,0,0.0,0,0.0
20250424_912_sbom_data.json,com.github.xgqfrms-GitHub/React-Redux-Todo-List,2,2,2,1,npm,1.0,0.0,2,npm:colors,0.5,1.0,0.0,1.0,0.0,0.0,0.0,0,2,0,2,1.0,0,0.0,0,0.0,0,0.0,0,0.0,0,0.0,0,0.0,0,0.0,0,0.0,0,0.0
20250226_10_sbom_data.json,com.github.awmwong/kik-dots,1,1,1,1,npm,1.0,0.0,1,npm:zerver,1.0,0.0,1.0,0.0,0.0,0.0,0.0,1,0,0,1,1.0,0,0.0,0,0.0,0,0.0,0,0.0,0,0.0,0,0.0,0,0.0,0,0.0,0,0.0
20250407_1579_sbom_data.json,com.github.dczysz/react-mikerates,1311,1184,1311,1,npm,1.0,0.0,1037,@babel,0.070938,9.516854,0.997712,0.0,0.0,0.0,0.002288,1308,0,0,1311,1.0,0,0.0,0,0.0,0,0.0,0,0.0,0,0.0,0,0.0,0,0.0,0,0.0,0,0.0
20250312_1075_sbom_data.json,com.github.vayes/tier,4,4,4,1,composer,1.0,0.0,3,vayes,0.5,1.5,0.0,1.0,0.0,0.0,0.0,0,4,0,0,0.0,0,0.0,4,1.0,0,0.0,0,0.0,0,0.0,0,0.0,0,0.0,0,0.0,0,0.0
20250405_25_sbom_data.json,com.github.CRSTH-CHVZ/r-f83k28d,8,8,8,1,npm,1.0,0.0,6,@testing-library,0.375,2.405639,0.125,0.875,0.0,0.0,0.0,1,7,0,8,1.0,0,0.0,0,0.0,0,0.0,0,0.0,0,0.0,0,0.0,0,0.0,0,0.0,0,0.0
20250308_338_sbom_data.json,com.github.yihui/tmate-r,3,3,3,1,github_actions,1.0,0.0,3,actions,0.333333,1.584963,0.0,0.0,0.0,1.0,0.0,0,0,0,0,0.0,0,0.0,0,0.0,0,0.0,0,0.0,0,0.0,0,0.0,0,0.0,0,0.0,3,1.0
20250402_313_sbom_data.json,com.github.wangjinA/notes,24,12,12,1,npm,1.0,0.0,12,npm:pify,0.083333,3.584963,1.0,0.0,0.0,0.0,0.0,24,0,0,24,1.0,0,0.0,0,0.0,0,0.0,0,0.0,0,0.0,0,0.0,0,0.0,0,0.0,0,0.0
20250325_1121_sbom_data.json,com.github.winter666/freedom-micro,3,3,3,1,composer,1.0,0.0,3,composer:ext-curl,0.333333,1.584963,0.0,1.0,0.0,0.0,0.0,0,3,0,0,0.0,0,0.0,3,1.0,0,0.0,0,0.0,0,0.0,0,0.0,0,0.0,0,0.0,0,0.0
20250319_961_sbom_data.json,com.github.emarex1/alx-backend-javascript,24,10,13,1,npm,1.0,0.0,10,npm:mocha,0.166667,3.053509,0.0,1.0,0.0,0.0,0.0,0,24,0,24,1.0,0,0.0,0,0.0,0,0.0,0,0.0,0,0.0,0,0.0,0,0.0,0,0.0,0,0.0
20250313_1551_sbom_data.json,com.github.Torres-arc/bug-summary,1622,1377,1622,1,npm,1.0,0.0,1153,@babel,0.076449,9.508624,0.997534,0.0,0.0,0.0,0.002466,1618,0,0,1622,1.0,0,0.0,0,0.0,0,0.0,0,0.0,0,0.0,0,0.0,0,0.0,0,0.0,0,0.0
20250225_1676_sbom_data.json,com.github.noemiheusler/rails-mister-cocktail,1086,970,1086,2,npm,0.915285,0.418577,865,@babel,0.076427,9.279984,0.998158,0.0,0.0,0.0,0.001842,1084,0,0,994,0.915285,92,0.084715,0,0.0,0,0.0,0,0.0,0,0.0,0,0.0,0,0.0,0,0.0,0,0.0
20250405_587_sbom_data.json,com.github.t3201v/dntoken-frontend,34,34,34,1,npm,1.0,0.0,25,@types,0.235294,4.241731,0.058824,0.941176,0.0,0.0,0.0,2,32,0,34,1.0,0,0.0,0,0.0,0,0.0,0,0.0,0,0.0,0,0.0,0,0.0,0,0.0,0,0.0
20250319_1186_sbom_data.json,com.github.sanjeebSubedi/Image-Viewer-Azure,15,15,15,1,pypi,1.0,0.0,15,pypi:six,0.066667,3.906891,1.0,0.0,0.0,0.0,0.0,15,0,0,0,0.0,0,0.0,0,0.0,0,0.0,15,1.0,0,0.0,0,0.0,0,0.0,0,0.0,0,0.0
20250324_1533_sbom_data.json,com.github.JJtheron/Playing_with_pyats,86,86,86,1,pypi,1.0,0.0,86,pypi:pyats-aetest,0.011628,6.426265,1.0,0.0,0.0,0.0,0.0,86,0,0,0,0.0,0,0.0,0,0.0,0,0.0,86,1.0,0,0.0,0,0.0,0,0.0,0,0.0,0,0.0
20250402_1571_sbom_data.json,com.github.dawande03/ECOMMERCE_MERN,2904,1260,1431,1,npm,1.0,0.0,964,@babel,0.09022,9.039842,0.993113,0.0,0.0,0.0,0.006887,2884,0,0,2904,1.0,0,0.0,0,0.0,0,0.0,0,0.0,0,0.0,0,0.0,0,0.0,0,0.0,0,0.0
20250302_1189_sbom_data.json,com.github.FoghornConsulting/t-c7n,406,353,405,3,pypi,0.793103,0.85138,326,golang.org/x,0.024631,8.149087,0.812808,0.091133,0.039409,0.0,0.05665,330,37,16,0,0.0,0,0.0,0,0.0,0,0.0,322,0.793103,0,0.0,0,0.0,73,0.179803,0,0.0,11,0.027094
20250416_1201_sbom_data.json,com.github.i471/MockAirline,1586,1359,1586,1,npm,1.0,0.0,1216,@babel,0.059899,9.771951,0.996847,0.0,0.0,0.0,0.003153,1581,0,0,1586,1.0,0,0.0,0,0.0,0,0.0,0,0.0,0,0.0,0,0.0,0,0.0,0,0.0,0,0.0
20250307_1557_sbom_data.json,com.github.claudiojafna/tiket,21,21,21,1,pub,1.0,0.0,21,pub:boolean_selector,0.047619,4.392317,1.0,0.0,0.0,0.0,0.0,21,0,0,0,0.0,0,0.0,0,0.0,0,0.0,0,0.0,0,0.0,21,1.0,0,0.0,0,0.0,0,0.0
20250328_1279_sbom_data.json,com.github.keisuke1350/react-Kadai0325,1488,1277,1488,1,npm,1.0,0.0,1072,@babel,0.082661,9.403918,0.998656,0.0,0.0,0.0,0.001344,1486,0,0,1488,1.0,0,0.0,0,0.0,0,0.0,0,0.0,0,0.0,0,0.0,0,0.0,0,0.0,0,0.0
20250212_816_sbom_data.json,com.github.javator3/java11_MSt,3,3,3,1,maven,1.0,0.0,2,org.apache.maven.plugins,0.666667,0.918296,0.333333,0.0,0.666667,0.0,0.0,1,0,2,0,0.0,0,0.0,0,0.0,3,1.0,0,0.0,0,0.0,0,0.0,0,0.0,0,0.0,0,0.0
20250317_173_sbom_data.json,com.github.ollymonger/basic-unity-mp,209,199,209,2,npm,0.985646,0.10844,184,@types,0.047847,7.380858,1.0,0.0,0.0,0.0,0.0,209,0,0,206,0.985646,0,0.0,0,0.0,0,0.0,0,0.0,0,0.0,0,0.0,0,0.0,0,0.0,3,0.014354
20250502_jumbo_11016_sbom_data.json,com.github.since56k/winery-app-client,32,32,32,1,npm,1.0,0.0,19,@angular,0.375,3.507049,0.03125,0.96875,0.0,0.0,0.0,1,31,0,32,1.0,0,0.0,0,0.0,0,0.0,0,0.0,0,0.0,0,0.0,0,0.0,0,0.0,0,0.0
20250325_1553_sbom_data.json,com.github.robenend/edir-nodejs,243,221,243,2,npm,0.995885,0.038537,220,npm:ms,0.012346,7.726192,0.872428,0.119342,0.0,0.0,0.00823,212,29,0,242,0.995885,0,0.0,0,0.0,0,0.0,0,0.0,0,0.0,0,0.0,0,0.0,1,0.004115,0,0.0
20250219_270_sbom_data.json,com.github.prostoKostyk/Angular-SpringBoot-JWT-Site,915,915,915,2,npm,0.989071,0.086891,787,@babel,0.086339,9.084183,0.990164,0.0,0.00765,0.0,0.002186,906,0,7,905,0.989071,0,0.0,0,0.0,10,0.010929,0,0.0,0,0.0,0,0.0,0,0.0,0,0.0,0,0.0
20250502_jumbo_14104_sbom_data.json,com.github.PAPELgg/PROJETO---MOD.-5-iv,2,2,2,1,npm,1.0,0.0,2,npm:chalk,0.5,1.0,1.0,0.0,0.0,0.0,0.0,2,0,0,2,1.0,0,0.0,0,0.0,0,0.0,0,0.0,0,0.0,0,0.0,0,0.0,0,0.0,0,0.0
20250328_1128_sbom_data.json,com.github.ashutosh-874/paypal-django,15,15,15,1,pypi,1.0,0.0,15,pypi:python-bidi,0.066667,3.906891,1.0,0.0,0.0,0.0,0.0,15,0,0,0,0.0,0,0.0,0,0.0,0,0.0,15,1.0,0,0.0,0,0.0,0,0.0,0,0.0,0,0.0
20250226_1171_sbom_data.json,com.github.HRFE-Merchantman/RUNashville-backend,7,7,7,1,npm,1.0,0.0,7,npm:cors,0.142857,2.807355,0.0,1.0,0.0,0.0,0.0,0,7,0,7,1.0,0,0.0,0,0.0,0,0.0,0,0.0,0,0.0,0,0.0,0,0.0,0,0.0,0,0.0
20250216_27_sbom_data.json,com.github.MichalYoung/tiny-ajax,7,7,7,1,pypi,1.0,0.0,7,pypi:click,0.142857,2.807355,1.0,0.0,0.0,0.0,0.0,7,0,0,0,0.0,0,0.0,0,0.0,0,0.0,7,1.0,0,0.0,0,0.0,0,0.0,0,0.0,0,0.0
20250425_1290_sbom_data.json,com.github.magiclud/SpringMVCBootstrap,15,15,15,1,maven,1.0,0.0,11,org.slf4j,0.2,3.323231,0.866667,0.0,0.0,0.0,0.133333,13,0,0,0,0.0,0,0.0,0,0.0,15,1.0,0,0.0,0,0.0,0,0.0,0,0.0,0,0.0,0,0.0
20250502_jumbo_13441_sbom_data.json,com.github.varunbajpai/YdataAssignment,8,8,8,1,pypi,1.0,0.0,8,pypi:tensorflow,0.125,3.0,0.0,0.0,1.0,0.0,0.0,0,0,8,0,0.0,0,0.0,0,0.0,0,0.0,8,1.0,0,0.0,0,0.0,0,0.0,0,0.0,0,0.0
20250502_jumbo_7576_sbom_data.json,com.github.290499/monitor-mini,15,15,15,1,npm,1.0,0.0,15,npm:cheerio,0.066667,3.906891,0.0,1.0,0.0,0.0,0.0,0,15,0,15,1.0,0,0.0,0,0.0,0,0.0,0,0.0,0,0.0,0,0.0,0,0.0,0,0.0,0,0.0
20250219_304_sbom_data.json,com.github.priscillauribe/rails-yelp-mvp,68,68,68,1,gem,1.0,0.0,68,gem:rails-controller-testing,0.014706,6.087463,1.0,0.0,0.0,0.0,0.0,68,0,0,0,0.0,68,1.0,0,0.0,0,0.0,0,0.0,0,0.0,0,0.0,0,0.0,0,0.0,0,0.0
20250430_1564_sbom_data.json,com.github.ColorlibHQ/colorlib-login-customizer,8,8,8,1,npm,1.0,0.0,8,npm:grunt-wp-i18n,0.125,3.0,0.0,1.0,0.0,0.0,0.0,0,8,0,8,1.0,0,0.0,0,0.0,0,0.0,0,0.0,0,0.0,0,0.0,0,0.0,0,0.0,0,0.0
20250213_1213_sbom_data.json,com.github.RosaliePerron/bookies,11,11,11,1,pypi,1.0,0.0,11,pypi:requests,0.090909,3.459432,0.0,0.0,1.0,0.0,0.0,0,0,11,0,0.0,0,0.0,0,0.0,0,0.0,11,1.0,0,0.0,0,0.0,0,0.0,0,0.0,0,0.0
20250428_947_sbom_data.json,com.github.mesa-4-2/dice,1,1,1,1,gem,1.0,0.0,1,gem:github-pages,1.0,0.0,0.0,1.0,0.0,0.0,0.0,0,1,0,0,0.0,1,1.0,0,0.0,0,0.0,0,0.0,0,0.0,0,0.0,0,0.0,0,0.0,0,0.0
20250227_959_sbom_data.json,com.github.wagnercastillo/TypeScript,7,7,7,1,npm,1.0,0.0,7,npm:webpack-cli,0.142857,2.807355,0.0,1.0,0.0,0.0,0.0,0,7,0,7,1.0,0,0.0,0,0.0,0,0.0,0,0.0,0,0.0,0,0.0,0,0.0,0,0.0,0,0.0
20250429_1187_sbom_data.json,com.github.amalgama-llc/basic-console-app,4,4,4,1,maven,1.0,0.0,3,org.apache.maven.plugins,0.5,1.5,1.0,0.0,0.0,0.0,0.0,4,0,0,0,0.0,0,0.0,0,0.0,4,1.0,0,0.0,0,0.0,0,0.0,0,0.0,0,0.0,0,0.0
20250308_1324_sbom_data.json,com.github.satrijotomo/laptopsrental,2,2,2,1,pypi,1.0,0.0,2,pypi:gunicorn,0.5,1.0,1.0,0.0,0.0,0.0,0.0,2,0,0,0,0.0,0,0.0,0,0.0,0,0.0,2,1.0,0,0.0,0,0.0,0,0.0,0,0.0,0,0.0
20250407_1449_sbom_data.json,com.github.Aishik246/aternos,74,72,74,1,npm,1.0,0.0,71,npm:ms,0.027027,6.128372,0.986486,0.0,0.0,0.0,0.013514,73,0,0,74,1.0,0,0.0,0,0.0,0,0.0,0,0.0,0,0.0,0,0.0,0,0.0,0,0.0,0,0.0
20250417_1680_sbom_data.json,com.github.XanderStrike/free-clicker,39,39,39,1,gem,1.0,0.0,39,gem:activerecord,0.025641,5.285402,1.0,0.0,0.0,0.0,0.0,39,0,0,0,0.0,39,1.0,0,0.0,0,0.0,0,0.0,0,0.0,0,0.0,0,0.0,0,0.0,0,0.0
20250224_709_sbom_data.json,com.github.Lightning-Universe/Flash-FiftyOne_component,12,12,12,2,pypi,0.833333,0.650022,11,actions,0.166667,3.418296,0.5,0.416667,0.083333,0.0,0.0,6,5,1,0,0.0,0,0.0,0,0.0,0,0.0,10,0.833333,0,0.0,0,0.0,0,0.0,0,0.0,2,0.166667
20250209_1123_sbom_data.json,com.github.movoid12/node-nitro-server,486,438,486,1,npm,1.0,0.0,347,@rollup,0.055556,7.90461,0.997942,0.0,0.0,0.0,0.002058,485,0,0,486,1.0,0,0.0,0,0.0,0,0.0,0,0.0,0,0.0,0,0.0,0,0.0,0,0.0,0,0.0
20250413_1196_sbom_data.json,com.github.LuisFelipe13/react-create-element-web-042417,18,18,18,1,npm,1.0,0.0,18,npm:expect,0.055556,4.169925,0.055556,0.944444,0.0,0.0,0.0,1,17,0,18,1.0,0,0.0,0,0.0,0,0.0,0,0.0,0,0.0,0,0.0,0,0.0,0,0.0,0,0.0
20250216_163_sbom_data.json,com.github.scotty845/CEIWeather,2,2,2,1,npm,1.0,0.0,2,npm:ejs,0.5,1.0,0.5,0.5,0.0,0.0,0.0,1,1,0,2,1.0,0,0.0,0,0.0,0,0.0,0,0.0,0,0.0,0,0.0,0,0.0,0,0.0,0,0.0
20250329_664_sbom_data.json,com.github.chrisbello2023/chatPDF,110,110,110,2,pypi,0.972727,0.180525,109,actions,0.018182,6.763178,0.990909,0.0,0.0,0.0,0.009091,109,0,0,0,0.0,0,0.0,0,0.0,0,0.0,107,0.972727,0,0.0,0,0.0,0,0.0,0,0.0,3,0.027273
20250429_935_sbom_data.json,com.github.joaquim15/workshop-spring-boot-mongodb,4,4,4,1,maven,1.0,0.0,1,org.springframework.boot,1.0,0.0,0.0,0.0,1.0,0.0,0.0,0,0,4,0,0.0,0,0.0,0,0.0,4,1.0,0,0.0,0,0.0,0,0.0,0,0.0,0,0.0,0,0.0
20250309_1481_sbom_data.json,com.github.cjgdesu/CI-CD_pipeline_jenkins,11,11,11,1,maven,1.0,0.0,8,javax.servlet,0.181818,2.913977,0.909091,0.0,0.0,0.0,0.090909,10,0,0,0,0.0,0,0.0,0,0.0,11,1.0,0,0.0,0,0.0,0,0.0,0,0.0,0,0.0,0,0.0
20250307_690_sbom_data.json,com.github.kudos-dot-com/discordbot,193,180,193,1,npm,1.0,0.0,179,npm:ms,0.015544,7.443468,1.0,0.0,0.0,0.0,0.0,193,0,0,193,1.0,0,0.0,0,0.0,0,0.0,0,0.0,0,0.0,0,0.0,0,0.0,0,0.0,0,0.0
20250324_737_sbom_data.json,com.github.bmlt/Microservices_UI-loadtest-ptu-20160903T092253,14,14,14,1,npm,1.0,0.0,14,npm:wd,0.071429,3.807355,0.0,0.214286,0.0,0.714286,0.071429,0,3,0,14,1.0,0,0.0,0,0.0,0,0.0,0,0.0,0,0.0,0,0.0,0,0.0,0,0.0,0,0.0
20250314_819_sbom_data.json,com.github.palloncino/ag-apis-02,117,114,117,1,npm,1.0,0.0,113,npm:body-parser,0.017094,6.801989,1.0,0.0,0.0,0.0,0.0,117,0,0,117,1.0,0,0.0,0,0.0,0,0.0,0,0.0,0,0.0,0,0.0,0,0.0,0,0.0,0,0.0
20250210_1421_sbom_data.json,com.github.samkenxstream/SAMkenxprometheus,1597,1360,1546,3,npm,0.876018,0.597244,1002,@babel,0.075141,9.120026,0.950532,0.032561,0.0,0.001252,0.015654,1518,52,0,1399,0.876018,0,0.0,0,0.0,0,0.0,0,0.0,0,0.0,0,0.0,179,0.112085,0,0.0,19,0.011897
20250420_1411_sbom_data.json,com.github.yusufdehbi/quizz-app,21,21,21,1,pub,1.0,0.0,21,pub:fake_async,0.047619,4.392317,1.0,0.0,0.0,0.0,0.0,21,0,0,0,0.0,0,0.0,0,0.0,0,0.0,0,0.0,0,0.0,21,1.0,0,0.0,0,0.0,0,0.0
20250305_518_sbom_data.json,com.github.Sudhir0003/r1,1486,1263,1486,1,npm,1.0,0.0,1052,@babel,0.086137,9.350217,0.997981,0.0,0.0,0.0,0.002019,1483,0,0,1486,1.0,0,0.0,0,0.0,0,0.0,0,0.0,0,0.0,0,0.0,0,0.0,0,0.0,0,0.0
20250423_408_sbom_data.json,com.github.Pat-On/developer-to-architect-series,1565,1333,1562,2,npm,0.974441,0.171607,1098,@babel,0.083067,9.405129,0.989137,0.0,0.005112,0.0,0.005751,1548,0,8,1525,0.974441,0,0.0,0,0.0,40,0.025559,0,0.0,0,0.0,0,0.0,0,0.0,0,0.0,0,0.0
20250302_1447_sbom_data.json,com.github.nvmaki/disposisi5eregbjm,406,353,406,3,npm,0.987685,0.107736,350,npm:chalk,0.009852,8.359821,0.990148,0.009852,0.0,0.0,0.0,402,4,0,401,0.987685,0,0.0,3,0.007389,0,0.0,0,0.0,0,0.0,0,0.0,0,0.0,2,0.004926,0,0.0
20250428_214_sbom_data.json,com.github.Club-Paisano/19-Microphone,340,300,340,1,npm,1.0,0.0,300,npm:debug,0.014706,8.147275,1.0,0.0,0.0,0.0,0.0,340,0,0,340,1.0,0,0.0,0,0.0,0,0.0,0,0.0,0,0.0,0,0.0,0,0.0,0,0.0,0,0.0
20250502_jumbo_8855_sbom_data.json,com.github.brandonstiles1/merng-app,305,293,305,1,npm,1.0,0.0,264,@types,0.072131,7.745005,1.0,0.0,0.0,0.0,0.0,305,0,0,305,1.0,0,0.0,0,0.0,0,0.0,0,0.0,0,0.0,0,0.0,0,0.0,0,0.0,0,0.0
20250428_788_sbom_data.json,com.github.KyawHtay/SSO-API-ASPNET5,13,13,13,1,nuget,1.0,0.0,13,nuget:microsoft.entityframeworkcore.sqlserver,0.076923,3.70044,1.0,0.0,0.0,0.0,0.0,13,0,0,0,0.0,0,0.0,0,0.0,0,0.0,0,0.0,0,0.0,0,0.0,0,0.0,13,1.0,0,0.0
20250316_1559_sbom_data.json,com.github.622ZZZZZZD/djs-cadeaux,2,2,2,1,npm,1.0,0.0,2,npm:discord.js,0.5,1.0,0.0,1.0,0.0,0.0,0.0,0,2,0,2,1.0,0,0.0,0,0.0,0,0.0,0,0.0,0,0.0,0,0.0,0,0.0,0,0.0,0,0.0
20250417_1039_sbom_data.json,com.github.AbdelSRT/competie-vue,397,369,397,1,npm,1.0,0.0,266,@babel,0.080605,7.361987,0.997481,0.0,0.0,0.0,0.002519,396,0,0,397,1.0,0,0.0,0,0.0,0,0.0,0,0.0,0,0.0,0,0.0,0,0.0,0,0.0,0,0.0
20250322_826_sbom_data.json,com.github.sh1ny08/hello,1218,1085,1218,1,npm,1.0,0.0,828,@babel,0.105911,8.78027,0.995074,0.0,0.0,0.0,0.004926,1212,0,0,1218,1.0,0,0.0,0,0.0,0,0.0,0,0.0,0,0.0,0,0.0,0,0.0,0,0.0,0,0.0
20250314_680_sbom_data.json,com.github.Carl-AndrewDizon/resume,1272,1125,1272,1,npm,1.0,0.0,867,@babel,0.101415,8.877185,0.994497,0.0,0.0,0.0,0.005503,1265,0,0,1272,1.0,0,0.0,0,0.0,0,0.0,0,0.0,0,0.0,0,0.0,0,0.0,0,0.0,0,0.0
20250228_429_sbom_data.json,com.github.genjin145/htc-cs,13,12,12,1,npm,1.0,0.0,11,@babel,0.153846,3.392747,0.076923,0.923077,0.0,0.0,0.0,1,12,0,13,1.0,0,0.0,0,0.0,0,0.0,0,0.0,0,0.0,0,0.0,0,0.0,0,0.0,0,0.0
20250223_231_sbom_data.json,com.github.acciojob/personal-greeting-varunpats,1122,990,1122,2,npm,0.999109,0.010315,829,@babel,0.094474,9.029988,0.996435,0.0,0.0,0.000891,0.002674,1118,0,0,1121,0.999109,0,0.0,0,0.0,0,0.0,0,0.0,0,0.0,0,0.0,0,0.0,0,0.0,1,0.000891
20250227_1459_sbom_data.json,com.github.Allanetizen/insomnapp,49,49,49,1,pub,1.0,0.0,49,pub:boolean_selector,0.020408,5.61471,1.0,0.0,0.0,0.0,0.0,49,0,0,0,0.0,0,0.0,0,0.0,0,0.0,0,0.0,0,0.0,49,1.0,0,0.0,0,0.0,0,0.0
20250502_jumbo_5044_sbom_data.json,com.github.raialmeida/Tests-API-RestAssured,19,18,18,2,maven,0.684211,0.899744,12,io.qameta.allure,0.157895,3.431624,0.736842,0.263158,0.0,0.0,0.0,14,5,0,0,0.0,0,0.0,0,0.0,13,0.684211,0,0.0,0,0.0,0,0.0,0,0.0,0,0.0,6,0.315789
20250326_392_sbom_data.json,com.github.lucashmalcantara/calclactase-front-end,782,681,782,1,npm,1.0,0.0,546,@babel,0.14578,8.234857,0.996164,0.0,0.0,0.0,0.003836,779,0,0,782,1.0,0,0.0,0,0.0,0,0.0,0,0.0,0,0.0,0,0.0,0,0.0,0,0.0,0,0.0
20250326_1416_sbom_data.json,com.github.vvvregis/newsParser,78,78,78,1,composer,1.0,0.0,29,sebastian,0.141026,4.210271,0.435897,0.0,0.051282,0.0,0.512821,34,0,4,0,0.0,0,0.0,78,1.0,0,0.0,0,0.0,0,0.0,0,0.0,0,0.0,0,0.0,0,0.0
20250417_408_sbom_data.json,com.github.saedgurey/tailwind-course,96,89,96,1,npm,1.0,0.0,85,@nodelib,0.03125,6.340069,1.0,0.0,0.0,0.0,0.0,96,0,0,96,1.0,0,0.0,0,0.0,0,0.0,0,0.0,0,0.0,0,0.0,0,0.0,0,0.0,0,0.0
20250423_766_sbom_data.json,com.github.mingrammer/docker-react,1382,1213,1382,1,npm,1.0,0.0,1042,@babel,0.072359,9.471189,0.998553,0.0,0.0,0.0,0.001447,1380,0,0,1382,1.0,0,0.0,0,0.0,0,0.0,0,0.0,0,0.0,0,0.0,0,0.0,0,0.0,0,0.0
20250323_451_sbom_data.json,com.github.aleksandromilenkov/FeedsRESTAPI,1730,1293,1510,1,npm,1.0,0.0,1142,@babel,0.078035,9.57712,0.995954,0.0,0.0,0.0,0.004046,1723,0,0,1730,1.0,0,0.0,0,0.0,0,0.0,0,0.0,0,0.0,0,0.0,0,0.0,0,0.0,0,0.0
20250428_1223_sbom_data.json,com.github.shilpathakur95/E-fir-portal,23,23,23,1,pypi,1.0,0.0,23,pypi:pytz,0.043478,4.523562,0.304348,0.0,0.695652,0.0,0.0,7,0,16,0,0.0,0,0.0,0,0.0,0,0.0,23,1.0,0,0.0,0,0.0,0,0.0,0,0.0,0,0.0
20250404_1421_sbom_data.json,com.github.tijaniabdellatif/deploy,112,112,112,2,composer,0.955357,0.263189,40,symfony,0.25,4.282473,0.955357,0.044643,0.0,0.0,0.0,107,5,0,5,0.044643,0,0.0,107,0.955357,0,0.0,0,0.0,0,0.0,0,0.0,0,0.0,0,0.0,0,0.0
20250305_921_sbom_data.json,com.github.SaiAshish9/rppb,15,15,15,1,npm,1.0,0.0,13,@testing-library,0.2,3.589898,0.066667,0.933333,0.0,0.0,0.0,1,14,0,15,1.0,0,0.0,0,0.0,0,0.0,0,0.0,0,0.0,0,0.0,0,0.0,0,0.0,0,0.0
20250315_704_sbom_data.json,com.github.Logesh883/Login_Authentication,1467,1199,1355,1,npm,1.0,0.0,913,@babel,0.087935,8.997514,0.993865,0.0,0.0,0.0,0.006135,1458,0,0,1467,1.0,0,0.0,0,0.0,0,0.0,0,0.0,0,0.0,0,0.0,0,0.0,0,0.0,0,0.0
20250223_859_sbom_data.json,com.github.Saarthi-ai/miro-frontend-interaction,122,120,122,1,npm,1.0,0.0,86,@babel,0.229508,5.618313,0.991803,0.0,0.0,0.0,0.008197,121,0,0,122,1.0,0,0.0,0,0.0,0,0.0,0,0.0,0,0.0,0,0.0,0,0.0,0,0.0,0,0.0
20250417_918_sbom_data.json,com.github.ByteAtATime/godot-3to4,166,162,166,1,npm,1.0,0.0,134,@esbuild,0.13253,6.63331,0.993976,0.0,0.0,0.0,0.006024,165,0,0,166,1.0,0,0.0,0,0.0,0,0.0,0,0.0,0,0.0,0,0.0,0,0.0,0,0.0,0,0.0
20250328_473_sbom_data.json,com.github.virtual-labs/exp-estimation-iitd,4,4,4,1,github_actions,1.0,0.0,3,actions,0.5,1.5,0.75,0.0,0.0,0.25,0.0,3,0,0,0,0.0,0,0.0,0,0.0,0,0.0,0,0.0,0,0.0,0,0.0,0,0.0,0,0.0,4,1.0
20250327_788_sbom_data.json,com.github.morooka-akira/expo_boilerplate,914,805,914,1,npm,1.0,0.0,695,@babel,0.103939,8.838083,0.993435,0.0,0.0,0.0,0.006565,908,0,0,914,1.0,0,0.0,0,0.0,0,0.0,0,0.0,0,0.0,0,0.0,0,0.0,0,0.0,0,0.0
20250313_1085_sbom_data.json,com.github.gavingu81/grDigiOps,13,13,13,1,maven,1.0,0.0,8,org.springframework.boot,0.461538,2.50738,0.230769,0.0,0.769231,0.0,0.0,3,0,10,0,0.0,0,0.0,0,0.0,13,1.0,0,0.0,0,0.0,0,0.0,0,0.0,0,0.0,0,0.0
20250322_42_sbom_data.json,com.github.nikhilmeth/angular2,349,307,349,1,npm,1.0,0.0,300,@angular,0.020057,8.132896,1.0,0.0,0.0,0.0,0.0,349,0,0,349,1.0,0,0.0,0,0.0,0,0.0,0,0.0,0,0.0,0,0.0,0,0.0,0,0.0,0,0.0
20250219_161_sbom_data.json,com.github.Pradeep245/Crud,194,194,194,1,npm,1.0,0.0,192,@types,0.015464,7.575403,1.0,0.0,0.0,0.0,0.0,194,0,0,194,1.0,0,0.0,0,0.0,0,0.0,0,0.0,0,0.0,0,0.0,0,0.0,0,0.0,0,0.0
20250323_1237_sbom_data.json,com.github.InnovatorSagar/AmazonClone,1865,1412,1640,1,npm,1.0,0.0,1146,@babel,0.065416,9.451588,0.997855,0.0,0.0,0.0,0.002145,1861,0,0,1865,1.0,0,0.0,0,0.0,0,0.0,0,0.0,0,0.0,0,0.0,0,0.0,0,0.0,0,0.0
20250412_794_sbom_data.json,com.github.Cebri63/airbnb,880,758,880,1,npm,1.0,0.0,681,@babel,0.0875,8.936802,0.992045,0.0,0.0,0.0,0.007955,873,0,0,880,1.0,0,0.0,0,0.0,0,0.0,0,0.0,0,0.0,0,0.0,0,0.0,0,0.0,0,0.0
20250322_1252_sbom_data.json,com.github.Nandish-ko/first-repo,1557,1350,1557,3,npm,0.956969,0.289036,1064,@babel,0.070006,9.280575,0.990366,0.0,0.0,0.0,0.009634,1542,0,0,1490,0.956969,0,0.0,0,0.0,0,0.0,0,0.0,0,0.0,0,0.0,52,0.033398,0,0.0,15,0.009634
20250326_527_sbom_data.json,com.github.Swayam595/times_api,1,1,1,1,pypi,1.0,0.0,1,pypi:flask,1.0,0.0,1.0,0.0,0.0,0.0,0.0,1,0,0,0,0.0,0,0.0,0,0.0,0,0.0,1,1.0,0,0.0,0,0.0,0,0.0,0,0.0,0,0.0
20250302_1392_sbom_data.json,com.github.hnsxxscyx/baidu_ife,3,3,3,1,npm,1.0,0.0,3,npm:gulp,0.333333,1.584963,0.0,1.0,0.0,0.0,0.0,0,3,0,3,1.0,0,0.0,0,0.0,0,0.0,0,0.0,0,0.0,0,0.0,0,0.0,0,0.0,0,0.0
20250402_1460_sbom_data.json,com.github.Thongtran95/Demo,8,8,8,1,nuget,1.0,0.0,8,nuget:serilog.aspnetcore,0.125,3.0,0.875,0.125,0.0,0.0,0.0,7,1,0,0,0.0,0,0.0,0,0.0,0,0.0,0,0.0,0,0.0,0,0.0,0,0.0,8,1.0,0,0.0
20250210_1318_sbom_data.json,com.github.MundadaM1704/PRO-89--Spectagram-Stage-9,29,29,29,1,npm,1.0,0.0,25,@react-navigation,0.172414,4.457649,0.275862,0.448276,0.275862,0.0,0.0,8,13,8,29,1.0,0,0.0,0,0.0,0,0.0,0,0.0,0,0.0,0,0.0,0,0.0,0,0.0,0,0.0
20250319_1387_sbom_data.json,com.github.archerSSS/Learning2_SimpleTree.Two,2,2,2,1,nuget,1.0,0.0,2,nuget:mstest.testadapter,0.5,1.0,1.0,0.0,0.0,0.0,0.0,2,0,0,0,0.0,0,0.0,0,0.0,0,0.0,0,0.0,0,0.0,0,0.0,0,0.0,2,1.0,0,0.0
20250308_303_sbom_data.json,com.github.devjuanpena/nasa-api-client,1193,1060,1193,1,npm,1.0,0.0,816,@babel,0.100587,8.796283,0.995809,0.0,0.0,0.0,0.004191,1188,0,0,1193,1.0,0,0.0,0,0.0,0,0.0,0,0.0,0,0.0,0,0.0,0,0.0,0,0.0,0,0.0
20250415_13_sbom_data.json,com.github.nguyendaophuocan/Dashboard,1388,1156,1388,1,npm,1.0,0.0,1049,@firebase,0.022334,9.738933,0.998559,0.0,0.0,0.0,0.001441,1386,0,0,1388,1.0,0,0.0,0,0.0,0,0.0,0,0.0,0,0.0,0,0.0,0,0.0,0,0.0,0,0.0
20250304_1090_sbom_data.json,com.github.Kaushik-Raghavan/CS6700-PA2,2,2,2,1,pypi,1.0,0.0,2,pypi:numpy,0.5,1.0,0.0,0.0,1.0,0.0,0.0,0,0,2,0,0.0,0,0.0,0,0.0,0,0.0,2,1.0,0,0.0,0,0.0,0,0.0,0,0.0,0,0.0
20250318_489_sbom_data.json,com.github.Olha-Starykova/goit-react-hw-01-components,1493,1281,1493,1,npm,1.0,0.0,1076,@babel,0.082384,9.410209,0.99866,0.0,0.0,0.0,0.00134,1491,0,0,1493,1.0,0,0.0,0,0.0,0,0.0,0,0.0,0,0.0,0,0.0,0,0.0,0,0.0,0,0.0
20250312_638_sbom_data.json,com.github.jschweihs/multi-docker,13,11,11,1,npm,1.0,0.0,11,npm:nodemon,0.153846,3.392747,0.769231,0.230769,0.0,0.0,0.0,10,3,0,13,1.0,0,0.0,0,0.0,0,0.0,0,0.0,0,0.0,0,0.0,0,0.0,0,0.0,0,0.0
20250223_1371_sbom_data.json,com.github.BenAngel03/BenADjangoPagesAppp,3,3,3,1,pypi,1.0,0.0,3,pypi:asgiref,0.333333,1.584963,1.0,0.0,0.0,0.0,0.0,3,0,0,0,0.0,0,0.0,0,0.0,0,0.0,3,1.0,0,0.0,0,0.0,0,0.0,0,0.0,0,0.0
20250220_519_sbom_data.json,com.github.MayaNikfar/express-todos,122,107,122,1,npm,1.0,0.0,107,npm:ms,0.02459,6.678648,1.0,0.0,0.0,0.0,0.0,122,0,0,122,1.0,0,0.0,0,0.0,0,0.0,0,0.0,0,0.0,0,0.0,0,0.0,0,0.0,0,0.0
20250223_175_sbom_data.json,com.github.CyberFlameGO/SkyWars,6,6,6,1,maven,1.0,0.0,6,org.apache.maven.plugins,0.166667,2.584963,0.5,0.0,0.0,0.5,0.0,3,0,0,0,0.0,0,0.0,0,0.0,6,1.0,0,0.0,0,0.0,0,0.0,0,0.0,0,0.0,0,0.0
20250322_1176_sbom_data.json,com.github.Aldoivan10/tesla-landing,658,574,658,1,npm,1.0,0.0,493,@esbuild,0.066869,8.427074,0.99696,0.0,0.0,0.0,0.00304,656,0,0,658,1.0,0,0.0,0,0.0,0,0.0,0,0.0,0,0.0,0,0.0,0,0.0,0,0.0,0,0.0
20250418_1198_sbom_data.json,com.github.vishnuakhil333/newIplDashboard,1557,1316,1557,1,npm,1.0,0.0,1104,@babel,0.082209,9.432203,0.998073,0.0,0.0,0.0,0.001927,1554,0,0,1557,1.0,0,0.0,0,0.0,0,0.0,0,0.0,0,0.0,0,0.0,0,0.0,0,0.0,0,0.0
20250318_116_sbom_data.json,com.github.ww-tech/roxie,64,64,64,1,gem,1.0,0.0,64,gem:domain_name,0.015625,6.0,1.0,0.0,0.0,0.0,0.0,64,0,0,0,0.0,64,1.0,0,0.0,0,0.0,0,0.0,0,0.0,0,0.0,0,0.0,0,0.0,0,0.0
20250311_1162_sbom_data.json,com.github.markgreene74/bitesofpy,2,2,2,1,github_actions,1.0,0.0,1,actions,1.0,0.0,1.0,0.0,0.0,0.0,0.0,2,0,0,0,0.0,0,0.0,0,0.0,0,0.0,0,0.0,0,0.0,0,0.0,0,0.0,0,0.0,2,1.0
20250213_828_sbom_data.json,com.github.jalvarezg/jalvarezg,64,64,64,2,composer,0.953125,0.272971,30,symfony,0.25,4.155346,0.953125,0.046875,0.0,0.0,0.0,61,3,0,3,0.046875,0,0.0,61,0.953125,0,0.0,0,0.0,0,0.0,0,0.0,0,0.0,0,0.0,0,0.0
20250222_801_sbom_data.json,com.github.static-web-apps-testing-org/swa5e0d17cdac8e47fbbdc593fbdfa3c12d,7,7,7,1,npm,1.0,0.0,6,@types,0.285714,2.521641,0.428571,0.571429,0.0,0.0,0.0,3,4,0,7,1.0,0,0.0,0,0.0,0,0.0,0,0.0,0,0.0,0,0.0,0,0.0,0,0.0,0,0.0
20250329_1592_sbom_data.json,com.github.4522Dev/github-slideshow,99,99,99,2,gem,0.989899,0.081462,99,npm:reveal.js,0.010101,6.629357,1.0,0.0,0.0,0.0,0.0,99,0,0,1,0.010101,98,0.989899,0,0.0,0,0.0,0,0.0,0,0.0,0,0.0,0,0.0,0,0.0,0,0.0
20250409_1272_sbom_data.json,com.github.zirtrex/karius,52,52,52,1,composer,1.0,0.0,12,laminas,0.75,1.644948,1.0,0.0,0.0,0.0,0.0,52,0,0,0,0.0,0,0.0,52,1.0,0,0.0,0,0.0,0,0.0,0,0.0,0,0.0,0,0.0,0,0.0
20250408_1049_sbom_data.json,com.github.Professional-Hobo/PokeMMOn,55,53,55,1,npm,1.0,0.0,53,npm:debug,0.036364,5.708632,1.0,0.0,0.0,0.0,0.0,55,0,0,55,1.0,0,0.0,0,0.0,0,0.0,0,0.0,0,0.0,0,0.0,0,0.0,0,0.0,0,0.0
20250315_228_sbom_data.json,com.github.TiyaReba/micromaylib,1371,1143,1286,1,npm,1.0,0.0,864,@babel,0.094092,8.885721,0.994894,0.0,0.0,0.0,0.005106,1364,0,0,1371,1.0,0,0.0,0,0.0,0,0.0,0,0.0,0,0.0,0,0.0,0,0.0,0,0.0,0,0.0
20250402_52_sbom_data.json,com.github.nathannak/fusionauth-example-flutter-dart-main,30,30,30,1,pub,1.0,0.0,30,pub:source_span,0.033333,4.906891,1.0,0.0,0.0,0.0,0.0,30,0,0,0,0.0,0,0.0,0,0.0,0,0.0,0,0.0,0,0.0,30,1.0,0,0.0,0,0.0,0,0.0
20250405_114_sbom_data.json,com.github.Arcadias-Playground/doakdiabet2023.digiconkayit.com,19,19,19,1,nuget,1.0,0.0,19,nuget:mailkit,0.052632,4.247928,0.947368,0.0,0.0,0.0,0.052632,18,0,0,0,0.0,0,0.0,0,0.0,0,0.0,0,0.0,0,0.0,0,0.0,0,0.0,19,1.0,0,0.0
20250327_1139_sbom_data.json,com.github.ssfsd/CucumberSeleniumPing,10,10,10,1,maven,1.0,0.0,8,io.cucumber,0.2,2.921928,1.0,0.0,0.0,0.0,0.0,10,0,0,0,0.0,0,0.0,0,0.0,10,1.0,0,0.0,0,0.0,0,0.0,0,0.0,0,0.0,0,0.0
20250406_1646_sbom_data.json,com.github.abbywei123/springmvc-2021,13,13,13,1,maven,1.0,0.0,10,org.mybatis,0.153846,3.238901,1.0,0.0,0.0,0.0,0.0,13,0,0,0,0.0,0,0.0,0,0.0,13,1.0,0,0.0,0,0.0,0,0.0,0,0.0,0,0.0,0,0.0
20250331_974_sbom_data.json,com.github.TomasReyes21/Craftsy,2,2,2,1,npm,1.0,0.0,2,npm:expres,0.5,1.0,0.0,1.0,0.0,0.0,0.0,0,2,0,2,1.0,0,0.0,0,0.0,0,0.0,0,0.0,0,0.0,0,0.0,0,0.0,0,0.0,0,0.0
20250317_872_sbom_data.json,com.github.jayblacc2/Portfolio,1,1,1,1,npm,1.0,0.0,1,npm:node-sass,1.0,0.0,0.0,1.0,0.0,0.0,0.0,0,1,0,1,1.0,0,0.0,0,0.0,0,0.0,0,0.0,0,0.0,0,0.0,0,0.0,0,0.0,0,0.0
20250413_1495_sbom_data.json,com.github.rafaelim/python_codes,8,8,8,1,pypi,1.0,0.0,8,pypi:flask,0.125,3.0,1.0,0.0,0.0,0.0,0.0,8,0,0,0,0.0,0,0.0,0,0.0,0,0.0,8,1.0,0,0.0,0,0.0,0,0.0,0,0.0,0,0.0
20250408_1367_sbom_data.json,com.github.tedmax100/FizzBuzz,31,31,31,1,npm,1.0,0.0,31,npm:diff,0.032258,4.954196,1.0,0.0,0.0,0.0,0.0,31,0,0,31,1.0,0,0.0,0,0.0,0,0.0,0,0.0,0,0.0,0,0.0,0,0.0,0,0.0,0,0.0
20250330_16_sbom_data.json,com.github.Michael19941212/chaos,5,5,5,1,maven,1.0,0.0,4,org.springframework.cloud,0.4,1.921928,0.4,0.0,0.6,0.0,0.0,2,0,3,0,0.0,0,0.0,0,0.0,5,1.0,0,0.0,0,0.0,0,0.0,0,0.0,0,0.0,0,0.0
20250219_1587_sbom_data.json,com.github.stefan320/dice-toss-endpoints,52,52,52,1,npm,1.0,0.0,52,npm:array-flatten,0.019231,5.70044,1.0,0.0,0.0,0.0,0.0,52,0,0,52,1.0,0,0.0,0,0.0,0,0.0,0,0.0,0,0.0,0,0.0,0,0.0,0,0.0,0,0.0
20250502_jumbo_13823_sbom_data.json,com.github.Chengo-ril/suave,149,146,148,1,npm,1.0,0.0,124,@esbuild,0.147651,6.507038,0.993289,0.0,0.0,0.0,0.006711,148,0,0,149,1.0,0,0.0,0,0.0,0,0.0,0,0.0,0,0.0,0,0.0,0,0.0,0,0.0,0,0.0
20250330_1678_sbom_data.json,com.github.alishdemo/project-94..,13,13,13,1,npm,1.0,0.0,13,npm:expo-constants,0.076923,3.70044,0.461538,0.538462,0.0,0.0,0.0,6,7,0,13,1.0,0,0.0,0,0.0,0,0.0,0,0.0,0,0.0,0,0.0,0,0.0,0,0.0,0,0.0
20250306_661_sbom_data.json,com.github.leoan1/TiendavirtualG231owner,3,3,3,1,maven,1.0,0.0,1,org.springframework.boot,1.0,0.0,0.0,0.0,1.0,0.0,0.0,0,0,3,0,0.0,0,0.0,0,0.0,3,1.0,0,0.0,0,0.0,0,0.0,0,0.0,0,0.0,0,0.0
20250328_665_sbom_data.json,com.github.Prioe/gatsby-starter-netlify-cms,3427,1480,1834,1,npm,1.0,0.0,1476,npm:source-map,0.003502,10.437792,0.997082,0.0,0.0,0.0,0.002918,3417,0,0,3427,1.0,0,0.0,0,0.0,0,0.0,0,0.0,0,0.0,0,0.0,0,0.0,0,0.0,0,0.0
20250502_jumbo_1923_sbom_data.json,com.github.bungabear/get-aar-info-action,2,2,2,1,npm,1.0,0.0,2,@actions,0.5,1.0,0.0,1.0,0.0,0.0,0.0,0,2,0,2,1.0,0,0.0,0,0.0,0,0.0,0,0.0,0,0.0,0,0.0,0,0.0,0,0.0,0,0.0
20250225_85_sbom_data.json,com.github.AdrienCastelbou/weather-bot,7,7,7,1,pypi,1.0,0.0,7,pypi:python-dateutil,0.142857,2.807355,0.857143,0.142857,0.0,0.0,0.0,6,1,0,0,0.0,0,0.0,0,0.0,0,0.0,7,1.0,0,0.0,0,0.0,0,0.0,0,0.0,0,0.0
20250429_316_sbom_data.json,com.github.Mayssaguerzani/state,1481,1254,1481,1,npm,1.0,0.0,1042,@babel,0.087779,9.322601,0.997974,0.0,0.0,0.0,0.002026,1478,0,0,1481,1.0,0,0.0,0,0.0,0,0.0,0,0.0,0,0.0,0,0.0,0,0.0,0,0.0,0,0.0
20250215_458_sbom_data.json,com.github.dward2005/Repositorio,860,720,860,1,npm,1.0,0.0,720,npm:lodash,0.00814,9.376898,0.997674,0.0,0.0,0.0,0.002326,858,0,0,860,1.0,0,0.0,0,0.0,0,0.0,0,0.0,0,0.0,0,0.0,0,0.0,0,0.0,0,0.0
20250218_1697_sbom_data.json,com.github.rugbymeeeeow/TekCont,2,2,2,1,nuget,1.0,0.0,2,nuget:mstest.testadapter,0.5,1.0,1.0,0.0,0.0,0.0,0.0,2,0,0,0,0.0,0,0.0,0,0.0,0,0.0,0,0.0,0,0.0,0,0.0,0,0.0,2,1.0,0,0.0
20250502_jumbo_4675_sbom_data.json,com.github.karlwernsman/zodiac-api,424,392,424,2,npm,0.997642,0.023983,322,@babel,0.084906,7.821505,0.997642,0.0,0.0,0.0,0.002358,423,0,0,423,0.997642,0,0.0,0,0.0,0,0.0,0,0.0,0,0.0,0,0.0,0,0.0,0,0.0,1,0.002358
20250502_jumbo_3613_sbom_data.json,com.github.Saganeiro/e2e-java,12,12,12,1,maven,1.0,0.0,10,io.qameta.allure,0.166667,3.251629,0.916667,0.0,0.0,0.0,0.083333,11,0,0,0,0.0,0,0.0,0,0.0,12,1.0,0,0.0,0,0.0,0,0.0,0,0.0,0,0.0,0,0.0
20250323_684_sbom_data.json,com.github.itzhoujun/push-worker,9,9,9,1,composer,1.0,0.0,5,illuminate,0.444444,2.058814,1.0,0.0,0.0,0.0,0.0,9,0,0,0,0.0,0,0.0,9,1.0,0,0.0,0,0.0,0,0.0,0,0.0,0,0.0,0,0.0,0,0.0
20250417_770_sbom_data.json,com.github.jasonkeung/festies,35,35,35,1,pub,1.0,0.0,35,pub:cloud_firestore_platform_interface,0.028571,5.129283,1.0,0.0,0.0,0.0,0.0,35,0,0,0,0.0,0,0.0,0,0.0,0,0.0,0,0.0,0,0.0,35,1.0,0,0.0,0,0.0,0,0.0
20250414_855_sbom_data.json,com.github.BoSantos/starter-hugo-academic,5,5,5,2,golang,0.8,0.721928,3,github.com/wowchemy/wowchemy-hugo-themes/modules,0.6,1.370951,0.8,0.0,0.0,0.0,0.2,4,0,0,0,0.0,0,0.0,0,0.0,0,0.0,0,0.0,0,0.0,0,0.0,4,0.8,0,0.0,1,0.2
20250414_873_sbom_data.json,com.github.up5-tech/quan-ly-ban-hang,1498,642,872,2,npm,0.992657,0.062613,642,npm:lodash,0.008011,9.215514,0.991322,0.007343,0.0,0.0,0.001335,1485,11,0,1487,0.992657,0,0.0,11,0.007343,0,0.0,0,0.0,0,0.0,0,0.0,0,0.0,0,0.0,0,0.0
20250222_1525_sbom_data.json,com.github.Snugles/onTimeline,14,14,14,1,npm,1.0,0.0,8,@types,0.357143,2.63846,0.071429,0.928571,0.0,0.0,0.0,1,13,0,14,1.0,0,0.0,0,0.0,0,0.0,0,0.0,0,0.0,0,0.0,0,0.0,0,0.0,0,0.0
20250321_344_sbom_data.json,com.github.Voxelot/merkle-bench,4,4,4,1,cargo,1.0,0.0,4,cargo:criterion,0.25,2.0,0.0,1.0,0.0,0.0,0.0,0,4,0,0,0.0,0,0.0,0,0.0,0,0.0,0,0.0,4,1.0,0,0.0,0,0.0,0,0.0,0,0.0
20250427_1037_sbom_data.json,com.github.Augmentx-zw/aspdotnetcorecrud,3,3,3,1,nuget,1.0,0.0,3,nuget:microsoft.aspnetcore.app,0.333333,1.584963,0.666667,0.333333,0.0,0.0,0.0,2,1,0,0,0.0,0,0.0,0,0.0,0,0.0,0,0.0,0,0.0,0,0.0,0,0.0,3,1.0,0,0.0
20250502_jumbo_13863_sbom_data.json,com.github.deep1501/aws-github,6,6,6,2,github_actions,0.5,1.0,3,org.springframework.boot,0.5,1.459148,0.333333,0.0,0.5,0.0,0.166667,2,0,3,0,0.0,0,0.0,0,0.0,3,0.5,0,0.0,0,0.0,0,0.0,0,0.0,0,0.0,3,0.5
20250408_179_sbom_data.json,com.github.parthfataniya/node-weather-website,114,112,114,1,npm,1.0,0.0,112,npm:qs,0.017544,6.797802,1.0,0.0,0.0,0.0,0.0,114,0,0,114,1.0,0,0.0,0,0.0,0,0.0,0,0.0,0,0.0,0,0.0,0,0.0,0,0.0,0,0.0
20250312_87_sbom_data.json,com.github.MarximusMaximus/SceneSwitcher,6,4,6,1,github_actions,1.0,0.0,2,actions,0.833333,0.650022,1.0,0.0,0.0,0.0,0.0,6,0,0,0,0.0,0,0.0,0,0.0,0,0.0,0,0.0,0,0.0,0,0.0,0,0.0,0,0.0,6,1.0
20250414_1518_sbom_data.json,com.github.umum253/nuxt-todo-app,1024,885,1024,1,npm,1.0,0.0,731,@babel,0.099609,8.830357,0.99707,0.0,0.0,0.0,0.00293,1021,0,0,1024,1.0,0,0.0,0,0.0,0,0.0,0,0.0,0,0.0,0,0.0,0,0.0,0,0.0,0,0.0
20250430_147_sbom_data.json,com.github.AureliaToolbox/gigme.io-client,1148,885,1148,1,npm,1.0,0.0,885,npm:qs,0.006098,9.612537,0.998258,0.0,0.0,0.0,0.001742,1146,0,0,1148,1.0,0,0.0,0,0.0,0,0.0,0,0.0,0,0.0,0,0.0,0,0.0,0,0.0,0,0.0
20250311_1503_sbom_data.json,com.github.nicolasmendonca/vite-chakra-starter,425,397,425,1,npm,1.0,0.0,285,@chakra-ui,0.131765,7.277595,0.995294,0.0,0.0,0.0,0.004706,423,0,0,425,1.0,0,0.0,0,0.0,0,0.0,0,0.0,0,0.0,0,0.0,0,0.0,0,0.0,0,0.0
20250316_1566_sbom_data.json,com.github.IvanHdzRz/docker-practice,701,632,701,2,npm,0.997147,0.028228,484,@types,0.052782,8.286928,0.99572,0.001427,0.0,0.0,0.002853,698,1,0,699,0.997147,0,0.0,0,0.0,0,0.0,0,0.0,0,0.0,0,0.0,0,0.0,0,0.0,2,0.002853
20250301_141_sbom_data.json,com.github.cbebe/monkey-typo,244,233,244,2,cargo,0.827869,0.662557,233,cargo:bitflags,0.008197,7.840573,0.995902,0.0,0.0,0.0,0.004098,243,0,0,0,0.0,0,0.0,0,0.0,0,0.0,42,0.172131,202,0.827869,0,0.0,0,0.0,0,0.0,0,0.0
20250502_jumbo_4946_sbom_data.json,com.github.yoramnag/Mabaya-project,6,6,6,1,maven,1.0,0.0,2,org.springframework.boot,0.833333,0.650022,0.0,0.0,1.0,0.0,0.0,0,0,6,0,0.0,0,0.0,0,0.0,6,1.0,0,0.0,0,0.0,0,0.0,0,0.0,0,0.0,0,0.0
20250305_1366_sbom_data.json,com.github.Ucchwas/Rest-Api,8,8,8,1,nuget,1.0,0.0,8,nuget:system.net.http,0.125,3.0,1.0,0.0,0.0,0.0,0.0,8,0,0,0,0.0,0,0.0,0,0.0,0,0.0,0,0.0,0,0.0,0,0.0,0,0.0,8,1.0,0,0.0
20250329_1368_sbom_data.json,com.github.marissachilds/marissachilds.github.io,87,87,87,1,gem,1.0,0.0,87,gem:sass,0.011494,6.442943,1.0,0.0,0.0,0.0,0.0,87,0,0,0,0.0,87,1.0,0,0.0,0,0.0,0,0.0,0,0.0,0,0.0,0,0.0,0,0.0,0,0.0
20250402_1247_sbom_data.json,com.github.sanoopsasidharan/pureNodeJs-frontend,1169,1042,1169,1,npm,1.0,0.0,810,@babel,0.100941,8.812542,0.996578,0.0,0.0,0.0,0.003422,1165,0,0,1169,1.0,0,0.0,0,0.0,0,0.0,0,0.0,0,0.0,0,0.0,0,0.0,0,0.0,0,0.0
20250226_189_sbom_data.json,com.github.nzikos/BarChartClient,8,8,8,1,maven,1.0,0.0,6,org.slf4j,0.375,2.405639,0.875,0.0,0.0,0.0,0.125,7,0,0,0,0.0,0,0.0,0,0.0,8,1.0,0,0.0,0,0.0,0,0.0,0,0.0,0,0.0,0,0.0
20250316_528_sbom_data.json,com.github.ajinkyagadhave24/events-app-web-server,320,281,320,1,npm,1.0,0.0,246,@babel,0.06875,7.587802,0.996875,0.0,0.0,0.0,0.003125,319,0,0,320,1.0,0,0.0,0,0.0,0,0.0,0,0.0,0,0.0,0,0.0,0,0.0,0,0.0,0,0.0
20250418_974_sbom_data.json,com.github.neeveshjain/Jugadoo_Server,9,9,9,1,pypi,1.0,0.0,9,pypi:flask-pymongo,0.111111,3.169925,0.0,0.0,1.0,0.0,0.0,0,0,9,0,0.0,0,0.0,0,0.0,0,0.0,9,1.0,0,0.0,0,0.0,0,0.0,0,0.0,0,0.0
20250502_jumbo_6477_sbom_data.json,com.github.Aboodazmy/emotours,3080,1202,1613,2,npm,0.987987,0.093861,1018,@babel,0.062662,9.411166,0.983766,0.012013,0.0,0.0,0.004221,3030,37,0,3043,0.987987,0,0.0,37,0.012013,0,0.0,0,0.0,0,0.0,0,0.0,0,0.0,0,0.0,0,0.0
20250213_341_sbom_data.json,com.github.ynoacamino/restaurant_page,279,268,279,1,npm,1.0,0.0,146,@babel,0.358423,5.368339,0.996416,0.0,0.0,0.0,0.003584,278,0,0,279,1.0,0,0.0,0,0.0,0,0.0,0,0.0,0,0.0,0,0.0,0,0.0,0,0.0,0,0.0
20250217_148_sbom_data.json,com.github.rakshithaaj/Blog-application,9,9,9,1,maven,1.0,0.0,4,org.springframework.boot,0.666667,1.446617,0.222222,0.0,0.777778,0.0,0.0,2,0,7,0,0.0,0,0.0,0,0.0,9,1.0,0,0.0,0,0.0,0,0.0,0,0.0,0,0.0,0,0.0
20250311_836_sbom_data.json,com.github.palianytsia/information-retrieval,8,8,8,1,maven,1.0,0.0,7,org.apache.maven.plugins,0.25,2.75,1.0,0.0,0.0,0.0,0.0,8,0,0,0,0.0,0,0.0,0,0.0,8,1.0,0,0.0,0,0.0,0,0.0,0,0.0,0,0.0,0,0.0
20250328_342_sbom_data.json,com.github.davinegreiiros/project-springboot-2-java-11,6,6,6,1,maven,1.0,0.0,3,org.springframework.boot,0.666667,1.251629,0.0,0.0,1.0,0.0,0.0,0,0,6,0,0.0,0,0.0,0,0.0,6,1.0,0,0.0,0,0.0,0,0.0,0,0.0,0,0.0,0,0.0
20250221_1220_sbom_data.json,com.github.scootpain/Firstapp,16,15,16,1,npm,1.0,0.0,15,npm:cordova-ios,0.125,3.875,0.3125,0.625,0.0625,0.0,0.0,5,10,1,16,1.0,0,0.0,0,0.0,0,0.0,0,0.0,0,0.0,0,0.0,0,0.0,0,0.0,0,0.0
20250330_1649_sbom_data.json,com.github.FCOO/promise-list,1336,1116,1336,1,npm,1.0,0.0,996,@babel,0.086826,9.390976,0.998503,0.0,0.0,0.0,0.001497,1334,0,0,1336,1.0,0,0.0,0,0.0,0,0.0,0,0.0,0,0.0,0,0.0,0,0.0,0,0.0,0,0.0
20250316_1470_sbom_data.json,com.github.VictorJesusReaValencia/Permiso-Economico-UAN-SIP,14,14,14,1,composer,1.0,0.0,14,composer:ext-json,0.071429,3.807355,0.071429,0.928571,0.0,0.0,0.0,1,13,0,0,0.0,0,0.0,14,1.0,0,0.0,0,0.0,0,0.0,0,0.0,0,0.0,0,0.0,0,0.0
20250419_1522_sbom_data.json,com.github.buzzkillhardball/Termux,2,2,2,1,gem,1.0,0.0,2,gem:rake,0.5,1.0,0.0,1.0,0.0,0.0,0.0,0,2,0,0,0.0,2,1.0,0,0.0,0,0.0,0,0.0,0,0.0,0,0.0,0,0.0,0,0.0,0,0.0
20250208_857_sbom_data.json,com.github.sbnli/KitapDegerlendirme,2,2,2,1,nuget,1.0,0.0,2,nuget:microsoft.net.compilers,0.5,1.0,1.0,0.0,0.0,0.0,0.0,2,0,0,0,0.0,0,0.0,0,0.0,0,0.0,0,0.0,0,0.0,0,0.0,0,0.0,2,1.0,0,0.0
20250315_190_sbom_data.json,com.github.cosmatiy88/school_infokiosk,1181,1035,1181,1,npm,1.0,0.0,915,@babel,0.066046,9.381482,0.99746,0.0,0.0,0.0,0.00254,1178,0,0,1181,1.0,0,0.0,0,0.0,0,0.0,0,0.0,0,0.0,0,0.0,0,0.0,0,0.0,0,0.0
20250224_1162_sbom_data.json,com.github.vonalfafara/laravel-ecom-server,118,118,118,2,composer,0.974576,0.170895,38,symfony,0.245763,4.219128,0.974576,0.025424,0.0,0.0,0.0,115,3,0,3,0.025424,0,0.0,115,0.974576,0,0.0,0,0.0,0,0.0,0,0.0,0,0.0,0,0.0,0,0.0
20250309_938_sbom_data.json,com.github.terosilveira/tickets-project,1171,1001,1171,2,npm,0.996584,0.032908,854,@babel,0.081127,9.164522,0.99573,0.0,0.003416,0.0,0.000854,1166,0,4,1167,0.996584,0,0.0,0,0.0,0,0.0,4,0.003416,0,0.0,0,0.0,0,0.0,0,0.0,0,0.0
20250407_1398_sbom_data.json,com.github.gqians/logging,650,578,650,1,npm,1.0,0.0,461,@babel,0.141538,8.031443,0.998462,0.0,0.0,0.0,0.001538,649,0,0,650,1.0,0,0.0,0,0.0,0,0.0,0,0.0,0,0.0,0,0.0,0,0.0,0,0.0,0,0.0
20250411_193_sbom_data.json,com.github.malkiro/note-collector-app,1246,1108,1246,2,npm,0.994382,0.050081,855,@babel,0.096308,8.883744,0.990369,0.0,0.005618,0.0,0.004013,1234,0,7,1239,0.994382,0,0.0,0,0.0,7,0.005618,0,0.0,0,0.0,0,0.0,0,0.0,0,0.0,0,0.0
20250414_325_sbom_data.json,com.github.NateTheDev1/honey,1264,565,614,1,npm,1.0,0.0,387,@babel,0.192247,7.289266,0.954905,0.038766,0.0,0.0,0.006329,1207,49,0,1264,1.0,0,0.0,0,0.0,0,0.0,0,0.0,0,0.0,0,0.0,0,0.0,0,0.0,0,0.0
20250427_1530_sbom_data.json,com.github.sammiepius/e_commerce_backend,215,204,215,1,npm,1.0,0.0,202,npm:semver,0.013953,7.613218,1.0,0.0,0.0,0.0,0.0,215,0,0,215,1.0,0,0.0,0,0.0,0,0.0,0,0.0,0,0.0,0,0.0,0,0.0,0,0.0,0,0.0
20250212_569_sbom_data.json,com.github.stevenleung2018/dockerfile-practice,4,4,4,1,github_actions,1.0,0.0,3,actions,0.5,1.5,0.5,0.0,0.0,0.5,0.0,2,0,0,0,0.0,0,0.0,0,0.0,0,0.0,0,0.0,0,0.0,0,0.0,0,0.0,0,0.0,4,1.0
20250416_1487_sbom_data.json,com.github.bburns/LanguageModels,9,9,9,1,pypi,1.0,0.0,9,pypi:tensorflow,0.111111,3.169925,1.0,0.0,0.0,0.0,0.0,9,0,0,0,0.0,0,0.0,0,0.0,0,0.0,9,1.0,0,0.0,0,0.0,0,0.0,0,0.0,0,0.0
20250327_1652_sbom_data.json,com.github.WorldOfWheat/SideProjects,4,4,4,1,maven,1.0,0.0,4,org.apache.maven.plugins,0.25,2.0,0.5,0.0,0.25,0.0,0.25,2,0,1,0,0.0,0,0.0,0,0.0,4,1.0,0,0.0,0,0.0,0,0.0,0,0.0,0,0.0,0,0.0
20250424_1065_sbom_data.json,com.github.CandraJengger/kirimin-aja-revamp,1187,1019,1187,1,npm,1.0,0.0,840,@babel,0.089301,9.065124,0.99663,0.0,0.0,0.0,0.00337,1183,0,0,1187,1.0,0,0.0,0,0.0,0,0.0,0,0.0,0,0.0,0,0.0,0,0.0,0,0.0,0,0.0
20250318_1353_sbom_data.json,com.github.LunaNor/backend-server-udemy,680,425,486,1,npm,1.0,0.0,425,npm:kind-of,0.011765,8.555016,1.0,0.0,0.0,0.0,0.0,680,0,0,680,1.0,0,0.0,0,0.0,0,0.0,0,0.0,0,0.0,0,0.0,0,0.0,0,0.0,0,0.0
20250402_899_sbom_data.json,com.github.federicocp/web-bagre,4,4,4,1,github_actions,1.0,0.0,1,actions,1.0,0.0,1.0,0.0,0.0,0.0,0.0,4,0,0,0,0.0,0,0.0,0,0.0,0,0.0,0,0.0,0,0.0,0,0.0,0,0.0,0,0.0,4,1.0
20250322_279_sbom_data.json,com.github.mmbr1974/pruebasunir,2,2,2,1,github_actions,1.0,0.0,1,actions,1.0,0.0,1.0,0.0,0.0,0.0,0.0,2,0,0,0,0.0,0,0.0,0,0.0,0,0.0,0,0.0,0,0.0,0,0.0,0,0.0,0,0.0,2,1.0
20250218_1113_sbom_data.json,com.github.BenjaminBettan/SpringJWT,8,8,8,1,maven,1.0,0.0,4,org.springframework.boot,0.5,1.75,0.375,0.0,0.625,0.0,0.0,3,0,5,0,0.0,0,0.0,0,0.0,8,1.0,0,0.0,0,0.0,0,0.0,0,0.0,0,0.0,0,0.0
20250227_615_sbom_data.json,com.github.kiemarie23/workflows_demo,2,2,2,1,github_actions,1.0,0.0,1,actions,1.0,0.0,1.0,0.0,0.0,0.0,0.0,2,0,0,0,0.0,0,0.0,0,0.0,0,0.0,0,0.0,0,0.0,0,0.0,0,0.0,0,0.0,2,1.0
20250216_572_sbom_data.json,com.github.whencome/gomodel,3,3,3,1,golang,1.0,0.0,3,github.com/go-sql-driver,0.333333,1.584963,0.666667,0.0,0.0,0.0,0.333333,2,0,0,0,0.0,0,0.0,0,0.0,0,0.0,0,0.0,0,0.0,0,0.0,3,1.0,0,0.0,0,0.0
20250408_749_sbom_data.json,com.github.jagadeeshgudla/spring_oct_vdsi_training,23,22,23,1,maven,1.0,0.0,10,org.springframework.boot,0.26087,2.914016,0.608696,0.0,0.304348,0.0,0.086957,14,0,7,0,0.0,0,0.0,0,0.0,23,1.0,0,0.0,0,0.0,0,0.0,0,0.0,0,0.0,0,0.0
20250221_1263_sbom_data.json,com.github.frenchiejnr/portfolio-spotify-tools,377,352,377,1,npm,1.0,0.0,264,@babel,0.06366,7.449352,0.997347,0.0,0.0,0.0,0.002653,376,0,0,377,1.0,0,0.0,0,0.0,0,0.0,0,0.0,0,0.0,0,0.0,0,0.0,0,0.0,0,0.0
20250302_604_sbom_data.json,com.github.xiaoahao777/xiaoahao,4,4,4,1,github_actions,1.0,0.0,1,docker,1.0,0.0,1.0,0.0,0.0,0.0,0.0,4,0,0,0,0.0,0,0.0,0,0.0,0,0.0,0,0.0,0,0.0,0,0.0,0,0.0,0,0.0,4,1.0
20250321_140_sbom_data.json,com.github.farukavci/github-slideshow,89,89,89,2,gem,0.988764,0.08888,89,npm:reveal.js,0.011236,6.475733,1.0,0.0,0.0,0.0,0.0,89,0,0,1,0.011236,88,0.988764,0,0.0,0,0.0,0,0.0,0,0.0,0,0.0,0,0.0,0,0.0,0,0.0
20250310_1017_sbom_data.json,com.github.ly-hao/shop_vue,946,835,946,1,npm,1.0,0.0,827,@babel,0.009514,9.60443,0.989429,0.0,0.0,0.0,0.010571,936,0,0,946,1.0,0,0.0,0,0.0,0,0.0,0,0.0,0,0.0,0,0.0,0,0.0,0,0.0,0,0.0
20250228_1601_sbom_data.json,com.github.mattkellough/YelpClone,59,59,59,1,gem,1.0,0.0,59,gem:rack-test,0.016949,5.882643,1.0,0.0,0.0,0.0,0.0,59,0,0,0,0.0,59,1.0,0,0.0,0,0.0,0,0.0,0,0.0,0,0.0,0,0.0,0,0.0,0,0.0
20250502_jumbo_7549_sbom_data.json,com.github.maryammouhajer/blood-frontend,1262,1124,1262,1,npm,1.0,0.0,846,@babel,0.102219,8.807459,0.995246,0.0,0.0,0.0,0.004754,1256,0,0,1262,1.0,0,0.0,0,0.0,0,0.0,0,0.0,0,0.0,0,0.0,0,0.0,0,0.0,0,0.0
20250228_691_sbom_data.json,com.github.F1shS0up/ShooterGame,3,3,3,1,nuget,1.0,0.0,3,nuget:monogame.extended.content.pipeline,0.333333,1.584963,1.0,0.0,0.0,0.0,0.0,3,0,0,0,0.0,0,0.0,0,0.0,0,0.0,0,0.0,0,0.0,0,0.0,0,0.0,3,1.0,0,0.0
20250502_jumbo_9768_sbom_data.json,com.github.maotinggang/car-data,60,60,60,1,npm,1.0,0.0,60,npm:webpack-cli,0.016667,5.906891,0.016667,0.983333,0.0,0.0,0.0,1,59,0,60,1.0,0,0.0,0,0.0,0,0.0,0,0.0,0,0.0,0,0.0,0,0.0,0,0.0,0,0.0
20250422_471_sbom_data.json,com.github.amirhossein-bayati/todo-app,4,4,4,1,pypi,1.0,0.0,4,pypi:pytz,0.25,2.0,1.0,0.0,0.0,0.0,0.0,4,0,0,0,0.0,0,0.0,0,0.0,0,0.0,4,1.0,0,0.0,0,0.0,0,0.0,0,0.0,0,0.0
20250424_1581_sbom_data.json,com.github.noritaketakamichi/nonogram,1839,1496,1839,1,npm,1.0,0.0,1267,@babel,0.066884,9.663225,0.998369,0.0,0.0,0.0,0.001631,1836,0,0,1839,1.0,0,0.0,0,0.0,0,0.0,0,0.0,0,0.0,0,0.0,0,0.0,0,0.0,0,0.0
20250422_1394_sbom_data.json,com.github.LeatherGreenGargoyle/tictactoe,33,30,33,1,npm,1.0,0.0,30,npm:pkginfo,0.060606,4.862576,1.0,0.0,0.0,0.0,0.0,33,0,0,33,1.0,0,0.0,0,0.0,0,0.0,0,0.0,0,0.0,0,0.0,0,0.0,0,0.0,0,0.0
20250318_1070_sbom_data.json,com.github.kelas-pemrograman-3-Informatika18/UAS-PenjualanPropertybackend-Prasadewa18421072-Farel18421073,149,141,149,1,npm,1.0,0.0,141,npm:ms,0.020134,7.101653,1.0,0.0,0.0,0.0,0.0,149,0,0,149,1.0,0,0.0,0,0.0,0,0.0,0,0.0,0,0.0,0,0.0,0,0.0,0,0.0,0,0.0
20250317_1332_sbom_data.json,com.github.heyjoeb/mis-gastos,58,58,58,1,gem,1.0,0.0,58,gem:rack-test,0.017241,5.857981,0.965517,0.0,0.0,0.0,0.034483,56,0,0,0,0.0,58,1.0,0,0.0,0,0.0,0,0.0,0,0.0,0,0.0,0,0.0,0,0.0,0,0.0
20250225_560_sbom_data.json,com.github.rongmax-gufei/react-native-clear-cache-demo,633,633,633,1,npm,1.0,0.0,633,npm:abbrev,0.00158,9.306062,0.99842,0.0,0.0,0.0,0.00158,632,0,0,633,1.0,0,0.0,0,0.0,0,0.0,0,0.0,0,0.0,0,0.0,0,0.0,0,0.0,0,0.0
20250215_663_sbom_data.json,com.github.Kenzie-Academy-Brasil-Developers/react-entrega-s1-preparativos-para-o-torneio-tribruxo-LuizPombo,8,8,8,1,npm,1.0,0.0,6,@testing-library,0.375,2.405639,0.125,0.875,0.0,0.0,0.0,1,7,0,8,1.0,0,0.0,0,0.0,0,0.0,0,0.0,0,0.0,0,0.0,0,0.0,0,0.0,0,0.0
20250403_961_sbom_data.json,com.github.kaushikudavant44/BionischeWebAPI,21,21,21,1,maven,1.0,0.0,8,org.springframework.boot,0.47619,2.334256,0.380952,0.0,0.571429,0.0,0.047619,8,0,12,0,0.0,0,0.0,0,0.0,21,1.0,0,0.0,0,0.0,0,0.0,0,0.0,0,0.0,0,0.0
20250331_720_sbom_data.json,com.github.0-Serotonin/WaveScan,1275,1059,1194,1,npm,1.0,0.0,815,@babel,0.094118,8.840268,0.996078,0.0,0.0,0.0,0.003922,1270,0,0,1275,1.0,0,0.0,0,0.0,0,0.0,0,0.0,0,0.0,0,0.0,0,0.0,0,0.0,0,0.0
20250423_1060_sbom_data.json,com.github.hasnatsajid/dropshipping-webstore,309,289,309,1,npm,1.0,0.0,258,@next,0.042071,7.79415,0.996764,0.0,0.0,0.0,0.003236,308,0,0,309,1.0,0,0.0,0,0.0,0,0.0,0,0.0,0,0.0,0,0.0,0,0.0,0,0.0,0,0.0
20250312_194_sbom_data.json,com.github.Gayathri-Siva/MERN-graphql,1754,1284,1488,1,npm,1.0,0.0,1173,@babel,0.053022,9.770463,0.995439,0.0,0.0,0.0,0.004561,1746,0,0,1754,1.0,0,0.0,0,0.0,0,0.0,0,0.0,0,0.0,0,0.0,0,0.0,0,0.0,0,0.0
20250214_1500_sbom_data.json,com.github.valerii15298/int20h-2024,42,42,42,2,npm,0.952381,0.276195,33,@tanstack,0.119048,4.830183,0.047619,0.928571,0.0,0.02381,0.0,2,39,0,40,0.952381,0,0.0,0,0.0,0,0.0,0,0.0,0,0.0,0,0.0,0,0.0,0,0.0,2,0.047619
20250321_1566_sbom_data.json,com.github.asdne/CRUDSpringB,10,10,10,1,maven,1.0,0.0,3,org.springframework.boot,0.8,0.921928,0.9,0.0,0.1,0.0,0.0,9,0,1,0,0.0,0,0.0,0,0.0,10,1.0,0,0.0,0,0.0,0,0.0,0,0.0,0,0.0,0,0.0
20250401_947_sbom_data.json,com.github.kurniawidiyantoro/animelist-with-nextjs-12,303,296,303,1,npm,1.0,0.0,272,@next,0.049505,7.918165,0.9967,0.0,0.0,0.0,0.0033,302,0,0,303,1.0,0,0.0,0,0.0,0,0.0,0,0.0,0,0.0,0,0.0,0,0.0,0,0.0,0,0.0
20250403_136_sbom_data.json,com.github.leifeng/hello-RN,613,554,613,1,npm,1.0,0.0,554,npm:source-map,0.004894,9.057396,0.996737,0.0,0.0,0.0,0.003263,611,0,0,613,1.0,0,0.0,0,0.0,0,0.0,0,0.0,0,0.0,0,0.0,0,0.0,0,0.0,0,0.0
20250212_332_sbom_data.json,com.github.ronmcca/github-slideshow,99,99,99,2,gem,0.989899,0.081462,99,gem:dnsruby,0.010101,6.629357,1.0,0.0,0.0,0.0,0.0,99,0,0,1,0.010101,98,0.989899,0,0.0,0,0.0,0,0.0,0,0.0,0,0.0,0,0.0,0,0.0,0,0.0
20250302_1099_sbom_data.json,com.github.Ycyber13/testing13,4,4,4,1,github_actions,1.0,0.0,2,github/codeql-action,0.75,0.811278,1.0,0.0,0.0,0.0,0.0,4,0,0,0,0.0,0,0.0,0,0.0,0,0.0,0,0.0,0,0.0,0,0.0,0,0.0,0,0.0,4,1.0
20250407_598_sbom_data.json,com.github.podop29/32.2,83,77,83,1,npm,1.0,0.0,77,npm:ms,0.036145,6.212271,1.0,0.0,0.0,0.0,0.0,83,0,0,83,1.0,0,0.0,0,0.0,0,0.0,0,0.0,0,0.0,0,0.0,0,0.0,0,0.0,0,0.0
20250408_1173_sbom_data.json,com.github.iFarhanAli/ReactJS-Puzzle-Game,1021,910,1021,1,npm,1.0,0.0,910,npm:camelcase,0.003918,9.767761,1.0,0.0,0.0,0.0,0.0,1021,0,0,1021,1.0,0,0.0,0,0.0,0,0.0,0,0.0,0,0.0,0,0.0,0,0.0,0,0.0,0,0.0
20250424_63_sbom_data.json,com.github.nileshverma054/ignite_api,34,34,34,1,pypi,1.0,0.0,34,pypi:markupsafe,0.029412,5.087463,1.0,0.0,0.0,0.0,0.0,34,0,0,0,0.0,0,0.0,0,0.0,0,0.0,34,1.0,0,0.0,0,0.0,0,0.0,0,0.0,0,0.0
20250228_1434_sbom_data.json,com.github.chunyuema/spring-framework-pet-clinic,16,16,16,1,maven,1.0,0.0,7,org.springframework.boot,0.4375,2.271782,0.25,0.0,0.6875,0.0,0.0625,4,0,11,0,0.0,0,0.0,0,0.0,16,1.0,0,0.0,0,0.0,0,0.0,0,0.0,0,0.0,0,0.0
20250212_151_sbom_data.json,com.github.santoshpattanaik/Spring-Boot-Microservice-Project,12,11,12,1,maven,1.0,0.0,6,org.springframework.boot,0.333333,2.251629,0.416667,0.0,0.5,0.0,0.083333,5,0,6,0,0.0,0,0.0,0,0.0,12,1.0,0,0.0,0,0.0,0,0.0,0,0.0,0,0.0,0,0.0
20250410_1468_sbom_data.json,com.github.trofimchuk-t/worker-service-template,3,3,3,1,nuget,1.0,0.0,3,nuget:microsoft.extensions.hosting,0.333333,1.584963,1.0,0.0,0.0,0.0,0.0,3,0,0,0,0.0,0,0.0,0,0.0,0,0.0,0,0.0,0,0.0,0,0.0,0,0.0,3,1.0,0,0.0
20250213_822_sbom_data.json,com.github.Zaiens/Baticueva-VivaFeliz,553,553,553,1,npm,1.0,0.0,537,@babel,0.030741,8.985481,0.965642,0.0,0.0,0.0,0.034358,534,0,0,553,1.0,0,0.0,0,0.0,0,0.0,0,0.0,0,0.0,0,0.0,0,0.0,0,0.0,0,0.0
20250424_848_sbom_data.json,com.github.MashaMoreva/wish-list,60,60,60,1,npm,1.0,0.0,18,@esbuild,0.366667,2.916349,1.0,0.0,0.0,0.0,0.0,60,0,0,60,1.0,0,0.0,0,0.0,0,0.0,0,0.0,0,0.0,0,0.0,0,0.0,0,0.0,0,0.0
20250313_210_sbom_data.json,com.github.tracelabs/tlosint-vm,5,4,5,1,github_actions,1.0,0.0,3,actions,0.6,1.370951,0.4,0.6,0.0,0.0,0.0,2,3,0,0,0.0,0,0.0,0,0.0,0,0.0,0,0.0,0,0.0,0,0.0,0,0.0,0,0.0,5,1.0
20250309_295_sbom_data.json,com.github.hoperong/zhibo,10,10,10,1,pypi,1.0,0.0,10,pypi:itsdangerous,0.1,3.321928,1.0,0.0,0.0,0.0,0.0,10,0,0,0,0.0,0,0.0,0,0.0,0,0.0,10,1.0,0,0.0,0,0.0,0,0.0,0,0.0,0,0.0
20250419_615_sbom_data.json,com.github.glowmonster/yiyun-java,29,29,29,1,maven,1.0,0.0,22,org.springframework,0.103448,4.323161,0.862069,0.0,0.0,0.0,0.137931,25,0,0,0,0.0,0,0.0,0,0.0,29,1.0,0,0.0,0,0.0,0,0.0,0,0.0,0,0.0,0,0.0
