token,df,df_frac,idf,is_stop
npm::debug,220,0.4166666666666667,1.8728257303405464,True
npm::ms,219,0.4147727272727273,1.8773608855059378,True
npm::inherits,218,0.4128787878787879,1.8819167020417986,True
npm::semver,209,0.3958333333333333,1.9238809011408307,True
npm::minimatch,207,0.39204545454545453,1.9334503521569815,True
npm::safe-buffer,207,0.39204545454545453,1.9334503521569815,True
npm::supports-color,207,0.39204545454545453,1.9334503521569815,True
npm::balanced-match,207,0.39204545454545453,1.9334503521569815,True
npm::brace-expansion,207,0.39204545454545453,1.9334503521569815,True
npm::concat-map,203,0.38446969696969696,1.952868438014083,True
npm::ansi-styles,203,0.38446969696969696,1.952868438014083,True
npm::mime-db,202,0.38257575757575757,1.9577824528165122,True
npm::mime-types,202,0.38257575757575757,1.9577824528165122,True
npm::has-flag,202,0.38257575757575757,1.9577824528165122,True
npm::chalk,201,0.3806818181818182,1.9627207344570947,True
npm::is-extglob,199,0.3768939393939394,1.9726710653102626,True
npm::glob-parent,199,0.3768939393939394,1.9726710653102626,True
npm::is-glob,199,0.3768939393939394,1.9726710653102626,True
npm::color-name,199,0.3768939393939394,1.9726710653102626,True
npm::once,198,0.375,1.977683607133807,True
npm::color-convert,198,0.375,1.977683607133807,True
npm::wrappy,198,0.375,1.977683607133807,True
npm::fill-range,197,0.3731060606060606,1.9827214011637642,True
npm::strip-ansi,197,0.3731060606060606,1.9827214011637642,True
npm::is-number,197,0.3731060606060606,1.9827214011637642,True
npm::braces,197,0.3731060606060606,1.9827214011637642,True
npm::ansi-regex,197,0.3731060606060606,1.9827214011637642,True
npm::glob,196,0.3712121212121212,1.9877847031203109,True
npm::lru-cache,196,0.3712121212121212,1.9877847031203109,True
npm::fsevents,193,0.36553030303030304,2.003130272794971,True
npm::normalize-path,193,0.36553030303030304,2.003130272794971,True
npm::function-bind,193,0.36553030303030304,2.003130272794971,True
npm::yallist,192,0.36363636363636365,2.0082982429534137,True
npm::fs.realpath,192,0.36363636363636365,2.0082982429534137,True
npm::object-assign,192,0.36363636363636365,2.0082982429534137,True
npm::path-is-absolute,192,0.36363636363636365,2.0082982429534137,True
npm::inflight,192,0.36363636363636365,2.0082982429534137,True
npm::iconv-lite,191,0.36174242424242425,2.013493059830518,True
npm::anymatch,190,0.35984848484848486,2.0187150038116695,True
npm::escape-string-regexp,189,0.35795454545454547,2.023964359697813,True
npm::mime,188,0.3560606060606061,2.0292414167986568,True
npm::minimist,187,0.3541666666666667,2.03454646902835,True
npm::util-deprecate,187,0.3541666666666667,2.03454646902835,True
npm::to-regex-range,187,0.3541666666666667,2.03454646902835,True
npm::string-width,186,0.3522727272727273,2.0398798150037125,True
npm::is-fullwidth-code-point,186,0.3522727272727273,2.0398798150037125,True
npm::rimraf,185,0.3503787878787879,2.045241758145098,True
npm::graceful-fs,185,0.3503787878787879,2.045241758145098,True
npm::which,185,0.3503787878787879,2.045241758145098,True
npm::isexe,185,0.3503787878787879,2.045241758145098,True
npm::qs,183,0.3465909090909091,2.0560526742493135,True
npm::safer-buffer,183,0.3465909090909091,2.0560526742493135,True
npm::lodash,183,0.3465909090909091,2.0560526742493135,True
npm::unpipe,183,0.3465909090909091,2.0560526742493135,True
npm::bytes,182,0.3446969696969697,2.0615022790168784,True
npm::cross-spawn,182,0.3446969696969697,2.0615022790168784,True
npm::http-errors,182,0.3446969696969697,2.0615022790168784,True
npm::statuses,182,0.3446969696969697,2.0615022790168784,True
npm::depd,182,0.3446969696969697,2.0615022790168784,True
npm::setprototypeof,181,0.3428030303030303,2.066981744781504,True
npm::negotiator,181,0.3428030303030303,2.066981744781504,True
npm::accepts,180,0.3409090909090909,2.0724914005924737,True
npm::resolve,180,0.3409090909090909,2.0724914005924737,True
npm::punycode,180,0.3409090909090909,2.0724914005924737,True
npm::on-finished,180,0.3409090909090909,2.0724914005924737,True
npm::parseurl,180,0.3409090909090909,2.0724914005924737,True
npm::ee-first,180,0.3409090909090909,2.0724914005924737,True
npm::signal-exit,180,0.3409090909090909,2.0724914005924737,True
npm::utils-merge,179,0.3390151515151515,2.078031580968089,True
npm::destroy,179,0.3390151515151515,2.078031580968089,True
npm::fresh,179,0.3390151515151515,2.078031580968089,True
npm::binary-extensions,179,0.3390151515151515,2.078031580968089,True
npm::escape-html,179,0.3390151515151515,2.078031580968089,True
npm::shebang-regex,179,0.3390151515151515,2.078031580968089,True
npm::path-parse,179,0.3390151515151515,2.078031580968089,True
npm::chokidar,178,0.3371212121212121,2.0836026260175444,True
npm::etag,178,0.3371212121212121,2.0836026260175444,True
npm::serve-static,178,0.3371212121212121,2.0836026260175444,True
npm::range-parser,178,0.3371212121212121,2.0836026260175444,True
npm::micromatch,178,0.3371212121212121,2.0836026260175444,True
npm::finalhandler,178,0.3371212121212121,2.0836026260175444,True
npm::isarray,178,0.3371212121212121,2.0836026260175444,True
npm::is-binary-path,178,0.3371212121212121,2.0836026260175444,True
npm::send,178,0.3371212121212121,2.0836026260175444,True
npm::readdirp,178,0.3371212121212121,2.0836026260175444,True
npm::encodeurl,177,0.3352272727272727,2.0892048815662143,True
npm::shebang-command,177,0.3352272727272727,2.0892048815662143,True
npm::readable-stream,177,0.3352272727272727,2.0892048815662143,True
npm::string_decoder,176,0.3333333333333333,2.0948386992844705,True
npm::path-exists,176,0.3333333333333333,2.0948386992844705,True
npm::find-up,176,0.3333333333333333,2.0948386992844705,True
npm::commander,176,0.3333333333333333,2.0948386992844705,True
npm::express,175,0.3314393939393939,2.100504436820148,True
npm::resolve-from,175,0.3314393939393939,2.100504436820148,True
npm::source-map,175,0.3314393939393939,2.100504436820148,True
npm::path-key,175,0.3314393939393939,2.100504436820148,True
npm::acorn,174,0.32954545454545453,2.1062024579347853,True
npm::js-tokens,174,0.32954545454545453,2.1062024579347853,True
npm::ajv,174,0.32954545454545453,2.1062024579347853,True
npm::vary,174,0.32954545454545453,2.1062024579347853,True
npm::fast-deep-equal,172,0.32575757575757575,2.1176968373605205,True
npm::cookie,171,0.32386363636363635,2.1234939550448466,True
npm::json5,170,0.32196969696969696,2.1293248753556395,True
npm::json-schema-traverse,170,0.32196969696969696,2.1293248753556395,True
npm::imurmurhash,169,0.32007575757575757,2.1351899948080377,True
npm::raw-body,168,0.3181818181818182,2.141089716935226,True
npm::globals,168,0.3181818181818182,2.141089716935226,True
npm::wrap-ansi,168,0.3181818181818182,2.141089716935226,True
npm::p-locate,167,0.3162878787878788,2.1470244524550406,True
npm::camelcase,167,0.3162878787878788,2.1470244524550406,True
npm::esutils,167,0.3162878787878788,2.1470244524550406,True
npm::core-util-is,167,0.3162878787878788,2.1470244524550406,True
npm::p-limit,167,0.3162878787878788,2.1470244524550406,True
npm::fast-json-stable-stringify,167,0.3162878787878788,2.1470244524550406,True
npm::locate-path,167,0.3162878787878788,2.1470244524550406,True
npm::mkdirp,167,0.3162878787878788,2.1470244524550406,True
npm::body-parser,166,0.3143939393939394,2.1529946194415444,True
npm::js-yaml,166,0.3143939393939394,2.1529946194415444,True
npm::argparse,166,0.3143939393939394,2.1529946194415444,True
npm::estraverse,164,0.3106060606060606,2.165042957957719,True
npm::convert-source-map,164,0.3106060606060606,2.165042957957719,True
npm::caniuse-lite,164,0.3106060606060606,2.165042957957719,True
npm::process-nextick-args,163,0.3087121212121212,2.171122004034101,True
npm::has-symbols,163,0.3087121212121212,2.171122004034101,True
npm::has,162,0.3068181818181818,2.177238231051537,True
npm::browserslist,162,0.3068181818181818,2.177238231051537,True
npm::electron-to-chromium,162,0.3068181818181818,2.177238231051537,True
npm::pify,162,0.3068181818181818,2.177238231051537,True
npm::content-type,162,0.3068181818181818,2.177238231051537,True
npm::parse-json,162,0.3068181818181818,2.177238231051537,True
npm::is-arrayish,162,0.3068181818181818,2.177238231051537,True
npm::error-ex,161,0.30492424242424243,2.1833920966259153,True
npm::emoji-regex,161,0.30492424242424243,2.1833920966259153,True
npm::media-typer,161,0.30492424242424243,2.1833920966259153,True
npm::path-type,160,0.30303030303030304,2.189584066873836,True
npm::to-fast-properties,160,0.30303030303030304,2.189584066873836,True
npm::type-is,160,0.30303030303030304,2.189584066873836,True
npm::callsites,159,0.30113636363636365,2.1958146166244727,True
npm::jsesc,159,0.30113636363636365,2.1958146166244727,True
npm::yargs-parser,159,0.30113636363636365,2.1958146166244727,True
npm::make-dir,158,0.29924242424242425,2.202084229638068,True
npm::y18n,158,0.29924242424242425,2.202084229638068,True
npm::content-disposition,158,0.29924242424242425,2.202084229638068,True
npm::uuid,158,0.29924242424242425,2.202084229638068,True
npm::methods,158,0.29924242424242425,2.202084229638068,True
npm::uri-js,158,0.29924242424242425,2.202084229638068,True
npm::strip-json-comments,158,0.29924242424242425,2.202084229638068,True
npm::path-to-regexp,157,0.29734848484848486,2.2083933988313325,True
npm::yargs,157,0.29734848484848486,2.2083933988313325,True
npm::cliui,157,0.29734848484848486,2.2083933988313325,True
npm::cookie-signature,157,0.29734848484848486,2.2083933988313325,True
npm::get-caller-file,156,0.29545454545454547,2.214742626509991,True
npm::picomatch,156,0.29545454545454547,2.214742626509991,True
npm::@types/node,156,0.29545454545454547,2.214742626509991,True
npm::require-directory,156,0.29545454545454547,2.214742626509991,True
npm::get-stream,155,0.2935606060606061,2.2211324246087623,True
npm::array-flatten,155,0.2935606060606061,2.2211324246087623,True
npm::combined-stream,155,0.2935606060606061,2.2211324246087623,True
npm::ipaddr.js,155,0.2935606060606061,2.2211324246087623,True
npm::postcss,155,0.2935606060606061,2.2211324246087623,True
npm::esrecurse,155,0.2935606060606061,2.2211324246087623,True
npm::@babel/code-frame,155,0.2935606060606061,2.2211324246087623,True
npm::delayed-stream,155,0.2935606060606061,2.2211324246087623,True
npm::asynckit,155,0.2935606060606061,2.2211324246087623,True
npm::toidentifier,154,0.2916666666666667,2.2275633149390526,True
npm::merge-descriptors,154,0.2916666666666667,2.2275633149390526,True
npm::form-data,154,0.2916666666666667,2.2275633149390526,True
npm::forwarded,154,0.2916666666666667,2.2275633149390526,True
npm::kind-of,154,0.2916666666666667,2.2275633149390526,True
npm::proxy-addr,154,0.2916666666666667,2.2275633149390526,True
npm::is-stream,153,0.2897727272727273,2.2340358294446703,True
npm::@babel/highlight,153,0.2897727272727273,2.2340358294446703,True
npm::regenerator-runtime,153,0.2897727272727273,2.2340358294446703,True
npm::esprima,151,0.2859848484848485,2.247107911012023,True
npm::slash,151,0.2859848484848485,2.247107911012023,True
npm::source-map-support,151,0.2859848484848485,2.247107911012023,True
npm::sprintf-js,151,0.2859848484848485,2.247107911012023,True
npm::p-try,150,0.2840909090909091,2.253708595043375,True
npm::node-releases,149,0.2821969696969697,2.260353137762044,True
npm::eslint-scope,149,0.2821969696969697,2.260353137762044,True
npm::ws,148,0.2803030303030303,2.26704212591284,True
npm::object-keys,148,0.2803030303030303,2.26704212591284,True
npm::npm-run-path,147,0.2784090909090909,2.273776158094184,True
npm::ignore,147,0.2784090909090909,2.273776158094184,True
npm::execa,147,0.2784090909090909,2.273776158094184,True
npm::@babel/types,147,0.2784090909090909,2.273776158094184,True
npm::tslib,146,0.2765151515151515,2.2805558450795633,True
npm::buffer-from,146,0.2765151515151515,2.2805558450795633,True
npm::async,146,0.2765151515151515,2.2805558450795633,True
npm::define-properties,146,0.2765151515151515,2.2805558450795633,True
npm::@babel/parser,145,0.2746212121212121,2.287381810149963,True
npm::@babel/traverse,144,0.2727272727272727,2.294254689437725,True
npm::@babel/generator,144,0.2727272727272727,2.294254689437725,True
npm::mimic-fn,144,0.2727272727272727,2.294254689437725,True
npm::@babel/template,144,0.2727272727272727,2.294254689437725,True
npm::@babel/core,144,0.2727272727272727,2.294254689437725,True
npm::@babel/helper-function-name,143,0.2708333333333333,2.3011751322822986,True
npm::strip-bom,143,0.2708333333333333,2.3011751322822986,True
npm::globby,142,0.2689393939393939,2.3081438015983924,True
npm::pkg-dir,142,0.2689393939393939,2.3081438015983924,True
npm::@babel/helper-module-imports,142,0.2689393939393939,2.3081438015983924,True
npm::@babel/helper-split-export-declaration,142,0.2689393939393939,2.3081438015983924,True
npm::import-fresh,141,0.26704545454545453,2.3151613742570385,True
npm::ini,140,0.26515151515151514,2.322228541480131,True
npm::onetime,140,0.26515151515151514,2.322228541480131,True
npm::@babel/helpers,140,0.26515151515151514,2.322228541480131,True
npm::@babel/helper-module-transforms,139,0.26325757575757575,2.329346009248995,True
npm::postcss-value-parser,139,0.26325757575757575,2.329346009248995,True
npm::array-union,139,0.26325757575757575,2.329346009248995,True
npm::fast-levenshtein,139,0.26325757575757575,2.329346009248995,True
npm::@babel/helper-simple-access,138,0.26136363636363635,2.336514498727608,True
npm::object-inspect,138,0.26136363636363635,2.336514498727608,True
npm::on-headers,137,0.25946969696969696,2.3437347467010947,True
npm::@babel/helper-plugin-utils,136,0.25757575757575757,2.3510075060301743,True
npm::jsonfile,136,0.25757575757575757,2.3510075060301743,True
npm::fs-extra,136,0.25757575757575757,2.3510075060301743,True
npm::@babel/helper-hoist-variables,136,0.25757575757575757,2.3510075060301743,True
npm::is-regex,136,0.25757575757575757,2.3510075060301743,True
npm::regenerate,135,0.2556818181818182,2.3583335461222474,True
npm::regexpu-core,135,0.2556818181818182,2.3583335461222474,True
npm::regjsparser,135,0.2556818181818182,2.3583335461222474,True
npm::sax,135,0.2556818181818182,2.3583335461222474,True
npm::loose-envify,135,0.2556818181818182,2.3583335461222474,True
npm::is-date-object,135,0.2556818181818182,2.3583335461222474,True
npm::deep-is,135,0.2556818181818182,2.3583335461222474,True
npm::type-check,135,0.2556818181818182,2.3583335461222474,True
npm::levn,135,0.2556818181818182,2.3583335461222474,True
npm::optionator,135,0.2556818181818182,2.3583335461222474,True
npm::prelude-ls,135,0.2556818181818182,2.3583335461222474,True
npm::is-wsl,134,0.2537878787878788,2.3657136534198697,True
npm::@nodelib/fs.stat,134,0.2537878787878788,2.3657136534198697,True
npm::text-table,133,0.2518939393939394,2.3731486319073882,True
npm::follow-redirects,133,0.2518939393939394,2.3731486319073882,True
npm::is-typedarray,133,0.2518939393939394,2.3731486319073882,True
npm::natural-compare,133,0.2518939393939394,2.3731486319073882,True
npm::universalify,132,0.25,2.3806393036365456,True
npm::regenerator-transform,132,0.25,2.3806393036365456,True
npm::eslint,132,0.25,2.3806393036365456,True
npm::cosmiconfig,131,0.2481060606060606,2.3881865092719288,True
npm::type-fest,131,0.2481060606060606,2.3881865092719288,True
npm::fast-glob,130,0.24621212121212122,2.3957911086571477,True
npm::cssesc,130,0.24621212121212122,2.3957911086571477,True
npm::set-blocking,130,0.24621212121212122,2.3957911086571477,True
npm::@babel/helper-validator-identifier,130,0.24621212121212122,2.3957911086571477,True
npm::find-cache-dir,130,0.24621212121212122,2.3957911086571477,True
npm::randombytes,130,0.24621212121212122,2.3957911086571477,True
npm::is-path-inside,130,0.24621212121212122,2.3957911086571477,True
npm::xtend,130,0.24621212121212122,2.3957911086571477,True
npm::is-symbol,130,0.24621212121212122,2.3957911086571477,True
npm::is-callable,130,0.24621212121212122,2.3957911086571477,True
npm::neo-async,129,0.24431818181818182,2.403453981402717,True
npm::merge-stream,129,0.24431818181818182,2.403453981402717,True
npm::merge2,129,0.24431818181818182,2.403453981402717,True
npm::autoprefixer,129,0.24431818181818182,2.403453981402717,True
npm::core-js,129,0.24431818181818182,2.403453981402717,True
npm::object.assign,129,0.24431818181818182,2.403453981402717,True
npm::es-abstract,129,0.24431818181818182,2.403453981402717,True
npm::es-to-primitive,129,0.24431818181818182,2.403453981402717,True
npm::tough-cookie,128,0.24242424242424243,2.4111760274966274,True
npm::webpack,128,0.24242424242424243,2.4111760274966274,True
npm::@babel/runtime,128,0.24242424242424243,2.4111760274966274,True
npm::ansi-escapes,128,0.24242424242424243,2.4111760274966274,True
npm::normalize-range,127,0.24053030303030304,2.4189581679386825,True
npm::escalade,127,0.24053030303030304,2.4189581679386825,True
npm::bluebird,127,0.24053030303030304,2.4189581679386825,True
npm::commondir,127,0.24053030303030304,2.4189581679386825,True
npm::react,127,0.24053030303030304,2.4189581679386825,True
npm::events,126,0.23863636363636365,2.426801345399708,True
npm::parent-module,126,0.23863636363636365,2.426801345399708,True
npm::eventemitter3,126,0.23863636363636365,2.426801345399708,True
npm::@babel/helper-annotate-as-pure,125,0.23674242424242425,2.4347065249068214,True
npm::call-bind,125,0.23674242424242425,2.4347065249068214,True
npm::is-core-module,125,0.23674242424242425,2.4347065249068214,True
npm::get-intrinsic,125,0.23674242424242425,2.4347065249068214,True
npm::doctrine,125,0.23674242424242425,2.4347065249068214,True
npm::espree,125,0.23674242424242425,2.4347065249068214,True
npm::compression,124,0.23484848484848486,2.4426746945559983,True
npm::compressible,124,0.23484848484848486,2.4426746945559983,True
npm::performance-now,124,0.23484848484848486,2.4426746945559983,True
npm::acorn-jsx,124,0.23484848484848486,2.4426746945559983,True
npm::flat-cache,124,0.23484848484848486,2.4426746945559983,True
npm::file-entry-cache,124,0.23484848484848486,2.4426746945559983,True
npm::postcss-selector-parser,123,0.23295454545454544,2.4507068662532627,True
npm::flatted,123,0.23295454545454544,2.4507068662532627,True
npm::@babel/plugin-syntax-object-rest-spread,123,0.23295454545454544,2.4507068662532627,True
npm::tapable,123,0.23295454545454544,2.4507068662532627,True
npm::enhanced-resolve,123,0.23295454545454544,2.4507068662532627,True
npm::isobject,123,0.23295454545454544,2.4507068662532627,True
npm::ajv-keywords,123,0.23295454545454544,2.4507068662532627,True
npm::esquery,123,0.23295454545454544,2.4507068662532627,True
npm::@babel/helper-member-expression-to-functions,122,0.23106060606060605,2.458804076485882,True
npm::@babel/helper-replace-supers,122,0.23106060606060605,2.458804076485882,True
npm::@babel/helper-optimise-call-expression,122,0.23106060606060605,2.458804076485882,True
npm::webidl-conversions,122,0.23106060606060605,2.458804076485882,True
npm::requires-port,122,0.23106060606060605,2.458804076485882,True
npm::tr46,122,0.23106060606060605,2.458804076485882,True
npm::ci-info,122,0.23106060606060605,2.458804076485882,True
npm::whatwg-url,121,0.22916666666666666,2.4669673871250426,True
npm::base64-js,121,0.22916666666666666,2.4669673871250426,True
npm::dir-glob,121,0.22916666666666666,2.4669673871250426,True
npm::@babel/plugin-syntax-async-generators,121,0.22916666666666666,2.4669673871250426,True
npm::@babel/plugin-syntax-optional-catch-binding,121,0.22916666666666666,2.4669673871250426,True
npm::watchpack,121,0.22916666666666666,2.4669673871250426,True
npm::gensync,120,0.22727272727272727,2.4751978862615585,True
npm::serialize-javascript,120,0.22727272727272727,2.4751978862615585,True
npm::webpack-sources,120,0.22727272727272727,2.4751978862615585,True
npm::entities,120,0.22727272727272727,2.4751978862615585,True
npm::resolve-cwd,120,0.22727272727272727,2.4751978862615585,True
npm::is-buffer,120,0.22727272727272727,2.4751978862615585,True
npm::loader-runner,119,0.22537878787878787,2.4834966890762535,True
npm::jest-worker,119,0.22537878787878787,2.4834966890762535,True
npm::minimalistic-assert,119,0.22537878787878787,2.4834966890762535,True
npm::@babel/helper-compilation-targets,119,0.22537878787878787,2.4834966890762535,True
npm::@babel/plugin-syntax-json-strings,119,0.22537878787878787,2.4834966890762535,True
npm::@babel/compat-data,119,0.22537878787878787,2.4834966890762535,True
npm::decamelize,119,0.22537878787878787,2.4834966890762535,True
npm::import-local,119,0.22537878787878787,2.4834966890762535,True
npm::json-stable-stringify-without-jsonify,119,0.22537878787878787,2.4834966890762535,True
npm::@babel/plugin-transform-parameters,118,0.22348484848484848,2.4918649387467697,True
npm::@babel/plugin-transform-computed-properties,118,0.22348484848484848,2.4918649387467697,True
npm::@babel/plugin-transform-shorthand-properties,118,0.22348484848484848,2.4918649387467697,True
npm::@babel/plugin-transform-classes,118,0.22348484848484848,2.4918649387467697,True
npm::@babel/plugin-transform-destructuring,118,0.22348484848484848,2.4918649387467697,True
npm::@babel/plugin-transform-template-literals,118,0.22348484848484848,2.4918649387467697,True
npm::@babel/plugin-transform-function-name,118,0.22348484848484848,2.4918649387467697,True
npm::@babel/plugin-transform-arrow-functions,118,0.22348484848484848,2.4918649387467697,True
npm::@babel/plugin-transform-spread,118,0.22348484848484848,2.4918649387467697,True
npm::@babel/plugin-transform-block-scoping,118,0.22348484848484848,2.4918649387467697,True
npm::@babel/plugin-transform-literals,118,0.22348484848484848,2.4918649387467697,True
npm::@babel/plugin-transform-modules-commonjs,118,0.22348484848484848,2.4918649387467697,True
npm::@babel/plugin-transform-for-of,118,0.22348484848484848,2.4918649387467697,True
npm::write-file-atomic,118,0.22348484848484848,2.4918649387467697,True
npm::domelementtype,117,0.2215909090909091,2.5003038073926347,True
npm::unicode-match-property-ecmascript,117,0.2215909090909091,2.5003038073926347,True
npm::unicode-property-aliases-ecmascript,117,0.2215909090909091,2.5003038073926347,True
npm::@babel/helper-remap-async-to-generator,117,0.2215909090909091,2.5003038073926347,True
npm::domutils,117,0.2215909090909091,2.5003038073926347,True
npm::@babel/helper-builder-binary-assignment-operator-visitor,117,0.2215909090909091,2.5003038073926347,True
npm::big.js,117,0.2215909090909091,2.5003038073926347,True
npm::@babel/plugin-syntax-dynamic-import,117,0.2215909090909091,2.5003038073926347,True
npm::unicode-match-property-value-ecmascript,117,0.2215909090909091,2.5003038073926347,True
npm::@babel/plugin-transform-regenerator,117,0.2215909090909091,2.5003038073926347,True
npm::is-plain-object,117,0.2215909090909091,2.5003038073926347,True
npm::regenerate-unicode-properties,117,0.2215909090909091,2.5003038073926347,True
npm::@babel/helper-wrap-function,117,0.2215909090909091,2.5003038073926347,True
npm::@babel/plugin-transform-exponentiation-operator,117,0.2215909090909091,2.5003038073926347,True
npm::@babel/plugin-transform-block-scoped-functions,117,0.2215909090909091,2.5003038073926347,True
npm::unicode-canonical-property-names-ecmascript,117,0.2215909090909091,2.5003038073926347,True
npm::@babel/plugin-transform-object-super,117,0.2215909090909091,2.5003038073926347,True
npm::dom-serializer,117,0.2215909090909091,2.5003038073926347,True
npm::json-schema,117,0.2215909090909091,2.5003038073926347,True
npm::react-dom,117,0.2215909090909091,2.5003038073926347,True
npm::loader-utils,116,0.2196969696969697,2.508814497060543,True
npm::side-channel,116,0.2196969696969697,2.508814497060543,True
npm::emojis-list,116,0.2196969696969697,2.508814497060543,True
npm::@babel/plugin-transform-sticky-regex,116,0.2196969696969697,2.508814497060543,True
npm::schema-utils,116,0.2196969696969697,2.508814497060543,True
npm::terser,116,0.2196969696969697,2.508814497060543,True
npm::@babel/plugin-transform-unicode-regex,116,0.2196969696969697,2.508814497060543,True
npm::dotenv,116,0.2196969696969697,2.508814497060543,True
npm::normalize-url,116,0.2196969696969697,2.508814497060543,True
npm::eslint-visitor-keys,116,0.2196969696969697,2.508814497060543,True
npm::@babel/plugin-transform-async-to-generator,115,0.2178030303030303,2.517398240751935,True
npm::batch,115,0.2178030303030303,2.517398240751935,True
npm::serve-index,115,0.2178030303030303,2.517398240751935,True
npm::postcss-load-config,115,0.2178030303030303,2.517398240751935,True
npm::indent-string,114,0.2159090909090909,2.526056303495049,True
npm::http-proxy,114,0.2159090909090909,2.526056303495049,True
npm::nth-check,113,0.21401515151515152,2.5347899834638037,True
npm::boolbase,113,0.21401515151515152,2.5347899834638037,True
npm::psl,113,0.21401515151515152,2.5347899834638037,True
npm::babel-loader,113,0.21401515151515152,2.5347899834638037,True
npm::end-of-stream,113,0.21401515151515152,2.5347899834638037,True
npm::lines-and-columns,112,0.21212121212121213,2.543600613145959,True
npm::css-what,112,0.21212121212121213,2.543600613145959,True
npm::@babel/plugin-transform-dotall-regex,112,0.21212121212121213,2.543600613145959,True
npm::@babel/preset-env,112,0.21212121212121213,2.543600613145959,True
npm::@babel/plugin-transform-duplicate-keys,112,0.21212121212121213,2.543600613145959,True
npm::aproba,112,0.21212121212121213,2.543600613145959,True
npm::domhandler,112,0.21212121212121213,2.543600613145959,True
npm::@babel/plugin-transform-typeof-symbol,112,0.21212121212121213,2.543600613145959,True
npm::connect-history-api-fallback,112,0.21212121212121213,2.543600613145959,True
npm::@babel/plugin-transform-member-expression-literals,112,0.21212121212121213,2.543600613145959,True
npm::@babel/plugin-transform-property-literals,112,0.21212121212121213,2.543600613145959,True
npm::is-plain-obj,112,0.21212121212121213,2.543600613145959,True
npm::@babel/plugin-transform-modules-amd,112,0.21212121212121213,2.543600613145959,True
npm::component-emitter,112,0.21212121212121213,2.543600613145959,True
npm::@babel/plugin-transform-modules-systemjs,111,0.21022727272727273,2.5524895605632048,True
npm::@babel/plugin-transform-modules-umd,111,0.21022727272727273,2.5524895605632048,True
npm::@babel/plugin-transform-new-target,111,0.21022727272727273,2.5524895605632048,True
npm::css-select,111,0.21022727272727273,2.5524895605632048,True
npm::faye-websocket,111,0.21022727272727273,2.5524895605632048,True
npm::parse5,110,0.20833333333333334,2.5614582305459654,True
npm::core-js-compat,110,0.20833333333333334,2.5614582305459654,True
npm::html-entities,110,0.20833333333333334,2.5614582305459654,True
npm::minipass,110,0.20833333333333334,2.5614582305459654,True
npm::upath,110,0.20833333333333334,2.5614582305459654,True
npm::which-module,110,0.20833333333333334,2.5614582305459654,True
npm::require-main-filename,110,0.20833333333333334,2.5614582305459654,True
npm::repeat-string,110,0.20833333333333334,2.5614582305459654,True
npm::websocket-driver,109,0.20643939393939395,2.5705080660658832,True
npm::css-loader,109,0.20643939393939395,2.5705080660658832,True
npm::@babel/plugin-transform-named-capturing-groups-regex,109,0.20643939393939395,2.5705080660658832,True
npm::webpack-dev-server,109,0.20643939393939395,2.5705080660658832,True
npm::chrome-trace-event,109,0.20643939393939395,2.5705080660658832,True
npm::hosted-git-info,109,0.20643939393939395,2.5705080660658832,True
npm::run-parallel,109,0.20643939393939395,2.5705080660658832,True
npm::websocket-extensions,109,0.20643939393939395,2.5705080660658832,True
npm::@babel/helper-create-class-features-plugin,109,0.20643939393939395,2.5705080660658832,True
npm::is-extendable,109,0.20643939393939395,2.5705080660658832,True
npm::asap,109,0.20643939393939395,2.5705080660658832,True
npm::regjsgen,109,0.20643939393939395,2.5705080660658832,True
npm::is-obj,109,0.20643939393939395,2.5705080660658832,True
npm::leven,109,0.20643939393939395,2.5705080660658832,True
npm::buffer,108,0.20454545454545456,2.579640549629156,True
npm::ieee754,108,0.20454545454545456,2.579640549629156,True
npm::@nodelib/fs.walk,108,0.20454545454545456,2.579640549629156,True
npm::@webassemblyjs/wasm-parser,108,0.20454545454545456,2.579640549629156,True
npm::@xtuc/long,108,0.20454545454545456,2.579640549629156,True
npm::@webassemblyjs/wast-printer,108,0.20454545454545456,2.579640549629156,True
npm::@webassemblyjs/helper-wasm-bytecode,108,0.20454545454545456,2.579640549629156,True
npm::@webassemblyjs/wasm-gen,108,0.20454545454545456,2.579640549629156,True
npm::@webassemblyjs/helper-buffer,108,0.20454545454545456,2.579640549629156,True
npm::@webassemblyjs/leb128,108,0.20454545454545456,2.579640549629156,True
npm::@webassemblyjs/ieee754,108,0.20454545454545456,2.579640549629156,True
npm::@webassemblyjs/floating-point-hex-parser,108,0.20454545454545456,2.579640549629156,True
npm::@nodelib/fs.scandir,108,0.20454545454545456,2.579640549629156,True
npm::@webassemblyjs/ast,108,0.20454545454545456,2.579640549629156,True
npm::@webassemblyjs/wasm-edit,108,0.20454545454545456,2.579640549629156,True
npm::@xtuc/ieee754,108,0.20454545454545456,2.579640549629156,True
npm::webpack-dev-middleware,108,0.20454545454545456,2.579640549629156,True
npm::@webassemblyjs/helper-wasm-section,108,0.20454545454545456,2.579640549629156,True
npm::@webassemblyjs/helper-api-error,108,0.20454545454545456,2.579640549629156,True
npm::@webassemblyjs/utf8,108,0.20454545454545456,2.579640549629156,True
npm::@webassemblyjs/wasm-opt,108,0.20454545454545456,2.579640549629156,True
npm::reusify,108,0.20454545454545456,2.579640549629156,True
npm::fastq,108,0.20454545454545456,2.579640549629156,True
npm::terser-webpack-plugin,108,0.20454545454545456,2.579640549629156,True
npm::atob,108,0.20454545454545456,2.579640549629156,True
npm::for-in,108,0.20454545454545456,2.579640549629156,True
npm::pump,108,0.20454545454545456,2.579640549629156,True
npm::source-map-resolve,108,0.20454545454545456,2.579640549629156,True
npm::arr-flatten,108,0.20454545454545456,2.579640549629156,True
npm::@babel/plugin-proposal-class-properties,108,0.20454545454545456,2.579640549629156,True
npm::react-is,108,0.20454545454545456,2.579640549629156,True
npm::node-forge,107,0.20265151515151514,2.5888572047340794,True
npm::@babel/plugin-transform-reserved-words,107,0.20265151515151514,2.5888572047340794,True
npm::@babel/plugin-syntax-nullish-coalescing-operator,107,0.20265151515151514,2.5888572047340794,True
npm::htmlparser2,107,0.20265151515151514,2.5888572047340794,True
npm::@babel/plugin-syntax-optional-chaining,107,0.20265151515151514,2.5888572047340794,True
npm::@babel/helper-validator-option,107,0.20265151515151514,2.5888572047340794,True
npm::chownr,107,0.20265151515151514,2.5888572047340794,True
npm::expand-brackets,107,0.20265151515151514,2.5888572047340794,True
npm::arr-diff,107,0.20265151515151514,2.5888572047340794,True
npm::extglob,107,0.20265151515151514,2.5888572047340794,True
npm::source-list-map,107,0.20265151515151514,2.5888572047340794,True
npm::co,107,0.20265151515151514,2.5888572047340794,True
npm::repeat-element,107,0.20265151515151514,2.5888572047340794,True
npm::decode-uri-component,107,0.20265151515151514,2.5888572047340794,True
npm::array-unique,107,0.20265151515151514,2.5888572047340794,True
npm::prop-types,107,0.20265151515151514,2.5888572047340794,True
npm::object.values,107,0.20265151515151514,2.5888572047340794,True
npm::spdx-expression-parse,106,0.20075757575757575,2.5981595973963936,True
npm::validate-npm-package-license,106,0.20075757575757575,2.5981595973963936,True
npm::spdx-correct,106,0.20075757575757575,2.5981595973963936,True
npm::spdx-license-ids,106,0.20075757575757575,2.5981595973963936,True
npm::nanoid,106,0.20075757575757575,2.5981595973963936,True
npm::normalize-package-data,106,0.20075757575757575,2.5981595973963936,True
npm::remove-trailing-separator,106,0.20075757575757575,2.5981595973963936,True
npm::@babel/plugin-syntax-jsx,106,0.20075757575757575,2.5981595973963936,True
npm::postcss-modules-extract-imports,105,0.19886363636363635,2.6075493377462324,False
npm::postcss-modules-values,105,0.19886363636363635,2.6075493377462324,False
npm::postcss-modules-scope,105,0.19886363636363635,2.6075493377462324,False
npm::postcss-modules-local-by-default,105,0.19886363636363635,2.6075493377462324,False
npm::@babel/plugin-syntax-top-level-await,105,0.19886363636363635,2.6075493377462324,False
npm::tar,105,0.19886363636363635,2.6075493377462324,False
npm::q,105,0.19886363636363635,2.6075493377462324,False
npm::clean-css,105,0.19886363636363635,2.6075493377462324,False
npm::he,105,0.19886363636363635,2.6075493377462324,False
npm::detect-node,104,0.19696969696969696,2.6170280817007763,False
npm::istanbul-lib-instrument,104,0.19696969696969696,2.6170280817007763,False
npm::sockjs,104,0.19696969696969696,2.6170280817007763,False
npm::istanbul-lib-coverage,104,0.19696969696969696,2.6170280817007763,False
npm::@babel/plugin-syntax-class-properties,104,0.19696969696969696,2.6170280817007763,False
npm::http-proxy-middleware,104,0.19696969696969696,2.6170280817007763,False
npm::regexp.prototype.flags,104,0.19696969696969696,2.6170280817007763,False
npm::istanbul-reports,103,0.19507575757575757,2.626597532716927,False
npm::http-deceiver,103,0.19507575757575757,2.626597532716927,False
npm::select-hose,103,0.19507575757575757,2.626597532716927,False
npm::selfsigned,103,0.19507575757575757,2.626597532716927,False
npm::postcss-loader,103,0.19507575757575757,2.626597532716927,False
npm::hpack.js,103,0.19507575757575757,2.626597532716927,False
npm::multicast-dns,103,0.19507575757575757,2.626597532716927,False
npm::abbrev,103,0.19507575757575757,2.626597532716927,False
npm::obuf,103,0.19507575757575757,2.626597532716927,False
npm::thunky,103,0.19507575757575757,2.626597532716927,False
npm::@types/json-schema,103,0.19507575757575757,2.626597532716927,False
npm::istanbul-lib-report,103,0.19507575757575757,2.626597532716927,False
npm::istanbul-lib-source-maps,103,0.19507575757575757,2.626597532716927,False
npm::dns-packet,103,0.19507575757575757,2.626597532716927,False
npm::spdy-transport,103,0.19507575757575757,2.626597532716927,False
npm::handle-thing,103,0.19507575757575757,2.626597532716927,False
npm::wbuf,103,0.19507575757575757,2.626597532716927,False
npm::spdy,103,0.19507575757575757,2.626597532716927,False
npm::array-includes,103,0.19507575757575757,2.626597532716927,False
npm::@babel/plugin-syntax-numeric-separator,102,0.19318181818181818,2.6362594436286635,False
npm::nopt,102,0.19318181818181818,2.6362594436286635,False
npm::shell-quote,102,0.19318181818181818,2.6362594436286635,False
npm::icss-utils,102,0.19318181818181818,2.6362594436286635,False
npm::p-finally,102,0.19318181818181818,2.6362594436286635,False
npm::is-windows,102,0.19318181818181818,2.6362594436286635,False
npm::source-map-url,102,0.19318181818181818,2.6362594436286635,False
npm::deep-equal,102,0.19318181818181818,2.6362594436286635,False
npm::querystringify,101,0.19128787878787878,2.6460156185740287,False
npm::url-parse,101,0.19128787878787878,2.6460156185740287,False
npm::promise,101,0.19128787878787878,2.6460156185740287,False
npm::extend-shallow,101,0.19128787878787878,2.6460156185740287,False
npm::svgo,101,0.19128787878787878,2.6460156185740287,False
npm::csso,101,0.19128787878787878,2.6460156185740287,False
npm::lodash.memoize,101,0.19128787878787878,2.6460156185740287,False
npm::scheduler,101,0.19128787878787878,2.6460156185740287,False
npm::@babel/helper-create-regexp-features-plugin,100,0.1893939393939394,2.6558679150170397,False
npm::os-tmpdir,100,0.1893939393939394,2.6558679150170397,False
npm::@babel/plugin-transform-runtime,100,0.1893939393939394,2.6558679150170397,False
npm::acorn-walk,100,0.1893939393939394,2.6558679150170397,False
npm::http-parser-js,100,0.1893939393939394,2.6558679150170397,False
npm::resolve-url,100,0.1893939393939394,2.6558679150170397,False
npm::pinkie-promise,100,0.1893939393939394,2.6558679150170397,False
npm::pinkie,100,0.1893939393939394,2.6558679150170397,False
npm::urix,100,0.1893939393939394,2.6558679150170397,False
npm::lodash.uniq,100,0.1893939393939394,2.6558679150170397,False
npm::pretty-format,100,0.1893939393939394,2.6558679150170397,False
npm::@babel/plugin-proposal-object-rest-spread,100,0.1893939393939394,2.6558679150170397,False
npm::picocolors,99,0.1875,2.665818245870208,False
npm::file-loader,99,0.1875,2.665818245870208,False
npm::yaml,99,0.1875,2.665818245870208,False
npm::camel-case,99,0.1875,2.665818245870208,False
npm::no-case,99,0.1875,2.665818245870208,False
npm::lower-case,99,0.1875,2.665818245870208,False
npm::json-parse-even-better-errors,98,0.1856060606060606,2.6758685817237096,False
npm::queue-microtask,98,0.1856060606060606,2.6758685817237096,False
npm::fs-minipass,98,0.1856060606060606,2.6758685817237096,False
npm::extend,98,0.1856060606060606,2.6758685817237096,False
npm::open,98,0.1856060606060606,2.6758685817237096,False
npm::map-cache,98,0.1856060606060606,2.6758685817237096,False
npm::exit,98,0.1856060606060606,2.6758685817237096,False
npm::strip-eof,98,0.1856060606060606,2.6758685817237096,False
npm::concat-stream,98,0.1856060606060606,2.6758685817237096,False
npm::read-pkg,98,0.1856060606060606,2.6758685817237096,False
npm::typedarray,98,0.1856060606060606,2.6758685817237096,False
npm::object.pick,98,0.1856060606060606,2.6758685817237096,False
npm::node-int64,98,0.1856060606060606,2.6758685817237096,False
npm::param-case,98,0.1856060606060606,2.6758685817237096,False
npm::fb-watchman,98,0.1856060606060606,2.6758685817237096,False
npm::bser,98,0.1856060606060606,2.6758685817237096,False
npm::ip,97,0.18371212121212122,2.6860209531877275,False
npm::dns-equal,97,0.18371212121212122,2.6860209531877275,False
npm::set-value,97,0.18371212121212122,2.6860209531877275,False
npm::union-value,97,0.18371212121212122,2.6860209531877275,False
npm::get-value,97,0.18371212121212122,2.6860209531877275,False
npm::ret,97,0.18371212121212122,2.6860209531877275,False
npm::assign-symbols,97,0.18371212121212122,2.6860209531877275,False
npm::split-string,97,0.18371212121212122,2.6860209531877275,False
npm::arr-union,97,0.18371212121212122,2.6860209531877275,False
npm::@babel/plugin-proposal-optional-catch-binding,97,0.18371212121212122,2.6860209531877275,False
npm::test-exclude,96,0.18181818181818182,2.6962774533549165,False
npm::default-gateway,96,0.18181818181818182,2.6962774533549165,False
npm::@babel/plugin-proposal-unicode-property-regex,96,0.18181818181818182,2.6962774533549165,False
npm::sass-loader,96,0.18181818181818182,2.6962774533549165,False
npm::collection-visit,96,0.18181818181818182,2.6962774533549165,False
npm::snapdragon,96,0.18181818181818182,2.6962774533549165,False
npm::is-descriptor,96,0.18181818181818182,2.6962774533549165,False
npm::class-utils,96,0.18181818181818182,2.6962774533549165,False
npm::pascalcase,96,0.18181818181818182,2.6962774533549165,False
npm::copy-descriptor,96,0.18181818181818182,2.6962774533549165,False
npm::unset-value,96,0.18181818181818182,2.6962774533549165,False
npm::snapdragon-util,96,0.18181818181818182,2.6962774533549165,False
npm::static-extend,96,0.18181818181818182,2.6962774533549165,False
npm::mixin-deep,96,0.18181818181818182,2.6962774533549165,False
npm::regex-not,96,0.18181818181818182,2.6962774533549165,False
npm::fragment-cache,96,0.18181818181818182,2.6962774533549165,False
npm::to-regex,96,0.18181818181818182,2.6962774533549165,False
npm::has-values,96,0.18181818181818182,2.6962774533549165,False
npm::define-property,96,0.18181818181818182,2.6962774533549165,False
npm::posix-character-classes,96,0.18181818181818182,2.6962774533549165,False
npm::snapdragon-node,96,0.18181818181818182,2.6962774533549165,False
npm::to-object-path,96,0.18181818181818182,2.6962774533549165,False
npm::has-value,96,0.18181818181818182,2.6962774533549165,False
npm::object-visit,96,0.18181818181818182,2.6962774533549165,False
npm::object-copy,96,0.18181818181818182,2.6962774533549165,False
npm::is-accessor-descriptor,96,0.18181818181818182,2.6962774533549165,False
npm::map-visit,96,0.18181818181818182,2.6962774533549165,False
npm::style-loader,96,0.18181818181818182,2.6962774533549165,False
npm::nanomatch,96,0.18181818181818182,2.6962774533549165,False
npm::cache-base,96,0.18181818181818182,2.6962774533549165,False
npm::use,96,0.18181818181818182,2.6962774533549165,False
npm::is-data-descriptor,96,0.18181818181818182,2.6962774533549165,False
npm::base,96,0.18181818181818182,2.6962774533549165,False
npm::strip-indent,96,0.18181818181818182,2.6962774533549165,False
npm::postcss-discard-duplicates,96,0.18181818181818182,2.6962774533549165,False
npm::postcss-normalize-charset,96,0.18181818181818182,2.6962774533549165,False
npm::caniuse-api,96,0.18181818181818182,2.6962774533549165,False
npm::postcss-unique-selectors,96,0.18181818181818182,2.6962774533549165,False
npm::postcss-reduce-transforms,96,0.18181818181818182,2.6962774533549165,False
npm::cssnano,96,0.18181818181818182,2.6962774533549165,False
npm::postcss-minify-selectors,96,0.18181818181818182,2.6962774533549165,False
npm::postcss-merge-rules,96,0.18181818181818182,2.6962774533549165,False
npm::postcss-discard-comments,96,0.18181818181818182,2.6962774533549165,False
npm::postcss-minify-font-values,96,0.18181818181818182,2.6962774533549165,False
npm::postcss-calc,96,0.18181818181818182,2.6962774533549165,False
npm::postcss-colormin,96,0.18181818181818182,2.6962774533549165,False
npm::postcss-minify-params,96,0.18181818181818182,2.6962774533549165,False
npm::postcss-minify-gradients,96,0.18181818181818182,2.6962774533549165,False
npm::postcss-discard-empty,96,0.18181818181818182,2.6962774533549165,False
npm::postcss-svgo,96,0.18181818181818182,2.6962774533549165,False
npm::postcss-reduce-initial,96,0.18181818181818182,2.6962774533549165,False
npm::postcss-normalize-url,96,0.18181818181818182,2.6962774533549165,False
npm::postcss-merge-longhand,96,0.18181818181818182,2.6962774533549165,False
npm::postcss-discard-overridden,96,0.18181818181818182,2.6962774533549165,False
npm::postcss-ordered-values,96,0.18181818181818182,2.6962774533549165,False
npm::postcss-convert-values,96,0.18181818181818182,2.6962774533549165,False
npm::tmpl,96,0.18181818181818182,2.6962774533549165,False
npm::walker,96,0.18181818181818182,2.6962774533549165,False
npm::makeerror,96,0.18181818181818182,2.6962774533549165,False
npm::@babel/plugin-syntax-logical-assignment-operators,95,0.17992424242424243,2.7066402403904632,False
npm::@babel/plugin-proposal-async-generator-functions,95,0.17992424242424243,2.7066402403904632,False
npm::escodegen,95,0.17992424242424243,2.7066402403904632,False
npm::through2,95,0.17992424242424243,2.7066402403904632,False
npm::setimmediate,95,0.17992424242424243,2.7066402403904632,False
npm::safe-regex,95,0.17992424242424243,2.7066402403904632,False
npm::read-pkg-up,95,0.17992424242424243,2.7066402403904632,False
npm::@babel/plugin-proposal-nullish-coalescing-operator,95,0.17992424242424243,2.7066402403904632,False
npm::@babel/plugin-proposal-optional-chaining,95,0.17992424242424243,2.7066402403904632,False
npm::pirates,95,0.17992424242424243,2.7066402403904632,False
npm::object.getownpropertydescriptors,95,0.17992424242424243,2.7066402403904632,False
npm::@babel/helper-explode-assignable-expression,95,0.17992424242424243,2.7066402403904632,False
npm::abab,94,0.17803030303030304,2.7171115402577586,False
npm::retry,94,0.17803030303030304,2.7171115402577586,False
npm::spdx-exceptions,94,0.17803030303030304,2.7171115402577586,False
npm::json-parse-better-errors,94,0.17803030303030304,2.7171115402577586,False
npm::nan,94,0.17803030303030304,2.7171115402577586,False
npm::coa,94,0.17803030303030304,2.7171115402577586,False
npm::jest-haste-map,94,0.17803030303030304,2.7171115402577586,False
npm::relateurl,94,0.17803030303030304,2.7171115402577586,False
npm::jest-util,94,0.17803030303030304,2.7171115402577586,False
npm::stable,94,0.17803030303030304,2.7171115402577586,False
npm::jest-validate,94,0.17803030303030304,2.7171115402577586,False
npm::jsdom,93,0.17613636363636365,2.7276936495882955,False
npm::@babel/preset-modules,93,0.17613636363636365,2.7276936495882955,False
npm::babel-plugin-istanbul,93,0.17613636363636365,2.7276936495882955,False
npm::util.promisify,93,0.17613636363636365,2.7276936495882955,False
npm::string-length,93,0.17613636363636365,2.7276936495882955,False
npm::jest-regex-util,93,0.17613636363636365,2.7276936495882955,False
npm::@babel/helper-skip-transparent-expression-wrappers,92,0.17424242424242425,2.7383889387050435,False
npm::typescript,92,0.17424242424242425,2.7383889387050435,False
npm::mini-css-extract-plugin,92,0.17424242424242425,2.7383889387050435,False
npm::process,92,0.17424242424242425,2.7383889387050435,False
npm::string.prototype.trimend,92,0.17424242424242425,2.7383889387050435,False
npm::is-string,92,0.17424242424242425,2.7383889387050435,False
npm::jsx-ast-utils,92,0.17424242424242425,2.7383889387050435,False
npm::eslint-plugin-react,92,0.17424242424242425,2.7383889387050435,False
npm::string.prototype.trimstart,92,0.17424242424242425,2.7383889387050435,False
npm::acorn-globals,91,0.17234848484848486,2.749199854809259,False
npm::require-from-string,91,0.17234848484848486,2.749199854809259,False
npm::errno,91,0.17234848484848486,2.749199854809259,False
npm::xml-name-validator,91,0.17234848484848486,2.749199854809259,False
npm::prr,91,0.17234848484848486,2.749199854809259,False
npm::ansi-colors,91,0.17234848484848486,2.749199854809259,False
npm::json-stringify-safe,91,0.17234848484848486,2.749199854809259,False
npm::request,91,0.17234848484848486,2.749199854809259,False
npm::global-prefix,91,0.17234848484848486,2.749199854809259,False
npm::@babel/plugin-proposal-json-strings,91,0.17234848484848486,2.749199854809259,False
npm::jest-mock,91,0.17234848484848486,2.749199854809259,False
npm::babel-jest,91,0.17234848484848486,2.749199854809259,False
npm::eslint-plugin-import,91,0.17234848484848486,2.749199854809259,False
npm::whatwg-fetch,91,0.17234848484848486,2.749199854809259,False
npm::jest-message-util,91,0.17234848484848486,2.749199854809259,False
npm::is-docker,90,0.17045454545454544,2.7601289253414496,False
npm::cssstyle,90,0.17045454545454544,2.7601289253414496,False
npm::symbol-tree,90,0.17045454545454544,2.7601289253414496,False
npm::tsutils,90,0.17045454545454544,2.7601289253414496,False
npm::tunnel-agent,90,0.17045454545454544,2.7601289253414496,False
npm::jsbn,90,0.17045454545454544,2.7601289253414496,False
npm::tweetnacl,90,0.17045454545454544,2.7601289253414496,False
npm::global-modules,90,0.17045454545454544,2.7601289253414496,False
npm::mdn-data,90,0.17045454545454544,2.7601289253414496,False
npm::css-tree,90,0.17045454545454544,2.7601289253414496,False
npm::@babel/plugin-transform-react-jsx,90,0.17045454545454544,2.7601289253414496,False
npm::gzip-size,90,0.17045454545454544,2.7601289253414496,False
npm::duplexer,90,0.17045454545454544,2.7601289253414496,False
npm::jest,90,0.17045454545454544,2.7601289253414496,False
npm::jest-environment-node,90,0.17045454545454544,2.7601289253414496,False
npm::throat,90,0.17045454545454544,2.7601289253414496,False
npm::babel-preset-jest,90,0.17045454545454544,2.7601289253414496,False
npm::word-wrap,90,0.17045454545454544,2.7601289253414496,False
npm::@typescript-eslint/typescript-estree,90,0.17045454545454544,2.7601289253414496,False
npm::babel-plugin-jest-hoist,90,0.17045454545454544,2.7601289253414496,False
npm::cssom,89,0.16856060606060605,2.7711787615280343,False
npm::minizlib,89,0.16856060606060605,2.7711787615280343,False
npm::html-encoding-sniffer,89,0.16856060606060605,2.7711787615280343,False
npm::whatwg-encoding,89,0.16856060606060605,2.7711787615280343,False
npm::p-map,89,0.16856060606060605,2.7711787615280343,False
npm::asn1,89,0.16856060606060605,2.7711787615280343,False
npm::nice-try,89,0.16856060606060605,2.7711787615280343,False
npm::redent,89,0.16856060606060605,2.7711787615280343,False
npm::isstream,89,0.16856060606060605,2.7711787615280343,False
npm::caseless,89,0.16856060606060605,2.7711787615280343,False
npm::jest-config,89,0.16856060606060605,2.7711787615280343,False
npm::jest-resolve,89,0.16856060606060605,2.7711787615280343,False
npm::jest-resolve-dependencies,89,0.16856060606060605,2.7711787615280343,False
npm::jest-changed-files,89,0.16856060606060605,2.7711787615280343,False
npm::is-negative-zero,89,0.16856060606060605,2.7711787615280343,False
npm::jest-runtime,89,0.16856060606060605,2.7711787615280343,False
npm::jest-snapshot,89,0.16856060606060605,2.7711787615280343,False
npm::jest-diff,89,0.16856060606060605,2.7711787615280343,False
npm::jest-matcher-utils,89,0.16856060606060605,2.7711787615280343,False
npm::source-map-js,88,0.16666666666666666,2.7823520621261597,False
npm::pretty-bytes,88,0.16666666666666666,2.7823520621261597,False
npm::@babel/plugin-transform-unicode-escapes,88,0.16666666666666666,2.7823520621261597,False
npm::pako,88,0.16666666666666666,2.7823520621261597,False
npm::async-each,88,0.16666666666666666,2.7823520621261597,False
npm::bcrypt-pbkdf,88,0.16666666666666666,2.7823520621261597,False
npm::aws4,88,0.16666666666666666,2.7823520621261597,False
npm::aws-sign2,88,0.16666666666666666,2.7823520621261597,False
npm::jsprim,88,0.16666666666666666,2.7823520621261597,False
npm::verror,88,0.16666666666666666,2.7823520621261597,False
npm::extsprintf,88,0.16666666666666666,2.7823520621261597,False
npm::sshpk,88,0.16666666666666666,2.7823520621261597,False
npm::forever-agent,88,0.16666666666666666,2.7823520621261597,False
npm::getpass,88,0.16666666666666666,2.7823520621261597,False
npm::assert-plus,88,0.16666666666666666,2.7823520621261597,False
npm::http-signature,88,0.16666666666666666,2.7823520621261597,False
npm::dashdash,88,0.16666666666666666,2.7823520621261597,False
npm::ecc-jsbn,88,0.16666666666666666,2.7823520621261597,False
npm::detect-newline,88,0.16666666666666666,2.7823520621261597,False
npm::@typescript-eslint/parser,88,0.16666666666666666,2.7823520621261597,False
npm::jest-cli,88,0.16666666666666666,2.7823520621261597,False
npm::jest-get-type,88,0.16666666666666666,2.7823520621261597,False
npm::stack-utils,88,0.16666666666666666,2.7823520621261597,False
npm::jest-docblock,88,0.16666666666666666,2.7823520621261597,False
npm::yocto-queue,87,0.16477272727272727,2.793651617380093,False
npm::oauth-sign,87,0.16477272727272727,2.793651617380093,False
npm::har-validator,87,0.16477272727272727,2.793651617380093,False
npm::@types/q,87,0.16477272727272727,2.793651617380093,False
npm::html-webpack-plugin,87,0.16477272727272727,2.793651617380093,False
npm::kleur,87,0.16477272727272727,2.793651617380093,False
npm::utila,87,0.16477272727272727,2.793651617380093,False
npm::pretty-error,87,0.16477272727272727,2.793651617380093,False
npm::dom-converter,87,0.16477272727272727,2.793651617380093,False
npm::eslint-import-resolver-node,87,0.16477272727272727,2.793651617380093,False
npm::renderkid,87,0.16477272727272727,2.793651617380093,False
npm::@babel/plugin-proposal-numeric-separator,87,0.16477272727272727,2.793651617380093,False
npm::regexpp,87,0.16477272727272727,2.793651617380093,False
npm::eslint-module-utils,87,0.16477272727272727,2.793651617380093,False
npm::@babel/plugin-syntax-export-namespace-from,86,0.16287878787878787,2.8050803132037156,False
npm::whatwg-mimetype,86,0.16287878787878787,2.8050803132037156,False
npm::sha.js,86,0.16287878787878787,2.8050803132037156,False
npm::has-ansi,86,0.16287878787878787,2.8050803132037156,False
npm::path-browserify,86,0.16287878787878787,2.8050803132037156,False
npm::har-schema,86,0.16287878787878787,2.8050803132037156,False
npm::postcss-normalize-repeat-style,86,0.16287878787878787,2.8050803132037156,False
npm::stylehacks,86,0.16287878787878787,2.8050803132037156,False
npm::postcss-normalize-display-values,86,0.16287878787878787,2.8050803132037156,False
npm::postcss-normalize-whitespace,86,0.16287878787878787,2.8050803132037156,False
npm::postcss-normalize-positions,86,0.16287878787878787,2.8050803132037156,False
npm::postcss-normalize-timing-functions,86,0.16287878787878787,2.8050803132037156,False
npm::cssnano-preset-default,86,0.16287878787878787,2.8050803132037156,False
npm::postcss-normalize-unicode,86,0.16287878787878787,2.8050803132037156,False
npm::postcss-normalize-string,86,0.16287878787878787,2.8050803132037156,False
npm::css-declaration-sorter,86,0.16287878787878787,2.8050803132037156,False
npm::@babel/plugin-transform-react-display-name,86,0.16287878787878787,2.8050803132037156,False
npm::deepmerge,86,0.16287878787878787,2.8050803132037156,False
npm::eslint-utils,86,0.16287878787878787,2.8050803132037156,False
npm::babel-plugin-dynamic-import-node,86,0.16287878787878787,2.8050803132037156,False
npm::path-dirname,85,0.16098484848484848,2.816641135604792,False
npm::array-uniq,85,0.16098484848484848,2.816641135604792,False
npm::@types/babel__traverse,85,0.16098484848484848,2.816641135604792,False
npm::sisteransi,85,0.16098484848484848,2.816641135604792,False
npm::@types/babel__generator,85,0.16098484848484848,2.816641135604792,False
npm::prompts,85,0.16098484848484848,2.816641135604792,False
npm::@types/babel__core,85,0.16098484848484848,2.816641135604792,False
npm::@types/babel__template,85,0.16098484848484848,2.816641135604792,False
npm::object.fromentries,85,0.16098484848484848,2.816641135604792,False
npm::lodash.debounce,84,0.1590909090909091,2.8283371753679827,False
npm::through,84,0.1590909090909091,2.8283371753679827,False
npm::supports-preserve-symlinks-flag,84,0.1590909090909091,2.8283371753679827,False
npm::html-escaper,84,0.1590909090909091,2.8283371753679827,False
npm::elliptic,84,0.1590909090909091,2.8283371753679827,False
npm::aria-query,84,0.1590909090909091,2.8283371753679827,False
npm::expect,84,0.1590909090909091,2.8283371753679827,False
npm::is-ci,84,0.1590909090909091,2.8283371753679827,False
npm::jest-jasmine2,84,0.1590909090909091,2.8283371753679827,False
npm::internal-slot,84,0.1590909090909091,2.8283371753679827,False
npm::object.entries,84,0.1590909090909091,2.8283371753679827,False
npm::jest-environment-jsdom,84,0.1590909090909091,2.8283371753679827,False
npm::data-urls,83,0.1571969696969697,2.840171633014986,False
npm::cli-cursor,83,0.1571969696969697,2.840171633014986,False
npm::strip-final-newline,83,0.1571969696969697,2.840171633014986,False
npm::domexception,83,0.1571969696969697,2.840171633014986,False
npm::restore-cursor,83,0.1571969696969697,2.840171633014986,False
npm::human-signals,83,0.1571969696969697,2.840171633014986,False
npm::url,83,0.1571969696969697,2.840171633014986,False
npm::load-json-file,83,0.1571969696969697,2.840171633014986,False
npm::hmac-drbg,83,0.1571969696969697,2.840171633014986,False
npm::number-is-nan,83,0.1571969696969697,2.840171633014986,False
npm::async-limiter,83,0.1571969696969697,2.840171633014986,False
npm::bn.js,83,0.1571969696969697,2.840171633014986,False
npm::brorand,83,0.1571969696969697,2.840171633014986,False
npm::minimalistic-crypto-utils,83,0.1571969696969697,2.840171633014986,False
npm::hash.js,83,0.1571969696969697,2.840171633014986,False
npm::filesize,83,0.1571969696969697,2.840171633014986,False
npm::jest-serializer,83,0.1571969696969697,2.840171633014986,False
npm::axobject-query,83,0.1571969696969697,2.840171633014986,False
npm::jest-runner,83,0.1571969696969697,2.840171633014986,False
npm::@babel/plugin-syntax-typescript,83,0.1571969696969697,2.840171633014986,False
npm::jest-leak-detector,83,0.1571969696969697,2.840171633014986,False
npm::damerau-levenshtein,83,0.1571969696969697,2.840171633014986,False
npm::ast-types-flow,83,0.1571969696969697,2.840171633014986,False
npm::colorette,82,0.1553030303030303,2.8521478240617015,False
npm::nwsapi,82,0.1553030303030303,2.8521478240617015,False
npm::pbkdf2,82,0.1553030303030303,2.8521478240617015,False
npm::create-hmac,82,0.1553030303030303,2.8521478240617015,False
npm::querystring,82,0.1553030303030303,2.8521478240617015,False
npm::hash-base,82,0.1553030303030303,2.8521478240617015,False
npm::create-hash,82,0.1553030303030303,2.8521478240617015,False
npm::console-browserify,82,0.1553030303030303,2.8521478240617015,False
npm::asn1.js,82,0.1553030303030303,2.8521478240617015,False
npm::ripemd160,82,0.1553030303030303,2.8521478240617015,False
npm::code-point-at,82,0.1553030303030303,2.8521478240617015,False
npm::browserify-aes,82,0.1553030303030303,2.8521478240617015,False
npm::util,82,0.1553030303030303,2.8521478240617015,False
npm::cipher-base,82,0.1553030303030303,2.8521478240617015,False
npm::builtin-modules,82,0.1553030303030303,2.8521478240617015,False
npm::buffer-xor,82,0.1553030303030303,2.8521478240617015,False
npm::prepend-http,82,0.1553030303030303,2.8521478240617015,False
npm::@types/yargs,82,0.1553030303030303,2.8521478240617015,False
npm::@babel/plugin-proposal-dynamic-import,82,0.1553030303030303,2.8521478240617015,False
npm::unquote,82,0.1553030303030303,2.8521478240617015,False
npm::eslint-plugin-react-hooks,82,0.1553030303030303,2.8521478240617015,False
npm::@typescript-eslint/eslint-plugin,82,0.1553030303030303,2.8521478240617015,False
npm::@types/parse-json,82,0.1553030303030303,2.8521478240617015,False
npm::css-select-base-adapter,82,0.1553030303030303,2.8521478240617015,False
npm::@eslint/eslintrc,82,0.1553030303030303,2.8521478240617015,False
npm::is-generator-fn,82,0.1553030303030303,2.8521478240617015,False
npm::browser-process-hrtime,81,0.1534090909090909,2.864269184594046,False
npm::@jridgewell/resolve-uri,81,0.1534090909090909,2.864269184594046,False
npm::@jridgewell/sourcemap-codec,81,0.1534090909090909,2.864269184594046,False
npm::public-encrypt,81,0.1534090909090909,2.864269184594046,False
npm::diffie-hellman,81,0.1534090909090909,2.864269184594046,False
npm::create-ecdh,81,0.1534090909090909,2.864269184594046,False
npm::parse-asn1,81,0.1534090909090909,2.864269184594046,False
npm::md5.js,81,0.1534090909090909,2.864269184594046,False
npm::browserify-des,81,0.1534090909090909,2.864269184594046,False
npm::evp_bytestokey,81,0.1534090909090909,2.864269184594046,False
npm::crypto-browserify,81,0.1534090909090909,2.864269184594046,False
npm::browserify-cipher,81,0.1534090909090909,2.864269184594046,False
npm::browserify-sign,81,0.1534090909090909,2.864269184594046,False
npm::browserify-rsa,81,0.1534090909090909,2.864269184594046,False
npm::miller-rabin,81,0.1534090909090909,2.864269184594046,False
npm::des.js,81,0.1534090909090909,2.864269184594046,False
npm::jest-watcher,81,0.1534090909090909,2.864269184594046,False
npm::jest-each,81,0.1534090909090909,2.864269184594046,False
npm::@types/istanbul-lib-coverage,81,0.1534090909090909,2.864269184594046,False
npm::@jest/types,81,0.1534090909090909,2.864269184594046,False
npm::object-hash,81,0.1534090909090909,2.864269184594046,False
npm::wide-align,80,0.15151515151515152,2.8765392771858607,False
npm::delegates,80,0.15151515151515152,2.8765392771858607,False
npm::w3c-hr-time,80,0.15151515151515152,2.8765392771858607,False
npm::@jridgewell/trace-mapping,80,0.15151515151515152,2.8765392771858607,False
npm::p-retry,80,0.15151515151515152,2.8765392771858607,False
npm::is-directory,80,0.15151515151515152,2.8765392771858607,False
npm::browserify-zlib,80,0.15151515151515152,2.8765392771858607,False
npm::del,80,0.15151515151515152,2.8765392771858607,False
npm::@types/yargs-parser,80,0.15151515151515152,2.8765392771858607,False
npm::@types/istanbul-reports,80,0.15151515151515152,2.8765392771858607,False
npm::functional-red-black-tree,80,0.15151515151515152,2.8765392771858607,False
npm::dotenv-expand,80,0.15151515151515152,2.8765392771858607,False
npm::@types/istanbul-lib-report,80,0.15151515151515152,2.8765392771858607,False
npm::is-number-object,80,0.15151515151515152,2.8765392771858607,False
npm::is-boolean-object,80,0.15151515151515152,2.8765392771858607,False
npm::ssri,79,0.14962121212121213,2.8889617971844177,False
npm::gauge,79,0.14962121212121213,2.8889617971844177,False
npm::has-unicode,79,0.14962121212121213,2.8889617971844177,False
npm::are-we-there-yet,79,0.14962121212121213,2.8889617971844177,False
npm::https-proxy-agent,79,0.14962121212121213,2.8889617971844177,False
npm::npmlog,79,0.14962121212121213,2.8889617971844177,False
npm::agent-base,79,0.14962121212121213,2.8889617971844177,False
npm::object-is,79,0.14962121212121213,2.8889617971844177,False
npm::is-arguments,79,0.14962121212121213,2.8889617971844177,False
npm::opn,79,0.14962121212121213,2.8889617971844177,False
npm::caller-path,79,0.14962121212121213,2.8889617971844177,False
npm::invariant,79,0.14962121212121213,2.8889617971844177,False
npm::randomfill,79,0.14962121212121213,2.8889617971844177,False
npm::builtin-status-codes,79,0.14962121212121213,2.8889617971844177,False
npm::path-is-inside,79,0.14962121212121213,2.8889617971844177,False
npm::stream-browserify,79,0.14962121212121213,2.8889617971844177,False
npm::axios,79,0.14962121212121213,2.8889617971844177,False
npm::@babel/plugin-proposal-private-methods,79,0.14962121212121213,2.8889617971844177,False
npm::@babel/helper-get-function-arity,79,0.14962121212121213,2.8889617971844177,False
npm::jest-pnp-resolver,79,0.14962121212121213,2.8889617971844177,False
npm::csstype,79,0.14962121212121213,2.8889617971844177,False
npm::xmlchars,78,0.14772727272727273,2.901540579391278,False
npm::cacache,78,0.14772727272727273,2.901540579391278,False
npm::unique-slug,78,0.14772727272727273,2.901540579391278,False
npm::console-control-strings,78,0.14772727272727273,2.901540579391278,False
npm::unique-filename,78,0.14772727272727273,2.901540579391278,False
npm::saxes,78,0.14772727272727273,2.901540579391278,False
npm::is-path-cwd,78,0.14772727272727273,2.901540579391278,False
npm::os-browserify,78,0.14772727272727273,2.901540579391278,False
npm::stream-http,78,0.14772727272727273,2.901540579391278,False
npm::vm-browserify,78,0.14772727272727273,2.901540579391278,False
npm::constants-browserify,78,0.14772727272727273,2.901540579391278,False
npm::tty-browserify,78,0.14772727272727273,2.901540579391278,False
npm::domain-browser,78,0.14772727272727273,2.901540579391278,False
npm::to-arraybuffer,78,0.14772727272727273,2.901540579391278,False
npm::https-browserify,78,0.14772727272727273,2.901540579391278,False
npm::timers-browserify,78,0.14772727272727273,2.901540579391278,False
npm::querystring-es3,78,0.14772727272727273,2.901540579391278,False
npm::memory-fs,78,0.14772727272727273,2.901540579391278,False
npm::assert,78,0.14772727272727273,2.901540579391278,False
npm::case-sensitive-paths-webpack-plugin,78,0.14772727272727273,2.901540579391278,False
npm::react-scripts,78,0.14772727272727273,2.901540579391278,False
npm::@types/stack-utils,78,0.14772727272727273,2.901540579391278,False
npm::@babel/plugin-syntax-flow,78,0.14772727272727273,2.901540579391278,False
npm::@babel/plugin-transform-typescript,78,0.14772727272727273,2.901540579391278,False
npm::@babel/plugin-transform-flow-strip-types,78,0.14772727272727273,2.901540579391278,False
npm::slice-ansi,78,0.14772727272727273,2.901540579391278,False
npm::@jest/fake-timers,78,0.14772727272727273,2.901540579391278,False
npm::which-boxed-primitive,78,0.14772727272727273,2.901540579391278,False
npm::lodash.merge,78,0.14772727272727273,2.901540579391278,False
npm::is-bigint,78,0.14772727272727273,2.901540579391278,False
npm::w3c-xmlserializer,77,0.14583333333333334,2.9142796051687077,False
npm::promise-inflight,77,0.14583333333333334,2.9142796051687077,False
npm::node-libs-browser,77,0.14583333333333334,2.9142796051687077,False
npm::stream-shift,77,0.14583333333333334,2.9142796051687077,False
npm::duplexify,77,0.14583333333333334,2.9142796051687077,False
npm::@jest/test-result,77,0.14583333333333334,2.9142796051687077,False
npm::@babel/plugin-syntax-decorators,77,0.14583333333333334,2.9142796051687077,False
npm::@jest/console,77,0.14583333333333334,2.9142796051687077,False
npm::@jest/environment,77,0.14583333333333334,2.9142796051687077,False
npm::progress,77,0.14583333333333334,2.9142796051687077,False
npm::unique-string,77,0.14583333333333334,2.9142796051687077,False
npm::@babel/plugin-proposal-decorators,77,0.14583333333333334,2.9142796051687077,False
npm::address,77,0.14583333333333334,2.9142796051687077,False
npm::@jest/source-map,77,0.14583333333333334,2.9142796051687077,False
npm::@jest/transform,77,0.14583333333333334,2.9142796051687077,False
npm::crypto-random-string,77,0.14583333333333334,2.9142796051687077,False
npm::has-bigints,77,0.14583333333333334,2.9142796051687077,False
npm::glob-to-regexp,76,0.14393939393939395,2.9271830100046152,False
npm::@jest/reporters,76,0.14393939393939395,2.9271830100046152,False
npm::@jest/core,76,0.14393939393939395,2.9271830100046152,False
npm::diff-sequences,76,0.14393939393939395,2.9271830100046152,False
npm::eslint-plugin-jsx-a11y,76,0.14393939393939395,2.9271830100046152,False
npm::postcss-nesting,76,0.14393939393939395,2.9271830100046152,False
npm::lodash.sortby,76,0.14393939393939395,2.9271830100046152,False
npm::@jest/test-sequencer,76,0.14393939393939395,2.9271830100046152,False
npm::unbox-primitive,76,0.14393939393939395,2.9271830100046152,False
npm::babel-plugin-polyfill-corejs2,75,0.14204545454545456,2.9402550915719683,False
npm::@babel/helper-define-polyfill-provider,75,0.14204545454545456,2.9402550915719683,False
npm::babel-plugin-polyfill-corejs3,75,0.14204545454545456,2.9402550915719683,False
npm::rollup,75,0.14204545454545456,2.9402550915719683,False
npm::@types/estree,75,0.14204545454545456,2.9402550915719683,False
npm::babel-plugin-polyfill-regenerator,75,0.14204545454545456,2.9402550915719683,False
npm::postcss-initial,75,0.14204545454545456,2.9402550915719683,False
npm::postcss-custom-properties,75,0.14204545454545456,2.9402550915719683,False
npm::postcss-font-variant,75,0.14204545454545456,2.9402550915719683,False
npm::postcss-custom-media,75,0.14204545454545456,2.9402550915719683,False
npm::pkg-up,75,0.14204545454545456,2.9402550915719683,False
npm::color-string,75,0.14204545454545456,2.9402550915719683,False
npm::postcss-color-hex-alpha,75,0.14204545454545456,2.9402550915719683,False
npm::postcss-attribute-case-insensitive,75,0.14204545454545456,2.9402550915719683,False
npm::postcss-color-rebeccapurple,75,0.14204545454545456,2.9402550915719683,False
npm::postcss-selector-not,75,0.14204545454545456,2.9402550915719683,False
npm::postcss-custom-selectors,75,0.14204545454545456,2.9402550915719683,False
npm::postcss-replace-overflow-wrap,75,0.14204545454545456,2.9402550915719683,False
npm::dot-prop,75,0.14204545454545456,2.9402550915719683,False
npm::postcss-pseudo-class-any-link,75,0.14204545454545456,2.9402550915719683,False
npm::postcss-media-minmax,75,0.14204545454545456,2.9402550915719683,False
npm::@babel/helper-environment-visitor,74,0.14015151515151514,2.9535003183219892,False
npm::figures,74,0.14015151515151514,2.9535003183219892,False
npm::magic-string,74,0.14015151515151514,2.9535003183219892,False
npm::arrify,74,0.14015151515151514,2.9535003183219892,False
npm::worker-farm,74,0.14015151515151514,2.9535003183219892,False
npm::is-regexp,74,0.14015151515151514,2.9535003183219892,False
npm::ejs,74,0.14015151515151514,2.9535003183219892,False
npm::color,74,0.14015151515151514,2.9535003183219892,False
npm::typedarray-to-buffer,74,0.14015151515151514,2.9535003183219892,False
npm::postcss-focus-within,74,0.14015151515151514,2.9535003183219892,False
npm::mute-stream,73,0.13825757575757575,2.9669233386541296,False
npm::@jridgewell/set-array,73,0.13825757575757575,2.9669233386541296,False
npm::@jridgewell/gen-mapping,73,0.13825757575757575,2.9669233386541296,False
npm::is-path-in-cwd,73,0.13825757575757575,2.9669233386541296,False
npm::num2fraction,73,0.13825757575757575,2.9669233386541296,False
npm::array.prototype.flat,73,0.13825757575757575,2.9669233386541296,False
npm::postcss-color-functional-notation,73,0.13825757575757575,2.9669233386541296,False
npm::postcss-logical,73,0.13825757575757575,2.9669233386541296,False
npm::postcss-focus-visible,73,0.13825757575757575,2.9669233386541296,False
npm::postcss-place,73,0.13825757575757575,2.9669233386541296,False
npm::@babel/preset-typescript,73,0.13825757575757575,2.9669233386541296,False
npm::cssdb,73,0.13825757575757575,2.9669233386541296,False
npm::postcss-preset-env,73,0.13825757575757575,2.9669233386541296,False
npm::postcss-image-set-function,73,0.13825757575757575,2.9669233386541296,False
npm::@typescript-eslint/types,73,0.13825757575757575,2.9669233386541296,False
npm::@babel/preset-react,73,0.13825757575757575,2.9669233386541296,False
npm::postcss-gap-properties,73,0.13825757575757575,2.9669233386541296,False
npm::postcss-overflow-shorthand,73,0.13825757575757575,2.9669233386541296,False
npm::postcss-dir-pseudo-class,73,0.13825757575757575,2.9669233386541296,False
npm::common-tags,73,0.13825757575757575,2.9669233386541296,False
npm::@typescript-eslint/visitor-keys,73,0.13825757575757575,2.9669233386541296,False
npm::postcss-env-function,73,0.13825757575757575,2.9669233386541296,False
npm::postcss-lab-function,73,0.13825757575757575,2.9669233386541296,False
npm::postcss-page-break,73,0.13825757575757575,2.9669233386541296,False
npm::node-fetch,73,0.13825757575757575,2.9669233386541296,False
npm::@types/react,73,0.13825757575757575,2.9669233386541296,False
npm::@istanbuljs/schema,72,0.13636363636363635,2.9805289907099084,False
npm::tmp,72,0.13636363636363635,2.9805289907099084,False
npm::portfinder,72,0.13636363636363635,2.9805289907099084,False
npm::babel-runtime,72,0.13636363636363635,2.9805289907099084,False
npm::eslint-plugin-flowtype,72,0.13636363636363635,2.9805289907099084,False
npm::recursive-readdir,72,0.13636363636363635,2.9805289907099084,False
npm::babel-plugin-macros,72,0.13636363636363635,2.9805289907099084,False
npm::string.prototype.matchall,72,0.13636363636363635,2.9805289907099084,False
npm::postcss-flexbugs-fixes,72,0.13636363636363635,2.9805289907099084,False
npm::astral-regex,72,0.13636363636363635,2.9805289907099084,False
npm::from2,71,0.13446969696969696,2.994322312842244,False
npm::pumpify,71,0.13446969696969696,2.994322312842244,False
npm::react-error-overlay,71,0.13446969696969696,2.994322312842244,False
npm::raf,71,0.13446969696969696,2.994322312842244,False
npm::table,71,0.13446969696969696,2.994322312842244,False
npm::stackframe,71,0.13446969696969696,2.994322312842244,False
npm::stringify-object,71,0.13446969696969696,2.994322312842244,False
npm::get-own-enumerable-property-symbols,71,0.13446969696969696,2.994322312842244,False
npm::postcss-double-position-gradients,71,0.13446969696969696,2.994322312842244,False
npm::is-root,71,0.13446969696969696,2.994322312842244,False
npm::v8-compile-cache,71,0.13446969696969696,2.994322312842244,False
npm::error-stack-parser,71,0.13446969696969696,2.994322312842244,False
npm::@babel/plugin-syntax-import-meta,70,0.13257575757575757,3.008308554816984,False
npm::@ampproject/remapping,70,0.13257575757575757,3.008308554816984,False
npm::update-browserslist-db,70,0.13257575757575757,3.008308554816984,False
npm::flush-write-stream,70,0.13257575757575757,3.008308554816984,False
npm::@typescript-eslint/scope-manager,70,0.13257575757575757,3.008308554816984,False
npm::react-dev-utils,70,0.13257575757575757,3.008308554816984,False
npm::css-prefers-color-scheme,70,0.13257575757575757,3.008308554816984,False
npm::css-blank-pseudo,70,0.13257575757575757,3.008308554816984,False
npm::css-has-pseudo,70,0.13257575757575757,3.008308554816984,False
npm::@typescript-eslint/experimental-utils,70,0.13257575757575757,3.008308554816984,False
npm::detect-port-alt,70,0.13257575757575757,3.008308554816984,False
npm::eslint-config-react-app,70,0.13257575757575757,3.008308554816984,False
npm::type-detect,70,0.13257575757575757,3.008308554816984,False
npm::deep-extend,70,0.13257575757575757,3.008308554816984,False
npm::inquirer,69,0.13068181818181818,3.0224931898089404,False
npm::babylon,69,0.13068181818181818,3.0224931898089404,False
npm::bonjour,69,0.13068181818181818,3.0224931898089404,False
npm::buffer-indexof,69,0.13068181818181818,3.0224931898089404,False
npm::dns-txt,69,0.13068181818181818,3.0224931898089404,False
npm::multicast-dns-service-types,69,0.13068181818181818,3.0224931898089404,False
npm::confusing-browser-globals,69,0.13068181818181818,3.0224931898089404,False
npm::webpack-manifest-plugin,69,0.13068181818181818,3.0224931898089404,False
npm::rc,69,0.13068181818181818,3.0224931898089404,False
npm::@babel/plugin-bugfix-v8-spread-parameters-in-optional-chaining,68,0.12878787878787878,3.03688192726104,False
npm::resolve-url-loader,68,0.12878787878787878,3.03688192726104,False
npm::cli-width,68,0.12878787878787878,3.03688192726104,False
npm::@babel/plugin-syntax-private-property-in-object,68,0.12878787878787878,3.03688192726104,False
npm::regex-parser,68,0.12878787878787878,3.03688192726104,False
npm::@babel/plugin-proposal-private-property-in-object,68,0.12878787878787878,3.03688192726104,False
npm::@babel/plugin-syntax-class-static-block,68,0.12878787878787878,3.03688192726104,False
npm::run-async,68,0.12878787878787878,3.03688192726104,False
npm::adjust-sourcemap-loader,68,0.12878787878787878,3.03688192726104,False
npm::run-queue,68,0.12878787878787878,3.03688192726104,False
npm::mississippi,68,0.12878787878787878,3.03688192726104,False
npm::copy-concurrently,68,0.12878787878787878,3.03688192726104,False
npm::cyclist,68,0.12878787878787878,3.03688192726104,False
npm::fs-write-stream-atomic,68,0.12878787878787878,3.03688192726104,False
npm::parallel-transform,68,0.12878787878787878,3.03688192726104,False
npm::loglevel,68,0.12878787878787878,3.03688192726104,False
npm::iferr,68,0.12878787878787878,3.03688192726104,False
npm::move-concurrently,68,0.12878787878787878,3.03688192726104,False
npm::stream-each,68,0.12878787878787878,3.03688192726104,False
npm::ip-regex,68,0.12878787878787878,3.03688192726104,False
npm::eventsource,68,0.12878787878787878,3.03688192726104,False
npm::caller-callsite,68,0.12878787878787878,3.03688192726104,False
npm::has-tostringtag,68,0.12878787878787878,3.03688192726104,False
npm::workbox-background-sync,68,0.12878787878787878,3.03688192726104,False
npm::strip-comments,68,0.12878787878787878,3.03688192726104,False
npm::workbox-routing,68,0.12878787878787878,3.03688192726104,False
npm::workbox-precaching,68,0.12878787878787878,3.03688192726104,False
npm::workbox-range-requests,68,0.12878787878787878,3.03688192726104,False
npm::workbox-sw,68,0.12878787878787878,3.03688192726104,False
npm::workbox-build,68,0.12878787878787878,3.03688192726104,False
npm::workbox-google-analytics,68,0.12878787878787878,3.03688192726104,False
npm::workbox-strategies,68,0.12878787878787878,3.03688192726104,False
npm::array.prototype.flatmap,68,0.12878787878787878,3.03688192726104,False
npm::workbox-navigation-preload,68,0.12878787878787878,3.03688192726104,False
npm::babel-preset-react-app,68,0.12878787878787878,3.03688192726104,False
npm::strict-uri-encode,68,0.12878787878787878,3.03688192726104,False
npm::query-string,68,0.12878787878787878,3.03688192726104,False
npm::workbox-cacheable-response,68,0.12878787878787878,3.03688192726104,False
npm::workbox-streams,68,0.12878787878787878,3.03688192726104,False
npm::workbox-core,68,0.12878787878787878,3.03688192726104,False
npm::@types/prop-types,68,0.12878787878787878,3.03688192726104,False
npm::get-package-type,67,0.1268939393939394,3.051480726682193,False
npm::@istanbuljs/load-nyc-config,67,0.1268939393939394,3.051480726682193,False
npm::sockjs-client,67,0.1268939393939394,3.051480726682193,False
npm::internal-ip,67,0.1268939393939394,3.051480726682193,False
npm::ansi-html,67,0.1268939393939394,3.051480726682193,False
npm::os-homedir,67,0.1268939393939394,3.051480726682193,False
npm::pascal-case,67,0.1268939393939394,3.051480726682193,False
npm::uniq,67,0.1268939393939394,3.051480726682193,False
npm::workbox-webpack-plugin,67,0.1268939393939394,3.051480726682193,False
npm::immer,67,0.1268939393939394,3.051480726682193,False
npm::simple-swizzle,67,0.1268939393939394,3.051480726682193,False
npm::fork-ts-checker-webpack-plugin,67,0.1268939393939394,3.051480726682193,False
npm::indexes-of,67,0.1268939393939394,3.051480726682193,False
npm::is-absolute-url,67,0.1268939393939394,3.051480726682193,False
npm::rxjs,66,0.125,3.066295812467333,False
npm::pseudomap,66,0.125,3.066295812467333,False
npm::json3,66,0.125,3.066295812467333,False
npm::dot-case,66,0.125,3.066295812467333,False
npm::babel-plugin-transform-react-remove-prop-types,66,0.125,3.066295812467333,False
npm::external-editor,65,0.12310606060606061,3.0813336898318737,False
npm::@types/eslint,65,0.12310606060606061,3.0813336898318737,False
npm::sourcemap-codec,65,0.12310606060606061,3.0813336898318737,False
npm::ajv-errors,65,0.12310606060606061,3.0813336898318737,False
npm::@babel/plugin-proposal-export-namespace-from,65,0.12310606060606061,3.0813336898318737,False
npm::react-refresh,65,0.12310606060606061,3.0813336898318737,False
npm::@babel/plugin-transform-react-constant-elements,65,0.12310606060606061,3.0813336898318737,False
npm::is-resolvable,65,0.12310606060606061,3.0813336898318737,False
npm::tsconfig-paths,65,0.12310606060606061,3.0813336898318737,False
npm::alphanum-sort,65,0.12310606060606061,3.0813336898318737,False
npm::core-js-pure,65,0.12310606060606061,3.0813336898318737,False
npm::react-app-polyfill,65,0.12310606060606061,3.0813336898318737,False
npm::os-locale,64,0.12121212121212122,3.096601161962662,False
npm::figgy-pudding,64,0.12121212121212122,3.096601161962662,False
npm::invert-kv,64,0.12121212121212122,3.096601161962662,False
npm::lcid,64,0.12121212121212122,3.096601161962662,False
npm::killable,64,0.12121212121212122,3.096601161962662,False
npm::import-from,64,0.12121212121212122,3.096601161962662,False
npm::has-property-descriptors,64,0.12121212121212122,3.096601161962662,False
npm::read-cache,64,0.12121212121212122,3.096601161962662,False
npm::@svgr/webpack,64,0.12121212121212122,3.096601161962662,False
npm::workbox-expiration,64,0.12121212121212122,3.096601161962662,False
npm::original,64,0.12121212121212122,3.096601161962662,False
npm::workbox-broadcast-update,64,0.12121212121212122,3.096601161962662,False
npm::at-least-node,64,0.12121212121212122,3.096601161962662,False
npm::@svgr/core,64,0.12121212121212122,3.096601161962662,False
npm::identity-obj-proxy,64,0.12121212121212122,3.096601161962662,False
npm::harmony-reflect,64,0.12121212121212122,3.096601161962662,False
npm::@babel/plugin-proposal-logical-assignment-operators,64,0.12121212121212122,3.096601161962662,False
npm::babel-plugin-named-asset-import,64,0.12121212121212122,3.096601161962662,False
npm::workbox-window,64,0.12121212121212122,3.096601161962662,False
npm::css-color-names,64,0.12121212121212122,3.096601161962662,False
npm::@humanwhocodes/config-array,64,0.12121212121212122,3.096601161962662,False
npm::@humanwhocodes/object-schema,64,0.12121212121212122,3.096601161962662,False
npm::clone,63,0.11931818181818182,3.1121053484986274,False
npm::clone-deep,63,0.11931818181818182,3.1121053484986274,False
npm::shallow-clone,63,0.11931818181818182,3.1121053484986274,False
npm::@webassemblyjs/helper-fsm,63,0.11931818181818182,3.1121053484986274,False
npm::@webassemblyjs/helper-module-context,63,0.11931818181818182,3.1121053484986274,False
npm::@webassemblyjs/wast-parser,63,0.11931818181818182,3.1121053484986274,False
npm::@webassemblyjs/helper-code-frame,63,0.11931818181818182,3.1121053484986274,False
npm::@babel/plugin-transform-react-jsx-development,63,0.11931818181818182,3.1121053484986274,False
npm::@types/graceful-fs,63,0.11931818181818182,3.1121053484986274,False
npm::vendors,63,0.11931818181818182,3.1121053484986274,False
npm::uniqs,63,0.11931818181818182,3.1121053484986274,False
npm::is-shared-array-buffer,63,0.11931818181818182,3.1121053484986274,False
npm::chardet,62,0.11742424242424243,3.1278537054667668,False
npm::import-cwd,62,0.11742424242424243,3.1278537054667668,False
npm::postcss-import,62,0.11742424242424243,3.1278537054667668,False
npm::jest-watch-typeahead,62,0.11742424242424243,3.1278537054667668,False
npm::shellwords,62,0.11742424242424243,3.1278537054667668,False
npm::growly,62,0.11742424242424243,3.1278537054667668,False
npm::@sinonjs/fake-timers,62,0.11742424242424243,3.1278537054667668,False
npm::node-notifier,62,0.11742424242424243,3.1278537054667668,False
npm::lodash.templatesettings,62,0.11742424242424243,3.1278537054667668,False
npm::lodash.template,62,0.11742424242424243,3.1278537054667668,False
npm::@sinonjs/commons,62,0.11742424242424243,3.1278537054667668,False
npm::is-weakref,62,0.11742424242424243,3.1278537054667668,False
npm::get-symbol-description,62,0.11742424242424243,3.1278537054667668,False
npm::is-potential-custom-element-name,61,0.11553030303030302,3.143854046813208,False
npm::http-proxy-agent,61,0.11553030303030302,3.143854046813208,False
npm::osenv,61,0.11553030303030302,3.143854046813208,False
npm::@types/prettier,61,0.11553030303030302,3.143854046813208,False
npm::@svgr/babel-plugin-transform-react-native-svg,61,0.11553030303030302,3.143854046813208,False
npm::@svgr/babel-plugin-transform-svg-component,61,0.11553030303030302,3.143854046813208,False
npm::@svgr/babel-plugin-replace-jsx-attribute-value,61,0.11553030303030302,3.143854046813208,False
npm::@svgr/babel-plugin-add-jsx-attribute,61,0.11553030303030302,3.143854046813208,False
npm::@svgr/babel-plugin-svg-em-dimensions,61,0.11553030303030302,3.143854046813208,False
npm::html-minifier-terser,61,0.11553030303030302,3.143854046813208,False
npm::@svgr/plugin-svgo,61,0.11553030303030302,3.143854046813208,False
npm::@svgr/babel-preset,61,0.11553030303030302,3.143854046813208,False
npm::@svgr/hast-util-to-babel-ast,61,0.11553030303030302,3.143854046813208,False
npm::@svgr/babel-plugin-remove-jsx-empty-expression,61,0.11553030303030302,3.143854046813208,False
npm::sort-keys,61,0.11553030303030302,3.143854046813208,False
npm::@svgr/babel-plugin-remove-jsx-attribute,61,0.11553030303030302,3.143854046813208,False
npm::@types/json5,61,0.11553030303030302,3.143854046813208,False
npm::@csstools/normalize.css,61,0.11553030303030302,3.143854046813208,False
npm::@svgr/plugin-jsx,61,0.11553030303030302,3.143854046813208,False
npm::emittery,61,0.11553030303030302,3.143854046813208,False
npm::babel-preset-current-node-syntax,61,0.11553030303030302,3.143854046813208,False
npm::@babel/plugin-syntax-bigint,61,0.11553030303030302,3.143854046813208,False
npm::lodash._reinterpolate,61,0.11553030303030302,3.143854046813208,False
npm::@svgr/babel-plugin-svg-dynamic-title,61,0.11553030303030302,3.143854046813208,False
npm::postcss-normalize,61,0.11553030303030302,3.143854046813208,False
npm::postcss-browser-comments,61,0.11553030303030302,3.143854046813208,False
npm::decimal.js,60,0.11363636363636363,3.160114567684988,False
npm::estree-walker,60,0.11363636363636363,3.160114567684988,False
npm::collect-v8-coverage,60,0.11363636363636363,3.160114567684988,False
npm::v8-to-istanbul,60,0.11363636363636363,3.160114567684988,False
npm::sane,60,0.11363636363636363,3.160114567684988,False
npm::@bcoe/v8-coverage,60,0.11363636363636363,3.160114567684988,False
npm::@jest/globals,60,0.11363636363636363,3.160114567684988,False
npm::char-regex,60,0.11363636363636363,3.160114567684988,False
npm::exec-sh,60,0.11363636363636363,3.160114567684988,False
npm::min-indent,60,0.11363636363636363,3.160114567684988,False
npm::@babel/plugin-transform-react-jsx-source,60,0.11363636363636363,3.160114567684988,False
npm::@babel/helper-string-parser,59,0.11174242424242424,3.1766438696361985,False
npm::klona,59,0.11174242424242424,3.1766438696361985,False
npm::arg,59,0.11174242424242424,3.1766438696361985,False
npm::@testing-library/react,59,0.11174242424242424,3.1766438696361985,False
npm::supports-hyperlinks,59,0.11174242424242424,3.1766438696361985,False
npm::svg-parser,59,0.11174242424242424,3.1766438696361985,False
npm::@babel/plugin-bugfix-safari-id-destructuring-collision-in-function-expression,58,0.10984848484848485,3.19345098795258,False
npm::clean-stack,58,0.10984848484848485,3.19345098795258,False
npm::wordwrap,58,0.10984848484848485,3.19345098795258,False
npm::tryer,58,0.10984848484848485,3.19345098795258,False
npm::check-types,58,0.10984848484848485,3.19345098795258,False
npm::cjs-module-lexer,58,0.10984848484848485,3.19345098795258,False
npm::timsort,58,0.10984848484848485,3.19345098795258,False
npm::@testing-library/user-event,58,0.10984848484848485,3.19345098795258,False
npm::@testing-library/jest-dom,58,0.10984848484848485,3.19345098795258,False
npm::aggregate-error,57,0.10795454545454546,3.2105454213118803,False
npm::webpack-log,57,0.10795454545454546,3.2105454213118803,False
npm::@babel/plugin-transform-react-jsx-self,57,0.10795454545454546,3.2105454213118803,False
npm::@types/jest,57,0.10795454545454546,3.2105454213118803,False
npm::@babel/plugin-transform-react-pure-annotations,57,0.10795454545454546,3.2105454213118803,False
npm::terminal-link,57,0.10795454545454546,3.2105454213118803,False
npm::detect-libc,57,0.10795454545454546,3.2105454213118803,False
npm::uglify-js,57,0.10795454545454546,3.2105454213118803,False
npm::infer-owner,56,0.10606060606060606,3.2279371640237495,False
npm::hoopy,56,0.10606060606060606,3.2279371640237495,False
npm::bfj,56,0.10606060606060606,3.2279371640237495,False
npm::babel-eslint,56,0.10606060606060606,3.2279371640237495,False
npm::dedent,56,0.10606060606060606,3.2279371640237495,False
npm::@types/serve-static,55,0.10416666666666667,3.24563674112315,False
npm::@types/mime,55,0.10416666666666667,3.24563674112315,False
npm::@types/express-serve-static-core,55,0.10416666666666667,3.24563674112315,False
npm::@types/express,55,0.10416666666666667,3.24563674112315,False
npm::babel-code-frame,55,0.10416666666666667,3.24563674112315,False
npm::mem,55,0.10416666666666667,3.24563674112315,False
npm::get-stdin,55,0.10416666666666667,3.24563674112315,False
npm::es6-symbol,55,0.10416666666666667,3.24563674112315,False
npm::es6-iterator,55,0.10416666666666667,3.24563674112315,False
npm::es5-ext,55,0.10416666666666667,3.24563674112315,False
npm::d,55,0.10416666666666667,3.24563674112315,False
npm::url-loader,55,0.10416666666666667,3.24563674112315,False
npm::rsvp,55,0.10416666666666667,3.24563674112315,False
npm::sanitize.css,55,0.10416666666666667,3.24563674112315,False
npm::@types/scheduler,55,0.10416666666666667,3.24563674112315,False
npm::@tootallnate/once,54,0.10227272727272728,3.2636552466258286,False
npm::fraction.js,54,0.10227272727272728,3.2636552466258286,False
npm::@types/qs,54,0.10227272727272728,3.2636552466258286,False
npm::@types/connect,54,0.10227272727272728,3.2636552466258286,False
npm::@types/range-parser,54,0.10227272727272728,3.2636552466258286,False
npm::for-own,54,0.10227272727272728,3.2636552466258286,False
npm::is-utf8,54,0.10227272727272728,3.2636552466258286,False
npm::@types/minimatch,54,0.10227272727272728,3.2636552466258286,False
npm::temp-dir,54,0.10227272727272728,3.2636552466258286,False
npm::css.escape,54,0.10227272727272728,3.2636552466258286,False
npm::axe-core,54,0.10227272727272728,3.2636552466258286,False
npm::eslint-plugin-jest,54,0.10227272727272728,3.2636552466258286,False
npm::@types/body-parser,53,0.10037878787878787,3.282004385294025,False
npm::repeating,53,0.10037878787878787,3.282004385294025,False
npm::is-finite,53,0.10037878787878787,3.282004385294025,False
npm::@testing-library/dom,53,0.10037878787878787,3.282004385294025,False
npm::language-subtag-registry,53,0.10037878787878787,3.282004385294025,False
npm::babel-plugin-syntax-object-rest-spread,53,0.10037878787878787,3.282004385294025,False
npm::jest-circus,53,0.10037878787878787,3.282004385294025,False
npm::language-tags,53,0.10037878787878787,3.282004385294025,False
npm::@rollup/pluginutils,53,0.10037878787878787,3.282004385294025,False
npm::jsonify,53,0.10037878787878787,3.282004385294025,False
npm::dom-accessibility-api,52,0.09848484848484848,3.300696518306178,False
npm::capture-exit,52,0.09848484848484848,3.300696518306178,False
npm::@types/glob,52,0.09848484848484848,3.300696518306178,False
npm::hsl-regex,52,0.09848484848484848,3.300696518306178,False
npm::hex-color-regex,52,0.09848484848484848,3.300696518306178,False
npm::@types/resolve,52,0.09848484848484848,3.300696518306178,False
npm::@types/html-minifier-terser,52,0.09848484848484848,3.300696518306178,False
npm::babel-plugin-transform-object-rest-spread,52,0.09848484848484848,3.300696518306178,False
npm::flatten,52,0.09848484848484848,3.300696518306178,False
npm::rgba-regex,52,0.09848484848484848,3.300696518306178,False
npm::hsla-regex,52,0.09848484848484848,3.300696518306178,False
npm::is-color-stop,52,0.09848484848484848,3.300696518306178,False
npm::rgb-regex,52,0.09848484848484848,3.300696518306178,False
npm::react-router-dom,52,0.09848484848484848,3.300696518306178,False
npm::@types/react-dom,52,0.09848484848484848,3.300696518306178,False
npm::has-proto,51,0.09659090909090909,3.3197447132768723,False
npm::functions-have-names,51,0.09659090909090909,3.3197447132768723,False
npm::lilconfig,51,0.09659090909090909,3.3197447132768723,False
npm::cssnano-util-raw-cache,51,0.09659090909090909,3.3197447132768723,False
npm::private,51,0.09659090909090909,3.3197447132768723,False
npm::cssnano-util-get-match,51,0.09659090909090909,3.3197447132768723,False
npm::cssnano-util-same-parent,51,0.09659090909090909,3.3197447132768723,False
npm::cssnano-util-get-arguments,51,0.09659090909090909,3.3197447132768723,False
npm::react-router,51,0.09659090909090909,3.3197447132768723,False
npm::hoist-non-react-statics,51,0.09659090909090909,3.3197447132768723,False
npm::colors,50,0.0946969696969697,3.3391627991339736,False
npm::css,50,0.0946969696969697,3.3391627991339736,False
npm::eslint-webpack-plugin,50,0.0946969696969697,3.3391627991339736,False
npm::function.prototype.name,50,0.0946969696969697,3.3391627991339736,False
npm::object.hasown,50,0.0946969696969697,3.3391627991339736,False
npm::cors,49,0.0928030303030303,3.3589654264301534,False
npm::ignore-walk,49,0.0928030303030303,3.3589654264301534,False
npm::log-symbols,49,0.0928030303030303,3.3589654264301534,False
npm::bindings,49,0.0928030303030303,3.3589654264301534,False
npm::interpret,49,0.0928030303030303,3.3589654264301534,False
npm::file-uri-to-path,49,0.0928030303030303,3.3589654264301534,False
npm::next-tick,49,0.0928030303030303,3.3589654264301534,False
npm::@hapi/hoek,49,0.0928030303030303,3.3589654264301534,False
npm::@types/aria-query,49,0.0928030303030303,3.3589654264301534,False
npm::@rollup/plugin-node-resolve,49,0.0928030303030303,3.3589654264301534,False
npm::is-module,49,0.0928030303030303,3.3589654264301534,False
npm::tempy,49,0.0928030303030303,3.3589654264301534,False
npm::@rollup/plugin-replace,49,0.0928030303030303,3.3589654264301534,False
npm::prettier,49,0.0928030303030303,3.3589654264301534,False
npm::minipass-collect,48,0.09090909090909091,3.379168133747673,False
npm::minipass-pipeline,48,0.09090909090909091,3.379168133747673,False
npm::minipass-flush,48,0.09090909090909091,3.379168133747673,False
npm::gopd,48,0.09090909090909091,3.379168133747673,False
npm::string-natural-compare,48,0.09090909090909091,3.379168133747673,False
npm::rollup-plugin-terser,48,0.09090909090909091,3.379168133747673,False
npm::@surma/rollup-plugin-off-main-thread,48,0.09090909090909091,3.379168133747673,False
npm::@hapi/topo,48,0.09090909090909091,3.379168133747673,False
npm::dlv,48,0.09090909090909091,3.379168133747673,False
npm::tailwindcss,48,0.09090909090909091,3.379168133747673,False
npm::npm-bundled,47,0.08901515151515152,3.3997874209504086,False
npm::npm-packlist,47,0.08901515151515152,3.3997874209504086,False
npm::@jridgewell/source-map,47,0.08901515151515152,3.3997874209504086,False
npm::es-module-lexer,47,0.08901515151515152,3.3997874209504086,False
npm::is-promise,47,0.08901515151515152,3.3997874209504086,False
npm::eslint-plugin-testing-library,47,0.08901515151515152,3.3997874209504086,False
npm::@pmmmwh/react-refresh-webpack-plugin,47,0.08901515151515152,3.3997874209504086,False
npm::pnp-webpack-plugin,47,0.08901515151515152,3.3997874209504086,False
npm::postcss-js,47,0.08901515151515152,3.3997874209504086,False
npm::camelcase-css,47,0.08901515151515152,3.3997874209504086,False
github_actions::actions/checkout,46,0.08712121212121213,3.420840830148241,False
npm::@types/eslint-scope,46,0.08712121212121213,3.420840830148241,False
npm::@babel/plugin-syntax-import-assertions,46,0.08712121212121213,3.420840830148241,False
npm::fs-monkey,46,0.08712121212121213,3.420840830148241,False
npm::memfs,46,0.08712121212121213,3.420840830148241,False
npm::@webassemblyjs/helper-numbers,46,0.08712121212121213,3.420840830148241,False
npm::is-svg,46,0.08712121212121213,3.420840830148241,False
npm::lz-string,46,0.08712121212121213,3.420840830148241,False
npm::optimize-css-assets-webpack-plugin,46,0.08712121212121213,3.420840830148241,False
npm::web-vitals,46,0.08712121212121213,3.420840830148241,False
npm::last-call-webpack-plugin,46,0.08712121212121213,3.420840830148241,False
npm::@babel/plugin-proposal-class-static-block,46,0.08712121212121213,3.420840830148241,False
npm::for-each,46,0.08712121212121213,3.420840830148241,False
npm::didyoumean,46,0.08712121212121213,3.420840830148241,False
npm::postcss-nested,46,0.08712121212121213,3.420840830148241,False
npm::acorn-import-assertions,45,0.08522727272727272,3.4423470353692043,False
npm::ajv-formats,45,0.08522727272727272,3.4423470353692043,False
npm::@cnakazawa/watch,45,0.08522727272727272,3.4423470353692043,False
npm::write,45,0.08522727272727272,3.4423470353692043,False
npm::json-stable-stringify,45,0.08522727272727272,3.4423470353692043,False
npm::define-lazy-prop,44,0.08333333333333333,3.4643259420879797,False
npm::array-find-index,44,0.08333333333333333,3.4643259420879797,False
npm::diff,44,0.08333333333333333,3.4643259420879797,False
npm::ts-pnp,44,0.08333333333333333,3.4643259420879797,False
npm::html-comment-regex,44,0.08333333333333333,3.4643259420879797,False
npm::postcss-selector-matches,44,0.08333333333333333,3.4643259420879797,False
npm::node-pre-gyp,44,0.08333333333333333,3.4643259420879797,False
npm::@humanwhocodes/module-importer,44,0.08333333333333333,3.4643259420879797,False
npm::@types/http-proxy,43,0.08143939393939394,3.4867987979400383,False
npm::camelcase-keys,43,0.08143939393939394,3.4867987979400383,False
npm::meow,43,0.08143939393939394,3.4867987979400383,False
npm::map-obj,43,0.08143939393939394,3.4867987979400383,False
npm::trim-newlines,43,0.08143939393939394,3.4867987979400383,False
npm::type,43,0.08143939393939394,3.4867987979400383,False
npm::request-promise-core,43,0.08143939393939394,3.4867987979400383,False
npm::stealthy-require,43,0.08143939393939394,3.4867987979400383,False
npm::postcss-values-parser,43,0.08143939393939394,3.4867987979400383,False
npm::@types/testing-library__jest-dom,43,0.08143939393939394,3.4867987979400383,False
npm::es-shim-unscopables,43,0.08143939393939394,3.4867987979400383,False
npm::keyv,43,0.08143939393939394,3.4867987979400383,False
npm::json-buffer,43,0.08143939393939394,3.4867987979400383,False
npm::@types/ws,42,0.07954545454545454,3.509788316164737,False
npm::ua-parser-js,42,0.07954545454545454,3.509788316164737,False
npm::postcss-color-mod-function,42,0.07954545454545454,3.509788316164737,False
npm::postcss-safe-parser,42,0.07954545454545454,3.509788316164737,False
npm::request-promise-native,42,0.07954545454545454,3.509788316164737,False
npm::@csstools/convert-colors,42,0.07954545454545454,3.509788316164737,False
npm::postcss-color-gray,42,0.07954545454545454,3.509788316164737,False
npm::needle,41,0.07765151515151515,3.533318813574931,False
npm::symbol-observable,41,0.07765151515151515,3.533318813574931,False
npm::ansi-html-community,41,0.07765151515151515,3.533318813574931,False
npm::source-map-loader,41,0.07765151515151515,3.533318813574931,False
npm::p-is-promise,41,0.07765151515151515,3.533318813574931,False
npm::trim-right,41,0.07765151515151515,3.533318813574931,False
npm::indexof,41,0.07765151515151515,3.533318813574931,False
npm::contains-path,41,0.07765151515151515,3.533318813574931,False
npm::node-modules-regexp,41,0.07765151515151515,3.533318813574931,False
npm::p-each-series,41,0.07765151515151515,3.533318813574931,False
npm::any-promise,41,0.07765151515151515,3.533318813574931,False
npm::safe-regex-test,41,0.07765151515151515,3.533318813574931,False
npm::@types/retry,40,0.07575757575757576,3.5574163651539914,False
npm::p-defer,40,0.07575757575757576,3.5574163651539914,False
npm::map-age-cleaner,40,0.07575757575757576,3.5574163651539914,False
npm::loud-rejection,40,0.07575757575757576,3.5574163651539914,False
npm::currently-unhandled,40,0.07575757575757576,3.5574163651539914,False
npm::@babel/helper-define-map,40,0.07575757575757576,3.5574163651539914,False
npm::babel-core,40,0.07575757575757576,3.5574163651539914,False
npm::@typescript-eslint/type-utils,40,0.07575757575757576,3.5574163651539914,False
npm::@typescript-eslint/utils,40,0.07575757575757576,3.5574163651539914,False
npm::upper-case,40,0.07575757575757576,3.5574163651539914,False
npm::nodemon,40,0.07575757575757576,3.5574163651539914,False
npm::got,40,0.07575757575757576,3.5574163651539914,False
npm::lowercase-keys,40,0.07575757575757576,3.5574163651539914,False
npm::@types/connect-history-api-fallback,39,0.07386363636363637,3.582108977744363,False
npm::encoding,39,0.07386363636363637,3.582108977744363,False
npm::bl,39,0.07386363636363637,3.582108977744363,False
npm::watchpack-chokidar2,39,0.07386363636363637,3.582108977744363,False
npm::amdefine,39,0.07386363636363637,3.582108977744363,False
npm::ext,39,0.07386363636363637,3.582108977744363,False
npm::@babel/runtime-corejs3,39,0.07386363636363637,3.582108977744363,False
npm::available-typed-arrays,39,0.07386363636363637,3.582108977744363,False
npm::which-typed-array,39,0.07386363636363637,3.582108977744363,False
npm::is-typed-array,39,0.07386363636363637,3.582108977744363,False
npm::url-parse-lax,39,0.07386363636363637,3.582108977744363,False
npm::@hapi/address,38,0.07196969696969698,3.607426785728653,False
npm::babel-extract-comments,38,0.07196969696969698,3.607426785728653,False
npm::@types/normalize-package-data,38,0.07196969696969698,3.607426785728653,False
npm::@hapi/joi,38,0.07196969696969698,3.607426785728653,False
npm::defined,38,0.07196969696969698,3.607426785728653,False
npm::jake,38,0.07196969696969698,3.607426785728653,False
npm::filelist,38,0.07196969696969698,3.607426785728653,False
npm::lazy-cache,38,0.07196969696969698,3.607426785728653,False
npm::ignore-by-default,38,0.07196969696969698,3.607426785728653,False
npm::touch,38,0.07196969696969698,3.607426785728653,False
npm::@types/bonjour,37,0.07007575757575757,3.6334022721319137,False
npm::@types/sockjs,37,0.07007575757575757,3.6334022721319137,False
npm::@types/serve-index,37,0.07007575757575757,3.6334022721319137,False
npm::connect,37,0.07007575757575757,3.6334022721319137,False
npm::defaults,37,0.07007575757575757,3.6334022721319137,False
npm::idb,37,0.07007575757575757,3.6334022721319137,False
npm::@rushstack/eslint-patch,37,0.07007575757575757,3.6334022721319137,False
npm::string.prototype.trim,37,0.07007575757575757,3.6334022721319137,False
npm::mz,37,0.07007575757575757,3.6334022721319137,False
npm::thenify-all,37,0.07007575757575757,3.6334022721319137,False
npm::thenify,37,0.07007575757575757,3.6334022721319137,False
npm::xdg-basedir,37,0.07007575757575757,3.6334022721319137,False
npm::undefsafe,37,0.07007575757575757,3.6334022721319137,False
npm::http-cache-semantics,36,0.06818181818181818,3.660070519214075,False
npm::optimist,36,0.06818181818181818,3.660070519214075,False
npm::@trysound/sax,36,0.06818181818181818,3.660070519214075,False
npm::colord,36,0.06818181818181818,3.660070519214075,False
npm::enquirer,36,0.06818181818181818,3.660070519214075,False
npm::@sinclair/typebox,36,0.06818181818181818,3.660070519214075,False
npm::jsonpointer,36,0.06818181818181818,3.660070519214075,False
npm::@jest/schemas,36,0.06818181818181818,3.660070519214075,False
npm::html-minifier,36,0.06818181818181818,3.660070519214075,False
npm::duplexer3,36,0.06818181818181818,3.660070519214075,False
npm::pstree.remy,36,0.06818181818181818,3.660070519214075,False
npm::bonjour-service,35,0.06628787878787878,3.6874694934021894,False
npm::@leichtgewicht/ip-codec,35,0.06628787878787878,3.6874694934021894,False
npm::node-gyp,35,0.06628787878787878,3.6874694934021894,False
npm::detect-indent,35,0.06628787878787878,3.6874694934021894,False
npm::cssnano-utils,35,0.06628787878787878,3.6874694934021894,False
npm::@hapi/bourne,35,0.06628787878787878,3.6874694934021894,False
npm::is-array-buffer,35,0.06628787878787878,3.6874694934021894,False
npm::resolve.exports,35,0.06628787878787878,3.6874694934021894,False
npm::cli-boxes,35,0.06628787878787878,3.6874694934021894,False
npm::ansi-align,35,0.06628787878787878,3.6874694934021894,False
npm::boxen,35,0.06628787878787878,3.6874694934021894,False
npm::widest-line,35,0.06628787878787878,3.6874694934021894,False
npm::configstore,35,0.06628787878787878,3.6874694934021894,False
npm::common-path-prefix,34,0.06439393939393939,3.715640370368886,False
npm::socket.io,34,0.06439393939393939,3.715640370368886,False
npm::ora,34,0.06439393939393939,3.715640370368886,False
npm::cli-spinners,34,0.06439393939393939,3.715640370368886,False
npm::arity-n,34,0.06439393939393939,3.715640370368886,False
npm::microevent.ts,34,0.06439393939393939,3.715640370368886,False
npm::@babel/helper-regex,34,0.06439393939393939,3.715640370368886,False
npm::rework,34,0.06439393939393939,3.715640370368886,False
npm::worker-rpc,34,0.06439393939393939,3.715640370368886,False
npm::compose-function,34,0.06439393939393939,3.715640370368886,False
npm::rework-visit,34,0.06439393939393939,3.715640370368886,False
npm::moment,34,0.06439393939393939,3.715640370368886,False
npm::globalthis,34,0.06439393939393939,3.715640370368886,False
npm::es-array-method-boxes-properly,34,0.06439393939393939,3.715640370368886,False
npm::typed-array-length,34,0.06439393939393939,3.715640370368886,False
npm::es-set-tostringtag,34,0.06439393939393939,3.715640370368886,False
maven::org.springframework.boot/spring-boot-maven-plugin,34,0.06439393939393939,3.715640370368886,False
npm::import-lazy,34,0.06439393939393939,3.715640370368886,False
npm::engine.io-parser,33,0.0625,3.744627907242138,False
npm::wcwidth,33,0.0625,3.744627907242138,False
npm::socket.io-parser,33,0.0625,3.744627907242138,False
npm::fstream,33,0.0625,3.744627907242138,False
gem::activesupport,33,0.0625,3.744627907242138,False
gem::i18n,33,0.0625,3.744627907242138,False
npm::array.prototype.reduce,33,0.0625,3.744627907242138,False
npm::@babel/eslint-parser,33,0.0625,3.744627907242138,False
maven::org.springframework.boot/spring-boot-starter-test,33,0.0625,3.744627907242138,False
npm::latest-version,33,0.0625,3.744627907242138,False
npm::date-now,33,0.0625,3.744627907242138,False
npm::global-dirs,33,0.0625,3.744627907242138,False
npm::is-installed-globally,33,0.0625,3.744627907242138,False
npm::registry-url,33,0.0625,3.744627907242138,False
npm::package-json,33,0.0625,3.744627907242138,False
npm::webpack-merge,32,0.06060606060606061,3.774480870391819,False
npm::image-size,32,0.06060606060606061,3.774480870391819,False
npm::@npmcli/move-file,32,0.06060606060606061,3.774480870391819,False
npm::@types/semver,32,0.06060606060606061,3.774480870391819,False
npm::browser-resolve,32,0.06060606060606061,3.774480870391819,False
npm::call-me-maybe,32,0.06060606060606061,3.774480870391819,False
npm::@eslint-community/eslint-utils,32,0.06060606060606061,3.774480870391819,False
npm::@eslint/js,32,0.06060606060606061,3.774480870391819,False
npm::@eslint-community/regexpp,32,0.06060606060606061,3.774480870391819,False
npm::semver-diff,32,0.06060606060606061,3.774480870391819,False
npm::update-notifier,32,0.06060606060606061,3.774480870391819,False
npm::registry-auth-token,32,0.06060606060606061,3.774480870391819,False
npm::is-npm,32,0.06060606060606061,3.774480870391819,False
npm::immutable,31,0.058712121212121215,3.805252529058573,False
npm::base64id,31,0.058712121212121215,3.805252529058573,False
npm::engine.io,31,0.058712121212121215,3.805252529058573,False
npm::jiti,31,0.058712121212121215,3.805252529058573,False
npm::socket.io-adapter,31,0.058712121212121215,3.805252529058573,False
npm::rechoir,31,0.058712121212121215,3.805252529058573,False
npm::block-stream,31,0.058712121212121215,3.805252529058573,False
npm::babel-types,31,0.058712121212121215,3.805252529058573,False
npm::fastparse,31,0.058712121212121215,3.805252529058573,False
npm::@types/webpack-sources,31,0.058712121212121215,3.805252529058573,False
npm::@types/source-list-map,31,0.058712121212121215,3.805252529058573,False
npm::lodash.clonedeep,31,0.058712121212121215,3.805252529058573,False
npm::xmlbuilder,31,0.058712121212121215,3.805252529058573,False
npm::babel-traverse,31,0.058712121212121215,3.805252529058573,False
npm::object.omit,31,0.058712121212121215,3.805252529058573,False
gem::tzinfo,31,0.058712121212121215,3.805252529058573,False
npm::is-map,31,0.058712121212121215,3.805252529058573,False
npm::css-minimizer-webpack-plugin,31,0.058712121212121215,3.805252529058573,False
npm::quick-lru,31,0.058712121212121215,3.805252529058573,False
npm::@rollup/plugin-babel,31,0.058712121212121215,3.805252529058573,False
npm::is-set,31,0.058712121212121215,3.805252529058573,False
npm::array-buffer-byte-length,31,0.058712121212121215,3.805252529058573,False
npm::hasown,31,0.058712121212121215,3.805252529058573,False
npm::lodash.isplainobject,31,0.058712121212121215,3.805252529058573,False
npm::lodash.isstring,31,0.058712121212121215,3.805252529058573,False
npm::handlebars,31,0.058712121212121215,3.805252529058573,False
npm::color-support,30,0.056818181818181816,3.837001227373153,False
npm::babel-messages,30,0.056818181818181816,3.837001227373153,False
npm::decompress-response,30,0.056818181818181816,3.837001227373153,False
npm::mimic-response,30,0.056818181818181816,3.837001227373153,False
gem::minitest,30,0.056818181818181816,3.837001227373153,False
npm::array.prototype.tosorted,30,0.056818181818181816,3.837001227373153,False
npm::is-weakset,30,0.056818181818181816,3.837001227373153,False
npm::@apideck/better-ajv-errors,30,0.056818181818181816,3.837001227373153,False
npm::which-collection,30,0.056818181818181816,3.837001227373153,False
npm::@jest/expect-utils,30,0.056818181818181816,3.837001227373153,False
npm::@csstools/postcss-progressive-custom-properties,30,0.056818181818181816,3.837001227373153,False
npm::workbox-recipes,30,0.056818181818181816,3.837001227373153,False
npm::@types/trusted-types,30,0.056818181818181816,3.837001227373153,False
npm::is-weakmap,30,0.056818181818181816,3.837001227373153,False
npm::eslint-loader,30,0.056818181818181816,3.837001227373153,False
npm::array-equal,30,0.056818181818181816,3.837001227373153,False
maven::org.springframework.boot/spring-boot-starter-web,30,0.056818181818181816,3.837001227373153,False
npm::ts-interface-checker,30,0.056818181818181816,3.837001227373153,False
npm::sucrase,30,0.056818181818181816,3.837001227373153,False
npm::bootstrap,30,0.056818181818181816,3.837001227373153,False
npm::node-addon-api,29,0.054924242424242424,3.869791050196144,False
npm::sass,29,0.054924242424242424,3.869791050196144,False
npm::launch-editor,29,0.054924242424242424,3.869791050196144,False
npm::css-selector-tokenizer,29,0.054924242424242424,3.869791050196144,False
npm::ultron,29,0.054924242424242424,3.869791050196144,False
npm::regex-cache,29,0.054924242424242424,3.869791050196144,False
npm::expand-range,29,0.054924242424242424,3.869791050196144,False
npm::filename-regex,29,0.054924242424242424,3.869791050196144,False
npm::parse-glob,29,0.054924242424242424,3.869791050196144,False
npm::preserve,29,0.054924242424242424,3.869791050196144,False
npm::is-posix-bracket,29,0.054924242424242424,3.869791050196144,False
npm::glob-base,29,0.054924242424242424,3.869791050196144,False
npm::is-equal-shallow,29,0.054924242424242424,3.869791050196144,False
npm::is-primitive,29,0.054924242424242424,3.869791050196144,False
npm::randomatic,29,0.054924242424242424,3.869791050196144,False
npm::is-dotfile,29,0.054924242424242424,3.869791050196144,False
npm::postcss-opacity-percentage,29,0.054924242424242424,3.869791050196144,False
npm::@csstools/postcss-is-pseudo-class,29,0.054924242424242424,3.869791050196144,False
npm::postcss-clamp,29,0.054924242424242424,3.869791050196144,False
npm::@csstools/postcss-font-format-keywords,29,0.054924242424242424,3.869791050196144,False
npm::@csstools/postcss-hwb-function,29,0.054924242424242424,3.869791050196144,False
npm::@csstools/postcss-oklab-function,29,0.054924242424242424,3.869791050196144,False
npm::@csstools/postcss-normalize-display-values,29,0.054924242424242424,3.869791050196144,False
npm::@csstools/postcss-color-function,29,0.054924242424242424,3.869791050196144,False
npm::@csstools/postcss-ic-unit,29,0.054924242424242424,3.869791050196144,False
npm::loader-fs-cache,29,0.054924242424242424,3.869791050196144,False
npm::icss-replace-symbols,29,0.054924242424242424,3.869791050196144,False
npm::@mrmlnc/readdir-enhanced,29,0.054924242424242424,3.869791050196144,False
npm::window-size,29,0.054924242424242424,3.869791050196144,False
npm::array-filter,29,0.054924242424242424,3.869791050196144,False
npm::babel-plugin-syntax-trailing-function-commas,29,0.054924242424242424,3.869791050196144,False
npm::smart-buffer,28,0.05303030303030303,3.9036926018718257,False
npm::@babel/regjsgen,28,0.05303030303030303,3.9036926018718257,False
npm::js-base64,28,0.05303030303030303,3.9036926018718257,False
npm::babel-template,28,0.05303030303030303,3.9036926018718257,False
npm::homedir-polyfill,28,0.05303030303030303,3.9036926018718257,False
npm::jquery,28,0.05303030303030303,3.9036926018718257,False
npm::parse-passwd,28,0.05303030303030303,3.9036926018718257,False
npm::expand-tilde,28,0.05303030303030303,3.9036926018718257,False
npm::resolve-dir,28,0.05303030303030303,3.9036926018718257,False
gem::nokogiri,28,0.05303030303030303,3.9036926018718257,False
npm::@csstools/selector-specificity,28,0.05303030303030303,3.9036926018718257,False
npm::@csstools/postcss-stepped-value-functions,28,0.05303030303030303,3.9036926018718257,False
npm::@csstools/postcss-unset-value,28,0.05303030303030303,3.9036926018718257,False
npm::buffer-equal-constant-time,28,0.05303030303030303,3.9036926018718257,False
npm::jws,28,0.05303030303030303,3.9036926018718257,False
npm::jwa,28,0.05303030303030303,3.9036926018718257,False
npm::ecdsa-sig-formatter,28,0.05303030303030303,3.9036926018718257,False
npm::jsonwebtoken,28,0.05303030303030303,3.9036926018718257,False
npm::history,28,0.05303030303030303,3.9036926018718257,False
npm::socks,27,0.05113636363636364,3.9387839216830955,False
npm::socket.io-client,27,0.05113636363636364,3.9387839216830955,False
npm::backo2,27,0.05113636363636364,3.9387839216830955,False
npm::babel-generator,27,0.05113636363636364,3.9387839216830955,False
npm::define-data-property,27,0.05113636363636364,3.9387839216830955,False
gem::sass,27,0.05113636363636364,3.9387839216830955,False
npm::@csstools/postcss-trigonometric-functions,27,0.05113636363636364,3.9387839216830955,False
npm::@csstools/postcss-cascade-layers,27,0.05113636363636364,3.9387839216830955,False
npm::mamacro,27,0.05113636363636364,3.9387839216830955,False
npm::mongodb,27,0.05113636363636364,3.9387839216830955,False
npm::@popperjs/core,27,0.05113636363636364,3.9387839216830955,False
npm::eslint-config-prettier,27,0.05113636363636364,3.9387839216830955,False
npm::lodash.camelcase,27,0.05113636363636364,3.9387839216830955,False
npm::array-map,27,0.05113636363636364,3.9387839216830955,False
npm::array-reduce,27,0.05113636363636364,3.9387839216830955,False
npm::proxy-from-env,27,0.05113636363636364,3.9387839216830955,False
npm::vite,26,0.04924242424242424,3.9751515658539702,False
npm::node-sass,26,0.04924242424242424,3.9751515658539702,False
npm::acorn-dynamic-import,26,0.04924242424242424,3.9751515658539702,False
npm::engine.io-client,26,0.04924242424242424,3.9751515658539702,False
npm::mixin-object,26,0.04924242424242424,3.9751515658539702,False
npm::time-stamp,26,0.04924242424242424,3.9751515658539702,False
npm::@types/tapable,26,0.04924242424242424,3.9751515658539702,False
gem::coffee-script,26,0.04924242424242424,3.9751515658539702,False
gem::execjs,26,0.04924242424242424,3.9751515658539702,False
gem::coffee-script-source,26,0.04924242424242424,3.9751515658539702,False
gem::concurrent-ruby,26,0.04924242424242424,3.9751515658539702,False
npm::streamsearch,26,0.04924242424242424,3.9751515658539702,False
npm::@nicolo-ribaudo/eslint-scope-5-internals,26,0.04924242424242424,3.9751515658539702,False
npm::graphemer,26,0.04924242424242424,3.9751515658539702,False
npm::dom-helpers,26,0.04924242424242424,3.9751515658539702,False
npm::morgan,26,0.04924242424242424,3.9751515658539702,False
npm::lodash.once,26,0.04924242424242424,3.9751515658539702,False
npm::p-cancelable,26,0.04924242424242424,3.9751515658539702,False
npm::object-path,25,0.04734848484848485,4.012891893836818,False
npm::esbuild,25,0.04734848484848485,4.012891893836818,False
npm::xmlhttprequest-ssl,25,0.04734848484848485,4.012891893836818,False
npm::base64-arraybuffer,25,0.04734848484848485,4.012891893836818,False
npm::globule,25,0.04734848484848485,4.012891893836818,False
npm::gaze,25,0.04734848484848485,4.012891893836818,False
npm::natural-compare-lite,25,0.04734848484848485,4.012891893836818,False
npm::detective,25,0.04734848484848485,4.012891893836818,False
npm::bson,25,0.04734848484848485,4.012891893836818,False
npm::set-function-length,25,0.04734848484848485,4.012891893836818,False
npm::react-transition-group,25,0.04734848484848485,4.012891893836818,False
npm::safe-array-concat,25,0.04734848484848485,4.012891893836818,False
npm::is-builtin-module,25,0.04734848484848485,4.012891893836818,False
npm::event-target-shim,25,0.04734848484848485,4.012891893836818,False
npm::@babel/helper-call-delegate,25,0.04734848484848485,4.012891893836818,False
npm::term-size,25,0.04734848484848485,4.012891893836818,False
npm::webpack-cli,24,0.045454545454545456,4.052112606990098,False
npm::@types/webpack,24,0.045454545454545456,4.052112606990098,False
npm::@types/uglify-js,24,0.045454545454545456,4.052112606990098,False
npm::pluralize,24,0.045454545454545456,4.052112606990098,False
gem::thread_safe,24,0.045454545454545456,4.052112606990098,False
gem::listen,24,0.045454545454545456,4.052112606990098,False
npm::es-get-iterator,24,0.045454545454545456,4.052112606990098,False
npm::@adobe/css-tools,24,0.045454545454545456,4.052112606990098,False
npm::@csstools/postcss-nested-calc,24,0.045454545454545456,4.052112606990098,False
npm::grapheme-splitter,24,0.045454545454545456,4.052112606990098,False
npm::@csstools/postcss-text-decoration-shorthand,24,0.045454545454545456,4.052112606990098,False
npm::pn,24,0.045454545454545456,4.052112606990098,False
npm::left-pad,24,0.045454545454545456,4.052112606990098,False
npm::@aashutoshrathi/word-wrap,24,0.045454545454545456,4.052112606990098,False
npm::@alloc/quick-lru,24,0.045454545454545456,4.052112606990098,False
npm::mongoose,24,0.045454545454545456,4.052112606990098,False
npm::eslint-plugin-prettier,24,0.045454545454545456,4.052112606990098,False
npm::prettier-linter-helpers,24,0.045454545454545456,4.052112606990098,False
npm::fast-diff,24,0.045454545454545456,4.052112606990098,False
npm::isomorphic-fetch,24,0.045454545454545456,4.052112606990098,False
npm::responselike,24,0.045454545454545456,4.052112606990098,False
npm::@sindresorhus/is,24,0.045454545454545456,4.052112606990098,False
npm::cacheable-request,24,0.045454545454545456,4.052112606990098,False
npm::clone-response,24,0.045454545454545456,4.052112606990098,False
npm::is-unicode-supported,23,0.043560606060606064,4.092934601510354,False
npm::@babel/plugin-transform-nullish-coalescing-operator,23,0.043560606060606064,4.092934601510354,False
npm::@babel/plugin-transform-unicode-property-regex,23,0.043560606060606064,4.092934601510354,False
npm::@babel/plugin-transform-optional-catch-binding,23,0.043560606060606064,4.092934601510354,False
npm::@babel/plugin-transform-json-strings,23,0.043560606060606064,4.092934601510354,False
npm::@babel/plugin-transform-unicode-sets-regex,23,0.043560606060606064,4.092934601510354,False
npm::@babel/plugin-transform-optional-chaining,23,0.043560606060606064,4.092934601510354,False
npm::@babel/plugin-transform-class-static-block,23,0.043560606060606064,4.092934601510354,False
npm::@babel/plugin-transform-logical-assignment-operators,23,0.043560606060606064,4.092934601510354,False
npm::@babel/plugin-transform-object-rest-spread,23,0.043560606060606064,4.092934601510354,False
npm::@babel/plugin-transform-private-methods,23,0.043560606060606064,4.092934601510354,False
npm::@babel/plugin-transform-dynamic-import,23,0.043560606060606064,4.092934601510354,False
npm::@babel/plugin-transform-async-generator-functions,23,0.043560606060606064,4.092934601510354,False
npm::@babel/plugin-transform-private-property-in-object,23,0.043560606060606064,4.092934601510354,False
npm::@babel/plugin-transform-export-namespace-from,23,0.043560606060606064,4.092934601510354,False
npm::copy-webpack-plugin,23,0.043560606060606064,4.092934601510354,False
npm::@babel/plugin-transform-class-properties,23,0.043560606060606064,4.092934601510354,False
npm::@babel/plugin-syntax-unicode-sets-regex,23,0.043560606060606064,4.092934601510354,False
npm::@babel/plugin-syntax-import-attributes,23,0.043560606060606064,4.092934601510354,False
npm::@babel/plugin-transform-numeric-separator,23,0.043560606060606064,4.092934601510354,False
npm::parseqs,23,0.043560606060606064,4.092934601510354,False
npm::parseuri,23,0.043560606060606064,4.092934601510354,False
npm::blob,23,0.043560606060606064,4.092934601510354,False
npm::async-foreach,23,0.043560606060606064,4.092934601510354,False
npm::has-cors,23,0.043560606060606064,4.092934601510354,False
npm::yeast,23,0.043560606060606064,4.092934601510354,False
npm::sass-graph,23,0.043560606060606064,4.092934601510354,False
npm::replace-ext,23,0.043560606060606064,4.092934601510354,False
npm::findup-sync,23,0.043560606060606064,4.092934601510354,False
npm::babel-register,23,0.043560606060606064,4.092934601510354,False
npm::home-or-tmp,23,0.043560606060606064,4.092934601510354,False
npm::buffer-crc32,23,0.043560606060606064,4.092934601510354,False
gem::ffi,23,0.043560606060606064,4.092934601510354,False
npm::busboy,23,0.043560606060606064,4.092934601510354,False
npm::realpath-native,23,0.043560606060606064,4.092934601510354,False
npm::sparse-bitfield,23,0.043560606060606064,4.092934601510354,False
npm::memory-pager,23,0.043560606060606064,4.092934601510354,False
npm::classnames,23,0.043560606060606064,4.092934601510354,False
npm::warning,23,0.043560606060606064,4.092934601510354,False
npm::mpath,23,0.043560606060606064,4.092934601510354,False
npm::mquery,23,0.043560606060606064,4.092934601510354,False
npm::basic-auth,23,0.043560606060606064,4.092934601510354,False
npm::kareem,23,0.043560606060606064,4.092934601510354,False
npm::lodash.isboolean,23,0.043560606060606064,4.092934601510354,False
npm::@babel/helper-builder-react-jsx,23,0.043560606060606064,4.092934601510354,False
npm::timed-out,23,0.043560606060606064,4.092934601510354,False
npm::@emotion/memoize,23,0.043560606060606064,4.092934601510354,False
npm::set-immediate-shim,23,0.043560606060606064,4.092934601510354,False
npm::resolve-pathname,23,0.043560606060606064,4.092934601510354,False
npm::value-equal,23,0.043560606060606064,4.092934601510354,False
npm::longest,23,0.043560606060606064,4.092934601510354,False
npm::tree-kill,22,0.041666666666666664,4.13549421592915,False
npm::default-require-extensions,22,0.041666666666666664,4.13549421592915,False
npm::es6-promise,22,0.041666666666666664,4.13549421592915,False
npm::scss-tokenizer,22,0.041666666666666664,4.13549421592915,False
npm::component-bind,22,0.041666666666666664,4.13549421592915,False
npm::to-array,22,0.041666666666666664,4.13549421592915,False
npm::arraybuffer.slice,22,0.041666666666666664,4.13549421592915,False
npm::after,22,0.041666666666666664,4.13549421592915,False
npm::xregexp,22,0.041666666666666664,4.13549421592915,False
npm::component-inherit,22,0.041666666666666664,4.13549421592915,False
npm::istanbul-lib-hook,22,0.041666666666666664,4.13549421592915,False
npm::append-transform,22,0.041666666666666664,4.13549421592915,False
npm::envinfo,22,0.041666666666666664,4.13549421592915,False
npm::babel-helpers,22,0.041666666666666664,4.13549421592915,False
gem::rb-fsevent,22,0.041666666666666664,4.13549421592915,False
npm::acorn-node,22,0.041666666666666664,4.13549421592915,False
npm::sift,22,0.041666666666666664,4.13549421592915,False
npm::date-fns,22,0.041666666666666664,4.13549421592915,False
npm::lodash.isnumber,22,0.041666666666666664,4.13549421592915,False
npm::lodash.includes,22,0.041666666666666664,4.13549421592915,False
npm::lodash.isinteger,22,0.041666666666666664,4.13549421592915,False
npm::fbjs,22,0.041666666666666664,4.13549421592915,False
npm::lodash.isequal,22,0.041666666666666664,4.13549421592915,False
npm::is-retry-allowed,22,0.041666666666666664,4.13549421592915,False
npm::@emotion/is-prop-valid,22,0.041666666666666664,4.13549421592915,False
npm::tiny-warning,22,0.041666666666666664,4.13549421592915,False
npm::tiny-invariant,22,0.041666666666666664,4.13549421592915,False
npm::undici-types,21,0.03977272727272727,4.179945978499983,False
npm::shelljs,21,0.03977272727272727,4.179945978499983,False
npm::true-case-path,21,0.03977272727272727,4.179945978499983,False
npm::stdout-stream,21,0.03977272727272727,4.179945978499983,False
npm::in-publish,21,0.03977272727272727,4.179945978499983,False
npm::babel-plugin-transform-es2015-modules-commonjs,21,0.03977272727272727,4.179945978499983,False
gem::rb-inotify,21,0.03977272727272727,4.179945978499983,False
gem::addressable,21,0.03977272727272727,4.179945978499983,False
npm::stop-iteration-iterator,21,0.03977272727272727,4.179945978499983,False
npm::typed-array-byte-offset,21,0.03977272727272727,4.179945978499983,False
npm::dequal,21,0.03977272727272727,4.179945978499983,False
npm::@types/react-transition-group,21,0.03977272727272727,4.179945978499983,False
npm::toposort,21,0.03977272727272727,4.179945978499983,False
gem::rake,21,0.03977272727272727,4.179945978499983,False
npm::@emotion/unitless,21,0.03977272727272727,4.179945978499983,False
npm::defer-to-connect,21,0.03977272727272727,4.179945978499983,False
npm::@szmarczak/http-timer,21,0.03977272727272727,4.179945978499983,False
npm::hoek,21,0.03977272727272727,4.179945978499983,False
npm::@esbuild/linux-loong64,20,0.03787878787878788,4.226465994134877,False
npm::has-binary2,20,0.03787878787878788,4.226465994134877,False
npm::make-error,20,0.03787878787878788,4.226465994134877,False
npm::buffer-alloc-unsafe,20,0.03787878787878788,4.226465994134877,False
npm::buffer-fill,20,0.03787878787878788,4.226465994134877,False
npm::buffer-alloc,20,0.03787878787878788,4.226465994134877,False
npm::detect-file,20,0.03787878787878788,4.226465994134877,False
npm::rollup-pluginutils,20,0.03787878787878788,4.226465994134877,False
npm::babel-plugin-transform-es2015-function-name,20,0.03787878787878788,4.226465994134877,False
npm::babel-plugin-transform-es2015-block-scoped-functions,20,0.03787878787878788,4.226465994134877,False
npm::babel-helper-get-function-arity,20,0.03787878787878788,4.226465994134877,False
npm::babel-plugin-transform-es2015-destructuring,20,0.03787878787878788,4.226465994134877,False
npm::babel-plugin-transform-es2015-spread,20,0.03787878787878788,4.226465994134877,False
npm::babel-plugin-transform-es2015-sticky-regex,20,0.03787878787878788,4.226465994134877,False
npm::babel-plugin-transform-es2015-parameters,20,0.03787878787878788,4.226465994134877,False
npm::babel-plugin-transform-es2015-unicode-regex,20,0.03787878787878788,4.226465994134877,False
npm::babel-plugin-transform-es2015-arrow-functions,20,0.03787878787878788,4.226465994134877,False
npm::babel-plugin-transform-es2015-for-of,20,0.03787878787878788,4.226465994134877,False
npm::babel-plugin-transform-es2015-literals,20,0.03787878787878788,4.226465994134877,False
npm::babel-helper-optimise-call-expression,20,0.03787878787878788,4.226465994134877,False
npm::babel-plugin-transform-regenerator,20,0.03787878787878788,4.226465994134877,False
npm::uglify-es,20,0.03787878787878788,4.226465994134877,False
npm::babel-plugin-transform-es2015-template-literals,20,0.03787878787878788,4.226465994134877,False
npm::babel-plugin-transform-strict-mode,20,0.03787878787878788,4.226465994134877,False
npm::babel-helper-function-name,20,0.03787878787878788,4.226465994134877,False
npm::babel-plugin-transform-es2015-computed-properties,20,0.03787878787878788,4.226465994134877,False
npm::babel-plugin-transform-es2015-object-super,20,0.03787878787878788,4.226465994134877,False
npm::babel-plugin-transform-es2015-shorthand-properties,20,0.03787878787878788,4.226465994134877,False
npm::babel-helper-regex,20,0.03787878787878788,4.226465994134877,False
npm::babel-helper-hoist-variables,20,0.03787878787878788,4.226465994134877,False
npm::babel-helper-call-delegate,20,0.03787878787878788,4.226465994134877,False
npm::babel-plugin-transform-es2015-block-scoping,20,0.03787878787878788,4.226465994134877,False
npm::babel-plugin-check-es2015-constants,20,0.03787878787878788,4.226465994134877,False
npm::babel-plugin-transform-es2015-classes,20,0.03787878787878788,4.226465994134877,False
npm::babel-helper-replace-supers,20,0.03787878787878788,4.226465994134877,False
npm::babel-helper-define-map,20,0.03787878787878788,4.226465994134877,False
gem::public_suffix,20,0.03787878787878788,4.226465994134877,False
npm::js-sdsl,20,0.03787878787878788,4.226465994134877,False
npm::@remix-run/router,20,0.03787878787878788,4.226465994134877,False
npm::p-reduce,20,0.03787878787878788,4.226465994134877,False
maven::junit/junit,20,0.03787878787878788,4.226465994134877,False
npm::typed-array-byte-length,20,0.03787878787878788,4.226465994134877,False
npm::arraybuffer.prototype.slice,20,0.03787878787878788,4.226465994134877,False
npm::typed-array-buffer,20,0.03787878787878788,4.226465994134877,False
npm::underscore,20,0.03787878787878788,4.226465994134877,False
npm::lodash.get,20,0.03787878787878788,4.226465994134877,False
npm::babel-plugin-syntax-jsx,20,0.03787878787878788,4.226465994134877,False
npm::klaw,20,0.03787878787878788,4.226465994134877,False
maven::org.springframework.boot/spring-boot-starter-data-jpa,20,0.03787878787878788,4.226465994134877,False
npm::abort-controller,20,0.03787878787878788,4.226465994134877,False
npm::clsx,20,0.03787878787878788,4.226465994134877,False
npm::to-readable-stream,20,0.03787878787878788,4.226465994134877,False
gem::thor,20,0.03787878787878788,4.226465994134877,False
npm::right-align,20,0.03787878787878788,4.226465994134877,False
npm::center-align,20,0.03787878787878788,4.226465994134877,False
npm::align-text,20,0.03787878787878788,4.226465994134877,False
npm::@esbuild/darwin-x64,19,0.03598484848484849,4.275256158304309,False
npm::@esbuild/win32-ia32,19,0.03598484848484849,4.275256158304309,False
npm::@esbuild/sunos-x64,19,0.03598484848484849,4.275256158304309,False
npm::@esbuild/linux-ia32,19,0.03598484848484849,4.275256158304309,False
npm::err-code,19,0.03598484848484849,4.275256158304309,False
npm::@esbuild/linux-mips64el,19,0.03598484848484849,4.275256158304309,False
npm::@esbuild/linux-arm,19,0.03598484848484849,4.275256158304309,False
npm::@esbuild/win32-x64,19,0.03598484848484849,4.275256158304309,False
npm::@esbuild/openbsd-x64,19,0.03598484848484849,4.275256158304309,False
npm::@esbuild/android-arm,19,0.03598484848484849,4.275256158304309,False
npm::@esbuild/linux-arm64,19,0.03598484848484849,4.275256158304309,False
npm::@esbuild/android-arm64,19,0.03598484848484849,4.275256158304309,False
npm::@esbuild/win32-arm64,19,0.03598484848484849,4.275256158304309,False
npm::@esbuild/netbsd-x64,19,0.03598484848484849,4.275256158304309,False
npm::npm-normalize-package-bin,19,0.03598484848484849,4.275256158304309,False
npm::@esbuild/android-x64,19,0.03598484848484849,4.275256158304309,False
npm::@esbuild/linux-riscv64,19,0.03598484848484849,4.275256158304309,False
npm::@esbuild/freebsd-x64,19,0.03598484848484849,4.275256158304309,False
npm::@esbuild/linux-s390x,19,0.03598484848484849,4.275256158304309,False
npm::@esbuild/darwin-arm64,19,0.03598484848484849,4.275256158304309,False
npm::@esbuild/freebsd-arm64,19,0.03598484848484849,4.275256158304309,False
npm::@esbuild/linux-ppc64,19,0.03598484848484849,4.275256158304309,False
npm::@esbuild/linux-x64,19,0.03598484848484849,4.275256158304309,False
npm::xml2js,19,0.03598484848484849,4.275256158304309,False
npm::istanbul-api,19,0.03598484848484849,4.275256158304309,False
npm::better-assert,19,0.03598484848484849,4.275256158304309,False
npm::object-component,19,0.03598484848484849,4.275256158304309,False
npm::fileset,19,0.03598484848484849,4.275256158304309,False
npm::callsite,19,0.03598484848484849,4.275256158304309,False
npm::validator,19,0.03598484848484849,4.275256158304309,False
gem::mini_portile2,19,0.03598484848484849,4.275256158304309,False
npm::saslprep,19,0.03598484848484849,4.275256158304309,False
npm::rx-lite,19,0.03598484848484849,4.275256158304309,False
npm::redux,19,0.03598484848484849,4.275256158304309,False
gem::activemodel,19,0.03598484848484849,4.275256158304309,False
gem::actionmailer,19,0.03598484848484849,4.275256158304309,False
gem::activerecord,19,0.03598484848484849,4.275256158304309,False
gem::mail,19,0.03598484848484849,4.275256158304309,False
gem::builder,19,0.03598484848484849,4.275256158304309,False
gem::actionpack,19,0.03598484848484849,4.275256158304309,False
npm::ast-types,19,0.03598484848484849,4.275256158304309,False
gem::rack,19,0.03598484848484849,4.275256158304309,False
gem::rails,19,0.03598484848484849,4.275256158304309,False
npm::js-levenshtein,19,0.03598484848484849,4.275256158304309,False
npm::uglify-to-browserify,19,0.03598484848484849,4.275256158304309,False
npm::foreground-child,18,0.03409090909090909,4.326549452691859,False
npm::is-interactive,18,0.03409090909090909,4.326549452691859,False
npm::path-scurry,18,0.03409090909090909,4.326549452691859,False
npm::jsonparse,18,0.03409090909090909,4.326549452691859,False
npm::@types/send,18,0.03409090909090909,4.326549452691859,False
npm::less,18,0.03409090909090909,4.326549452691859,False
npm::builtins,18,0.03409090909090909,4.326549452691859,False
npm::eastasianwidth,18,0.03409090909090909,4.326549452691859,False
npm::@types/http-errors,18,0.03409090909090909,4.326549452691859,False
npm::ts-node,18,0.03409090909090909,4.326549452691859,False
npm::rollup-plugin-babel,18,0.03409090909090909,4.326549452691859,False
npm::native-url,18,0.03409090909090909,4.326549452691859,False
npm::long,18,0.03409090909090909,4.326549452691859,False
npm::temp,18,0.03409090909090909,4.326549452691859,False
composer::phpunit/phpunit,18,0.03409090909090909,4.326549452691859,False
npm::popper.js,18,0.03409090909090909,4.326549452691859,False
npm::shallowequal,18,0.03409090909090909,4.326549452691859,False
npm::stylis,18,0.03409090909090909,4.326549452691859,False
gem::railties,18,0.03409090909090909,4.326549452691859,False
gem::rack-test,18,0.03409090909090909,4.326549452691859,False
npm::simple-update-notifier,18,0.03409090909090909,4.326549452691859,False
npm::humanize-ms,17,0.032196969696969696,4.380616673962135,False
npm::socks-proxy-agent,17,0.032196969696969696,4.380616673962135,False
npm::@npmcli/fs,17,0.032196969696969696,4.380616673962135,False
npm::@types/cors,17,0.032196969696969696,4.380616673962135,False
npm::reflect-metadata,17,0.032196969696969696,4.380616673962135,False
npm::agentkeepalive,17,0.032196969696969696,4.380616673962135,False
npm::es6-weak-map,17,0.032196969696969696,4.380616673962135,False
npm::is-relative,17,0.032196969696969696,4.380616673962135,False
npm::is-absolute,17,0.032196969696969696,4.380616673962135,False
npm::babel-plugin-transform-es2015-modules-systemjs,17,0.032196969696969696,4.380616673962135,False
npm::babel-plugin-transform-es2015-modules-umd,17,0.032196969696969696,4.380616673962135,False
npm::babel-plugin-transform-es2015-typeof-symbol,17,0.032196969696969696,4.380616673962135,False
npm::babel-plugin-transform-es2015-duplicate-keys,17,0.032196969696969696,4.380616673962135,False
npm::babel-plugin-transform-es2015-modules-amd,17,0.032196969696969696,4.380616673962135,False
npm::circular-json,17,0.032196969696969696,4.380616673962135,False
gem::rubyzip,17,0.032196969696969696,4.380616673962135,False
gem::sass-listen,17,0.032196969696969696,4.380616673962135,False
npm::levenary,17,0.032196969696969696,4.380616673962135,False
npm::merge-deep,17,0.032196969696969696,4.380616673962135,False
maven::org.apache.maven.plugins/maven-compiler-plugin,17,0.032196969696969696,4.380616673962135,False
npm::is-generator-function,17,0.032196969696969696,4.380616673962135,False
npm::babel-preset-fbjs,17,0.032196969696969696,4.380616673962135,False
npm::@babel/register,17,0.032196969696969696,4.380616673962135,False
maven::org.projectlombok/lombok,17,0.032196969696969696,4.380616673962135,False
npm::lodash.truncate,17,0.032196969696969696,4.380616673962135,False
npm::react-redux,17,0.032196969696969696,4.380616673962135,False
npm::html-tags,17,0.032196969696969696,4.380616673962135,False
npm::vue,17,0.032196969696969696,4.380616673962135,False
npm::merge-source-map,17,0.032196969696969696,4.380616673962135,False
npm::tar-stream,17,0.032196969696969696,4.380616673962135,False
npm::is-redirect,17,0.032196969696969696,4.380616673962135,False
npm::@emotion/hash,17,0.032196969696969696,4.380616673962135,False
npm::is-yarn-global,17,0.032196969696969696,4.380616673962135,False
npm::has-yarn,17,0.032196969696969696,4.380616673962135,False
gem::sprockets,17,0.032196969696969696,4.380616673962135,False
npm::css-unit-converter,17,0.032196969696969696,4.380616673962135,False
npm::validate-npm-package-name,16,0.030303030303030304,4.437775087802083,False
npm::promise-retry,16,0.030303030303030304,4.437775087802083,False
npm::jackspeak,16,0.030303030303030304,4.437775087802083,False
npm::wildcard,16,0.030303030303030304,4.437775087802083,False
npm::make-fetch-happen,16,0.030303030303030304,4.437775087802083,False
npm::rfdc,16,0.030303030303030304,4.437775087802083,False
npm::immediate,16,0.030303030303030304,4.437775087802083,False
npm::yn,16,0.030303030303030304,4.437775087802083,False
npm::clone-stats,16,0.030303030303030304,4.437775087802083,False
npm::array-slice,16,0.030303030303030304,4.437775087802083,False
npm::event-emitter,16,0.030303030303030304,4.437775087802083,False
npm::vinyl,16,0.030303030303030304,4.437775087802083,False
npm::fancy-log,16,0.030303030303030304,4.437775087802083,False
npm::math-random,16,0.030303030303030304,4.437775087802083,False
pub::test_api,16,0.030303030303030304,4.437775087802083,False
pub::cupertino_icons,16,0.030303030303030304,4.437775087802083,False
pub::stack_trace,16,0.030303030303030304,4.437775087802083,False
pub::vector_math,16,0.030303030303030304,4.437775087802083,False
pub::collection,16,0.030303030303030304,4.437775087802083,False
pub::matcher,16,0.030303030303030304,4.437775087802083,False
pub::string_scanner,16,0.030303030303030304,4.437775087802083,False
pub::term_glyph,16,0.030303030303030304,4.437775087802083,False
pub::async,16,0.030303030303030304,4.437775087802083,False
pub::path,16,0.030303030303030304,4.437775087802083,False
pub::source_span,16,0.030303030303030304,4.437775087802083,False
pub::boolean_selector,16,0.030303030303030304,4.437775087802083,False
pub::meta,16,0.030303030303030304,4.437775087802083,False
pub::stream_channel,16,0.030303030303030304,4.437775087802083,False
npm::@types/eslint-visitor-keys,16,0.030303030303030304,4.437775087802083,False
npm::@ungap/structured-clone,16,0.030303030303030304,4.437775087802083,False
npm::react-icons,16,0.030303030303030304,4.437775087802083,False
npm::babel-plugin-syntax-async-functions,16,0.030303030303030304,4.437775087802083,False
npm::babel-plugin-transform-async-to-generator,16,0.030303030303030304,4.437775087802083,False
npm::plist,16,0.030303030303030304,4.437775087802083,False
npm::big-integer,16,0.030303030303030304,4.437775087802083,False
npm::babel-helper-remap-async-to-generator,16,0.030303030303030304,4.437775087802083,False
composer::psr/log,16,0.030303030303030304,4.437775087802083,False
npm::svg-tags,16,0.030303030303030304,4.437775087802083,False
npm::vue-style-loader,16,0.030303030303030304,4.437775087802083,False
npm::unzip-response,16,0.030303030303030304,4.437775087802083,False
npm::capture-stack-trace,16,0.030303030303030304,4.437775087802083,False
npm::create-error-class,16,0.030303030303030304,4.437775087802083,False
npm::joi,16,0.030303030303030304,4.437775087802083,False
npm::escape-goat,16,0.030303030303030304,4.437775087802083,False
npm::pupa,16,0.030303030303030304,4.437775087802083,False
npm::mini-create-react-context,16,0.030303030303030304,4.437775087802083,False
npm::sntp,16,0.030303030303030304,4.437775087802083,False
npm::boom,16,0.030303030303030304,4.437775087802083,False
npm::stringstream,16,0.030303030303030304,4.437775087802083,False
npm::hawk,16,0.030303030303030304,4.437775087802083,False
npm::cryptiles,16,0.030303030303030304,4.437775087802083,False
npm::@angular/common,15,0.028409090909090908,4.498399709618518,False
npm::parse-node-version,15,0.028409090909090908,4.498399709618518,False
npm::void-elements,15,0.028409090909090908,4.498399709618518,False
npm::@isaacs/cliui,15,0.028409090909090908,4.498399709618518,False
npm::@angular/platform-browser,15,0.028409090909090908,4.498399709618518,False
npm::zone.js,15,0.028409090909090908,4.498399709618518,False
npm::@angular/forms,15,0.028409090909090908,4.498399709618518,False
npm::jasmine-core,15,0.028409090909090908,4.498399709618518,False
npm::npm-package-arg,15,0.028409090909090908,4.498399709618518,False
npm::@angular/router,15,0.028409090909090908,4.498399709618518,False
npm::@angular/platform-browser-dynamic,15,0.028409090909090908,4.498399709618518,False
npm::@angular/compiler,15,0.028409090909090908,4.498399709618518,False
npm::@angular/core,15,0.028409090909090908,4.498399709618518,False
npm::@discoveryjs/json-ext,15,0.028409090909090908,4.498399709618518,False
npm::@pkgjs/parseargs,15,0.028409090909090908,4.498399709618518,False
npm::is-unc-path,15,0.028409090909090908,4.498399709618518,False
npm::unc-path-regex,15,0.028409090909090908,4.498399709618518,False
npm::flat,15,0.028409090909090908,4.498399709618518,False
npm::@types/events,15,0.028409090909090908,4.498399709618518,False
npm::uglifyjs-webpack-plugin,15,0.028409090909090908,4.498399709618518,False
npm::charenc,15,0.028409090909090908,4.498399709618518,False
npm::require-uncached,15,0.028409090909090908,4.498399709618518,False
npm::crypt,15,0.028409090909090908,4.498399709618518,False
npm::fd-slicer,15,0.028409090909090908,4.498399709618518,False
npm::pend,15,0.028409090909090908,4.498399709618518,False
npm::yauzl,15,0.028409090909090908,4.498399709618518,False
pub::clock,15,0.028409090909090908,4.498399709618518,False
pub::fake_async,15,0.028409090909090908,4.498399709618518,False
pub::characters,15,0.028409090909090908,4.498399709618518,False
gem::zeitwerk,15,0.028409090909090908,4.498399709618518,False
gem::rouge,15,0.028409090909090908,4.498399709618518,False
gem::github-pages,15,0.028409090909090908,4.498399709618518,False
npm::@types/whatwg-url,15,0.028409090909090908,4.498399709618518,False
npm::react-lifecycles-compat,15,0.028409090909090908,4.498399709618518,False
npm::set-function-name,15,0.028409090909090908,4.498399709618518,False
npm::mocha,15,0.028409090909090908,4.498399709618518,False
npm::lodash.defaults,15,0.028409090909090908,4.498399709618518,False
npm::babel-helper-builder-binary-assignment-operator-visitor,15,0.028409090909090908,4.498399709618518,False
npm::errorhandler,15,0.028409090909090908,4.498399709618518,False
npm::babel-plugin-transform-exponentiation-operator,15,0.028409090909090908,4.498399709618518,False
npm::xmldom,15,0.028409090909090908,4.498399709618518,False
npm::watch,15,0.028409090909090908,4.498399709618518,False
npm::merge,15,0.028409090909090908,4.498399709618518,False
npm::stacktrace-parser,15,0.028409090909090908,4.498399709618518,False
npm::rx-lite-aggregates,15,0.028409090909090908,4.498399709618518,False
npm::babel-plugin-syntax-exponentiation-operator,15,0.028409090909090908,4.498399709618518,False
npm::babel-helper-explode-assignable-expression,15,0.028409090909090908,4.498399709618518,False
npm::react-test-renderer,15,0.028409090909090908,4.498399709618518,False
composer::symfony/polyfill-mbstring,15,0.028409090909090908,4.498399709618518,False
npm::opener,15,0.028409090909090908,4.498399709618518,False
npm::hash-sum,15,0.028409090909090908,4.498399709618518,False
gem::jbuilder,15,0.028409090909090908,4.498399709618518,False
npm::duplexer2,15,0.028409090909090908,4.498399709618518,False
npm::dateformat,15,0.028409090909090908,4.498399709618518,False
npm::recast,15,0.028409090909090908,4.498399709618518,False
npm::find-root,15,0.028409090909090908,4.498399709618518,False
npm::bcryptjs,15,0.028409090909090908,4.498399709618518,False
gem::sass-rails,15,0.028409090909090908,4.498399709618518,False
gem::tilt,15,0.028409090909090908,4.498399709618518,False
npm::json-loader,15,0.028409090909090908,4.498399709618518,False
npm::env-paths,14,0.026515151515151516,4.562938230756089,False
npm::@angular-devkit/core,14,0.026515151515151516,4.562938230756089,False
npm::@types/jasmine,14,0.026515151515151516,4.562938230756089,False
npm::@angular-devkit/schematics,14,0.026515151515151516,4.562938230756089,False
npm::@angular/cli,14,0.026515151515151516,4.562938230756089,False
npm::karma,14,0.026515151515151516,4.562938230756089,False
npm::npm-registry-fetch,14,0.026515151515151516,4.562938230756089,False
npm::@types/cookie,14,0.026515151515151516,4.562938230756089,False
npm::karma-chrome-launcher,14,0.026515151515151516,4.562938230756089,False
npm::karma-jasmine,14,0.026515151515151516,4.562938230756089,False
npm::@angular/compiler-cli,14,0.026515151515151516,4.562938230756089,False
pypi::requests,14,0.026515151515151516,4.562938230756089,False
npm::es6-promisify,14,0.026515151515151516,4.562938230756089,False
npm::compare-versions,14,0.026515151515151516,4.562938230756089,False
npm::lodash.tail,14,0.026515151515151516,4.562938230756089,False
npm::path-root-regex,14,0.026515151515151516,4.562938230756089,False
npm::server-destroy,14,0.026515151515151516,4.562938230756089,False
npm::path-root,14,0.026515151515151516,4.562938230756089,False
npm::v8flags,14,0.026515151515151516,4.562938230756089,False
npm::parse-filepath,14,0.026515151515151516,4.562938230756089,False
npm::stack-trace,14,0.026515151515151516,4.562938230756089,False
npm::@types/color-name,14,0.026515151515151516,4.562938230756089,False
npm::@types/anymatch,14,0.026515151515151516,4.562938230756089,False
npm::string.prototype.trimleft,14,0.026515151515151516,4.562938230756089,False
npm::string.prototype.trimright,14,0.026515151515151516,4.562938230756089,False
npm::babel-plugin-transform-class-properties,14,0.026515151515151516,4.562938230756089,False
npm::babel-plugin-syntax-class-properties,14,0.026515151515151516,4.562938230756089,False
npm::md5,14,0.026515151515151516,4.562938230756089,False
npm::min-document,14,0.026515151515151516,4.562938230756089,False
npm::file-type,14,0.026515151515151516,4.562938230756089,False
npm::dom-walk,14,0.026515151515151516,4.562938230756089,False
npm::@mapbox/node-pre-gyp,14,0.026515151515151516,4.562938230756089,False
npm::global,14,0.026515151515151516,4.562938230756089,False
npm::cheerio,14,0.026515151515151516,4.562938230756089,False
gem::pathutil,14,0.026515151515151516,4.562938230756089,False
gem::jekyll,14,0.026515151515151516,4.562938230756089,False
gem::terminal-table,14,0.026515151515151516,4.562938230756089,False
gem::colorator,14,0.026515151515151516,4.562938230756089,False
gem::forwardable-extended,14,0.026515151515151516,4.562938230756089,False
gem::liquid,14,0.026515151515151516,4.562938230756089,False
gem::kramdown,14,0.026515151515151516,4.562938230756089,False
gem::unicode-display_width,14,0.026515151515151516,4.562938230756089,False
gem::jekyll-watch,14,0.026515151515151516,4.562938230756089,False
gem::safe_yaml,14,0.026515151515151516,4.562938230756089,False
gem::mercenary,14,0.026515151515151516,4.562938230756089,False
gem::jekyll-sass-converter,14,0.026515151515151516,4.562938230756089,False
npm::jest-environment-jsdom-fourteen,14,0.026515151515151516,4.562938230756089,False
npm::@types/webidl-conversions,14,0.026515151515151516,4.562938230756089,False
npm::mongodb-connection-string-url,14,0.026515151515151516,4.562938230756089,False
npm::es-iterator-helpers,14,0.026515151515151516,4.562938230756089,False
npm::is-finalizationregistry,14,0.026515151515151516,4.562938230756089,False
npm::reflect.getprototypeof,14,0.026515151515151516,4.562938230756089,False
npm::is-async-function,14,0.026515151515151516,4.562938230756089,False
npm::which-builtin-type,14,0.026515151515151516,4.562938230756089,False
npm::iterator.prototype,14,0.026515151515151516,4.562938230756089,False
npm::multer,14,0.026515151515151516,4.562938230756089,False
npm::cookie-parser,14,0.026515151515151516,4.562938230756089,False
npm::p-timeout,14,0.026515151515151516,4.562938230756089,False
npm::denque,14,0.026515151515151516,4.562938230756089,False
npm::bplist-parser,14,0.026515151515151516,4.562938230756089,False
npm::react-native,14,0.026515151515151516,4.562938230756089,False
npm::arch,14,0.026515151515151516,4.562938230756089,False
npm::react-devtools-core,14,0.026515151515151516,4.562938230756089,False
composer::symfony/finder,14,0.026515151515151516,4.562938230756089,False
composer::laravel/framework,14,0.026515151515151516,4.562938230756089,False
composer::symfony/console,14,0.026515151515151516,4.562938230756089,False
npm::vue-template-compiler,14,0.026515151515151516,4.562938230756089,False
npm::vue-loader,14,0.026515151515151516,4.562938230756089,False
gem::actionview,14,0.026515151515151516,4.562938230756089,False
npm::dayjs,14,0.026515151515151516,4.562938230756089,False
npm::nullthrows,14,0.026515151515151516,4.562938230756089,False
npm::reselect,14,0.026515151515151516,4.562938230756089,False
npm::@emotion/react,14,0.026515151515151516,4.562938230756089,False
gem::coffee-rails,14,0.026515151515151516,4.562938230756089,False
gem::uglifier,14,0.026515151515151516,4.562938230756089,False
gem::arel,14,0.026515151515151516,4.562938230756089,False
gem::sprockets-rails,14,0.026515151515151516,4.562938230756089,False
npm::hyphenate-style-name,14,0.026515151515151516,4.562938230756089,False
npm::lodash.keys,14,0.026515151515151516,4.562938230756089,False
npm::lodash.isarguments,14,0.026515151515151516,4.562938230756089,False
npm::reduce-css-calc,14,0.026515151515151516,4.562938230756089,False
npm::npm-pick-manifest,13,0.02462121212121212,4.6319311022430405,False
npm::@yarnpkg/lockfile,13,0.02462121212121212,4.6319311022430405,False
npm::isbinaryfile,13,0.02462121212121212,4.6319311022430405,False
npm::karma-jasmine-html-reporter,13,0.02462121212121212,4.6319311022430405,False
npm::pacote,13,0.02462121212121212,4.6319311022430405,False
npm::less-loader,13,0.02462121212121212,4.6319311022430405,False
npm::dependency-graph,13,0.02462121212121212,4.6319311022430405,False
npm::glob-stream,13,0.02462121212121212,4.6319311022430405,False
npm::vinyl-fs,13,0.02462121212121212,4.6319311022430405,False
npm::ansi-wrap,13,0.02462121212121212,4.6319311022430405,False
npm::ansi-gray,13,0.02462121212121212,4.6319311022430405,False
npm::ordered-read-streams,13,0.02462121212121212,4.6319311022430405,False
npm::unique-stream,13,0.02462121212121212,4.6319311022430405,False
npm::fs-readdir-recursive,13,0.02462121212121212,4.6319311022430405,False
gem::em-websocket,13,0.02462121212121212,4.6319311022430405,False
gem::ethon,13,0.02462121212121212,4.6319311022430405,False
gem::multipart-post,13,0.02462121212121212,4.6319311022430405,False
gem::unf,13,0.02462121212121212,4.6319311022430405,False
gem::http_parser.rb,13,0.02462121212121212,4.6319311022430405,False
gem::faraday,13,0.02462121212121212,4.6319311022430405,False
gem::typhoeus,13,0.02462121212121212,4.6319311022430405,False
gem::jekyll-seo-tag,13,0.02462121212121212,4.6319311022430405,False
gem::unf_ext,13,0.02462121212121212,4.6319311022430405,False
gem::jekyll-sitemap,13,0.02462121212121212,4.6319311022430405,False
gem::rexml,13,0.02462121212121212,4.6319311022430405,False
gem::jekyll-paginate,13,0.02462121212121212,4.6319311022430405,False
gem::eventmachine,13,0.02462121212121212,4.6319311022430405,False
npm::@swc/helpers,13,0.02462121212121212,4.6319311022430405,False
npm::trim-repeated,13,0.02462121212121212,4.6319311022430405,False
npm::strip-outer,13,0.02462121212121212,4.6319311022430405,False
npm::filenamify,13,0.02462121212121212,4.6319311022430405,False
npm::filename-reserved-regex,13,0.02462121212121212,4.6319311022430405,False
maven::mysql/mysql-connector-java,13,0.02462121212121212,4.6319311022430405,False
npm::array.prototype.findlastindex,13,0.02462121212121212,4.6319311022430405,False
npm::object.groupby,13,0.02462121212121212,4.6319311022430405,False
gem::racc,13,0.02462121212121212,4.6319311022430405,False
npm::options,13,0.02462121212121212,4.6319311022430405,False
npm::lodash.throttle,13,0.02462121212121212,4.6319311022430405,False
npm::stream-buffers,13,0.02462121212121212,4.6319311022430405,False
npm::denodeify,13,0.02462121212121212,4.6319311022430405,False
composer::sebastian/recursion-context,13,0.02462121212121212,4.6319311022430405,False
composer::symfony/translation,13,0.02462121212121212,4.6319311022430405,False
composer::phpunit/php-timer,13,0.02462121212121212,4.6319311022430405,False
composer::mockery/mockery,13,0.02462121212121212,4.6319311022430405,False
composer::phpunit/php-code-coverage,13,0.02462121212121212,4.6319311022430405,False
composer::sebastian/environment,13,0.02462121212121212,4.6319311022430405,False
composer::symfony/var-dumper,13,0.02462121212121212,4.6319311022430405,False
composer::sebastian/exporter,13,0.02462121212121212,4.6319311022430405,False
composer::symfony/process,13,0.02462121212121212,4.6319311022430405,False
composer::doctrine/inflector,13,0.02462121212121212,4.6319311022430405,False
composer::symfony/event-dispatcher,13,0.02462121212121212,4.6319311022430405,False
composer::sebastian/version,13,0.02462121212121212,4.6319311022430405,False
composer::nesbot/carbon,13,0.02462121212121212,4.6319311022430405,False
composer::sebastian/diff,13,0.02462121212121212,4.6319311022430405,False
composer::psr/http-message,13,0.02462121212121212,4.6319311022430405,False
composer::phpunit/php-text-template,13,0.02462121212121212,4.6319311022430405,False
composer::phpunit/php-file-iterator,13,0.02462121212121212,4.6319311022430405,False
composer::psy/psysh,13,0.02462121212121212,4.6319311022430405,False
composer::symfony/css-selector,13,0.02462121212121212,4.6319311022430405,False
composer::nikic/php-parser,13,0.02462121212121212,4.6319311022430405,False
composer::sebastian/global-state,13,0.02462121212121212,4.6319311022430405,False
composer::sebastian/comparator,13,0.02462121212121212,4.6319311022430405,False
composer::league/flysystem,13,0.02462121212121212,4.6319311022430405,False
npm::command-exists,13,0.02462121212121212,4.6319311022430405,False
npm::de-indent,13,0.02462121212121212,4.6319311022430405,False
npm::vue-template-es2015-compiler,13,0.02462121212121212,4.6319311022430405,False
npm::webpack-bundle-analyzer,13,0.02462121212121212,4.6319311022430405,False
npm::consolidate,13,0.02462121212121212,4.6319311022430405,False
npm::vue-hot-reload-api,13,0.02462121212121212,4.6319311022430405,False
gem::method_source,13,0.02462121212121212,4.6319311022430405,False
gem::activejob,13,0.02462121212121212,4.6319311022430405,False
gem::globalid,13,0.02462121212121212,4.6319311022430405,False
npm::@gar/promisify,13,0.02462121212121212,4.6319311022430405,False
gem::loofah,13,0.02462121212121212,4.6319311022430405,False
npm::array-differ,13,0.02462121212121212,4.6319311022430405,False
npm::fs-constants,13,0.02462121212121212,4.6319311022430405,False
npm::@protobufjs/path,13,0.02462121212121212,4.6319311022430405,False
npm::@emotion/utils,13,0.02462121212121212,4.6319311022430405,False
npm::@protobufjs/pool,13,0.02462121212121212,4.6319311022430405,False
npm::@protobufjs/aspromise,13,0.02462121212121212,4.6319311022430405,False
npm::@protobufjs/base64,13,0.02462121212121212,4.6319311022430405,False
npm::@protobufjs/eventemitter,13,0.02462121212121212,4.6319311022430405,False
npm::@protobufjs/float,13,0.02462121212121212,4.6319311022430405,False
npm::@emotion/serialize,13,0.02462121212121212,4.6319311022430405,False
npm::@emotion/sheet,13,0.02462121212121212,4.6319311022430405,False
npm::@emotion/babel-plugin,13,0.02462121212121212,4.6319311022430405,False
npm::@emotion/weak-memoize,13,0.02462121212121212,4.6319311022430405,False
npm::@emotion/styled,13,0.02462121212121212,4.6319311022430405,False
npm::@protobufjs/codegen,13,0.02462121212121212,4.6319311022430405,False
npm::@protobufjs/fetch,13,0.02462121212121212,4.6319311022430405,False
npm::@emotion/cache,13,0.02462121212121212,4.6319311022430405,False
npm::@protobufjs/utf8,13,0.02462121212121212,4.6319311022430405,False
npm::@protobufjs/inquire,13,0.02462121212121212,4.6319311022430405,False
npm::regexp-tree,13,0.02462121212121212,4.6319311022430405,False
npm::cli-truncate,13,0.02462121212121212,4.6319311022430405,False
gem::mime-types,13,0.02462121212121212,4.6319311022430405,False
npm::babel-preset-env,13,0.02462121212121212,4.6319311022430405,False
npm::lodash.isarray,13,0.02462121212121212,4.6319311022430405,False
npm::graphql,13,0.02462121212121212,4.6319311022430405,False
npm::es6-map,13,0.02462121212121212,4.6319311022430405,False
npm::es6-set,13,0.02462121212121212,4.6319311022430405,False
npm::license-webpack-plugin,12,0.022727272727272728,4.706039074396763,False
npm::log4js,12,0.022727272727272728,4.706039074396763,False
npm::karma-source-map-support,12,0.022727272727272728,4.706039074396763,False
npm::ent,12,0.022727272727272728,4.706039074396763,False
npm::@angular-devkit/architect,12,0.022727272727272728,4.706039074396763,False
npm::@angular-devkit/build-webpack,12,0.022727272727272728,4.706039074396763,False
npm::@ngtools/webpack,12,0.022727272727272728,4.706039074396763,False
npm::@angular-devkit/build-angular,12,0.022727272727272728,4.706039074396763,False
npm::di,12,0.022727272727272728,4.706039074396763,False
npm::webpack-subresource-integrity,12,0.022727272727272728,4.706039074396763,False
npm::@schematics/angular,12,0.022727272727272728,4.706039074396763,False
pypi::flask,12,0.022727272727272728,4.706039074396763,False
npm::stylus,12,0.022727272727272728,4.706039074396763,False
npm::lie,12,0.022727272727272728,4.706039074396763,False
pypi::six,12,0.022727272727272728,4.706039074396763,False
npm::glogg,12,0.022727272727272728,4.706039074396763,False
npm::gulp,12,0.022727272727272728,4.706039074396763,False
npm::array-each,12,0.022727272727272728,4.706039074396763,False
npm::gulplog,12,0.022727272727272728,4.706039074396763,False
npm::sparkles,12,0.022727272727272728,4.706039074396763,False
npm::fastest-levenshtein,12,0.022727272727272728,4.706039074396763,False
npm::fined,12,0.022727272727272728,4.706039074396763,False
npm::flagged-respawn,12,0.022727272727272728,4.706039074396763,False
npm::lazystream,12,0.022727272727272728,4.706039074396763,False
npm::object.defaults,12,0.022727272727272728,4.706039074396763,False
npm::babel-plugin-transform-flow-strip-types,12,0.022727272727272728,4.706039074396763,False
npm::babel-plugin-syntax-flow,12,0.022727272727272728,4.706039074396763,False
npm::parse5-htmlparser2-tree-adapter,12,0.022727272727272728,4.706039074396763,False
pub::flutter_lints,12,0.022727272727272728,4.706039074396763,False
pub::material_color_utilities,12,0.022727272727272728,4.706039074396763,False
gem::minima,12,0.022727272727272728,4.706039074396763,False
gem::jekyll-theme-merlot,12,0.022727272727272728,4.706039074396763,False
gem::jekyll-theme-cayman,12,0.022727272727272728,4.706039074396763,False
gem::jekyll-theme-midnight,12,0.022727272727272728,4.706039074396763,False
gem::jekyll-commonmark-ghpages,12,0.022727272727272728,4.706039074396763,False
gem::dnsruby,12,0.022727272727272728,4.706039074396763,False
gem::jekyll-theme-slate,12,0.022727272727272728,4.706039074396763,False
gem::jekyll-redirect-from,12,0.022727272727272728,4.706039074396763,False
gem::jekyll-theme-tactile,12,0.022727272727272728,4.706039074396763,False
gem::jekyll-titles-from-headings,12,0.022727272727272728,4.706039074396763,False
gem::jekyll-coffeescript,12,0.022727272727272728,4.706039074396763,False
gem::jekyll-swiss,12,0.022727272727272728,4.706039074396763,False
gem::jekyll-default-layout,12,0.022727272727272728,4.706039074396763,False
gem::jekyll-theme-architect,12,0.022727272727272728,4.706039074396763,False
gem::jekyll-remote-theme,12,0.022727272727272728,4.706039074396763,False
gem::jekyll-relative-links,12,0.022727272727272728,4.706039074396763,False
gem::jekyll-feed,12,0.022727272727272728,4.706039074396763,False
gem::jekyll-theme-leap-day,12,0.022727272727272728,4.706039074396763,False
gem::jekyll-avatar,12,0.022727272727272728,4.706039074396763,False
gem::html-pipeline,12,0.022727272727272728,4.706039074396763,False
gem::jekyll-theme-modernist,12,0.022727272727272728,4.706039074396763,False
gem::jekyll-github-metadata,12,0.022727272727272728,4.706039074396763,False
gem::jekyll-theme-hacker,12,0.022727272727272728,4.706039074396763,False
gem::jekyll-theme-minimal,12,0.022727272727272728,4.706039074396763,False
gem::jekyll-readme-index,12,0.022727272727272728,4.706039074396763,False
gem::sawyer,12,0.022727272727272728,4.706039074396763,False
gem::gemoji,12,0.022727272727272728,4.706039074396763,False
gem::jekyll-mentions,12,0.022727272727272728,4.706039074396763,False
gem::jemoji,12,0.022727272727272728,4.706039074396763,False
gem::jekyll-theme-dinky,12,0.022727272727272728,4.706039074396763,False
gem::jekyll-theme-time-machine,12,0.022727272727272728,4.706039074396763,False
gem::github-pages-health-check,12,0.022727272727272728,4.706039074396763,False
gem::jekyll-optional-front-matter,12,0.022727272727272728,4.706039074396763,False
gem::jekyll-gist,12,0.022727272727272728,4.706039074396763,False
gem::jekyll-theme-primer,12,0.022727272727272728,4.706039074396763,False
gem::jekyll-commonmark,12,0.022727272727272728,4.706039074396763,False
gem::commonmarker,12,0.022727272727272728,4.706039074396763,False
gem::octokit,12,0.022727272727272728,4.706039074396763,False
npm::es-errors,12,0.022727272727272728,4.706039074396763,False
npm::dezalgo,12,0.022727272727272728,4.706039074396763,False
npm::fast-safe-stringify,12,0.022727272727272728,4.706039074396763,False
npm::bcrypt,12,0.022727272727272728,4.706039074396763,False
npm::cookiejar,12,0.022727272727272728,4.706039074396763,False
npm::cli-table3,12,0.022727272727272728,4.706039074396763,False
npm::formidable,12,0.022727272727272728,4.706039074396763,False
npm::chai,12,0.022727272727272728,4.706039074396763,False
npm::bplist-creator,12,0.022727272727272728,4.706039074396763,False
npm::xcode,12,0.022727272727272728,4.706039074396763,False
npm::absolute-path,12,0.022727272727272728,4.706039074396763,False
npm::serialize-error,12,0.022727272727272728,4.706039074396763,False
npm::xmldoc,12,0.022727272727272728,4.706039074396763,False
npm::simple-plist,12,0.022727272727272728,4.706039074396763,False
npm::babel-plugin-syntax-dynamic-import,12,0.022727272727272728,4.706039074396763,False
composer::symfony/http-kernel,12,0.022727272727272728,4.706039074396763,False
composer::symfony/http-foundation,12,0.022727272727272728,4.706039074396763,False
composer::guzzlehttp/psr7,12,0.022727272727272728,4.706039074396763,False
composer::symfony/routing,12,0.022727272727272728,4.706039074396763,False
composer::hamcrest/hamcrest-php,12,0.022727272727272728,4.706039074396763,False
composer::vlucas/phpdotenv,12,0.022727272727272728,4.706039074396763,False
composer::symfony/polyfill-ctype,12,0.022727272727272728,4.706039074396763,False
composer::monolog/monolog,12,0.022727272727272728,4.706039074396763,False
pypi::pytz,12,0.022727272727272728,4.706039074396763,False
npm::cross-fetch,12,0.022727272727272728,4.706039074396763,False
npm::camelize,12,0.022727272727272728,4.706039074396763,False
npm::styled-components,12,0.022727272727272728,4.706039074396763,False
npm::css-to-react-native,12,0.022727272727272728,4.706039074396763,False
npm::css-color-keywords,12,0.022727272727272728,4.706039074396763,False
npm::redux-thunk,12,0.022727272727272728,4.706039074396763,False
npm::log-update,12,0.022727272727272728,4.706039074396763,False
gem::pg,12,0.022727272727272728,4.706039074396763,False
gem::multi_json,12,0.022727272727272728,4.706039074396763,False
gem::rails-dom-testing,12,0.022727272727272728,4.706039074396763,False
gem::rails-html-sanitizer,12,0.022727272727272728,4.706039074396763,False
npm::react-fast-compare,12,0.022727272727272728,4.706039074396763,False
npm::lodash._getnative,12,0.022727272727272728,4.706039074396763,False
npm::bignumber.js,12,0.022727272727272728,4.706039074396763,False
npm::clap,12,0.022727272727272728,4.706039074396763,False
npm::caniuse-db,12,0.022727272727272728,4.706039074396763,False
npm::uid-number,12,0.022727272727272728,4.706039074396763,False
npm::whet.extend,12,0.022727272727272728,4.706039074396763,False
pypi::numpy,12,0.022727272727272728,4.706039074396763,False
npm::escope,12,0.022727272727272728,4.706039074396763,False
npm::foreach,12,0.022727272727272728,4.706039074396763,False
npm::lodash.escape,12,0.022727272727272728,4.706039074396763,False
npm::custom-event,11,0.020833333333333332,4.786081782070299,False
npm::jsonc-parser,11,0.020833333333333332,4.786081782070299,False
npm::dom-serialize,11,0.020833333333333332,4.786081782070299,False
npm::date-format,11,0.020833333333333332,4.786081782070299,False
npm::node-gyp-build,11,0.020833333333333332,4.786081782070299,False
npm::@angular/animations,11,0.020833333333333332,4.786081782070299,False
npm::streamroller,11,0.020833333333333332,4.786081782070299,False
npm::qjobs,11,0.020833333333333332,4.786081782070299,False
npm::stylus-loader,11,0.020833333333333332,4.786081782070299,False
pypi::idna,11,0.020833333333333332,4.786081782070299,False
npm::adm-zip,11,0.020833333333333332,4.786081782070299,False
npm::when,11,0.020833333333333332,4.786081782070299,False
npm::tslint,11,0.020833333333333332,4.786081782070299,False
npm::raw-loader,11,0.020833333333333332,4.786081782070299,False
pypi::jinja2,11,0.020833333333333332,4.786081782070299,False
npm::make-iterator,11,0.020833333333333332,4.786081782070299,False
npm::object.map,11,0.020833333333333332,4.786081782070299,False
npm::pretty-hrtime,11,0.020833333333333332,4.786081782070299,False
npm::rx,11,0.020833333333333332,4.786081782070299,False
npm::archy,11,0.020833333333333332,4.786081782070299,False
npm::async-each-series,11,0.020833333333333332,4.786081782070299,False
npm::cross-env,11,0.020833333333333332,4.786081782070299,False
npm::liftoff,11,0.020833333333333332,4.786081782070299,False
pub::lints,11,0.020833333333333332,4.786081782070299,False
gem::ruby-enum,11,0.020833333333333332,4.786081782070299,False
gem::kramdown-parser-gfm,11,0.020833333333333332,4.786081782070299,False
maven::org.springframework.boot/spring-boot-devtools,11,0.020833333333333332,4.786081782070299,False
npm::append-field,11,0.020833333333333332,4.786081782070299,False
npm::consola,11,0.020833333333333332,4.786081782070299,False
npm::lodash.assign,11,0.020833333333333332,4.786081782070299,False
npm::lodash.mergewith,11,0.020833333333333332,4.786081782070299,False
npm::metro-cache,11,0.020833333333333332,4.786081782070299,False
npm::metro-source-map,11,0.020833333333333332,4.786081782070299,False
npm::metro-core,11,0.020833333333333332,4.786081782070299,False
npm::metro-minify-uglify,11,0.020833333333333332,4.786081782070299,False
npm::metro-resolver,11,0.020833333333333332,4.786081782070299,False
npm::metro,11,0.020833333333333332,4.786081782070299,False
composer::fakerphp/faker,11,0.020833333333333332,4.786081782070299,False
composer::guzzlehttp/guzzle,11,0.020833333333333332,4.786081782070299,False
composer::laravel/tinker,11,0.020833333333333332,4.786081782070299,False
composer::psr/simple-cache,11,0.020833333333333332,4.786081782070299,False
composer::symfony/polyfill-php72,11,0.020833333333333332,4.786081782070299,False
composer::ralouphie/getallheaders,11,0.020833333333333332,4.786081782070299,False
composer::theseer/tokenizer,11,0.020833333333333332,4.786081782070299,False
composer::phar-io/version,11,0.020833333333333332,4.786081782070299,False
composer::guzzlehttp/promises,11,0.020833333333333332,4.786081782070299,False
composer::sebastian/object-reflector,11,0.020833333333333332,4.786081782070299,False
composer::phar-io/manifest,11,0.020833333333333332,4.786081782070299,False
composer::filp/whoops,11,0.020833333333333332,4.786081782070299,False
composer::sebastian/code-unit-reverse-lookup,11,0.020833333333333332,4.786081782070299,False
composer::sebastian/object-enumerator,11,0.020833333333333332,4.786081782070299,False
composer::egulias/email-validator,11,0.020833333333333332,4.786081782070299,False
composer::webmozart/assert,11,0.020833333333333332,4.786081782070299,False
composer::laravel/sail,11,0.020833333333333332,4.786081782070299,False
composer::doctrine/lexer,11,0.020833333333333332,4.786081782070299,False
composer::nunomaduro/collision,11,0.020833333333333332,4.786081782070299,False
composer::myclabs/deep-copy,11,0.020833333333333332,4.786081782070299,False
composer::psr/container,11,0.020833333333333332,4.786081782070299,False
npm::eslint-plugin-promise,11,0.020833333333333332,4.786081782070299,False
npm::eslint-plugin-vue,11,0.020833333333333332,4.786081782070299,False
npm::lodash.kebabcase,11,0.020833333333333332,4.786081782070299,False
npm::@vue/component-compiler-utils,11,0.020833333333333332,4.786081782070299,False
npm::vue-router,11,0.020833333333333332,4.786081782070299,False
npm::vue-eslint-parser,11,0.020833333333333332,4.786081782070299,False
maven::com.h2database/h2,11,0.020833333333333332,4.786081782070299,False
gem::nio4r,11,0.020833333333333332,4.786081782070299,False
npm::metro-react-native-babel-preset,11,0.020833333333333332,4.786081782070299,False
npm::use-sync-external-store,11,0.020833333333333332,4.786081782070299,False
npm::graceful-readlink,11,0.020833333333333332,4.786081782070299,False
npm::@types/long,11,0.020833333333333332,4.786081782070299,False
gem::json,11,0.020833333333333332,4.786081782070299,False
gem::turbolinks,11,0.020833333333333332,4.786081782070299,False
npm::sliced,11,0.020833333333333332,4.786081782070299,False
npm::regexp-clone,11,0.020833333333333332,4.786081782070299,False
npm::fstream-ignore,11,0.020833333333333332,4.786081782070299,False
npm::extract-text-webpack-plugin,11,0.020833333333333332,4.786081782070299,False
npm::lodash._basecopy,11,0.020833333333333332,4.786081782070299,False
npm::tar-pack,11,0.020833333333333332,4.786081782070299,False
npm::lodash._isiterateecall,11,0.020833333333333332,4.786081782070299,False
npm::executable,11,0.020833333333333332,4.786081782070299,False
maven::org.springframework.boot/spring-boot-starter-security,11,0.020833333333333332,4.786081782070299,False
npm::sigmund,11,0.020833333333333332,4.786081782070299,False
npm::grunt,11,0.020833333333333332,4.786081782070299,False
npm::minipass-fetch,10,0.01893939393939394,4.873093159059929,False
npm::minipass-sized,10,0.01893939393939394,4.873093159059929,False
npm::is-lambda,10,0.01893939393939394,4.873093159059929,False
pypi::markupsafe,10,0.01893939393939394,4.873093159059929,False
pypi::certifi,10,0.01893939393939394,4.873093159059929,False
pypi::urllib3,10,0.01893939393939394,4.873093159059929,False
npm::protractor,10,0.01893939393939394,4.873093159059929,False
npm::codelyzer,10,0.01893939393939394,4.873093159059929,False
npm::circular-dependency-plugin,10,0.01893939393939394,4.873093159059929,False
npm::jasmine-spec-reporter,10,0.01893939393939394,4.873093159059929,False
npm::to-absolute-glob,10,0.01893939393939394,4.873093159059929,False
npm::buffer-equal,10,0.01893939393939394,4.873093159059929,False
npm::browser-sync,10,0.01893939393939394,4.873093159059929,False
npm::user-home,10,0.01893939393939394,4.873093159059929,False
npm::babel-preset-es2015,10,0.01893939393939394,4.873093159059929,False
gem::parallel,10,0.01893939393939394,4.873093159059929,False
gem::rainbow,10,0.01893939393939394,4.873093159059929,False
gem::yell,10,0.01893939393939394,4.873093159059929,False
gem::html-proofer,10,0.01893939393939394,4.873093159059929,False
npm::next,10,0.01893939393939394,4.873093159059929,False
npm::asynciterator.prototype,10,0.01893939393939394,4.873093159059929,False
npm::@babel/plugin-bugfix-v8-static-class-fields-redefine-readonly,10,0.01893939393939394,4.873093159059929,False
npm::supertest,10,0.01893939393939394,4.873093159059929,False
npm::create-require,10,0.01893939393939394,4.873093159059929,False
npm::superagent,10,0.01893939393939394,4.873093159059929,False
npm::protobufjs,10,0.01893939393939394,4.873093159059929,False
npm::browser-stdout,10,0.01893939393939394,4.873093159059929,False
npm::pathval,10,0.01893939393939394,4.873093159059929,False
npm::babel-plugin-transform-react-jsx-source,10,0.01893939393939394,4.873093159059929,False
npm::slide,10,0.01893939393939394,4.873093159059929,False
npm::babel-plugin-transform-react-display-name,10,0.01893939393939394,4.873093159059929,False
npm::babel-plugin-transform-react-jsx,10,0.01893939393939394,4.873093159059929,False
npm::babel-helper-builder-react-jsx,10,0.01893939393939394,4.873093159059929,False
npm::@babel/plugin-transform-object-assign,10,0.01893939393939394,4.873093159059929,False
composer::league/mime-type-detection,10,0.01893939393939394,4.873093159059929,False
composer::symfony/polyfill-intl-grapheme,10,0.01893939393939394,4.873093159059929,False
composer::symfony/string,10,0.01893939393939394,4.873093159059929,False
composer::tijsverkoyen/css-to-inline-styles,10,0.01893939393939394,4.873093159059929,False
composer::sebastian/code-unit,10,0.01893939393939394,4.873093159059929,False
composer::sebastian/complexity,10,0.01893939393939394,4.873093159059929,False
composer::ramsey/uuid,10,0.01893939393939394,4.873093159059929,False
composer::sebastian/lines-of-code,10,0.01893939393939394,4.873093159059929,False
composer::sebastian/cli-parser,10,0.01893939393939394,4.873093159059929,False
composer::symfony/error-handler,10,0.01893939393939394,4.873093159059929,False
composer::brick/math,10,0.01893939393939394,4.873093159059929,False
composer::phpunit/php-invoker,10,0.01893939393939394,4.873093159059929,False
composer::graham-campbell/result-type,10,0.01893939393939394,4.873093159059929,False
composer::psr/event-dispatcher,10,0.01893939393939394,4.873093159059929,False
composer::symfony/polyfill-intl-idn,10,0.01893939393939394,4.873093159059929,False
composer::sebastian/type,10,0.01893939393939394,4.873093159059929,False
composer::league/commonmark,10,0.01893939393939394,4.873093159059929,False
composer::dragonmantank/cron-expression,10,0.01893939393939394,4.873093159059929,False
composer::symfony/polyfill-intl-normalizer,10,0.01893939393939394,4.873093159059929,False
composer::symfony/mime,10,0.01893939393939394,4.873093159059929,False
composer::symfony/translation-contracts,10,0.01893939393939394,4.873093159059929,False
composer::symfony/deprecation-contracts,10,0.01893939393939394,4.873093159059929,False
composer::ramsey/collection,10,0.01893939393939394,4.873093159059929,False
composer::psr/http-client,10,0.01893939393939394,4.873093159059929,False
composer::symfony/service-contracts,10,0.01893939393939394,4.873093159059929,False
composer::symfony/polyfill-php80,10,0.01893939393939394,4.873093159059929,False
composer::laravel/serializable-closure,10,0.01893939393939394,4.873093159059929,False
composer::psr/http-factory,10,0.01893939393939394,4.873093159059929,False
composer::phpoption/phpoption,10,0.01893939393939394,4.873093159059929,False
composer::symfony/event-dispatcher-contracts,10,0.01893939393939394,4.873093159059929,False
composer::voku/portable-ascii,10,0.01893939393939394,4.873093159059929,False
npm::babel-preset-react,10,0.01893939393939394,4.873093159059929,False
gem::actioncable,10,0.01893939393939394,4.873093159059929,False
gem::erubi,10,0.01893939393939394,4.873093159059929,False
gem::mini_mime,10,0.01893939393939394,4.873093159059929,False
gem::crass,10,0.01893939393939394,4.873093159059929,False
npm::multipipe,10,0.01893939393939394,4.873093159059929,False
npm::metro-config,10,0.01893939393939394,4.873093159059929,False
npm::@react-native-community/cli,10,0.01893939393939394,4.873093159059929,False
npm::fbjs-css-vars,10,0.01893939393939394,4.873093159059929,False
npm::@babel/plugin-proposal-export-default-from,10,0.01893939393939394,4.873093159059929,False
npm::babel-plugin-styled-components,10,0.01893939393939394,4.873093159059929,False
npm::@types/hoist-non-react-statics,10,0.01893939393939394,4.873093159059929,False
npm::@babel/plugin-syntax-export-default-from,10,0.01893939393939394,4.873093159059929,False
npm::lodash.pick,10,0.01893939393939394,4.873093159059929,False
npm::@mui/material,10,0.01893939393939394,4.873093159059929,False
gem::rdoc,10,0.01893939393939394,4.873093159059929,False
gem::jquery-rails,10,0.01893939393939394,4.873093159059929,False
npm::es-define-property,10,0.01893939393939394,4.873093159059929,False
npm::@vitejs/plugin-react,10,0.01893939393939394,4.873093159059929,False
npm::lodash.unescape,10,0.01893939393939394,4.873093159059929,False
npm::css-url-regex,10,0.01893939393939394,4.873093159059929,False
gem::puma,10,0.01893939393939394,4.873093159059929,False
npm::buffer-shims,10,0.01893939393939394,4.873093159059929,False
npm::math-expression-evaluator,10,0.01893939393939394,4.873093159059929,False
npm::postcss-filter-plugins,10,0.01893939393939394,4.873093159059929,False
npm::postcss-message-helpers,10,0.01893939393939394,4.873093159059929,False
npm::postcss-discard-unused,10,0.01893939393939394,4.873093159059929,False
npm::lodash.restparam,10,0.01893939393939394,4.873093159059929,False
npm::colormin,10,0.01893939393939394,4.873093159059929,False
npm::postcss-zindex,10,0.01893939393939394,4.873093159059929,False
npm::postcss-merge-idents,10,0.01893939393939394,4.873093159059929,False
npm::reduce-function-call,10,0.01893939393939394,4.873093159059929,False
npm::postcss-reduce-idents,10,0.01893939393939394,4.873093159059929,False
pypi::django,10,0.01893939393939394,4.873093159059929,False
npm::gulp-util,10,0.01893939393939394,4.873093159059929,False
npm::lodash._root,10,0.01893939393939394,4.873093159059929,False
npm::@types/lodash,10,0.01893939393939394,4.873093159059929,False
npm::read-package-json,9,0.017045454545454544,4.9684033388642534,False
npm::is-what,9,0.017045454545454544,4.9684033388642534,False
golang::golang.org/x/net,9,0.017045454545454544,4.9684033388642534,False
npm::jszip,9,0.017045454545454544,4.9684033388642534,False
npm::selenium-webdriver,9,0.017045454545454544,4.9684033388642534,False
npm::css-parse,9,0.017045454545454544,4.9684033388642534,False
npm::jsonstream,9,0.017045454545454544,4.9684033388642534,False
npm::@webpack-cli/serve,9,0.017045454545454544,4.9684033388642534,False
npm::@webpack-cli/configtest,9,0.017045454545454544,4.9684033388642534,False
npm::@webpack-cli/info,9,0.017045454545454544,4.9684033388642534,False
npm::through2-filter,9,0.017045454545454544,4.9684033388642534,False
npm::limiter,9,0.017045454545454544,4.9684033388642534,False
npm::plugin-error,9,0.017045454545454544,4.9684033388642534,False
npm::is-valid-glob,9,0.017045454545454544,4.9684033388642534,False
npm::ansi-red,9,0.017045454545454544,4.9684033388642534,False
npm::ansi-cyan,9,0.017045454545454544,4.9684033388642534,False
npm::express-session,9,0.017045454545454544,4.9684033388642534,False
npm::crc,9,0.017045454545454544,4.9684033388642534,False
npm::lodash.padend,9,0.017045454545454544,4.9684033388642534,False
pub::js,9,0.017045454545454544,4.9684033388642534,False
npm::reveal.js,9,0.017045454545454544,4.9684033388642534,False
gem::simpleidn,9,0.017045454545454544,4.9684033388642534,False
npm::styled-jsx,9,0.017045454545454544,4.9684033388642534,False
npm::@next/swc-win32-x64-msvc,9,0.017045454545454544,4.9684033388642534,False
npm::@next/env,9,0.017045454545454544,4.9684033388642534,False
maven::org.apache.maven.plugins/maven-surefire-plugin,9,0.017045454545454544,4.9684033388642534,False
pub::typed_data,9,0.017045454545454544,4.9684033388642534,False
npm::prop-types-extra,9,0.017045454545454544,4.9684033388642534,False
npm::@types/node-forge,9,0.017045454545454544,4.9684033388642534,False
npm::react-bootstrap,9,0.017045454545454544,4.9684033388642534,False
npm::uncontrollable,9,0.017045454545454544,4.9684033388642534,False
npm::static-eval,9,0.017045454545454544,4.9684033388642534,False
npm::ts-loader,9,0.017045454545454544,4.9684033388642534,False
npm::node-emoji,9,0.017045454545454544,4.9684033388642534,False
npm::firebase,9,0.017045454545454544,4.9684033388642534,False
npm::lodash.flattendeep,9,0.017045454545454544,4.9684033388642534,False
npm::assertion-error,9,0.017045454545454544,4.9684033388642534,False
npm::deep-eql,9,0.017045454545454544,4.9684033388642534,False
npm::lodash.flatten,9,0.017045454545454544,4.9684033388642534,False
npm::create-react-class,9,0.017045454545454544,4.9684033388642534,False
npm::clipboardy,9,0.017045454545454544,4.9684033388642534,False
composer::nette/utils,9,0.017045454545454544,4.9684033388642534,False
composer::symfony/polyfill-uuid,9,0.017045454545454544,4.9684033388642534,False
composer::league/config,9,0.017045454545454544,4.9684033388642534,False
composer::doctrine/instantiator,9,0.017045454545454544,4.9684033388642534,False
composer::nette/schema,9,0.017045454545454544,4.9684033388642534,False
composer::dflydev/dot-access-data,9,0.017045454545454544,4.9684033388642534,False
npm::eslint-config-standard,9,0.017045454545454544,4.9684033388642534,False
npm::@vue/babel-sugar-inject-h,9,0.017045454545454544,4.9684033388642534,False
npm::thread-loader,9,0.017045454545454544,4.9684033388642534,False
npm::@vue/babel-sugar-functional-vue,9,0.017045454545454544,4.9684033388642534,False
npm::@vue/babel-preset-jsx,9,0.017045454545454544,4.9684033388642534,False
npm::@vue/babel-helper-vue-jsx-merge-props,9,0.017045454545454544,4.9684033388642534,False
npm::@vue/babel-sugar-v-model,9,0.017045454545454544,4.9684033388642534,False
npm::@vue/babel-sugar-v-on,9,0.017045454545454544,4.9684033388642534,False
npm::@vue/babel-plugin-transform-vue-jsx,9,0.017045454545454544,4.9684033388642534,False
npm::launch-editor-middleware,9,0.017045454545454544,4.9684033388642534,False
gem::byebug,9,0.017045454545454544,4.9684033388642534,False
gem::activestorage,9,0.017045454545454544,4.9684033388642534,False
gem::bootsnap,9,0.017045454545454544,4.9684033388642534,False
gem::marcel,9,0.017045454545454544,4.9684033388642534,False
gem::msgpack,9,0.017045454545454544,4.9684033388642534,False
npm::has-symbol-support-x,9,0.017045454545454544,4.9684033388642534,False
npm::is-object,9,0.017045454545454544,4.9684033388642534,False
npm::url-to-options,9,0.017045454545454544,4.9684033388642534,False
npm::isurl,9,0.017045454545454544,4.9684033388642534,False
npm::dicer,9,0.017045454545454544,4.9684033388642534,False
npm::exit-hook,9,0.017045454545454544,4.9684033388642534,False
npm::tar-fs,9,0.017045454545454544,4.9684033388642534,False
npm::vlq,9,0.017045454545454544,4.9684033388642534,False
npm::first-chunk-stream,9,0.017045454545454544,4.9684033388642534,False
npm::has-to-string-tag-x,9,0.017045454545454544,4.9684033388642534,False
npm::metro-babel-transformer,9,0.017045454545454544,4.9684033388642534,False
npm::metro-react-native-babel-transformer,9,0.017045454545454544,4.9684033388642534,False
npm::anser,9,0.017045454545454544,4.9684033388642534,False
npm::@babel/preset-flow,9,0.017045454545454544,4.9684033388642534,False
npm::flow-parser,9,0.017045454545454544,4.9684033388642534,False
npm::@sideway/formula,9,0.017045454545454544,4.9684033388642534,False
npm::jscodeshift,9,0.017045454545454544,4.9684033388642534,False
npm::split-on-first,9,0.017045454545454544,4.9684033388642534,False
npm::@sideway/address,9,0.017045454545454544,4.9684033388642534,False
npm::@sideway/pinpoint,9,0.017045454545454544,4.9684033388642534,False
npm::node-dir,9,0.017045454545454544,4.9684033388642534,False
npm::@mui/private-theming,9,0.017045454545454544,4.9684033388642534,False
npm::@mui/styled-engine,9,0.017045454545454544,4.9684033388642534,False
npm::@mui/base,9,0.017045454545454544,4.9684033388642534,False
npm::@mui/utils,9,0.017045454545454544,4.9684033388642534,False
npm::@emotion/use-insertion-effect-with-fallbacks,9,0.017045454545454544,4.9684033388642534,False
npm::@mui/system,9,0.017045454545454544,4.9684033388642534,False
npm::@mui/types,9,0.017045454545454544,4.9684033388642534,False
npm::wait-for-expect,9,0.017045454545454544,4.9684033388642534,False
npm::@sheerun/mutationobserver-shim,9,0.017045454545454544,4.9684033388642534,False
npm::@types/minimist,9,0.017045454545454544,4.9684033388642534,False
gem::erubis,9,0.017045454545454544,4.9684033388642534,False
npm::is-in-browser,9,0.017045454545454544,4.9684033388642534,False
gem::websocket-extensions,9,0.017045454545454544,4.9684033388642534,False
gem::web-console,9,0.017045454545454544,4.9684033388642534,False
gem::websocket-driver,9,0.017045454545454544,4.9684033388642534,False
npm::eventemitter2,9,0.017045454545454544,4.9684033388642534,False
npm::ncp,9,0.017045454545454544,4.9684033388642534,False
npm::jodid25519,9,0.017045454545454544,4.9684033388642534,False
npm::postcss-load-plugins,9,0.017045454545454544,4.9684033388642534,False
npm::postcss-load-options,9,0.017045454545454544,4.9684033388642534,False
gem::sqlite3,9,0.017045454545454544,4.9684033388642534,False
npm::find-babel-config,9,0.017045454545454544,4.9684033388642534,False
npm::lodash._reevaluate,9,0.017045454545454544,4.9684033388642534,False
npm::lodash._basetostring,9,0.017045454545454544,4.9684033388642534,False
npm::lodash._basevalues,9,0.017045454545454544,4.9684033388642534,False
npm::lodash._reescape,9,0.017045454545454544,4.9684033388642534,False
npm::beeper,9,0.017045454545454544,4.9684033388642534,False
npm::has-gulplog,9,0.017045454545454544,4.9684033388642534,False
github_actions::actions/setup-python,9,0.017045454545454544,4.9684033388642534,False
npm::npm-install-checks,8,0.015151515151515152,5.07376385452208,False
npm::copy-anything,8,0.015151515151515152,5.07376385452208,False
npm::mrmime,8,0.015151515151515152,5.07376385452208,False
npm::app-root-path,8,0.015151515151515152,5.07376385452208,False
npm::saucelabs,8,0.015151515151515152,5.07376385452208,False
npm::canonical-path,8,0.015151515151515152,5.07376385452208,False
pypi::charset-normalizer,8,0.015151515151515152,5.07376385452208,False
npm::@types/jasminewd2,8,0.015151515151515152,5.07376385452208,False
npm::jasminewd2,8,0.015151515151515152,5.07376385452208,False
npm::@angular/language-service,8,0.015151515151515152,5.07376385452208,False
npm::browserstack,8,0.015151515151515152,5.07376385452208,False
npm::semver-dsl,8,0.015151515151515152,5.07376385452208,False
npm::jasmine,8,0.015151515151515152,5.07376385452208,False
pypi::click,8,0.015151515151515152,5.07376385452208,False
npm::karma-coverage-istanbul-reporter,8,0.015151515151515152,5.07376385452208,False
npm::cssauron,8,0.015151515151515152,5.07376385452208,False
npm::@angular-devkit/build-optimizer,8,0.015151515151515152,5.07376385452208,False
pypi::werkzeug,8,0.015151515151515152,5.07376385452208,False
npm::dev-ip,8,0.015151515151515152,5.07376385452208,False
npm::openurl,8,0.015151515151515152,5.07376385452208,False
npm::is-number-like,8,0.015151515151515152,5.07376385452208,False
npm::clone-buffer,8,0.015151515151515152,5.07376385452208,False
npm::bs-recipes,8,0.015151515151515152,5.07376385452208,False
npm::resp-modifier,8,0.015151515151515152,5.07376385452208,False
npm::stream-throttle,8,0.015151515151515152,5.07376385452208,False
npm::eazy-logger,8,0.015151515151515152,5.07376385452208,False
npm::browser-sync-ui,8,0.015151515151515152,5.07376385452208,False
npm::portscanner,8,0.015151515151515152,5.07376385452208,False
npm::localtunnel,8,0.015151515151515152,5.07376385452208,False
npm::gulp-sourcemaps,8,0.015151515151515152,5.07376385452208,False
npm::easy-extender,8,0.015151515151515152,5.07376385452208,False
npm::lodash.isfinite,8,0.015151515151515152,5.07376385452208,False
npm::uid-safe,8,0.015151515151515152,5.07376385452208,False
npm::random-bytes,8,0.015151515151515152,5.07376385452208,False
npm::lodash.padstart,8,0.015151515151515152,5.07376385452208,False
npm::simple-get,8,0.015151515151515152,5.07376385452208,False
npm::pngjs,8,0.015151515151515152,5.07376385452208,False
npm::lodash.pad,8,0.015151515151515152,5.07376385452208,False
npm::ansi,8,0.015151515151515152,5.07376385452208,False
npm::simple-concat,8,0.015151515151515152,5.07376385452208,False
github_actions::actions/upload-artifact,8,0.015151515151515152,5.07376385452208,False
npm::@next/swc-darwin-arm64,8,0.015151515151515152,5.07376385452208,False
npm::@next/swc-win32-arm64-msvc,8,0.015151515151515152,5.07376385452208,False
npm::@next/swc-linux-x64-gnu,8,0.015151515151515152,5.07376385452208,False
npm::@next/swc-linux-x64-musl,8,0.015151515151515152,5.07376385452208,False
npm::@next/swc-darwin-x64,8,0.015151515151515152,5.07376385452208,False
npm::@next/swc-win32-ia32-msvc,8,0.015151515151515152,5.07376385452208,False
npm::@next/swc-linux-arm64-musl,8,0.015151515151515152,5.07376385452208,False
npm::@next/swc-linux-arm64-gnu,8,0.015151515151515152,5.07376385452208,False
nuget::newtonsoft.json,8,0.015151515151515152,5.07376385452208,False
maven::com.fasterxml.jackson.core/jackson-databind,8,0.015151515151515152,5.07376385452208,False
npm::jsonpath,8,0.015151515151515152,5.07376385452208,False
npm::@restart/hooks,8,0.015151515151515152,5.07376385452208,False
npm::@types/warning,8,0.015151515151515152,5.07376385452208,False
npm::node-abort-controller,8,0.015151515151515152,5.07376385452208,False
npm::@firebase/app-types,8,0.015151515151515152,5.07376385452208,False
npm::@firebase/util,8,0.015151515151515152,5.07376385452208,False
npm::@firebase/logger,8,0.015151515151515152,5.07376385452208,False
npm::promise-polyfill,8,0.015151515151515152,5.07376385452208,False
npm::@firebase/database-types,8,0.015151515151515152,5.07376385452208,False
npm::@firebase/database,8,0.015151515151515152,5.07376385452208,False
npm::p-event,8,0.015151515151515152,5.07376385452208,False
npm::get-func-name,8,0.015151515151515152,5.07376385452208,False
npm::check-error,8,0.015151515151515152,5.07376385452208,False
npm::memorystream,8,0.015151515151515152,5.07376385452208,False
composer::laravel/sanctum,8,0.015151515151515152,5.07376385452208,False
composer::symfony/mailer,8,0.015151515151515152,5.07376385452208,False
composer::symfony/uid,8,0.015151515151515152,5.07376385452208,False
composer::nunomaduro/termwind,8,0.015151515151515152,5.07376385452208,False
composer::spatie/backtrace,8,0.015151515151515152,5.07376385452208,False
composer::spatie/laravel-ignition,8,0.015151515151515152,5.07376385452208,False
composer::spatie/flare-client-php,8,0.015151515151515152,5.07376385452208,False
composer::spatie/ignition,8,0.015151515151515152,5.07376385452208,False
composer::fruitcake/php-cors,8,0.015151515151515152,5.07376385452208,False
npm::is-property,8,0.015151515151515152,5.07376385452208,False
npm::generate-function,8,0.015151515151515152,5.07376385452208,False
npm::cache-loader,8,0.015151515151515152,5.07376385452208,False
npm::lodash.mapvalues,8,0.015151515151515152,5.07376385452208,False
npm::@vue/compiler-sfc,8,0.015151515151515152,5.07376385452208,False
npm::lodash.defaultsdeep,8,0.015151515151515152,5.07376385452208,False
gem::bindex,8,0.015151515151515152,5.07376385452208,False
npm::to-buffer,8,0.015151515151515152,5.07376385452208,False
npm::@types/uuid,8,0.015151515151515152,5.07376385452208,False
npm::@react-native-community/cli-platform-ios,8,0.015151515151515152,5.07376385452208,False
npm::@react-native-community/cli-server-api,8,0.015151515151515152,5.07376385452208,False
npm::metro-symbolicate,8,0.015151515151515152,5.07376385452208,False
npm::node-stream-zip,8,0.015151515151515152,5.07376385452208,False
npm::filter-obj,8,0.015151515151515152,5.07376385452208,False
npm::jsc-android,8,0.015151515151515152,5.07376385452208,False
npm::ansi-fragments,8,0.015151515151515152,5.07376385452208,False
npm::metro-babel-register,8,0.015151515151515152,5.07376385452208,False
npm::logkitty,8,0.015151515151515152,5.07376385452208,False
npm::@react-native-community/cli-platform-android,8,0.015151515151515152,5.07376385452208,False
npm::sudo-prompt,8,0.015151515151515152,5.07376385452208,False
npm::nocache,8,0.015151515151515152,5.07376385452208,False
npm::hermes-profile-transformer,8,0.015151515151515152,5.07376385452208,False
npm::ob1,8,0.015151515151515152,5.07376385452208,False
npm::@react-native-community/cli-types,8,0.015151515151515152,5.07376385452208,False
npm::@react-native-community/cli-hermes,8,0.015151515151515152,5.07376385452208,False
npm::@react-native-community/cli-tools,8,0.015151515151515152,5.07376385452208,False
npm::@react-native-community/cli-debugger-ui,8,0.015151515151515152,5.07376385452208,False
npm::metro-inspector-proxy,8,0.015151515151515152,5.07376385452208,False
npm::@mui/icons-material,8,0.015151515151515152,5.07376385452208,False
npm::@mui/core-downloads-tracker,8,0.015151515151515152,5.07376385452208,False
npm::framer-motion,8,0.015151515151515152,5.07376385452208,False
npm::@grpc/proto-loader,8,0.015151515151515152,5.07376385452208,False
npm::decamelize-keys,8,0.015151515151515152,5.07376385452208,False
npm::@types/testing-library__dom,8,0.015151515151515152,5.07376385452208,False
npm::@types/testing-library__react,8,0.015151515151515152,5.07376385452208,False
npm::minimist-options,8,0.015151515151515152,5.07376385452208,False
npm::eslint-plugin-node,8,0.015151515151515152,5.07376385452208,False
gem::spring,8,0.015151515151515152,5.07376385452208,False
gem::hike,8,0.015151515151515152,5.07376385452208,False
composer::symfony/yaml,8,0.015151515151515152,5.07376385452208,False
npm::@rollup/rollup-darwin-x64,8,0.015151515151515152,5.07376385452208,False
npm::@rollup/rollup-android-arm-eabi,8,0.015151515151515152,5.07376385452208,False
npm::@rollup/rollup-linux-arm-gnueabihf,8,0.015151515151515152,5.07376385452208,False
npm::@rollup/rollup-win32-ia32-msvc,8,0.015151515151515152,5.07376385452208,False
npm::@rollup/rollup-win32-x64-msvc,8,0.015151515151515152,5.07376385452208,False
npm::@rollup/rollup-linux-arm64-gnu,8,0.015151515151515152,5.07376385452208,False
npm::@rollup/rollup-linux-x64-musl,8,0.015151515151515152,5.07376385452208,False
npm::@rollup/rollup-android-arm64,8,0.015151515151515152,5.07376385452208,False
npm::@rollup/rollup-linux-arm64-musl,8,0.015151515151515152,5.07376385452208,False
npm::@rollup/rollup-linux-riscv64-gnu,8,0.015151515151515152,5.07376385452208,False
npm::@rollup/rollup-linux-x64-gnu,8,0.015151515151515152,5.07376385452208,False
npm::@rollup/rollup-win32-arm64-msvc,8,0.015151515151515152,5.07376385452208,False
npm::@rollup/rollup-darwin-arm64,8,0.015151515151515152,5.07376385452208,False
npm::vfile-message,8,0.015151515151515152,5.07376385452208,False
npm::unist-util-stringify-position,8,0.015151515151515152,5.07376385452208,False
npm::trough,8,0.015151515151515152,5.07376385452208,False
npm::jss,8,0.015151515151515152,5.07376385452208,False
npm::unified,8,0.015151515151515152,5.07376385452208,False
npm::css-vendor,8,0.015151515151515152,5.07376385452208,False
npm::@material-ui/utils,8,0.015151515151515152,5.07376385452208,False
npm::@material-ui/system,8,0.015151515151515152,5.07376385452208,False
npm::@material-ui/core,8,0.015151515151515152,5.07376385452208,False
npm::vfile,8,0.015151515151515152,5.07376385452208,False
npm::gud,8,0.015151515151515152,5.07376385452208,False
npm::bail,8,0.015151515151515152,5.07376385452208,False
gem::ruby_dep,8,0.015151515151515152,5.07376385452208,False
npm::growl,8,0.015151515151515152,5.07376385452208,False
npm::mongoose-legacy-pluralize,8,0.015151515151515152,5.07376385452208,False
github_actions::actions/setup-node,8,0.015151515151515152,5.07376385452208,False
npm::eslint-config-airbnb-base,8,0.015151515151515152,5.07376385452208,False
npm::require_optional,8,0.015151515151515152,5.07376385452208,False
npm::iterall,8,0.015151515151515152,5.07376385452208,False
npm::@types/node-fetch,8,0.015151515151515152,5.07376385452208,False
npm::config-chain,8,0.015151515151515152,5.07376385452208,False
npm::proto-list,8,0.015151515151515152,5.07376385452208,False
npm::babel-plugin-transform-runtime,8,0.015151515151515152,5.07376385452208,False
npm::nwmatcher,8,0.015151515151515152,5.07376385452208,False
npm::husky,8,0.015151515151515152,5.07376385452208,False
npm::string-argv,8,0.015151515151515152,5.07376385452208,False
npm::tildify,8,0.015151515151515152,5.07376385452208,False
npm::lodash-es,8,0.015151515151515152,5.07376385452208,False
npm::semver-regex,8,0.015151515151515152,5.07376385452208,False
npm::find-versions,8,0.015151515151515152,5.07376385452208,False
npm::grunt-contrib-clean,8,0.015151515151515152,5.07376385452208,False
pypi::pandas,8,0.015151515151515152,5.07376385452208,False
golang::golang.org/x/crypto,7,0.013257575757575758,5.191546890178463,False
npm::@socket.io/component-emitter,7,0.013257575757575758,5.191546890178463,False
npm::read-package-json-fast,7,0.013257575757575758,5.191546890178463,False
golang::golang.org/x/text,7,0.013257575757575758,5.191546890178463,False
npm::minipass-json-stream,7,0.013257575757575758,5.191546890178463,False
npm::@colors/colors,7,0.013257575757575758,5.191546890178463,False
golang::golang.org/x/sys,7,0.013257575757575758,5.191546890178463,False
npm::webpack-node-externals,7,0.013257575757575758,5.191546890178463,False
npm::node-fetch-npm,7,0.013257575757575758,5.191546890178463,False
npm::@types/selenium-webdriver,7,0.013257575757575758,5.191546890178463,False
npm::genfun,7,0.013257575757575758,5.191546890178463,False
pypi::itsdangerous,7,0.013257575757575758,5.191546890178463,False
npm::semver-intersect,7,0.013257575757575758,5.191546890178463,False
npm::@schematics/update,7,0.013257575757575758,5.191546890178463,False
pypi::sqlalchemy,7,0.013257575757575758,5.191546890178463,False
npm::speed-measure-webpack-plugin,7,0.013257575757575758,5.191546890178463,False
npm::webdriver-js-extender,7,0.013257575757575758,5.191546890178463,False
npm::protoduck,7,0.013257575757575758,5.191546890178463,False
npm::webpack-core,7,0.013257575757575758,5.191546890178463,False
npm::blocking-proxy,7,0.013257575757575758,5.191546890178463,False
npm::mitt,7,0.013257575757575758,5.191546890178463,False
npm::lodash.some,7,0.013257575757575758,5.191546890178463,False
npm::glob-watcher,7,0.013257575757575758,5.191546890178463,False
npm::cloneable-readable,7,0.013257575757575758,5.191546890178463,False
npm::output-file-sync,7,0.013257575757575758,5.191546890178463,False
npm::tinycolor2,7,0.013257575757575758,5.191546890178463,False
npm::extract-zip,7,0.013257575757575758,5.191546890178463,False
npm::split2,7,0.013257575757575758,5.191546890178463,False
npm::parse-headers,7,0.013257575757575758,5.191546890178463,False
npm::moment-timezone,7,0.013257575757575758,5.191546890178463,False
npm::xhr,7,0.013257575757575758,5.191546890178463,False
npm::is-function,7,0.013257575757575758,5.191546890178463,False
pub::charcode,7,0.013257575757575758,5.191546890178463,False
pub::plugin_platform_interface,7,0.013257575757575758,5.191546890178463,False
npm::gh-pages,7,0.013257575757575758,5.191546890178463,False
maven::javax.servlet/javax.servlet-api,7,0.013257575757575758,5.191546890178463,False
npm::ts-jest,7,0.013257575757575758,5.191546890178463,False
npm::bs-logger,7,0.013257575757575758,5.191546890178463,False
npm::@jest/expect,7,0.013257575757575758,5.191546890178463,False
npm::@firebase/storage,7,0.013257575757575758,5.191546890178463,False
npm::@firebase/firestore,7,0.013257575757575758,5.191546890178463,False
npm::@firebase/functions-types,7,0.013257575757575758,5.191546890178463,False
npm::@firebase/auth,7,0.013257575757575758,5.191546890178463,False
npm::@firebase/messaging,7,0.013257575757575758,5.191546890178463,False
npm::concurrently,7,0.013257575757575758,5.191546890178463,False
npm::@firebase/firestore-types,7,0.013257575757575758,5.191546890178463,False
npm::@firebase/functions,7,0.013257575757575758,5.191546890178463,False
npm::@firebase/app,7,0.013257575757575758,5.191546890178463,False
npm::@firebase/auth-types,7,0.013257575757575758,5.191546890178463,False
npm::tfunk,7,0.013257575757575758,5.191546890178463,False
npm::@firebase/storage-types,7,0.013257575757575758,5.191546890178463,False
npm::@firebase/webchannel-wrapper,7,0.013257575757575758,5.191546890178463,False
npm::@types/debug,7,0.013257575757575758,5.191546890178463,False
npm::workerpool,7,0.013257575757575758,5.191546890178463,False
npm::yargs-unparser,7,0.013257575757575758,5.191546890178463,False
npm::change-case,7,0.013257575757575758,5.191546890178463,False
npm::event-pubsub,7,0.013257575757575758,5.191546890178463,False
npm::js-message,7,0.013257575757575758,5.191546890178463,False
npm::easy-stack,7,0.013257575757575758,5.191546890178463,False
npm::@babel/plugin-external-helpers,7,0.013257575757575758,5.191546890178463,False
npm::react-deep-force-update,7,0.013257575757575758,5.191546890178463,False
npm::react-proxy,7,0.013257575757575758,5.191546890178463,False
npm::laravel-vite-plugin,7,0.013257575757575758,5.191546890178463,False
composer::sebastian/resource-operations,7,0.013257575757575758,5.191546890178463,False
npm::undici,7,0.013257575757575758,5.191546890178463,False
npm::get-port,7,0.013257575757575758,5.191546890178463,False
pypi::packaging,7,0.013257575757575758,5.191546890178463,False
npm::@fortawesome/free-solid-svg-icons,7,0.013257575757575758,5.191546890178463,False
npm::vuex,7,0.013257575757575758,5.191546890178463,False
npm::javascript-stringify,7,0.013257575757575758,5.191546890178463,False
npm::highlight.js,7,0.013257575757575758,5.191546890178463,False
npm::buffer-json,7,0.013257575757575758,5.191546890178463,False
npm::@fortawesome/fontawesome-svg-core,7,0.013257575757575758,5.191546890178463,False
npm::@fortawesome/fontawesome-common-types,7,0.013257575757575758,5.191546890178463,False
maven::org.slf4j/slf4j-api,7,0.013257575757575758,5.191546890178463,False
gem::capybara,7,0.013257575757575758,5.191546890178463,False
npm::metro-cache-key,7,0.013257575757575758,5.191546890178463,False
npm::@emotion/stylis,7,0.013257575757575758,5.191546890178463,False
npm::use-subscription,7,0.013257575757575758,5.191546890178463,False
npm::jetifier,7,0.013257575757575758,5.191546890178463,False
npm::@react-native/normalize-color,7,0.013257575757575758,5.191546890178463,False
npm::metro-transform-plugins,7,0.013257575757575758,5.191546890178463,False
npm::@jest/create-cache-key-function,7,0.013257575757575758,5.191546890178463,False
npm::metro-runtime,7,0.013257575757575758,5.191546890178463,False
npm::metro-transform-worker,7,0.013257575757575758,5.191546890178463,False
npm::appdirsjs,7,0.013257575757575758,5.191546890178463,False
npm::react-shallow-renderer,7,0.013257575757575758,5.191546890178463,False
npm::@react-navigation/native,7,0.013257575757575758,5.191546890178463,False
npm::std-env,7,0.013257575757575758,5.191546890178463,False
npm::imagemin,7,0.013257575757575758,5.191546890178463,False
npm::@vue/reactivity,7,0.013257575757575758,5.191546890178463,False
npm::p-pipe,7,0.013257575757575758,5.191546890178463,False
npm::@vue/shared,7,0.013257575757575758,5.191546890178463,False
npm::@floating-ui/react-dom,7,0.013257575757575758,5.191546890178463,False
npm::@floating-ui/dom,7,0.013257575757575758,5.191546890178463,False
npm::@grpc/grpc-js,7,0.013257575757575758,5.191546890178463,False
npm::@floating-ui/core,7,0.013257575757575758,5.191546890178463,False
npm::listr-update-renderer,7,0.013257575757575758,5.191546890178463,False
npm::listr-silent-renderer,7,0.013257575757575758,5.191546890178463,False
npm::elegant-spinner,7,0.013257575757575758,5.191546890178463,False
npm::listr-verbose-renderer,7,0.013257575757575758,5.191546890178463,False
npm::eslint-plugin-es,7,0.013257575757575758,5.191546890178463,False
npm::listr,7,0.013257575757575758,5.191546890178463,False
pypi::pillow,7,0.013257575757575758,5.191546890178463,False
gem::rspec-mocks,7,0.013257575757575758,5.191546890178463,False
gem::rspec-core,7,0.013257575757575758,5.191546890178463,False
gem::diff-lcs,7,0.013257575757575758,5.191546890178463,False
gem::rspec-rails,7,0.013257575757575758,5.191546890178463,False
gem::rspec-expectations,7,0.013257575757575758,5.191546890178463,False
gem::sdoc,7,0.013257575757575758,5.191546890178463,False
npm::@esbuild/aix-ppc64,7,0.013257575757575758,5.191546890178463,False
npm::eslint-plugin-react-refresh,7,0.013257575757575758,5.191546890178463,False
npm::is-url,7,0.013257575757575758,5.191546890178463,False
npm::debounce,7,0.013257575757575758,5.191546890178463,False
npm::react-popper,7,0.013257575757575758,5.191546890178463,False
npm::@types/unist,7,0.013257575757575758,5.191546890178463,False
npm::postcss-media-query-parser,7,0.013257575757575758,5.191546890178463,False
npm::data-uri-to-buffer,7,0.013257575757575758,5.191546890178463,False
npm::read,7,0.013257575757575758,5.191546890178463,False
npm::macaddress,7,0.013257575757575758,5.191546890178463,False
npm::lodash.foreach,7,0.013257575757575758,5.191546890178463,False
npm::pkginfo,7,0.013257575757575758,5.191546890178463,False
npm::tape,7,0.013257575757575758,5.191546890178463,False
npm::ts-api-utils,7,0.013257575757575758,5.191546890178463,False
npm::graphql-tag,7,0.013257575757575758,5.191546890178463,False
npm::async-retry,7,0.013257575757575758,5.191546890178463,False
npm::copy-to-clipboard,7,0.013257575757575758,5.191546890178463,False
npm::toggle-selection,7,0.013257575757575758,5.191546890178463,False
npm::compute-scroll-into-view,7,0.013257575757575758,5.191546890178463,False
maven::org.springframework.security/spring-security-test,7,0.013257575757575758,5.191546890178463,False
maven::org.postgresql/postgresql,7,0.013257575757575758,5.191546890178463,False
npm::enzyme,7,0.013257575757575758,5.191546890178463,False
npm::isemail,7,0.013257575757575758,5.191546890178463,False
npm::topo,7,0.013257575757575758,5.191546890178463,False
npm::webpack-hot-middleware,7,0.013257575757575758,5.191546890178463,False
npm::md5-file,7,0.013257575757575758,5.191546890178463,False
npm::babel-plugin-module-resolver,7,0.013257575757575758,5.191546890178463,False
npm::babel-plugin-transform-react-jsx-self,7,0.013257575757575758,5.191546890178463,False
npm::content-type-parser,7,0.013257575757575758,5.191546890178463,False
npm::babel-preset-flow,7,0.013257575757575758,5.191546890178463,False
npm::valid-url,7,0.013257575757575758,5.191546890178463,False
npm::lint-staged,7,0.013257575757575758,5.191546890178463,False
npm::@babel/helper-builder-react-jsx-experimental,7,0.013257575757575758,5.191546890178463,False
npm::grunt-contrib-jshint,7,0.013257575757575758,5.191546890178463,False
npm::load-grunt-tasks,7,0.013257575757575758,5.191546890178463,False
npm::grunt-contrib-concat,7,0.013257575757575758,5.191546890178463,False
npm::eslint-import-resolver-typescript,7,0.013257575757575758,5.191546890178463,False
npm::seek-bzip,7,0.013257575757575758,5.191546890178463,False
npm::decompress-unzip,7,0.013257575757575758,5.191546890178463,False
npm::semver-truncate,7,0.013257575757575758,5.191546890178463,False
npm::is-natural-number,7,0.013257575757575758,5.191546890178463,False
npm::download,7,0.013257575757575758,5.191546890178463,False
npm::get-proxy,7,0.013257575757575758,5.191546890178463,False
npm::bin-version-check,7,0.013257575757575758,5.191546890178463,False
npm::bin-version,7,0.013257575757575758,5.191546890178463,False
npm::bin-check,7,0.013257575757575758,5.191546890178463,False
npm::decompress-tarbz2,7,0.013257575757575758,5.191546890178463,False
npm::decompress-tar,7,0.013257575757575758,5.191546890178463,False
npm::squeak,7,0.013257575757575758,5.191546890178463,False
npm::bin-build,7,0.013257575757575758,5.191546890178463,False
npm::console-stream,7,0.013257575757575758,5.191546890178463,False
npm::os-filter-obj,7,0.013257575757575758,5.191546890178463,False
npm::archive-type,7,0.013257575757575758,5.191546890178463,False
npm::bin-wrapper,7,0.013257575757575758,5.191546890178463,False
npm::tempfile,7,0.013257575757575758,5.191546890178463,False
npm::logalot,7,0.013257575757575758,5.191546890178463,False
npm::decompress,7,0.013257575757575758,5.191546890178463,False
npm::strip-dirs,7,0.013257575757575758,5.191546890178463,False
npm::decompress-targz,7,0.013257575757575758,5.191546890178463,False
npm::caw,7,0.013257575757575758,5.191546890178463,False
npm::lpad-align,7,0.013257575757575758,5.191546890178463,False
npm::expo-constants,7,0.013257575757575758,5.191546890178463,False
npm::@expo/vector-icons,7,0.013257575757575758,5.191546890178463,False
npm::expo,7,0.013257575757575758,5.191546890178463,False
npm::@npmcli/git,6,0.011363636363636364,5.325078282802986,False
npm::@npmcli/installed-package-contents,6,0.011363636363636364,5.325078282802986,False
npm::critters,6,0.011363636363636364,5.325078282802986,False
golang::google.golang.org/protobuf,6,0.011363636363636364,5.325078282802986,False
npm::@npmcli/node-gyp,6,0.011363636363636364,5.325078282802986,False
npm::parse5-sax-parser,6,0.011363636363636364,5.325078282802986,False
npm::@npmcli/promise-spawn,6,0.011363636363636364,5.325078282802986,False
npm::@npmcli/run-script,6,0.011363636363636364,5.325078282802986,False
npm::parse5-html-rewriting-stream,6,0.011363636363636364,5.325078282802986,False
npm::sinon,6,0.011363636363636364,5.325078282802986,False
pypi::typing-extensions,6,0.011363636363636364,5.325078282802986,False
npm::useragent,6,0.011363636363636364,5.325078282802986,False
npm::gulp-rename,6,0.011363636363636364,5.325078282802986,False
npm::lodash.clone,6,0.011363636363636364,5.325078282802986,False
npm::browser-sync-client,6,0.011363636363636364,5.325078282802986,False
npm::babel-polyfill,6,0.011363636363636364,5.325078282802986,False
golang::gopkg.in/yaml.v2,6,0.011363636363636364,5.325078282802986,False
npm::sqlite3,6,0.011363636363636364,5.325078282802986,False
npm::@react-aria/ssr,6,0.011363636363636364,5.325078282802986,False
npm::hexoid,6,0.011363636363636364,5.325078282802986,False
npm::@tsconfig/node16,6,0.011363636363636364,5.325078282802986,False
npm::macos-release,6,0.011363636363636364,5.325078282802986,False
npm::os-name,6,0.011363636363636364,5.325078282802986,False
npm::xmlhttprequest,6,0.011363636363636364,5.325078282802986,False
npm::path-case,6,0.011363636363636364,5.325078282802986,False
npm::sentence-case,6,0.011363636363636364,5.325078282802986,False
npm::snake-case,6,0.011363636363636364,5.325078282802986,False
npm::constant-case,6,0.011363636363636364,5.325078282802986,False
npm::header-case,6,0.011363636363636364,5.325078282802986,False
npm::upper-case-first,6,0.011363636363636364,5.325078282802986,False
npm::pidtree,6,0.011363636363636364,5.325078282802986,False
npm::fbjs-scripts,6,0.011363636363636364,5.325078282802986,False
npm::react-timer-mixin,6,0.011363636363636364,5.325078282802986,False
npm::eslint-plugin-react-native,6,0.011363636363636364,5.325078282802986,False
npm::eslint-plugin-react-native-globals,6,0.011363636363636364,5.325078282802986,False
npm::xpipe,6,0.011363636363636364,5.325078282802986,False
npm::art,6,0.011363636363636364,5.325078282802986,False
composer::laravel/pint,6,0.011363636363636364,5.325078282802986,False
npm::express-validator,6,0.011363636363636364,5.325078282802986,False
pypi::gunicorn,6,0.011363636363636364,5.325078282802986,False
nuget::microsoft.entityframeworkcore.sqlserver,6,0.011363636363636364,5.325078282802986,False
pypi::tqdm,6,0.011363636363636364,5.325078282802986,False
npm::@vue/web-component-wrapper,6,0.011363636363636364,5.325078282802986,False
npm::@vue/babel-helper-vue-transform-on,6,0.011363636363636364,5.325078282802986,False
npm::webpack-chain,6,0.011363636363636364,5.325078282802986,False
npm::@vue/cli-shared-utils,6,0.011363636363636364,5.325078282802986,False
npm::cli-highlight,6,0.011363636363636364,5.325078282802986,False
npm::@vue/cli-plugin-babel,6,0.011363636363636364,5.325078282802986,False
npm::@vue/babel-plugin-jsx,6,0.011363636363636364,5.325078282802986,False
npm::@vue/cli-service,6,0.011363636363636364,5.325078282802986,False
npm::@vue/cli-overlay,6,0.011363636363636364,5.325078282802986,False
npm::@soda/friendly-errors-webpack-plugin,6,0.011363636363636364,5.325078282802986,False
npm::@vue/babel-preset-app,6,0.011363636363636364,5.325078282802986,False
maven::org.apache.commons/commons-lang3,6,0.011363636363636364,5.325078282802986,False
nuget::microsoft.codedom.providers.dotnetcompilerplatform,6,0.011363636363636364,5.325078282802986,False
maven::org.springframework.cloud/spring-cloud-dependencies,6,0.011363636363636364,5.325078282802986,False
npm::vali-date,6,0.011363636363636364,5.325078282802986,False
npm::cli-table,6,0.011363636363636364,5.325078282802986,False
npm::archiver,6,0.011363636363636364,5.325078282802986,False
npm::winston,6,0.011363636363636364,5.325078282802986,False
npm::urijs,6,0.011363636363636364,5.325078282802986,False
npm::untildify,6,0.011363636363636364,5.325078282802986,False
npm::read-all-stream,6,0.011363636363636364,5.325078282802986,False
npm::react-native-codegen,6,0.011363636363636364,5.325078282802986,False
npm::metro-hermes-compiler,6,0.011363636363636364,5.325078282802986,False
npm::react-native-vector-icons,6,0.011363636363636364,5.325078282802986,False
npm::react-native-safe-area-context,6,0.011363636363636364,5.325078282802986,False
npm::lodash.omit,6,0.011363636363636364,5.325078282802986,False
npm::@react-native/assets,6,0.011363636363636364,5.325078282802986,False
npm::@react-native/polyfills,6,0.011363636363636364,5.325078282802986,False
npm::hermes-engine,6,0.011363636363636364,5.325078282802986,False
npm::@babel/cli,6,0.011363636363636364,5.325078282802986,False
npm::react-native-screens,6,0.011363636363636364,5.325078282802986,False
npm::react-native-gesture-handler,6,0.011363636363636364,5.325078282802986,False
npm::webpackbar,6,0.011363636363636364,5.325078282802986,False
npm::pretty-time,6,0.011363636363636364,5.325078282802986,False
npm::html-loader,6,0.011363636363636364,5.325078282802986,False
npm::memoize-one,6,0.011363636363636364,5.325078282802986,False
npm::@firebase/auth-interop-types,6,0.011363636363636364,5.325078282802986,False
npm::xml-char-classes,6,0.011363636363636364,5.325078282802986,False
npm::@firebase/performance-types,6,0.011363636363636364,5.325078282802986,False
npm::@firebase/installations,6,0.011363636363636364,5.325078282802986,False
npm::@firebase/performance,6,0.011363636363636364,5.325078282802986,False
npm::@firebase/component,6,0.011363636363636364,5.325078282802986,False
npm::@floating-ui/utils,6,0.011363636363636364,5.325078282802986,False
npm::ncname,6,0.011363636363636364,5.325078282802986,False
npm::@reduxjs/toolkit,6,0.011363636363636364,5.325078282802986,False
npm::@types/react-redux,6,0.011363636363636364,5.325078282802986,False
npm::is-observable,6,0.011363636363636364,5.325078282802986,False
npm::hard-rejection,6,0.011363636363636364,5.325078282802986,False
gem::xpath,6,0.011363636363636364,5.325078282802986,False
npm::@vue/runtime-dom,6,0.011363636363636364,5.325078282802986,False
npm::@vue/runtime-core,6,0.011363636363636364,5.325078282802986,False
npm::@vue/compiler-core,6,0.011363636363636364,5.325078282802986,False
npm::@vue/compiler-dom,6,0.011363636363636364,5.325078282802986,False
npm::@vue/compiler-ssr,6,0.011363636363636364,5.325078282802986,False
npm::sirv,6,0.011363636363636364,5.325078282802986,False
npm::totalist,6,0.011363636363636364,5.325078282802986,False
npm::@polka/url,6,0.011363636363636364,5.325078282802986,False
npm::blueimp-md5,6,0.011363636363636364,5.325078282802986,False
npm::indefinite-observable,6,0.011363636363636364,5.325078282802986,False
npm::ccount,6,0.011363636363636364,5.325078282802986,False
npm::jss-plugin-rule-value-function,6,0.011363636363636364,5.325078282802986,False
npm::jss-plugin-nested,6,0.011363636363636364,5.325078282802986,False
npm::jss-plugin-props-sort,6,0.011363636363636364,5.325078282802986,False
npm::jss-plugin-global,6,0.011363636363636364,5.325078282802986,False
npm::@material-ui/types,6,0.011363636363636364,5.325078282802986,False
npm::@material-ui/styles,6,0.011363636363636364,5.325078282802986,False
npm::jss-plugin-vendor-prefixer,6,0.011363636363636364,5.325078282802986,False
npm::jss-plugin-camel-case,6,0.011363636363636364,5.325078282802986,False
npm::jss-plugin-default-unit,6,0.011363636363636364,5.325078282802986,False
npm::longest-streak,6,0.011363636363636364,5.325078282802986,False
npm::character-entities-legacy,6,0.011363636363636364,5.325078282802986,False
npm::character-entities,6,0.011363636363636364,5.325078282802986,False
npm::remark-parse,6,0.011363636363636364,5.325078282802986,False
npm::unist-util-is,6,0.011363636363636364,5.325078282802986,False
npm::lodash._bindcallback,6,0.011363636363636364,5.325078282802986,False
npm::uniqid,6,0.011363636363636364,5.325078282802986,False
npm::underscore.string,6,0.011363636363636364,5.325078282802986,False
npm::please-upgrade-node,6,0.011363636363636364,5.325078282802986,False
npm::@types/react-is,6,0.011363636363636364,5.325078282802986,False
npm::semver-compare,6,0.011363636363636364,5.325078282802986,False
npm::@graphql-typed-document-node/core,6,0.011363636363636364,5.325078282802986,False
gem::spring-watcher-listen,6,0.011363636363636364,5.325078282802986,False
npm::@ctrl/tinycolor,6,0.011363636363636364,5.325078282802986,False
maven::org.springframework.boot/spring-boot-starter-actuator,6,0.011363636363636364,5.325078282802986,False
npm::marked,6,0.011363636363636364,5.325078282802986,False
npm::jshint,6,0.011363636363636364,5.325078282802986,False
pypi::asgiref,6,0.011363636363636364,5.325078282802986,False
pypi::sqlparse,6,0.011363636363636364,5.325078282802986,False
npm::crypto-js,6,0.011363636363636364,5.325078282802986,False
npm::jest-matchers,6,0.011363636363636364,5.325078282802986,False
npm::mri,6,0.011363636363636364,5.325078282802986,False
npm::grunt-contrib-csslint,6,0.011363636363636364,5.325078282802986,False
npm::grunt-contrib-uglify,6,0.011363636363636364,5.325078282802986,False
npm::mysql,6,0.011363636363636364,5.325078282802986,False
npm::@humanwhocodes/gitignore-to-minimatch,6,0.011363636363636364,5.325078282802986,False
npm::@next/eslint-plugin-next,6,0.011363636363636364,5.325078282802986,False
npm::eslint-config-next,6,0.011363636363636364,5.325078282802986,False
npm::natives,6,0.011363636363636364,5.325078282802986,False
npm::mustache,6,0.011363636363636364,5.325078282802986,False
npm::into-stream,6,0.011363636363636364,5.325078282802986,False
npm::universal-analytics,6,0.011363636363636364,5.325078282802986,False
npm::readdir-scoped-modules,6,0.011363636363636364,5.325078282802986,False
npm::worker-plugin,6,0.011363636363636364,5.325078282802986,False
npm::debuglog,6,0.011363636363636364,5.325078282802986,False
npm::read-package-tree,6,0.011363636363636364,5.325078282802986,False
composer::paragonie/random_compat,6,0.011363636363636364,5.325078282802986,False
npm::fontfaceobserver,6,0.011363636363636364,5.325078282802986,False
npm::expo-font,6,0.011363636363636364,5.325078282802986,False
npm::expo-status-bar,6,0.011363636363636364,5.325078282802986,False
npm::grunt-contrib-copy,6,0.011363636363636364,5.325078282802986,False
pypi::python-dateutil,6,0.011363636363636364,5.325078282802986,False
npm::css-in-js-utils,6,0.011363636363636364,5.325078282802986,False
npm::inline-style-prefixer,6,0.011363636363636364,5.325078282802986,False
npm::grunt-contrib-cssmin,6,0.011363636363636364,5.325078282802986,False
npm::react-native-web,6,0.011363636363636364,5.325078282802986,False
maven::org.springframework/spring-webmvc,6,0.011363636363636364,5.325078282802986,False
golang::github.com/modern-go/concurrent,5,0.00946969696969697,5.479228962630245,False
golang::github.com/modern-go/reflect2,5,0.00946969696969697,5.479228962630245,False
golang::gopkg.in/yaml.v3,5,0.00946969696969697,5.479228962630245,False
golang::github.com/json-iterator/go,5,0.00946969696969697,5.479228962630245,False
npm::piscina,5,0.00946969696969697,5.479228962630245,False
npm::wrap-ansi-cjs,5,0.00946969696969697,5.479228962630245,False
npm::karma-coverage,5,0.00946969696969697,5.479228962630245,False
golang::github.com/mattn/go-isatty,5,0.00946969696969697,5.479228962630245,False
npm::nice-napi,5,0.00946969696969697,5.479228962630245,False
npm::esbuild-wasm,5,0.00946969696969697,5.479228962630245,False
npm::jwt-decode,5,0.00946969696969697,5.479228962630245,False
npm::null-check,5,0.00946969696969697,5.479228962630245,False
pypi::pyjwt,5,0.00946969696969697,5.479228962630245,False
pypi::colorama,5,0.00946969696969697,5.479228962630245,False
pypi::pycparser,5,0.00946969696969697,5.479228962630245,False
pypi::cffi,5,0.00946969696969697,5.479228962630245,False
pypi::cryptography,5,0.00946969696969697,5.479228962630245,False
npm::fs-access,5,0.00946969696969697,5.479228962630245,False
npm::ionicons,5,0.00946969696969697,5.479228962630245,False
npm::is-negated-glob,5,0.00946969696969697,5.479228962630245,False
npm::gulp-sass,5,0.00946969696969697,5.479228962630245,False
npm::babel-cli,5,0.00946969696969697,5.479228962630245,False
npm::parse-bmfont-ascii,5,0.00946969696969697,5.479228962630245,False
npm::xml-parse-from-string,5,0.00946969696969697,5.479228962630245,False
npm::pixelmatch,5,0.00946969696969697,5.479228962630245,False
npm::load-bmfont,5,0.00946969696969697,5.479228962630245,False
npm::parse-bmfont-xml,5,0.00946969696969697,5.479228962630245,False
npm::inflection,5,0.00946969696969697,5.479228962630245,False
npm::jpeg-js,5,0.00946969696969697,5.479228962630245,False
npm::exif-parser,5,0.00946969696969697,5.479228962630245,False
npm::parse-bmfont-binary,5,0.00946969696969697,5.479228962630245,False
npm::jimp,5,0.00946969696969697,5.479228962630245,False
npm::bmp-js,5,0.00946969696969697,5.479228962630245,False
pub::ffi,5,0.00946969696969697,5.479228962630245,False
npm::client-only,5,0.00946969696969697,5.479228962630245,False
npm::email-addresses,5,0.00946969696969697,5.479228962630245,False
npm::@restart/ui,5,0.00946969696969697,5.479228962630245,False
npm::@tsconfig/node10,5,0.00946969696969697,5.479228962630245,False
npm::v8-compile-cache-lib,5,0.00946969696969697,5.479228962630245,False
npm::@tsconfig/node14,5,0.00946969696969697,5.479228962630245,False
npm::@types/superagent,5,0.00946969696969697,5.479228962630245,False
npm::@cspotcode/source-map-support,5,0.00946969696969697,5.479228962630245,False
npm::@types/cookiejar,5,0.00946969696969697,5.479228962630245,False
npm::@tsconfig/node12,5,0.00946969696969697,5.479228962630245,False
npm::@firebase/polyfill,5,0.00946969696969697,5.479228962630245,False
npm::spawn-command,5,0.00946969696969697,5.479228962630245,False
npm::serve-favicon,5,0.00946969696969697,5.479228962630245,False
npm::traverse,5,0.00946969696969697,5.479228962630245,False
npm::@ungap/promise-all-settled,5,0.00946969696969697,5.479228962630245,False
npm::@types/ms,5,0.00946969696969697,5.479228962630245,False
npm::@types/sinonjs__fake-timers,5,0.00946969696969697,5.479228962630245,False
npm::js-queue,5,0.00946969696969697,5.479228962630245,False
npm::node-ipc,5,0.00946969696969697,5.479228962630245,False
npm::string.prototype.padend,5,0.00946969696969697,5.479228962630245,False
pypi::pytest,5,0.00946969696969697,5.479228962630245,False
gem::faraday-net_http,5,0.00946969696969697,5.479228962630245,False
gem::faraday-excon,5,0.00946969696969697,5.479228962630245,False
gem::ruby2_keywords,5,0.00946969696969697,5.479228962630245,False
gem::faraday-net_http_persistent,5,0.00946969696969697,5.479228962630245,False
npm::react-clone-referenced-element,5,0.00946969696969697,5.479228962630245,False
npm::react-transform-hmr,5,0.00946969696969697,5.479228962630245,False
github_actions::actions/setup-java,5,0.00946969696969697,5.479228962630245,False
npm::sqlstring,5,0.00946969696969697,5.479228962630245,False
npm::@types/chai,5,0.00946969696969697,5.479228962630245,False
npm::markdown-table,5,0.00946969696969697,5.479228962630245,False
pypi::beautifulsoup4,5,0.00946969696969697,5.479228962630245,False
pypi::attrs,5,0.00946969696969697,5.479228962630245,False
npm::@nuxt/opencollective,5,0.00946969696969697,5.479228962630245,False
npm::@vue/preload-webpack-plugin,5,0.00946969696969697,5.479228962630245,False
npm::@soda/get-current-script,5,0.00946969696969697,5.479228962630245,False
npm::@vue/eslint-config-prettier,5,0.00946969696969697,5.479228962630245,False
npm::@vue/cli-plugin-router,5,0.00946969696969697,5.479228962630245,False
npm::@intervolga/optimize-cssnano-plugin,5,0.00946969696969697,5.479228962630245,False
npm::@vue/cli-plugin-vuex,5,0.00946969696969697,5.479228962630245,False
npm::@vue/babel-sugar-composition-api-render-instance,5,0.00946969696969697,5.479228962630245,False
npm::@vue/babel-sugar-composition-api-inject-h,5,0.00946969696969697,5.479228962630245,False
npm::lodash.transform,5,0.00946969696969697,5.479228962630245,False
nuget::jquery,5,0.00946969696969697,5.479228962630245,False
pub::crypto,5,0.00946969696969697,5.479228962630245,False
gem::pry,5,0.00946969696969697,5.479228962630245,False
gem::actiontext,5,0.00946969696969697,5.479228962630245,False
gem::coderay,5,0.00946969696969697,5.479228962630245,False
gem::childprocess,5,0.00946969696969697,5.479228962630245,False
gem::actionmailbox,5,0.00946969696969697,5.479228962630245,False
npm::compression-webpack-plugin,5,0.00946969696969697,5.479228962630245,False
npm::ext-name,5,0.00946969696969697,5.479228962630245,False
npm::serviceworker-cache-polyfill,5,0.00946969696969697,5.479228962630245,False
npm::sw-toolbox,5,0.00946969696969697,5.479228962630245,False
npm::dom-urls,5,0.00946969696969697,5.479228962630245,False
npm::multimatch,5,0.00946969696969697,5.479228962630245,False
npm::sw-precache,5,0.00946969696969697,5.479228962630245,False
npm::sort-keys-length,5,0.00946969696969697,5.479228962630245,False
npm::node-status-codes,5,0.00946969696969697,5.479228962630245,False
npm::lazy-req,5,0.00946969696969697,5.479228962630245,False
npm::strip-bom-stream,5,0.00946969696969697,5.479228962630245,False
npm::fecha,5,0.00946969696969697,5.479228962630245,False
npm::ext-list,5,0.00946969696969697,5.479228962630245,False
npm::is-gzip,5,0.00946969696969697,5.479228962630245,False
npm::esbuild-openbsd-64,5,0.00946969696969697,5.479228962630245,False
npm::esbuild-linux-mips64le,5,0.00946969696969697,5.479228962630245,False
npm::esbuild-darwin-arm64,5,0.00946969696969697,5.479228962630245,False
npm::esbuild-sunos-64,5,0.00946969696969697,5.479228962630245,False
npm::esbuild-linux-arm64,5,0.00946969696969697,5.479228962630245,False
npm::esbuild-windows-64,5,0.00946969696969697,5.479228962630245,False
npm::esbuild-darwin-64,5,0.00946969696969697,5.479228962630245,False
npm::esbuild-netbsd-64,5,0.00946969696969697,5.479228962630245,False
npm::esbuild-freebsd-arm64,5,0.00946969696969697,5.479228962630245,False
npm::esbuild-windows-32,5,0.00946969696969697,5.479228962630245,False
npm::esbuild-linux-64,5,0.00946969696969697,5.479228962630245,False
npm::esbuild-linux-riscv64,5,0.00946969696969697,5.479228962630245,False
npm::esbuild-linux-ppc64le,5,0.00946969696969697,5.479228962630245,False
npm::esbuild-android-arm64,5,0.00946969696969697,5.479228962630245,False
npm::esbuild-linux-32,5,0.00946969696969697,5.479228962630245,False
npm::@types/component-emitter,5,0.00946969696969697,5.479228962630245,False
npm::esbuild-linux-arm,5,0.00946969696969697,5.479228962630245,False
npm::esbuild-linux-s390x,5,0.00946969696969697,5.479228962630245,False
npm::esbuild-freebsd-64,5,0.00946969696969697,5.479228962630245,False
npm::esbuild-windows-arm64,5,0.00946969696969697,5.479228962630245,False
npm::eslint-plugin-eslint-comments,5,0.00946969696969697,5.479228962630245,False
npm::@react-native-community/eslint-config,5,0.00946969696969697,5.479228962630245,False
npm::@react-navigation/core,5,0.00946969696969697,5.479228962630245,False
npm::chart.js,5,0.00946969696969697,5.479228962630245,False
npm::laravel-mix,5,0.00946969696969697,5.479228962630245,False
npm::slugify,5,0.00946969696969697,5.479228962630245,False
npm::@firebase/analytics,5,0.00946969696969697,5.479228962630245,False
npm::@mongodb-js/saslprep,5,0.00946969696969697,5.479228962630245,False
npm::@types/use-sync-external-store,5,0.00946969696969697,5.479228962630245,False
npm::@firebase/analytics-types,5,0.00946969696969697,5.479228962630245,False
npm::@firebase/remote-config-types,5,0.00946969696969697,5.479228962630245,False
npm::@firebase/installations-types,5,0.00946969696969697,5.479228962630245,False
npm::@firebase/remote-config,5,0.00946969696969697,5.479228962630245,False
npm::js-cookie,5,0.00946969696969697,5.479228962630245,False
npm::reserved-words,5,0.00946969696969697,5.479228962630245,False
npm::any-observable,5,0.00946969696969697,5.479228962630245,False
npm::@samverschueren/stream-to-observable,5,0.00946969696969697,5.479228962630245,False
npm::split,5,0.00946969696969697,5.479228962630245,False
gem::rspec-support,5,0.00946969696969697,5.479228962630245,False
npm::@vue/server-renderer,5,0.00946969696969697,5.479228962630245,False
npm::possible-typed-array-names,5,0.00946969696969697,5.479228962630245,False
npm::esm,5,0.00946969696969697,5.479228962630245,False
npm::pkg-conf,5,0.00946969696969697,5.479228962630245,False
npm::requireindex,5,0.00946969696969697,5.479228962630245,False
npm::comma-separated-tokens,5,0.00946969696969697,5.479228962630245,False
npm::space-separated-tokens,5,0.00946969696969697,5.479228962630245,False
npm::@material-ui/icons,5,0.00946969696969697,5.479228962630245,False
npm::create-react-context,5,0.00946969696969697,5.479228962630245,False
npm::react-onclickoutside,5,0.00946969696969697,5.479228962630245,False
npm::property-information,5,0.00946969696969697,5.479228962630245,False
npm::babel-plugin-transform-async-generator-functions,5,0.00946969696969697,5.479228962630245,False
npm::react-side-effect,5,0.00946969696969697,5.479228962630245,False
npm::babel-plugin-syntax-async-generators,5,0.00946969696969697,5.479228962630245,False
npm::react-helmet,5,0.00946969696969697,5.479228962630245,False
npm::generate-object-property,5,0.00946969696969697,5.479228962630245,False
npm::is-my-json-valid,5,0.00946969696969697,5.479228962630245,False
npm::is-decimal,5,0.00946969696969697,5.479228962630245,False
npm::unbzip2-stream,5,0.00946969696969697,5.479228962630245,False
npm::is-alphanumerical,5,0.00946969696969697,5.479228962630245,False
npm::mkdirp-classic,5,0.00946969696969697,5.479228962630245,False
npm::is-alphabetical,5,0.00946969696969697,5.479228962630245,False
npm::is-hexadecimal,5,0.00946969696969697,5.479228962630245,False
npm::parse-entities,5,0.00946969696969697,5.479228962630245,False
npm::character-reference-invalid,5,0.00946969696969697,5.479228962630245,False
npm::url-regex,5,0.00946969696969697,5.479228962630245,False
npm::i,5,0.00946969696969697,5.479228962630245,False
npm::nodemailer,5,0.00946969696969697,5.479228962630245,False
npm::lodash._baseassign,5,0.00946969696969697,5.479228962630245,False
npm::eyes,5,0.00946969696969697,5.479228962630245,False
npm::lodash.assignin,5,0.00946969696969697,5.479228962630245,False
npm::lodash.map,5,0.00946969696969697,5.479228962630245,False
npm::lodash.reduce,5,0.00946969696969697,5.479228962630245,False
npm::utile,5,0.00946969696969697,5.479228962630245,False
npm::pause,5,0.00946969696969697,5.479228962630245,False
npm::method-override,5,0.00946969696969697,5.479228962630245,False
npm::@graphql-tools/schema,5,0.00946969696969697,5.479228962630245,False
npm::listr2,5,0.00946969696969697,5.479228962630245,False
npm::zen-observable,5,0.00946969696969697,5.479228962630245,False
npm::tsconfig,5,0.00946969696969697,5.479228962630245,False
npm::@types/strip-json-comments,5,0.00946969696969697,5.479228962630245,False
npm::@graphql-tools/utils,5,0.00946969696969697,5.479228962630245,False
npm::@graphql-tools/merge,5,0.00946969696969697,5.479228962630245,False
npm::@types/strip-bom,5,0.00946969696969697,5.479228962630245,False
npm::ts-invariant,5,0.00946969696969697,5.479228962630245,False
npm::@apollo/protobufjs,5,0.00946969696969697,5.479228962630245,False
gem::turbolinks-source,5,0.00946969696969697,5.479228962630245,False
npm::d3-interpolate,5,0.00946969696969697,5.479228962630245,False
npm::d3-ease,5,0.00946969696969697,5.479228962630245,False
npm::d3-timer,5,0.00946969696969697,5.479228962630245,False
npm::d3-color,5,0.00946969696969697,5.479228962630245,False
npm::@types/d3-timer,5,0.00946969696969697,5.479228962630245,False
gem::mimemagic,5,0.00946969696969697,5.479228962630245,False
npm::eslint-plugin-standard,5,0.00946969696969697,5.479228962630245,False
npm::cli,5,0.00946969696969697,5.479228962630245,False
npm::readline2,5,0.00946969696969697,5.479228962630245,False
npm::tryit,5,0.00946969696969697,5.479228962630245,False
maven::org.aspectj/aspectjweaver,5,0.00946969696969697,5.479228962630245,False
npm::lodash.toarray,5,0.00946969696969697,5.479228962630245,False
npm::@vue/cli-plugin-eslint,5,0.00946969696969697,5.479228962630245,False
npm::yorkie,5,0.00946969696969697,5.479228962630245,False
npm::babel-plugin-syntax-decorators,5,0.00946969696969697,5.479228962630245,False
npm::unist-util-visit,5,0.00946969696969697,5.479228962630245,False
npm::character-entities-html4,5,0.00946969696969697,5.479228962630245,False
npm::unist-util-visit-parents,5,0.00946969696969697,5.479228962630245,False
npm::lower-case-first,5,0.00946969696969697,5.479228962630245,False
npm::is-upper-case,5,0.00946969696969697,5.479228962630245,False
npm::is-lower-case,5,0.00946969696969697,5.479228962630245,False
npm::swap-case,5,0.00946969696969697,5.479228962630245,False
npm::stringify-entities,5,0.00946969696969697,5.479228962630245,False
npm::title-case,5,0.00946969696969697,5.479228962630245,False
pypi::djangorestframework,5,0.00946969696969697,5.479228962630245,False
gem::polyglot,5,0.00946969696969697,5.479228962630245,False
gem::treetop,5,0.00946969696969697,5.479228962630245,False
npm::zod,5,0.00946969696969697,5.479228962630245,False
npm::multiparty,5,0.00946969696969697,5.479228962630245,False
npm::gifsicle,5,0.00946969696969697,5.479228962630245,False
npm::optipng-bin,5,0.00946969696969697,5.479228962630245,False
npm::exec-buffer,5,0.00946969696969697,5.479228962630245,False
npm::util-promisify,5,0.00946969696969697,5.479228962630245,False
github_actions::actions/cache,5,0.00946969696969697,5.479228962630245,False
maven::org.slf4j/slf4j-simple,5,0.00946969696969697,5.479228962630245,False
npm::babel-preset-expo,5,0.00946969696969697,5.479228962630245,False
npm::fbemitter,5,0.00946969696969697,5.479228962630245,False
npm::expo-file-system,5,0.00946969696969697,5.479228962630245,False
npm::expo-asset,5,0.00946969696969697,5.479228962630245,False
npm::babel-plugin-react-native-web,5,0.00946969696969697,5.479228962630245,False
npm::expo-keep-awake,5,0.00946969696969697,5.479228962630245,False
pypi::protobuf,5,0.00946969696969697,5.479228962630245,False
composer::swiftmailer/swiftmailer,5,0.00946969696969697,5.479228962630245,False
npm::redeyed,5,0.00946969696969697,5.479228962630245,False
npm::ansicolors,5,0.00946969696969697,5.479228962630245,False
npm::cardinal,5,0.00946969696969697,5.479228962630245,False
npm::cuint,5,0.00946969696969697,5.479228962630245,False
npm::postcss-url,5,0.00946969696969697,5.479228962630245,False
npm::xxhashjs,5,0.00946969696969697,5.479228962630245,False
composer::php,5,0.00946969696969697,5.479228962630245,False
npm::pngquant-bin,5,0.00946969696969697,5.479228962630245,False
npm::grunt-contrib-watch,5,0.00946969696969697,5.479228962630245,False
npm::proper-lockfile,5,0.00946969696969697,5.479228962630245,False
npm::each-async,5,0.00946969696969697,5.479228962630245,False
npm::string-width-cjs,4,0.007575757575757576,5.661550519424199,False
npm::@assemblyscript/loader,4,0.007575757575757576,5.661550519424199,False
npm::eventemitter-asyncresource,4,0.007575757575757576,5.661550519424199,False
npm::proc-log,4,0.007575757575757576,5.661550519424199,False
npm::hdr-histogram-percentiles-obj,4,0.007575757575757576,5.661550519424199,False
npm::bootstrap-icons,4,0.007575757575757576,5.661550519424199,False
npm::strip-ansi-cjs,4,0.007575757575757576,5.661550519424199,False
npm::typed-assert,4,0.007575757575757576,5.661550519424199,False
npm::hdr-histogram-js,4,0.007575757575757576,5.661550519424199,False
golang::github.com/gin-gonic/gin,4,0.007575757575757576,5.661550519424199,False
pypi::zipp,4,0.007575757575757576,5.661550519424199,False
npm::webdriver-manager,4,0.007575757575757576,5.661550519424199,False
pypi::wrapt,4,0.007575757575757576,5.661550519424199,False
pypi::importlib-metadata,4,0.007575757575757576,5.661550519424199,False
npm::value-or-function,4,0.007575757575757576,5.661550519424199,False
npm::now-and-later,4,0.007575757575757576,5.661550519424199,False
npm::vinyl-sourcemap,4,0.007575757575757576,5.661550519424199,False
npm::lead,4,0.007575757575757576,5.661550519424199,False
npm::to-through,4,0.007575757575757576,5.661550519424199,False
npm::remove-bom-stream,4,0.007575757575757576,5.661550519424199,False
npm::remove-bom-buffer,4,0.007575757575757576,5.661550519424199,False
npm::vinyl-sourcemaps-apply,4,0.007575757575757576,5.661550519424199,False
npm::append-buffer,4,0.007575757575757576,5.661550519424199,False
npm::resolve-options,4,0.007575757575757576,5.661550519424199,False
npm::fs-mkdirp-stream,4,0.007575757575757576,5.661550519424199,False
npm::is-odd,4,0.007575757575757576,5.661550519424199,False
npm::sequelize,4,0.007575757575757576,5.661550519424199,False
npm::wkx,4,0.007575757575757576,5.661550519424199,False
npm::@types/yauzl,4,0.007575757575757576,5.661550519424199,False
npm::readline,4,0.007575757575757576,5.661550519424199,False
npm::path,4,0.007575757575757576,5.661550519424199,False
npm::phin,4,0.007575757575757576,5.661550519424199,False
npm::toposort-class,4,0.007575757575757576,5.661550519424199,False
npm::retry-as-promised,4,0.007575757575757576,5.661550519424199,False
npm::sequelize-pool,4,0.007575757575757576,5.661550519424199,False
npm::dottie,4,0.007575757575757576,5.661550519424199,False
pub::win32,4,0.007575757575757576,5.661550519424199,False
pub::platform,4,0.007575757575757576,5.661550519424199,False
pub::xdg_directories,4,0.007575757575757576,5.661550519424199,False
pub::leak_tracker,4,0.007575757575757576,5.661550519424199,False
pub::leak_tracker_testing,4,0.007575757575757576,5.661550519424199,False
pub::file,4,0.007575757575757576,5.661550519424199,False
pub::leak_tracker_flutter_testing,4,0.007575757575757576,5.661550519424199,False
pub::vm_service,4,0.007575757575757576,5.661550519424199,False
github_actions::actions/setup-go,4,0.007575757575757576,5.661550519424199,False
golang::github.com/stretchr/testify,4,0.007575757575757576,5.661550519424199,False
maven::org.mybatis/mybatis,4,0.007575757575757576,5.661550519424199,False
npm::@egjs/hammerjs,4,0.007575757575757576,5.661550519424199,False
npm::@types/hammerjs,4,0.007575757575757576,5.661550519424199,False
npm::windows-release,4,0.007575757575757576,5.661550519424199,False
npm::@types/supertest,4,0.007575757575757576,5.661550519424199,False
npm::pure-rand,4,0.007575757575757576,5.661550519424199,False
npm::@types/jsonwebtoken,4,0.007575757575757576,5.661550519424199,False
npm::bs-snippet-injector,4,0.007575757575757576,5.661550519424199,False
npm::dom-storage,4,0.007575757575757576,5.661550519424199,False
npm::@firebase/messaging-types,4,0.007575757575757576,5.661550519424199,False
npm::release-zalgo,4,0.007575757575757576,5.661550519424199,False
npm::es6-error,4,0.007575757575757576,5.661550519424199,False
npm::package-hash,4,0.007575757575757576,5.661550519424199,False
npm::@types/mocha,4,0.007575757575757576,5.661550519424199,False
npm::hasha,4,0.007575757575757576,5.661550519424199,False
npm::loupe,4,0.007575757575757576,5.661550519424199,False
npm::postcss-reporter,4,0.007575757575757576,5.661550519424199,False
npm::npm-run-all,4,0.007575757575757576,5.661550519424199,False
npm::pegjs,4,0.007575757575757576,5.661550519424199,False
npm::babel-plugin-transform-es3-member-expression-literals,4,0.007575757575757576,5.661550519424199,False
npm::babel-plugin-transform-es3-property-literals,4,0.007575757575757576,5.661550519424199,False
npm::babel-plugin-transform-object-assign,4,0.007575757575757576,5.661550519424199,False
npm::babel-preset-react-native,4,0.007575757575757576,5.661550519424199,False
maven::org.jacoco/jacoco-maven-plugin,4,0.007575757575757576,5.661550519424199,False
composer::symfony/polyfill-php81,4,0.007575757575757576,5.661550519424199,False
npm::get-tsconfig,4,0.007575757575757576,5.661550519424199,False
npm::pg-connection-string,4,0.007575757575757576,5.661550519424199,False
npm::mysql2,4,0.007575757575757576,5.661550519424199,False
npm::utf8,4,0.007575757575757576,5.661550519424199,False
npm::crc-32,4,0.007575757575757576,5.661550519424199,False
npm::blakejs,4,0.007575757575757576,5.661550519424199,False
npm::aes-js,4,0.007575757575757576,5.661550519424199,False
npm::base-x,4,0.007575757575757576,5.661550519424199,False
npm::js-sha3,4,0.007575757575757576,5.661550519424199,False
pypi::chardet,4,0.007575757575757576,5.661550519424199,False
pypi::appdirs,4,0.007575757575757576,5.661550519424199,False
pypi::pyparsing,4,0.007575757575757576,5.661550519424199,False
maven::org.apache.httpcomponents/httpclient,4,0.007575757575757576,5.661550519424199,False
nuget::bootstrap,4,0.007575757575757576,5.661550519424199,False
pub::http_parser,4,0.007575757575757576,5.661550519424199,False
pub::http,4,0.007575757575757576,5.661550519424199,False
npm::passport-local,4,0.007575757575757576,5.661550519424199,False
npm::passport,4,0.007575757575757576,5.661550519424199,False
npm::is-ip,4,0.007575757575757576,5.661550519424199,False
gem::bcrypt,4,0.007575757575757576,5.661550519424199,False
npm::@rails/webpacker,4,0.007575757575757576,5.661550519424199,False
npm::path-complete-extname,4,0.007575757575757576,5.661550519424199,False
npm::compress-commons,4,0.007575757575757576,5.661550519424199,False
npm::matcher,4,0.007575757575757576,5.661550519424199,False
npm::zip-stream,4,0.007575757575757576,5.661550519424199,False
npm::fs-exists-sync,4,0.007575757575757576,5.661550519424199,False
npm::crc32-stream,4,0.007575757575757576,5.661550519424199,False
npm::archiver-utils,4,0.007575757575757576,5.661550519424199,False
npm::@types/clean-css,4,0.007575757575757576,5.661550519424199,False
npm::has-color,4,0.007575757575757576,5.661550519424199,False
npm::nomnom,4,0.007575757575757576,5.661550519424199,False
npm::lodash.set,4,0.007575757575757576,5.661550519424199,False
npm::read-chunk,4,0.007575757575757576,5.661550519424199,False
npm::@nicolo-ribaudo/chokidar-2,4,0.007575757575757576,5.661550519424199,False
npm::lodash.frompairs,4,0.007575757575757576,5.661550519424199,False
npm::@types/react-test-renderer,4,0.007575757575757576,5.661550519424199,False
npm::@react-native-community/eslint-plugin,4,0.007575757575757576,5.661550519424199,False
npm::react-native-reanimated,4,0.007575757575757576,5.661550519424199,False
npm::@react-navigation/stack,4,0.007575757575757576,5.661550519424199,False
npm::@types/react-native,4,0.007575757575757576,5.661550519424199,False
npm::@react-navigation/routers,4,0.007575757575757576,5.661550519424199,False
npm::@react-navigation/bottom-tabs,4,0.007575757575757576,5.661550519424199,False
npm::faker,4,0.007575757575757576,5.661550519424199,False
npm::concat,4,0.007575757575757576,5.661550519424199,False
npm::webpack-notifier,4,0.007575757575757576,5.661550519424199,False
npm::collect.js,4,0.007575757575757576,5.661550519424199,False
npm::img-loader,4,0.007575757575757576,5.661550519424199,False
npm::gl-matrix,4,0.007575757575757576,5.661550519424199,False
npm::swiper,4,0.007575757575757576,5.661550519424199,False
npm::@firebase/app-check,4,0.007575757575757576,5.661550519424199,False
npm::@firebase/app-check-interop-types,4,0.007575757575757576,5.661550519424199,False
npm::rw,4,0.007575757575757576,5.661550519424199,False
npm::eslint-plugin-unicorn,4,0.007575757575757576,5.661550519424199,False
npm::cacheable-lookup,4,0.007575757575757576,5.661550519424199,False
npm::clean-regexp,4,0.007575757575757576,5.661550519424199,False
npm::@types/cacheable-request,4,0.007575757575757576,5.661550519424199,False
npm::@types/http-cache-semantics,4,0.007575757575757576,5.661550519424199,False
npm::@types/keyv,4,0.007575757575757576,5.661550519424199,False
npm::@types/responselike,4,0.007575757575757576,5.661550519424199,False
nuget::microsoft.entityframeworkcore,4,0.007575757575757576,5.661550519424199,False
pypi::psutil,4,0.007575757575757576,5.661550519424199,False
gem::slop,4,0.007575757575757576,5.661550519424199,False
gem::mini_portile,4,0.007575757575757576,5.661550519424199,False
composer::symfony/polyfill-php83,4,0.007575757575757576,5.661550519424199,False
composer::guzzlehttp/uri-template,4,0.007575757575757576,5.661550519424199,False
composer::league/flysystem-local,4,0.007575757575757576,5.661550519424199,False
composer::psr/clock,4,0.007575757575757576,5.661550519424199,False
composer::laravel/prompts,4,0.007575757575757576,5.661550519424199,False
npm::@vitejs/plugin-vue,4,0.007575757575757576,5.661550519424199,False
npm::@fortawesome/react-fontawesome,4,0.007575757575757576,5.661550519424199,False
npm::typed-styles,4,0.007575757575757576,5.661550519424199,False
npm::react-overlays,4,0.007575757575757576,5.661550519424199,False
npm::hast-util-parse-selector,4,0.007575757575757576,5.661550519424199,False
npm::hast-util-from-parse5,4,0.007575757575757576,5.661550519424199,False
npm::x-is-string,4,0.007575757575757576,5.661550519424199,False
npm::react-datepicker,4,0.007575757575757576,5.661550519424199,False
npm::hastscript,4,0.007575757575757576,5.661550519424199,False
npm::rehype-parse,4,0.007575757575757576,5.661550519424199,False
npm::web-namespaces,4,0.007575757575757576,5.661550519424199,False
gem::timeout,4,0.007575757575757576,5.661550519424199,False
gem::net-smtp,4,0.007575757575757576,5.661550519424199,False
gem::net-pop,4,0.007575757575757576,5.661550519424199,False
gem::net-protocol,4,0.007575757575757576,5.661550519424199,False
gem::net-imap,4,0.007575757575757576,5.661550519424199,False
npm::zwitch,4,0.007575757575757576,5.661550519424199,False
npm::postcss-resolve-nested-selector,4,0.007575757575757576,5.661550519424199,False
npm::postcss-scss,4,0.007575757575757576,5.661550519424199,False
npm::mathml-tag-names,4,0.007575757575757576,5.661550519424199,False
npm::known-css-properties,4,0.007575757575757576,5.661550519424199,False
npm::execall,4,0.007575757575757576,5.661550519424199,False
npm::stylelint-config-recommended,4,0.007575757575757576,5.661550519424199,False
npm::specificity,4,0.007575757575757576,5.661550519424199,False
npm::clone-regexp,4,0.007575757575757576,5.661550519424199,False
npm::globjoin,4,0.007575757575757576,5.661550519424199,False
npm::remark,4,0.007575757575757576,5.661550519424199,False
npm::normalize-selector,4,0.007575757575757576,5.661550519424199,False
npm::mdast-util-to-string,4,0.007575757575757576,5.661550519424199,False
npm::style-search,4,0.007575757575757576,5.661550519424199,False
npm::stylelint,4,0.007575757575757576,5.661550519424199,False
npm::remark-stringify,4,0.007575757575757576,5.661550519424199,False
npm::sugarss,4,0.007575757575757576,5.661550519424199,False
npm::revalidator,4,0.007575757575757576,5.661550519424199,False
npm::mongodb-core,4,0.007575757575757576,5.661550519424199,False
npm::lodash.reject,4,0.007575757575757576,5.661550519424199,False
npm::resumer,4,0.007575757575757576,5.661550519424199,False
npm::lodash.filter,4,0.007575757575757576,5.661550519424199,False
npm::cycle,4,0.007575757575757576,5.661550519424199,False
npm::lodash.bind,4,0.007575757575757576,5.661550519424199,False
npm::trim,4,0.007575757575757576,5.661550519424199,False
npm::map-stream,4,0.007575757575757576,5.661550519424199,False
npm::prompt,4,0.007575757575757576,5.661550519424199,False
npm::exenv,4,0.007575757575757576,5.661550519424199,False
composer::symfony/debug,4,0.007575757575757576,5.661550519424199,False
npm::cypress,4,0.007575757575757576,5.661550519424199,False
npm::@types/sizzle,4,0.007575757575757576,5.661550519424199,False
npm::@cypress/xvfb,4,0.007575757575757576,5.661550519424199,False
npm::cachedir,4,0.007575757575757576,5.661550519424199,False
npm::throttleit,4,0.007575757575757576,5.661550519424199,False
npm::graphql-ws,4,0.007575757575757576,5.661550519424199,False
npm::request-progress,4,0.007575757575757576,5.661550519424199,False
npm::lazy-ass,4,0.007575757575757576,5.661550519424199,False
npm::@types/stylis,4,0.007575757575757576,5.661550519424199,False
npm::check-more-types,4,0.007575757575757576,5.661550519424199,False
npm::getos,4,0.007575757575757576,5.661550519424199,False
npm::value-or-promise,4,0.007575757575757576,5.661550519424199,False
npm::@wry/equality,4,0.007575757575757576,5.661550519424199,False
npm::zen-observable-ts,4,0.007575757575757576,5.661550519424199,False
pypi::matplotlib,4,0.007575757575757576,5.661550519424199,False
gem::sassc,4,0.007575757575757576,5.661550519424199,False
gem::selenium-webdriver,4,0.007575757575757576,5.661550519424199,False
npm::rc-image,4,0.007575757575757576,5.661550519424199,False
npm::@ant-design/icons,4,0.007575757575757576,5.661550519424199,False
npm::antd,4,0.007575757575757576,5.661550519424199,False
npm::rc-dialog,4,0.007575757575757576,5.661550519424199,False
npm::detect-browser,4,0.007575757575757576,5.661550519424199,False
npm::rc-textarea,4,0.007575757575757576,5.661550519424199,False
npm::rc-select,4,0.007575757575757576,5.661550519424199,False
npm::rc-trigger,4,0.007575757575757576,5.661550519424199,False
npm::rc-collapse,4,0.007575757575757576,5.661550519424199,False
npm::rc-overflow,4,0.007575757575757576,5.661550519424199,False
npm::rc-tree-select,4,0.007575757575757576,5.661550519424199,False
npm::rc-align,4,0.007575757575757576,5.661550519424199,False
npm::dom-align,4,0.007575757575757576,5.661550519424199,False
npm::resize-observer-polyfill,4,0.007575757575757576,5.661550519424199,False
npm::@ant-design/icons-svg,4,0.007575757575757576,5.661550519424199,False
npm::rc-pagination,4,0.007575757575757576,5.661550519424199,False
npm::rc-tree,4,0.007575757575757576,5.661550519424199,False
npm::rc-checkbox,4,0.007575757575757576,5.661550519424199,False
npm::d3-hierarchy,4,0.007575757575757576,5.661550519424199,False
npm::rc-picker,4,0.007575757575757576,5.661550519424199,False
npm::rc-table,4,0.007575757575757576,5.661550519424199,False
npm::rc-switch,4,0.007575757575757576,5.661550519424199,False
npm::rc-input-number,4,0.007575757575757576,5.661550519424199,False
npm::rc-util,4,0.007575757575757576,5.661550519424199,False
npm::rc-tooltip,4,0.007575757575757576,5.661550519424199,False
npm::rc-cascader,4,0.007575757575757576,5.661550519424199,False
npm::rc-progress,4,0.007575757575757576,5.661550519424199,False
npm::json2mq,4,0.007575757575757576,5.661550519424199,False
npm::rc-menu,4,0.007575757575757576,5.661550519424199,False
npm::rc-notification,4,0.007575757575757576,5.661550519424199,False
npm::rc-slider,4,0.007575757575757576,5.661550519424199,False
npm::string-convert,4,0.007575757575757576,5.661550519424199,False
npm::rc-drawer,4,0.007575757575757576,5.661550519424199,False
npm::rc-motion,4,0.007575757575757576,5.661550519424199,False
npm::async-validator,4,0.007575757575757576,5.661550519424199,False
npm::scroll-into-view-if-needed,4,0.007575757575757576,5.661550519424199,False
npm::rc-steps,4,0.007575757575757576,5.661550519424199,False
npm::rc-virtual-list,4,0.007575757575757576,5.661550519424199,False
npm::rc-upload,4,0.007575757575757576,5.661550519424199,False
npm::rc-dropdown,4,0.007575757575757576,5.661550519424199,False
npm::rc-field-form,4,0.007575757575757576,5.661550519424199,False
npm::rc-tabs,4,0.007575757575757576,5.661550519424199,False
npm::@ant-design/react-slick,4,0.007575757575757576,5.661550519424199,False
npm::hammerjs,4,0.007575757575757576,5.661550519424199,False
npm::array-tree-filter,4,0.007575757575757576,5.661550519424199,False
npm::rc-rate,4,0.007575757575757576,5.661550519424199,False
npm::@ant-design/colors,4,0.007575757575757576,5.661550519424199,False
npm::rc-mentions,4,0.007575757575757576,5.661550519424199,False
npm::rc-resize-observer,4,0.007575757575757576,5.661550519424199,False
gem::autoprefixer-rails,4,0.007575757575757576,5.661550519424199,False
gem::mime-types-data,4,0.007575757575757576,5.661550519424199,False
npm::js-beautify,4,0.007575757575757576,5.661550519424199,False
npm::editorconfig,4,0.007575757575757576,5.661550519424199,False
maven::org.junit.jupiter/junit-jupiter-engine,4,0.007575757575757576,5.661550519424199,False
maven::org.junit.jupiter/junit-jupiter-api,4,0.007575757575757576,5.661550519424199,False
npm::enzyme-adapter-react-16,4,0.007575757575757576,5.661550519424199,False
pypi::multidict,4,0.007575757575757576,5.661550519424199,False
pypi::yarl,4,0.007575757575757576,5.661550519424199,False
npm::signedsource,4,0.007575757575757576,5.661550519424199,False
npm::@types/history,4,0.007575757575757576,5.661550519424199,False
npm::@babel/polyfill,4,0.007575757575757576,5.661550519424199,False
npm::relay-runtime,4,0.007575757575757576,5.661550519424199,False
maven::org.springframework.boot/spring-boot-starter-mail,4,0.007575757575757576,5.661550519424199,False
npm::es-object-atoms,4,0.007575757575757576,5.661550519424199,False
npm::array.prototype.findlast,4,0.007575757575757576,5.661550519424199,False
npm::is-data-view,4,0.007575757575757576,5.661550519424199,False
npm::data-view-byte-length,4,0.007575757575757576,5.661550519424199,False
npm::data-view-byte-offset,4,0.007575757575757576,5.661550519424199,False
npm::data-view-buffer,4,0.007575757575757576,5.661550519424199,False
npm::array.prototype.toreversed,4,0.007575757575757576,5.661550519424199,False
npm::node-domexception,4,0.007575757575757576,5.661550519424199,False
npm::web-streams-polyfill,4,0.007575757575757576,5.661550519424199,False
pypi::fastapi,4,0.007575757575757576,5.661550519424199,False
pypi::uvicorn,4,0.007575757575757576,5.661550519424199,False
pypi::python-dotenv,4,0.007575757575757576,5.661550519424199,False
npm::@vue/eslint-config-typescript,4,0.007575757575757576,5.661550519424199,False
nuget::microsoft.visualstudio.web.codegeneration.design,4,0.007575757575757576,5.661550519424199,False
npm::is-subset,4,0.007575757575757576,5.661550519424199,False
npm::unist-util-remove-position,4,0.007575757575757576,5.661550519424199,False
npm::subscriptions-transport-ws,4,0.007575757575757576,5.661550519424199,False
npm::randexp,4,0.007575757575757576,5.661550519424199,False
npm::workbox-broadcast-cache-update,4,0.007575757575757576,5.661550519424199,False
npm::discontinuous-range,4,0.007575757575757576,5.661550519424199,False
npm::workbox-cache-expiration,4,0.007575757575757576,5.661550519424199,False
npm::railroad-diagrams,4,0.007575757575757576,5.661550519424199,False
npm::moo,4,0.007575757575757576,5.661550519424199,False
npm::nearley,4,0.007575757575757576,5.661550519424199,False
npm::@types/react-router-dom,4,0.007575757575757576,5.661550519424199,False
npm::url-join,4,0.007575757575757576,5.661550519424199,False
npm::grunt-jscs,4,0.007575757575757576,5.661550519424199,False
npm::vfile-location,4,0.007575757575757576,5.661550519424199,False
composer::laravel/ui,4,0.007575757575757576,5.661550519424199,False
npm::unherit,4,0.007575757575757576,5.661550519424199,False
npm::grunt-cli,4,0.007575757575757576,5.661550519424199,False
npm::node-uuid,4,0.007575757575757576,5.661550519424199,False
npm::response-time,4,0.007575757575757576,5.661550519424199,False
npm::express-fileupload,4,0.007575757575757576,5.661550519424199,False
npm::aria-hidden,4,0.007575757575757576,5.661550519424199,False
npm::sw-precache-webpack-plugin,4,0.007575757575757576,5.661550519424199,False
npm::lodash.cond,4,0.007575757575757576,5.661550519424199,False
npm::babel-plugin-transform-react-constant-elements,4,0.007575757575757576,5.661550519424199,False
maven::log4j/log4j,4,0.007575757575757576,5.661550519424199,False
npm::connect-timeout,4,0.007575757575757576,5.661550519424199,False
npm::find-index,4,0.007575757575757576,5.661550519424199,False
npm::stream-consume,4,0.007575757575757576,5.661550519424199,False
npm::glob2base,4,0.007575757575757576,5.661550519424199,False
npm::is-png,4,0.007575757575757576,5.661550519424199,False
npm::p-map-series,4,0.007575757575757576,5.661550519424199,False
npm::deprecated,4,0.007575757575757576,5.661550519424199,False
npm::sequencify,4,0.007575757575757576,5.661550519424199,False
npm::npm-conf,4,0.007575757575757576,5.661550519424199,False
npm::orchestrator,4,0.007575757575757576,5.661550519424199,False
npm::gaxios,4,0.007575757575757576,5.661550519424199,False
npm::google-p12-pem,4,0.007575757575757576,5.661550519424199,False
npm::gtoken,4,0.007575757575757576,5.661550519424199,False
npm::json-bigint,4,0.007575757575757576,5.661550519424199,False
npm::google-auth-library,4,0.007575757575757576,5.661550519424199,False
npm::gcp-metadata,4,0.007575757575757576,5.661550519424199,False
npm::fast-text-encoding,4,0.007575757575757576,5.661550519424199,False
composer::phenx/php-font-lib,4,0.007575757575757576,5.661550519424199,False
composer::dompdf/dompdf,4,0.007575757575757576,5.661550519424199,False
composer::psr/cache,4,0.007575757575757576,5.661550519424199,False
pub::convert,4,0.007575757575757576,5.661550519424199,False
github_actions::skills/action-update-step,4,0.007575757575757576,5.661550519424199,False
pypi::pyyaml,4,0.007575757575757576,5.661550519424199,False
npm::jose,4,0.007575757575757576,5.661550519424199,False
npm::preact,4,0.007575757575757576,5.661550519424199,False
pypi::lxml,4,0.007575757575757576,5.661550519424199,False
npm::eslint-config-airbnb,4,0.007575757575757576,5.661550519424199,False
maven::org.springframework.boot/spring-boot-starter-thymeleaf,4,0.007575757575757576,5.661550519424199,False
npm::framesync,4,0.007575757575757576,5.661550519424199,False
npm::popmotion,4,0.007575757575757576,5.661550519424199,False
npm::style-value-types,4,0.007575757575757576,5.661550519424199,False
npm::@next/swc-android-arm64,4,0.007575757575757576,5.661550519424199,False
npm::@next/swc-linux-arm-gnueabihf,4,0.007575757575757576,5.661550519424199,False
npm::hey-listen,4,0.007575757575757576,5.661550519424199,False
npm::friendly-errors-webpack-plugin,4,0.007575757575757576,5.661550519424199,False
npm::lodash._arrayeach,4,0.007575757575757576,5.661550519424199,False
npm::lodash._basefor,4,0.007575757575757576,5.661550519424199,False
npm::lodash._arraycopy,4,0.007575757575757576,5.661550519424199,False
npm::lodash._baseclone,4,0.007575757575757576,5.661550519424199,False
npm::babel-preset-stage-0,4,0.007575757575757576,5.661550519424199,False
npm::yup,4,0.007575757575757576,5.661550519424199,False
npm::property-expr,4,0.007575757575757576,5.661550519424199,False
npm::babel-preset-stage-3,4,0.007575757575757576,5.661550519424199,False
npm::babel-plugin-transform-decorators,4,0.007575757575757576,5.661550519424199,False
npm::babel-helper-explode-class,4,0.007575757575757576,5.661550519424199,False
npm::babel-helper-bindify-decorators,4,0.007575757575757576,5.661550519424199,False
npm::babel-preset-stage-2,4,0.007575757575757576,5.661550519424199,False
golang::github.com/golang/protobuf,4,0.007575757575757576,5.661550519424199,False
golang::github.com/pkg/errors,4,0.007575757575757576,5.661550519424199,False
golang::github.com/gogo/protobuf,4,0.007575757575757576,5.661550519424199,False
golang::golang.org/x/sync,4,0.007575757575757576,5.661550519424199,False
composer::fzaninotto/faker,4,0.007575757575757576,5.661550519424199,False
npm::normalize-css-color,4,0.007575757575757576,5.661550519424199,False
npm::mozjpeg,4,0.007575757575757576,5.661550519424199,False
npm::grunt-contrib-less,4,0.007575757575757576,5.661550519424199,False
npm::@angular/material,4,0.007575757575757576,5.661550519424199,False
npm::@angular/cdk,4,0.007575757575757576,5.661550519424199,False
npm::defu,4,0.007575757575757576,5.661550519424199,False
npm::serve-placeholder,4,0.007575757575757576,5.661550519424199,False
maven::org.springframework/spring-jdbc,4,0.007575757575757576,5.661550519424199,False
npm::grunt-legacy-log,4,0.007575757575757576,5.661550519424199,False
npm::grunt-legacy-util,4,0.007575757575757576,5.661550519424199,False
npm::grunt-legacy-log-utils,4,0.007575757575757576,5.661550519424199,False
npm::hooker,4,0.007575757575757576,5.661550519424199,False
npm::getobject,4,0.007575757575757576,5.661550519424199,False
npm::devalue,4,0.007575757575757576,5.661550519424199,False
npm::systemjs,4,0.007575757575757576,5.661550519424199,False
npm::basic-auth-connect,4,0.007575757575757576,5.661550519424199,False
golang::github.com/pelletier/go-toml/v2,3,0.005681818181818182,5.8846940707384086,False
golang::github.com/go-playground/locales,3,0.005681818181818182,5.8846940707384086,False
golang::github.com/leodido/go-urn,3,0.005681818181818182,5.8846940707384086,False
golang::github.com/gin-contrib/sse,3,0.005681818181818182,5.8846940707384086,False
golang::gorm.io/gorm,3,0.005681818181818182,5.8846940707384086,False
golang::github.com/go-playground/validator/v10,3,0.005681818181818182,5.8846940707384086,False
npm::@vitejs/plugin-basic-ssl,3,0.005681818181818182,5.8846940707384086,False
golang::gorm.io/driver/mysql,3,0.005681818181818182,5.8846940707384086,False
golang::github.com/ugorji/go/codec,3,0.005681818181818182,5.8846940707384086,False
golang::github.com/go-sql-driver/mysql,3,0.005681818181818182,5.8846940707384086,False
golang::github.com/goccy/go-json,3,0.005681818181818182,5.8846940707384086,False
golang::github.com/go-playground/universal-translator,3,0.005681818181818182,5.8846940707384086,False
npm::imports-loader,3,0.005681818181818182,5.8846940707384086,False
npm::@angular/http,3,0.005681818181818182,5.8846940707384086,False
pypi::future,3,0.005681818181818182,5.8846940707384086,False
pypi::flask-sqlalchemy,3,0.005681818181818182,5.8846940707384086,False
pypi::greenlet,3,0.005681818181818182,5.8846940707384086,False
pypi::requests-oauthlib,3,0.005681818181818182,5.8846940707384086,False
npm::@ionic/core,3,0.005681818181818182,5.8846940707384086,False
pypi::oauthlib,3,0.005681818181818182,5.8846940707384086,False
npm::istanbul-instrumenter-loader,3,0.005681818181818182,5.8846940707384086,False
npm::async-done,3,0.005681818181818182,5.8846940707384086,False
npm::array-sort,3,0.005681818181818182,5.8846940707384086,False
npm::matchdep,3,0.005681818181818182,5.8846940707384086,False
npm::collection-map,3,0.005681818181818182,5.8846940707384086,False
npm::arr-filter,3,0.005681818181818182,5.8846940707384086,False
npm::memoizee,3,0.005681818181818182,5.8846940707384086,False
npm::undertaker,3,0.005681818181818182,5.8846940707384086,False
npm::default-resolution,3,0.005681818181818182,5.8846940707384086,False
npm::timers-ext,3,0.005681818181818182,5.8846940707384086,False
npm::debug-fabulous,3,0.005681818181818182,5.8846940707384086,False
npm::stream-exhaust,3,0.005681818181818182,5.8846940707384086,False
npm::array-initial,3,0.005681818181818182,5.8846940707384086,False
npm::undertaker-registry,3,0.005681818181818182,5.8846940707384086,False
npm::object.reduce,3,0.005681818181818182,5.8846940707384086,False
npm::each-props,3,0.005681818181818182,5.8846940707384086,False
npm::sver-compat,3,0.005681818181818182,5.8846940707384086,False
npm::bach,3,0.005681818181818182,5.8846940707384086,False
npm::semver-greatest-satisfied-range,3,0.005681818181818182,5.8846940707384086,False
npm::default-compare,3,0.005681818181818182,5.8846940707384086,False
npm::just-debounce,3,0.005681818181818182,5.8846940707384086,False
npm::last-run,3,0.005681818181818182,5.8846940707384086,False
npm::replace-homedir,3,0.005681818181818182,5.8846940707384086,False
npm::lru-queue,3,0.005681818181818182,5.8846940707384086,False
npm::strip-bom-string,3,0.005681818181818182,5.8846940707384086,False
npm::webpack-stream,3,0.005681818181818182,5.8846940707384086,False
npm::arr-map,3,0.005681818181818182,5.8846940707384086,False
npm::mute-stdout,3,0.005681818181818182,5.8846940707384086,False
npm::gulp-cli,3,0.005681818181818182,5.8846940707384086,False
npm::array-last,3,0.005681818181818182,5.8846940707384086,False
npm::@gulp-sourcemaps/map-sources,3,0.005681818181818182,5.8846940707384086,False
npm::copy-props,3,0.005681818181818182,5.8846940707384086,False
npm::async-settle,3,0.005681818181818182,5.8846940707384086,False
npm::global-modules-path,3,0.005681818181818182,5.8846940707384086,False
npm::string-similarity,3,0.005681818181818182,5.8846940707384086,False
pub::path_provider_linux,3,0.005681818181818182,5.8846940707384086,False
pub::path_provider_platform_interface,3,0.005681818181818182,5.8846940707384086,False
pub::path_provider_windows,3,0.005681818181818182,5.8846940707384086,False
maven::com.google.guava/guava,3,0.005681818181818182,5.8846940707384086,False
golang::github.com/davecgh/go-spew,3,0.005681818181818182,5.8846940707384086,False
golang::github.com/pmezard/go-difflib,3,0.005681818181818182,5.8846940707384086,False
maven::org.springframework.boot/spring-boot-starter,3,0.005681818181818182,5.8846940707384086,False
maven::org.mybatis/mybatis-spring,3,0.005681818181818182,5.8846940707384086,False
maven::com.fasterxml.jackson.datatype/jackson-datatype-jsr310,3,0.005681818181818182,5.8846940707384086,False
npm::@types/validator,3,0.005681818181818182,5.8846940707384086,False
nuget::entityframework,3,0.005681818181818182,5.8846940707384086,False
npm::colour,3,0.005681818181818182,5.8846940707384086,False
npm::connect-logger,3,0.005681818181818182,5.8846940707384086,False
npm::bytebuffer,3,0.005681818181818182,5.8846940707384086,False
npm::lite-server,3,0.005681818181818182,5.8846940707384086,False
npm::grpc,3,0.005681818181818182,5.8846940707384086,False
npm::optjs,3,0.005681818181818182,5.8846940707384086,False
npm::ascli,3,0.005681818181818182,5.8846940707384086,False
npm::nyc,3,0.005681818181818182,5.8846940707384086,False
npm::istanbul-lib-processinfo,3,0.005681818181818182,5.8846940707384086,False
npm::process-on-spawn,3,0.005681818181818182,5.8846940707384086,False
npm::node-preload,3,0.005681818181818182,5.8846940707384086,False
npm::caching-transform,3,0.005681818181818182,5.8846940707384086,False
npm::fromentries,3,0.005681818181818182,5.8846940707384086,False
npm::stoppable,3,0.005681818181818182,5.8846940707384086,False
npm::optional-require,3,0.005681818181818182,5.8846940707384086,False
npm::spawn-wrap,3,0.005681818181818182,5.8846940707384086,False
npm::@types/sinon,3,0.005681818181818182,5.8846940707384086,False
npm::csv-parser,3,0.005681818181818182,5.8846940707384086,False
npm::redis-errors,3,0.005681818181818182,5.8846940707384086,False
npm::redis-parser,3,0.005681818181818182,5.8846940707384086,False
npm::redis,3,0.005681818181818182,5.8846940707384086,False
npm::babel-plugin-external-helpers,3,0.005681818181818182,5.8846940707384086,False
npm::babel-plugin-react-transform,3,0.005681818181818182,5.8846940707384086,False
npm::babel-preset-es2015-node,3,0.005681818181818182,5.8846940707384086,False
npm::resolve-pkg-maps,3,0.005681818181818182,5.8846940707384086,False
npm::named-placeholders,3,0.005681818181818182,5.8846940707384086,False
npm::eslint-plugin-n,3,0.005681818181818182,5.8846940707384086,False
npm::seq-queue,3,0.005681818181818182,5.8846940707384086,False
npm::ethereumjs-abi,3,0.005681818181818182,5.8846940707384086,False
npm::is-hex-prefixed,3,0.005681818181818182,5.8846940707384086,False
npm::@ethersproject/hash,3,0.005681818181818182,5.8846940707384086,False
npm::@ethersproject/web,3,0.005681818181818182,5.8846940707384086,False
npm::level-supports,3,0.005681818181818182,5.8846940707384086,False
npm::@ethersproject/base64,3,0.005681818181818182,5.8846940707384086,False
npm::@types/form-data,3,0.005681818181818182,5.8846940707384086,False
npm::find-replace,3,0.005681818181818182,5.8846940707384086,False
npm::@ethersproject/abi,3,0.005681818181818182,5.8846940707384086,False
npm::@ethersproject/rlp,3,0.005681818181818182,5.8846940707384086,False
npm::@types/bn.js,3,0.005681818181818182,5.8846940707384086,False
npm::@types/secp256k1,3,0.005681818181818182,5.8846940707384086,False
npm::scrypt-js,3,0.005681818181818182,5.8846940707384086,False
npm::array-back,3,0.005681818181818182,5.8846940707384086,False
npm::ethereum-cryptography,3,0.005681818181818182,5.8846940707384086,False
npm::bs58,3,0.005681818181818182,5.8846940707384086,False
npm::keccak,3,0.005681818181818182,5.8846940707384086,False
npm::@ethersproject/address,3,0.005681818181818182,5.8846940707384086,False
npm::ethjs-unit,3,0.005681818181818182,5.8846940707384086,False
npm::@ethersproject/constants,3,0.005681818181818182,5.8846940707384086,False
npm::@ethersproject/logger,3,0.005681818181818182,5.8846940707384086,False
npm::bs58check,3,0.005681818181818182,5.8846940707384086,False
npm::strip-hex-prefix,3,0.005681818181818182,5.8846940707384086,False
npm::@types/pbkdf2,3,0.005681818181818182,5.8846940707384086,False
npm::@ethersproject/networks,3,0.005681818181818182,5.8846940707384086,False
npm::secp256k1,3,0.005681818181818182,5.8846940707384086,False
npm::cbor,3,0.005681818181818182,5.8846940707384086,False
npm::@ethersproject/bytes,3,0.005681818181818182,5.8846940707384086,False
npm::typical,3,0.005681818181818182,5.8846940707384086,False
npm::ethers,3,0.005681818181818182,5.8846940707384086,False
npm::@ethersproject/keccak256,3,0.005681818181818182,5.8846940707384086,False
npm::solc,3,0.005681818181818182,5.8846940707384086,False
npm::nofilter,3,0.005681818181818182,5.8846940707384086,False
npm::number-to-bn,3,0.005681818181818182,5.8846940707384086,False
npm::web3-utils,3,0.005681818181818182,5.8846940707384086,False
npm::ethereumjs-util,3,0.005681818181818182,5.8846940707384086,False
npm::@ethersproject/bignumber,3,0.005681818181818182,5.8846940707384086,False
npm::command-line-args,3,0.005681818181818182,5.8846940707384086,False
npm::detect-port,3,0.005681818181818182,5.8846940707384086,False
npm::ethereum-bloom-filters,3,0.005681818181818182,5.8846940707384086,False
npm::@types/lru-cache,3,0.005681818181818182,5.8846940707384086,False
npm::@ethersproject/properties,3,0.005681818181818182,5.8846940707384086,False
npm::@ethersproject/abstract-provider,3,0.005681818181818182,5.8846940707384086,False
npm::rlp,3,0.005681818181818182,5.8846940707384086,False
npm::@ethersproject/signing-key,3,0.005681818181818182,5.8846940707384086,False
npm::@ethersproject/transactions,3,0.005681818181818182,5.8846940707384086,False
npm::ethjs-util,3,0.005681818181818182,5.8846940707384086,False
npm::@ethersproject/abstract-signer,3,0.005681818181818182,5.8846940707384086,False
npm::@ethersproject/strings,3,0.005681818181818182,5.8846940707384086,False
pypi::bs4,3,0.005681818181818182,5.8846940707384086,False
pypi::webencodings,3,0.005681818181818182,5.8846940707384086,False
pypi::wcwidth,3,0.005681818181818182,5.8846940707384086,False
npm::react-addons-test-utils,3,0.005681818181818182,5.8846940707384086,False
npm::babel-preset-stage-1,3,0.005681818181818182,5.8846940707384086,False
npm::@fortawesome/vue-fontawesome,3,0.005681818181818182,5.8846940707384086,False
npm::register-service-worker,3,0.005681818181818182,5.8846940707384086,False
npm::@vue/cli-plugin-pwa,3,0.005681818181818182,5.8846940707384086,False
maven::joda-time/joda-time,3,0.005681818181818182,5.8846940707384086,False
maven::io.rest-assured/rest-assured,3,0.005681818181818182,5.8846940707384086,False
maven::org.apache.maven.plugins/maven-jar-plugin,3,0.005681818181818182,5.8846940707384086,False
maven::org.apache.maven.plugins/maven-failsafe-plugin,3,0.005681818181818182,5.8846940707384086,False
maven::com.fasterxml.jackson.core/jackson-core,3,0.005681818181818182,5.8846940707384086,False
nuget::microsoft.jquery.unobtrusive.validation,3,0.005681818181818182,5.8846940707384086,False
nuget::jquery.validation,3,0.005681818181818182,5.8846940707384086,False
nuget::microsoft.aspnet.razor,3,0.005681818181818182,5.8846940707384086,False
nuget::microsoft.aspnet.mvc,3,0.005681818181818182,5.8846940707384086,False
nuget::microsoft.web.infrastructure,3,0.005681818181818182,5.8846940707384086,False
nuget::modernizr,3,0.005681818181818182,5.8846940707384086,False
nuget::webgrease,3,0.005681818181818182,5.8846940707384086,False
nuget::antlr,3,0.005681818181818182,5.8846940707384086,False
nuget::microsoft.aspnet.web.optimization,3,0.005681818181818182,5.8846940707384086,False
nuget::microsoft.aspnet.webpages,3,0.005681818181818182,5.8846940707384086,False
pub::intl,3,0.005681818181818182,5.8846940707384086,False
pub::process,3,0.005681818181818182,5.8846940707384086,False
pub::flutter_launcher_icons,3,0.005681818181818182,5.8846940707384086,False
pub::yaml,3,0.005681818181818182,5.8846940707384086,False
pub::petitparser,3,0.005681818181818182,5.8846940707384086,False
pub::firebase_core_web,3,0.005681818181818182,5.8846940707384086,False
pub::firebase_core,3,0.005681818181818182,5.8846940707384086,False
pub::image,3,0.005681818181818182,5.8846940707384086,False
pub::xml,3,0.005681818181818182,5.8846940707384086,False
pub::firebase_core_platform_interface,3,0.005681818181818182,5.8846940707384086,False
pub::args,3,0.005681818181818182,5.8846940707384086,False
pub::archive,3,0.005681818181818182,5.8846940707384086,False
npm::webpack-assets-manifest,3,0.005681818181818182,5.8846940707384086,False
gem::devise,3,0.005681818181818182,5.8846940707384086,False
npm::spark-md5,3,0.005681818181818182,5.8846940707384086,False
npm::lodash.has,3,0.005681818181818182,5.8846940707384086,False
npm::colorspace,3,0.005681818181818182,5.8846940707384086,False
npm::bower,3,0.005681818181818182,5.8846940707384086,False
npm::editions,3,0.005681818181818182,5.8846940707384086,False
npm::text-hex,3,0.005681818181818182,5.8846940707384086,False
npm::@types/parse5,3,0.005681818181818182,5.8846940707384086,False
npm::error,3,0.005681818181818182,5.8846940707384086,False
npm::string-template,3,0.005681818181818182,5.8846940707384086,False
npm::one-time,3,0.005681818181818182,5.8846940707384086,False
npm::kuler,3,0.005681818181818182,5.8846940707384086,False
npm::dargs,3,0.005681818181818182,5.8846940707384086,False
npm::enabled,3,0.005681818181818182,5.8846940707384086,False
npm::esbuild-android-64,3,0.005681818181818182,5.8846940707384086,False
npm::stream-events,3,0.005681818181818182,5.8846940707384086,False
npm::deep-assign,3,0.005681818181818182,5.8846940707384086,False
npm::teeny-request,3,0.005681818181818182,5.8846940707384086,False
npm::react-native-paper,3,0.005681818181818182,5.8846940707384086,False
npm::stubs,3,0.005681818181818182,5.8846940707384086,False
npm::metro-babel7-plugin-react-transform,3,0.005681818181818182,5.8846940707384086,False
npm::react-native-iphone-x-helper,3,0.005681818181818182,5.8846940707384086,False
npm::junk,3,0.005681818181818182,5.8846940707384086,False
npm::@types/imagemin-optipng,3,0.005681818181818182,5.8846940707384086,False
npm::@types/svgo,3,0.005681818181818182,5.8846940707384086,False
npm::@types/imagemin,3,0.005681818181818182,5.8846940707384086,False
npm::@types/imagemin-mozjpeg,3,0.005681818181818182,5.8846940707384086,False
npm::@types/imagemin-gifsicle,3,0.005681818181818182,5.8846940707384086,False
npm::@types/imagemin-svgo,3,0.005681818181818182,5.8846940707384086,False
npm::@react-navigation/elements,3,0.005681818181818182,5.8846940707384086,False
npm::hermes-parser,3,0.005681818181818182,5.8846940707384086,False
npm::@react-native-community/cli-plugin-metro,3,0.005681818181818182,5.8846940707384086,False
npm::warn-once,3,0.005681818181818182,5.8846940707384086,False
npm::@firebase/app-check-types,3,0.005681818181818182,5.8846940707384086,False
npm::@firebase/storage-compat,3,0.005681818181818182,5.8846940707384086,False
npm::@firebase/performance-compat,3,0.005681818181818182,5.8846940707384086,False
npm::@firebase/analytics-compat,3,0.005681818181818182,5.8846940707384086,False
npm::@firebase/app-compat,3,0.005681818181818182,5.8846940707384086,False
npm::@firebase/messaging-interop-types,3,0.005681818181818182,5.8846940707384086,False
npm::@firebase/messaging-compat,3,0.005681818181818182,5.8846940707384086,False
npm::@firebase/remote-config-compat,3,0.005681818181818182,5.8846940707384086,False
npm::@firebase/app-check-compat,3,0.005681818181818182,5.8846940707384086,False
npm::protocol-buffers-schema,3,0.005681818181818182,5.8846940707384086,False
npm::@firebase/auth-compat,3,0.005681818181818182,5.8846940707384086,False
npm::@firebase/database-compat,3,0.005681818181818182,5.8846940707384086,False
npm::@firebase/functions-compat,3,0.005681818181818182,5.8846940707384086,False
npm::@types/geojson,3,0.005681818181818182,5.8846940707384086,False
npm::@firebase/firestore-compat,3,0.005681818181818182,5.8846940707384086,False
npm::lodash.zip,3,0.005681818181818182,5.8846940707384086,False
npm::eslint-template-visitor,3,0.005681818181818182,5.8846940707384086,False
npm::plur,3,0.005681818181818182,5.8846940707384086,False
npm::eslint-ast-utils,3,0.005681818181818182,5.8846940707384086,False
npm::multimap,3,0.005681818181818182,5.8846940707384086,False
npm::irregular-plurals,3,0.005681818181818182,5.8846940707384086,False
npm::import-modules,3,0.005681818181818182,5.8846940707384086,False
cargo::miniz_oxide,3,0.005681818181818182,5.8846940707384086,False
cargo::unicode-ident,3,0.005681818181818182,5.8846940707384086,False
cargo::futures-core,3,0.005681818181818182,5.8846940707384086,False
cargo::futures-channel,3,0.005681818181818182,5.8846940707384086,False
cargo::indexmap,3,0.005681818181818182,5.8846940707384086,False
cargo::libc,3,0.005681818181818182,5.8846940707384086,False
cargo::wasm-bindgen-shared,3,0.005681818181818182,5.8846940707384086,False
cargo::parking_lot_core,3,0.005681818181818182,5.8846940707384086,False
cargo::futures-io,3,0.005681818181818182,5.8846940707384086,False
cargo::serde_derive,3,0.005681818181818182,5.8846940707384086,False
cargo::windows-core,3,0.005681818181818182,5.8846940707384086,False
cargo::futures-macro,3,0.005681818181818182,5.8846940707384086,False
cargo::regex,3,0.005681818181818182,5.8846940707384086,False
cargo::winapi-i686-pc-windows-gnu,3,0.005681818181818182,5.8846940707384086,False
cargo::wasm-bindgen,3,0.005681818181818182,5.8846940707384086,False
cargo::winapi-x86_64-pc-windows-gnu,3,0.005681818181818182,5.8846940707384086,False
cargo::getrandom,3,0.005681818181818182,5.8846940707384086,False
cargo::memchr,3,0.005681818181818182,5.8846940707384086,False
cargo::regex-syntax,3,0.005681818181818182,5.8846940707384086,False
cargo::futures-executor,3,0.005681818181818182,5.8846940707384086,False
cargo::base64,3,0.005681818181818182,5.8846940707384086,False
cargo::pkg-config,3,0.005681818181818182,5.8846940707384086,False
cargo::crossbeam-utils,3,0.005681818181818182,5.8846940707384086,False
cargo::windows-sys,3,0.005681818181818182,5.8846940707384086,False
cargo::wasm-bindgen-backend,3,0.005681818181818182,5.8846940707384086,False
cargo::thiserror,3,0.005681818181818182,5.8846940707384086,False
cargo::lock_api,3,0.005681818181818182,5.8846940707384086,False
cargo::wasm-bindgen-macro,3,0.005681818181818182,5.8846940707384086,False
cargo::proc-macro2,3,0.005681818181818182,5.8846940707384086,False
cargo::bumpalo,3,0.005681818181818182,5.8846940707384086,False
cargo::serde,3,0.005681818181818182,5.8846940707384086,False
cargo::regex-automata,3,0.005681818181818182,5.8846940707384086,False
cargo::windows_x86_64_msvc,3,0.005681818181818182,5.8846940707384086,False
cargo::cc,3,0.005681818181818182,5.8846940707384086,False
cargo::windows-targets,3,0.005681818181818182,5.8846940707384086,False
cargo::pin-utils,3,0.005681818181818182,5.8846940707384086,False
cargo::thiserror-impl,3,0.005681818181818182,5.8846940707384086,False
cargo::windows_aarch64_msvc,3,0.005681818181818182,5.8846940707384086,False
cargo::quote,3,0.005681818181818182,5.8846940707384086,False
cargo::futures-util,3,0.005681818181818182,5.8846940707384086,False
cargo::num-traits,3,0.005681818181818182,5.8846940707384086,False
cargo::windows_x86_64_gnullvm,3,0.005681818181818182,5.8846940707384086,False
cargo::aho-corasick,3,0.005681818181818182,5.8846940707384086,False
cargo::scopeguard,3,0.005681818181818182,5.8846940707384086,False
cargo::either,3,0.005681818181818182,5.8846940707384086,False
cargo::futures-task,3,0.005681818181818182,5.8846940707384086,False
cargo::parking_lot,3,0.005681818181818182,5.8846940707384086,False
cargo::hashbrown,3,0.005681818181818182,5.8846940707384086,False
cargo::autocfg,3,0.005681818181818182,5.8846940707384086,False
cargo::redox_syscall,3,0.005681818181818182,5.8846940707384086,False
cargo::smallvec,3,0.005681818181818182,5.8846940707384086,False
cargo::once_cell,3,0.005681818181818182,5.8846940707384086,False
cargo::winapi,3,0.005681818181818182,5.8846940707384086,False
cargo::equivalent,3,0.005681818181818182,5.8846940707384086,False
cargo::windows_aarch64_gnullvm,3,0.005681818181818182,5.8846940707384086,False
cargo::syn,3,0.005681818181818182,5.8846940707384086,False
cargo::windows_x86_64_gnu,3,0.005681818181818182,5.8846940707384086,False
cargo::log,3,0.005681818181818182,5.8846940707384086,False
cargo::slab,3,0.005681818181818182,5.8846940707384086,False
cargo::windows_i686_gnu,3,0.005681818181818182,5.8846940707384086,False
cargo::js-sys,3,0.005681818181818182,5.8846940707384086,False
cargo::hermit-abi,3,0.005681818181818182,5.8846940707384086,False
cargo::windows_i686_msvc,3,0.005681818181818182,5.8846940707384086,False
cargo::wasi,3,0.005681818181818182,5.8846940707384086,False
cargo::cfg-if,3,0.005681818181818182,5.8846940707384086,False
cargo::pin-project-lite,3,0.005681818181818182,5.8846940707384086,False
cargo::bitflags,3,0.005681818181818182,5.8846940707384086,False
cargo::core-foundation-sys,3,0.005681818181818182,5.8846940707384086,False
cargo::wasm-bindgen-macro-support,3,0.005681818181818182,5.8846940707384086,False
pypi::httpx,3,0.005681818181818182,5.8846940707384086,False
gem::responders,3,0.005681818181818182,5.8846940707384086,False
gem::simplecov,3,0.005681818181818182,5.8846940707384086,False
composer::carbonphp/carbon-doctrine-types,3,0.005681818181818182,5.8846940707384086,False
composer::spatie/laravel-permission,3,0.005681818181818182,5.8846940707384086,False
composer::mobiledetect/mobiledetectlib,3,0.005681818181818182,5.8846940707384086,False
npm::mini-svg-data-uri,3,0.005681818181818182,5.8846940707384086,False
npm::tarn,3,0.005681818181818182,5.8846940707384086,False
gem::debug_inspector,3,0.005681818181818182,5.8846940707384086,False
gem::rails-deprecated_sanitizer,3,0.005681818181818182,5.8846940707384086,False
gem::binding_of_caller,3,0.005681818181818182,5.8846940707384086,False
npm::@types/vfile,3,0.005681818181818182,5.8846940707384086,False
npm::keycode,3,0.005681818181818182,5.8846940707384086,False
npm::@restart/context,3,0.005681818181818182,5.8846940707384086,False
npm::change-emitter,3,0.005681818181818182,5.8846940707384086,False
npm::@types/vfile-message,3,0.005681818181818182,5.8846940707384086,False
npm::recompose,3,0.005681818181818182,5.8846940707384086,False
gem::date,3,0.005681818181818182,5.8846940707384086,False
gem::rspec,3,0.005681818181818182,5.8846940707384086,False
gem::regexp_parser,3,0.005681818181818182,5.8846940707384086,False
npm::ip-address,3,0.005681818181818182,5.8846940707384086,False
nuget::swashbuckle.aspnetcore,3,0.005681818181818182,5.8846940707384086,False
npm::@types/mongodb,3,0.005681818181818182,5.8846940707384086,False
npm::@types/bson,3,0.005681818181818182,5.8846940707384086,False
npm::postcss-html,3,0.005681818181818182,5.8846940707384086,False
npm::stylelint-config-standard,3,0.005681818181818182,5.8846940707384086,False
npm::stylelint-scss,3,0.005681818181818182,5.8846940707384086,False
npm::mdast-util-to-markdown,3,0.005681818181818182,5.8846940707384086,False
npm::netmask,3,0.005681818181818182,5.8846940707384086,False
npm::lockfile,3,0.005681818181818182,5.8846940707384086,False
npm::mdast-util-from-markdown,3,0.005681818181818182,5.8846940707384086,False
npm::fast-xml-parser,3,0.005681818181818182,5.8846940707384086,False
npm::postcss-sass,3,0.005681818181818182,5.8846940707384086,False
npm::resolve-alpn,3,0.005681818181818182,5.8846940707384086,False
npm::gonzales-pe,3,0.005681818181818182,5.8846940707384086,False
npm::get-uri,3,0.005681818181818182,5.8846940707384086,False
npm::strnum,3,0.005681818181818182,5.8846940707384086,False
npm::http2-wrapper,3,0.005681818181818182,5.8846940707384086,False
npm::ftp,3,0.005681818181818182,5.8846940707384086,False
npm::pac-resolver,3,0.005681818181818182,5.8846940707384086,False
npm::postcss-less,3,0.005681818181818182,5.8846940707384086,False
npm::proxy-agent,3,0.005681818181818182,5.8846940707384086,False
npm::pac-proxy-agent,3,0.005681818181818182,5.8846940707384086,False
npm::unist-util-find-all-after,3,0.005681818181818182,5.8846940707384086,False
npm::degenerator,3,0.005681818181818182,5.8846940707384086,False
npm::@types/mdast,3,0.005681818181818182,5.8846940707384086,False
npm::postcss-syntax,3,0.005681818181818182,5.8846940707384086,False
npm::micromark,3,0.005681818181818182,5.8846940707384086,False
npm::stream-to,3,0.005681818181818182,5.8846940707384086,False
npm::stream-to-buffer,3,0.005681818181818182,5.8846940707384086,False
npm::express-handlebars,3,0.005681818181818182,5.8846940707384086,False
gem::debug,3,0.005681818181818182,5.8846940707384086,False
gem::io-console,3,0.005681818181818182,5.8846940707384086,False
gem::irb,3,0.005681818181818182,5.8846940707384086,False
gem::reline,3,0.005681818181818182,5.8846940707384086,False
composer::squizlabs/php_codesniffer,3,0.005681818181818182,5.8846940707384086,False
composer::jakub-onderka/php-console-highlighter,3,0.005681818181818182,5.8846940707384086,False
composer::dnoegel/php-xdg-base-dir,3,0.005681818181818182,5.8846940707384086,False
composer::jakub-onderka/php-console-color,3,0.005681818181818182,5.8846940707384086,False
npm::optimism,3,0.005681818181818182,5.8846940707384086,False
npm::jju,3,0.005681818181818182,5.8846940707384086,False
npm::@wry/context,3,0.005681818181818182,5.8846940707384086,False
npm::@apollo/client,3,0.005681818181818182,5.8846940707384086,False
npm::ts-node-dev,3,0.005681818181818182,5.8846940707384086,False
npm::@apollo/utils.sortast,3,0.005681818181818182,5.8846940707384086,False
npm::@apollo/utils.printwithreducedwhitespace,3,0.005681818181818182,5.8846940707384086,False
npm::dset,3,0.005681818181818182,5.8846940707384086,False
npm::@apollo/utils.keyvaluecache,3,0.005681818181818182,5.8846940707384086,False
npm::remove-accents,3,0.005681818181818182,5.8846940707384086,False
npm::@josephg/resolvable,3,0.005681818181818182,5.8846940707384086,False
npm::@apollo/utils.removealiases,3,0.005681818181818182,5.8846940707384086,False
npm::@apollo/usage-reporting-protobuf,3,0.005681818181818182,5.8846940707384086,False
npm::dynamic-dedupe,3,0.005681818181818182,5.8846940707384086,False
npm::@apollo/utils.dropunuseddefinitions,3,0.005681818181818182,5.8846940707384086,False
npm::graphql-subscriptions,3,0.005681818181818182,5.8846940707384086,False
npm::@apollo/utils.stripsensitiveliterals,3,0.005681818181818182,5.8846940707384086,False
npm::match-sorter,3,0.005681818181818182,5.8846940707384086,False
npm::@apollo/utils.usagereporting,3,0.005681818181818182,5.8846940707384086,False
npm::@apollo/utils.logger,3,0.005681818181818182,5.8846940707384086,False
npm::eslint-plugin-cypress,3,0.005681818181818182,5.8846940707384086,False
npm::@wry/trie,3,0.005681818181818182,5.8846940707384086,False
gem::webpacker,3,0.005681818181818182,5.8846940707384086,False
gem::rack-proxy,3,0.005681818181818182,5.8846940707384086,False
npm::set-getter,3,0.005681818181818182,5.8846940707384086,False
npm::@antv/g-svg,3,0.005681818181818182,5.8846940707384086,False
npm::d3-dispatch,3,0.005681818181818182,5.8846940707384086,False
npm::@antv/component,3,0.005681818181818182,5.8846940707384086,False
npm::@antv/util,3,0.005681818181818182,5.8846940707384086,False
npm::@antv/adjust,3,0.005681818181818182,5.8846940707384086,False
npm::@antv/matrix-util,3,0.005681818181818182,5.8846940707384086,False
npm::@antv/scale,3,0.005681818181818182,5.8846940707384086,False
npm::@antv/g2plot,3,0.005681818181818182,5.8846940707384086,False
npm::d3-force,3,0.005681818181818182,5.8846940707384086,False
npm::d3-regression,3,0.005681818181818182,5.8846940707384086,False
npm::@antv/dom-util,3,0.005681818181818182,5.8846940707384086,False
npm::@antv/g-base,3,0.005681818181818182,5.8846940707384086,False
npm::@antv/coord,3,0.005681818181818182,5.8846940707384086,False
npm::@antv/g-math,3,0.005681818181818182,5.8846940707384086,False
npm::size-sensor,3,0.005681818181818182,5.8846940707384086,False
npm::is-any-array,3,0.005681818181818182,5.8846940707384086,False
npm::@antv/g2,3,0.005681818181818182,5.8846940707384086,False
npm::@antv/attr,3,0.005681818181818182,5.8846940707384086,False
npm::@antv/color-util,3,0.005681818181818182,5.8846940707384086,False
npm::@antv/event-emitter,3,0.005681818181818182,5.8846940707384086,False
npm::@antv/g-canvas,3,0.005681818181818182,5.8846940707384086,False
npm::@antv/path-util,3,0.005681818181818182,5.8846940707384086,False
npm::d3-quadtree,3,0.005681818181818182,5.8846940707384086,False
gem::http-cookie,3,0.005681818181818182,5.8846940707384086,False
gem::netrc,3,0.005681818181818182,5.8846940707384086,False
gem::dotenv-rails,3,0.005681818181818182,5.8846940707384086,False
gem::dotenv,3,0.005681818181818182,5.8846940707384086,False
gem::domain_name,3,0.005681818181818182,5.8846940707384086,False
gem::simple_form,3,0.005681818181818182,5.8846940707384086,False
gem::bootstrap-sass,3,0.005681818181818182,5.8846940707384086,False
gem::rails-controller-testing,3,0.005681818181818182,5.8846940707384086,False
npm::pixrem,3,0.005681818181818182,5.8846940707384086,False
npm::eslint-config-google,3,0.005681818181818182,5.8846940707384086,False
npm::jschardet,3,0.005681818181818182,5.8846940707384086,False
pub::pedantic,3,0.005681818181818182,5.8846940707384086,False
maven::org.aspectj/aspectjrt,3,0.005681818181818182,5.8846940707384086,False
pypi::aiosignal,3,0.005681818181818182,5.8846940707384086,False
pypi::frozenlist,3,0.005681818181818182,5.8846940707384086,False
pypi::async-timeout,3,0.005681818181818182,5.8846940707384086,False
pypi::aiohttp,3,0.005681818181818182,5.8846940707384086,False
npm::null-loader,3,0.005681818181818182,5.8846940707384086,False
npm::apollo-utilities,3,0.005681818181818182,5.8846940707384086,False
npm::node-eta,3,0.005681818181818182,5.8846940707384086,False
npm::graphql-tools,3,0.005681818181818182,5.8846940707384086,False
npm::react-hot-loader,3,0.005681818181818182,5.8846940707384086,False
npm::apollo-link,3,0.005681818181818182,5.8846940707384086,False
npm::deprecated-decorator,3,0.005681818181818182,5.8846940707384086,False
npm::express-graphql,3,0.005681818181818182,5.8846940707384086,False
github_actions::acciojob/acciojob-tests-action/.github/workflows/main-action.yml,3,0.005681818181818182,5.8846940707384086,False
pypi::exceptiongroup,3,0.005681818181818182,5.8846940707384086,False
pypi::pydantic,3,0.005681818181818182,5.8846940707384086,False
pypi::psycopg2,3,0.005681818181818182,5.8846940707384086,False
npm::base-64,3,0.005681818181818182,5.8846940707384086,False
npm::formdata-node,3,0.005681818181818182,5.8846940707384086,False
npm::form-data-encoder,3,0.005681818181818182,5.8846940707384086,False
npm::openai,3,0.005681818181818182,5.8846940707384086,False
npm::@types/webpack-dev-server,3,0.005681818181818182,5.8846940707384086,False
npm::@vue/test-utils,3,0.005681818181818182,5.8846940707384086,False
npm::ramda,3,0.005681818181818182,5.8846940707384086,False
npm::@vue/devtools-api,3,0.005681818181818182,5.8846940707384086,False
nuget::microsoft.entityframeworkcore.tools,3,0.005681818181818182,5.8846940707384086,False
npm::@vue/reactivity-transform,3,0.005681818181818182,5.8846940707384086,False
npm::charcodes,3,0.005681818181818182,5.8846940707384086,False
npm::lodash.union,3,0.005681818181818182,5.8846940707384086,False
npm::wtf-8,3,0.005681818181818182,5.8846940707384086,False
npm::mdast-util-to-hast,3,0.005681818181818182,5.8846940707384086,False
npm::sade,3,0.005681818181818182,5.8846940707384086,False
npm::hast-util-whitespace,3,0.005681818181818182,5.8846940707384086,False
npm::mdast-util-definitions,3,0.005681818181818182,5.8846940707384086,False
npm::remark-rehype,3,0.005681818181818182,5.8846940707384086,False
npm::set-cookie-parser,3,0.005681818181818182,5.8846940707384086,False
npm::unist-util-position,3,0.005681818181818182,5.8846940707384086,False
npm::unist-util-generated,3,0.005681818181818182,5.8846940707384086,False
npm::mdurl,3,0.005681818181818182,5.8846940707384086,False
npm::@types/websocket,3,0.005681818181818182,5.8846940707384086,False
npm::rst-selector-parser,3,0.005681818181818182,5.8846940707384086,False
npm::h2x-parse,3,0.005681818181818182,5.8846940707384086,False
npm::enzyme-to-json,3,0.005681818181818182,5.8846940707384086,False
npm::h2x-generate,3,0.005681818181818182,5.8846940707384086,False
npm::h2x-traverse,3,0.005681818181818182,5.8846940707384086,False
npm::h2x-plugin-jsx,3,0.005681818181818182,5.8846940707384086,False
npm::h2x-types,3,0.005681818181818182,5.8846940707384086,False
npm::h2x-core,3,0.005681818181818182,5.8846940707384086,False
nuget::microsoft.net.compilers,3,0.005681818181818182,5.8846940707384086,False
npm::knex,3,0.005681818181818182,5.8846940707384086,False
npm::@types/react-router,3,0.005681818181818182,5.8846940707384086,False
npm::es6-templates,3,0.005681818181818182,5.8846940707384086,False
npm::is-word-character,3,0.005681818181818182,5.8846940707384086,False
npm::state-toggle,3,0.005681818181818182,5.8846940707384086,False
npm::grunt-html,3,0.005681818181818182,5.8846940707384086,False
npm::inputmask,3,0.005681818181818182,5.8846940707384086,False
npm::markdown-escapes,3,0.005681818181818182,5.8846940707384086,False
npm::trim-trailing-lines,3,0.005681818181818182,5.8846940707384086,False
npm::mdast-util-compact,3,0.005681818181818182,5.8846940707384086,False
npm::is-whitespace-character,3,0.005681818181818182,5.8846940707384086,False
npm::sweetalert2,3,0.005681818181818182,5.8846940707384086,False
npm::is-alphanumeric,3,0.005681818181818182,5.8846940707384086,False
npm::grunt-contrib-qunit,3,0.005681818181818182,5.8846940707384086,False
npm::collapse-white-space,3,0.005681818181818182,5.8846940707384086,False
npm::jquery-mousewheel,3,0.005681818181818182,5.8846940707384086,False
pypi::django-cors-headers,3,0.005681818181818182,5.8846940707384086,False
npm::pg,3,0.005681818181818182,5.8846940707384086,False
npm::tabbable,3,0.005681818181818182,5.8846940707384086,False
npm::websocket,3,0.005681818181818182,5.8846940707384086,False
npm::yaeti,3,0.005681818181818182,5.8846940707384086,False
npm::utf-8-validate,3,0.005681818181818182,5.8846940707384086,False
npm::bufferutil,3,0.005681818181818182,5.8846940707384086,False
npm::d3-time-format,3,0.005681818181818182,5.8846940707384086,False
npm::localforage,3,0.005681818181818182,5.8846940707384086,False
npm::react-resize-detector,3,0.005681818181818182,5.8846940707384086,False
npm::d3-array,3,0.005681818181818182,5.8846940707384086,False
npm::d3-format,3,0.005681818181818182,5.8846940707384086,False
npm::d3-scale,3,0.005681818181818182,5.8846940707384086,False
npm::d3-time,3,0.005681818181818182,5.8846940707384086,False
gem::tzinfo-data,3,0.005681818181818182,5.8846940707384086,False
npm::prebuild-install,3,0.005681818181818182,5.8846940707384086,False
npm::napi-build-utils,3,0.005681818181818182,5.8846940707384086,False
npm::github-from-package,3,0.005681818181818182,5.8846940707384086,False
npm::expand-template,3,0.005681818181818182,5.8846940707384086,False
npm::node-abi,3,0.005681818181818182,5.8846940707384086,False
npm::@mui/styled-engine-sc,3,0.005681818181818182,5.8846940707384086,False
golang::github.com/aws/aws-sdk-go,3,0.005681818181818182,5.8846940707384086,False
npm::emailjs-com,3,0.005681818181818182,5.8846940707384086,False
gem::activerecord-deprecated_finders,3,0.005681818181818182,5.8846940707384086,False
npm::@tanstack/react-query,3,0.005681818181818182,5.8846940707384086,False
npm::is-gif,3,0.005681818181818182,5.8846940707384086,False
npm::is-jpg,3,0.005681818181818182,5.8846940707384086,False
npm::dotignore,3,0.005681818181818182,5.8846940707384086,False
npm::lodash.snakecase,3,0.005681818181818182,5.8846940707384086,False
npm::@jsdevtools/coverage-istanbul-loader,3,0.005681818181818182,5.8846940707384086,False
npm::is-stream-ended,3,0.005681818181818182,5.8846940707384086,False
npm::@google-cloud/promisify,3,0.005681818181818182,5.8846940707384086,False
npm::@google-cloud/paginator,3,0.005681818181818182,5.8846940707384086,False
npm::google-gax,3,0.005681818181818182,5.8846940707384086,False
npm::@google-cloud/projectify,3,0.005681818181818182,5.8846940707384086,False
npm::retry-request,3,0.005681818181818182,5.8846940707384086,False
composer::barryvdh/laravel-dompdf,3,0.005681818181818182,5.8846940707384086,False
composer::facade/ignition-contracts,3,0.005681818181818182,5.8846940707384086,False
composer::doctrine/dbal,3,0.005681818181818182,5.8846940707384086,False
composer::doctrine/cache,3,0.005681818181818182,5.8846940707384086,False
composer::laravel/socialite,3,0.005681818181818182,5.8846940707384086,False
composer::doctrine/event-manager,3,0.005681818181818182,5.8846940707384086,False
composer::doctrine/deprecations,3,0.005681818181818182,5.8846940707384086,False
gem::guard,3,0.005681818181818182,5.8846940707384086,False
gem::guard-rspec,3,0.005681818181818182,5.8846940707384086,False
npm::try-resolve,3,0.005681818181818182,5.8846940707384086,False
npm::defs,3,0.005681818181818182,5.8846940707384086,False
npm::regexpu,3,0.005681818181818182,5.8846940707384086,False
npm::simple-is,3,0.005681818181818182,5.8846940707384086,False
npm::is-integer,3,0.005681818181818182,5.8846940707384086,False
npm::alter,3,0.005681818181818182,5.8846940707384086,False
npm::stringset,3,0.005681818181818182,5.8846940707384086,False
npm::babel-plugin-jscript,3,0.005681818181818182,5.8846940707384086,False
npm::babel-plugin-react-display-name,3,0.005681818181818182,5.8846940707384086,False
npm::babel-plugin-eval,3,0.005681818181818182,5.8846940707384086,False
npm::babel-plugin-undeclared-variables-check,3,0.005681818181818182,5.8846940707384086,False
npm::tryor,3,0.005681818181818182,5.8846940707384086,False
npm::babel-plugin-dead-code-elimination,3,0.005681818181818182,5.8846940707384086,False
npm::babel-plugin-inline-environment-variables,3,0.005681818181818182,5.8846940707384086,False
npm::babel-plugin-runtime,3,0.005681818181818182,5.8846940707384086,False
npm::babel-plugin-property-literals,3,0.005681818181818182,5.8846940707384086,False
npm::regenerator,3,0.005681818181818182,5.8846940707384086,False
npm::babel-plugin-react-constant-elements,3,0.005681818181818182,5.8846940707384086,False
npm::babel-plugin-member-expression-literals,3,0.005681818181818182,5.8846940707384086,False
npm::stringmap,3,0.005681818181818182,5.8846940707384086,False
npm::babel-plugin-proto-to-assign,3,0.005681818181818182,5.8846940707384086,False
npm::babel-plugin-remove-console,3,0.005681818181818182,5.8846940707384086,False
npm::babel-plugin-undefined-to-void,3,0.005681818181818182,5.8846940707384086,False
npm::commoner,3,0.005681818181818182,5.8846940707384086,False
npm::ast-traverse,3,0.005681818181818182,5.8846940707384086,False
npm::simple-fmt,3,0.005681818181818182,5.8846940707384086,False
npm::esprima-fb,3,0.005681818181818182,5.8846940707384086,False
npm::breakable,3,0.005681818181818182,5.8846940707384086,False
npm::babel-plugin-constant-folding,3,0.005681818181818182,5.8846940707384086,False
npm::babel-plugin-remove-debugger,3,0.005681818181818182,5.8846940707384086,False
pypi::django-filter,3,0.005681818181818182,5.8846940707384086,False
npm::oidc-token-hash,3,0.005681818181818182,5.8846940707384086,False
npm::next-auth,3,0.005681818181818182,5.8846940707384086,False
npm::oauth,3,0.005681818181818182,5.8846940707384086,False
npm::preact-render-to-string,3,0.005681818181818182,5.8846940707384086,False
npm::openid-client,3,0.005681818181818182,5.8846940707384086,False
npm::@panva/hkdf,3,0.005681818181818182,5.8846940707384086,False
pypi::xlsxwriter,3,0.005681818181818182,5.8846940707384086,False
maven::javax.servlet/servlet-api,3,0.005681818181818182,5.8846940707384086,False
maven::javax.servlet.jsp/jsp-api,3,0.005681818181818182,5.8846940707384086,False
npm::@expo/sdk-runtime-versions,3,0.005681818181818182,5.8846940707384086,False
npm::expo-modules-core,3,0.005681818181818182,5.8846940707384086,False
npm::getenv,3,0.005681818181818182,5.8846940707384086,False
npm::@expo/plist,3,0.005681818181818182,5.8846940707384086,False
npm::expo-application,3,0.005681818181818182,5.8846940707384086,False
npm::@expo/metro-config,3,0.005681818181818182,5.8846940707384086,False
npm::@expo/json-file,3,0.005681818181818182,5.8846940707384086,False
npm::@xmldom/xmldom,3,0.005681818181818182,5.8846940707384086,False
npm::qrcode-terminal,3,0.005681818181818182,5.8846940707384086,False
npm::@expo/config-plugins,3,0.005681818181818182,5.8846940707384086,False
npm::expo-modules-autolinking,3,0.005681818181818182,5.8846940707384086,False
npm::@expo/config,3,0.005681818181818182,5.8846940707384086,False
npm::@expo/config-types,3,0.005681818181818182,5.8846940707384086,False
npm::imagemin-webp,3,0.005681818181818182,5.8846940707384086,False
npm::cwebp-bin,3,0.005681818181818182,5.8846940707384086,False
npm::is-cwebp-readable,3,0.005681818181818182,5.8846940707384086,False
npm::eslint-restricted-globals,3,0.005681818181818182,5.8846940707384086,False
maven::javax.xml.bind/jaxb-api,3,0.005681818181818182,5.8846940707384086,False
npm::modern-normalize,3,0.005681818181818182,5.8846940707384086,False
npm::@next/swc-freebsd-x64,3,0.005681818181818182,5.8846940707384086,False
npm::react-hook-form,3,0.005681818181818182,5.8846940707384086,False
npm::@next/swc-android-arm-eabi,3,0.005681818181818182,5.8846940707384086,False
npm::@types/invariant,3,0.005681818181818182,5.8846940707384086,False
pypi::tensorflow,3,0.005681818181818182,5.8846940707384086,False
composer::facade/ignition,3,0.005681818181818182,5.8846940707384086,False
composer::fruitcake/laravel-cors,3,0.005681818181818182,5.8846940707384086,False
maven::org.springframework.cloud/spring-cloud-starter-netflix-eureka-server,3,0.005681818181818182,5.8846940707384086,False
npm::marked-terminal,3,0.005681818181818182,5.8846940707384086,False
maven::org.seleniumhq.selenium/selenium-java,3,0.005681818181818182,5.8846940707384086,False
pypi::scipy,3,0.005681818181818182,5.8846940707384086,False
golang::golang.org/x/term,3,0.005681818181818182,5.8846940707384086,False
npm::@material-ui/lab,3,0.005681818181818182,5.8846940707384086,False
npm::synckit,3,0.005681818181818182,5.8846940707384086,False
npm::@apollographql/graphql-playground-html,3,0.005681818181818182,5.8846940707384086,False
npm::apollo-datasource,3,0.005681818181818182,5.8846940707384086,False
npm::fs-capacitor,3,0.005681818181818182,5.8846940707384086,False
npm::opencollective-postinstall,3,0.005681818181818182,5.8846940707384086,False
npm::apollo-server-plugin-base,3,0.005681818181818182,5.8846940707384086,False
npm::noop-fn,3,0.005681818181818182,5.8846940707384086,False
github_actions::actions/download-artifact,3,0.005681818181818182,5.8846940707384086,False
golang::google.golang.org/grpc,3,0.005681818181818182,5.8846940707384086,False
npm::argsarray,3,0.005681818181818182,5.8846940707384086,False
npm::apollo-server-env,3,0.005681818181818182,5.8846940707384086,False
npm::apollo-server-express,3,0.005681818181818182,5.8846940707384086,False
npm::graphql-upload,3,0.005681818181818182,5.8846940707384086,False
golang::github.com/prometheus/client_golang,3,0.005681818181818182,5.8846940707384086,False
npm::apollo-server-core,3,0.005681818181818182,5.8846940707384086,False
npm::pouchdb-collections,3,0.005681818181818182,5.8846940707384086,False
npm::lodash.escaperegexp,3,0.005681818181818182,5.8846940707384086,False
npm::apollo-server-errors,3,0.005681818181818182,5.8846940707384086,False
golang::github.com/prometheus/common,3,0.005681818181818182,5.8846940707384086,False
npm::apollo-server-types,3,0.005681818181818182,5.8846940707384086,False
golang::github.com/prometheus/client_model,3,0.005681818181818182,5.8846940707384086,False
npm::@apollographql/apollo-tools,3,0.005681818181818182,5.8846940707384086,False
golang::github.com/imdario/mergo,3,0.005681818181818182,5.8846940707384086,False
npm::tiny-queue,3,0.005681818181818182,5.8846940707384086,False
npm::@types/accepts,3,0.005681818181818182,5.8846940707384086,False
composer::phpunit/php-token-stream,3,0.005681818181818182,5.8846940707384086,False
composer::phpspec/prophecy,3,0.005681818181818182,5.8846940707384086,False
composer::phpunit/phpunit-mock-objects,3,0.005681818181818182,5.8846940707384086,False
composer::phpdocumentor/reflection-docblock,3,0.005681818181818182,5.8846940707384086,False
composer::symfony/dom-crawler,3,0.005681818181818182,5.8846940707384086,False
golang::google.golang.org/appengine,3,0.005681818181818182,5.8846940707384086,False
golang::github.com/cespare/xxhash/v2,3,0.005681818181818182,5.8846940707384086,False
golang::github.com/mitchellh/mapstructure,3,0.005681818181818182,5.8846940707384086,False
golang::github.com/gorilla/websocket,3,0.005681818181818182,5.8846940707384086,False
golang::golang.org/x/oauth2,3,0.005681818181818182,5.8846940707384086,False
golang::golang.org/x/tools,3,0.005681818181818182,5.8846940707384086,False
npm::expo-error-recovery,3,0.005681818181818182,5.8846940707384086,False
maven::com.mysql/mysql-connector-j,3,0.005681818181818182,5.8846940707384086,False
golang::golang.org/x/time,3,0.005681818181818182,5.8846940707384086,False
pypi::markdown,3,0.005681818181818182,5.8846940707384086,False
pypi::redis,3,0.005681818181818182,5.8846940707384086,False
golang::github.com/google/go-cmp,3,0.005681818181818182,5.8846940707384086,False
golang::github.com/spf13/pflag,3,0.005681818181818182,5.8846940707384086,False
golang::github.com/docker/distribution,3,0.005681818181818182,5.8846940707384086,False
pypi::pygments,3,0.005681818181818182,5.8846940707384086,False
npm::staged-git-files,3,0.005681818181818182,5.8846940707384086,False
npm::npm-path,3,0.005681818181818182,5.8846940707384086,False
npm::buffers,3,0.005681818181818182,5.8846940707384086,False
npm::binary,3,0.005681818181818182,5.8846940707384086,False
npm::npm-which,3,0.005681818181818182,5.8846940707384086,False
npm::chainsaw,3,0.005681818181818182,5.8846940707384086,False
npm::grunt-contrib-compress,3,0.005681818181818182,5.8846940707384086,False
maven::io.jsonwebtoken/jjwt,3,0.005681818181818182,5.8846940707384086,False
maven::javax.servlet/jstl,3,0.005681818181818182,5.8846940707384086,False
maven::org.springframework/spring-context,3,0.005681818181818182,5.8846940707384086,False
maven::org.slf4j/slf4j-log4j12,3,0.005681818181818182,5.8846940707384086,False
npm::parse-url,3,0.005681818181818182,5.8846940707384086,False
npm::rc9,3,0.005681818181818182,5.8846940707384086,False
npm::destr,3,0.005681818181818182,5.8846940707384086,False
npm::scule,3,0.005681818181818182,5.8846940707384086,False
npm::get-port-please,3,0.005681818181818182,5.8846940707384086,False
npm::ufo,3,0.005681818181818182,5.8846940707384086,False
pypi::nltk,3,0.005681818181818182,5.8846940707384086,False
pypi::torch,3,0.005681818181818182,5.8846940707384086,False
npm::binary-search,3,0.005681818181818182,5.8846940707384086,False
github_actions::github/codeql-action/analyze,3,0.005681818181818182,5.8846940707384086,False
github_actions::github/codeql-action/autobuild,3,0.005681818181818182,5.8846940707384086,False
github_actions::github/codeql-action/init,3,0.005681818181818182,5.8846940707384086,False
composer::mikey179/vfsstream,3,0.005681818181818182,5.8846940707384086,False
npm::uri-path,3,0.005681818181818182,5.8846940707384086,False
npm::maxmin,3,0.005681818181818182,5.8846940707384086,False
npm::grunt-eslint,3,0.005681818181818182,5.8846940707384086,False
npm::parserlib,3,0.005681818181818182,5.8846940707384086,False
npm::csslint,3,0.005681818181818182,5.8846940707384086,False
npm::which-pm-runs,3,0.005681818181818182,5.8846940707384086,False
npm::emitter-steward,3,0.005681818181818182,5.8846940707384086,False
npm::uws,3,0.005681818181818182,5.8846940707384086,False
npm::run-node,3,0.005681818181818182,5.8846940707384086,False
npm::react-navigation,3,0.005681818181818182,5.8846940707384086,False
github_actions::docker/setup-buildx-action,3,0.005681818181818182,5.8846940707384086,False
npm::font-awesome,3,0.005681818181818182,5.8846940707384086,False
maven::com.alibaba/fastjson,3,0.005681818181818182,5.8846940707384086,False
npm::stat-mode,3,0.005681818181818182,5.8846940707384086,False
npm::ware,3,0.005681818181818182,5.8846940707384086,False
npm::exec-series,3,0.005681818181818182,5.8846940707384086,False
npm::is-zip,3,0.005681818181818182,5.8846940707384086,False
npm::vinyl-assign,3,0.005681818181818182,5.8846940707384086,False
npm::stream-combiner2,3,0.005681818181818182,5.8846940707384086,False
npm::is-bzip2,3,0.005681818181818182,5.8846940707384086,False
npm::wrap-fn,3,0.005681818181818182,5.8846940707384086,False
npm::buffer-to-vinyl,3,0.005681818181818182,5.8846940707384086,False
npm::gulp-decompress,3,0.005681818181818182,5.8846940707384086,False
npm::sum-up,3,0.005681818181818182,5.8846940707384086,False
npm::is-tar,3,0.005681818181818182,5.8846940707384086,False
npm::zopflipng-bin,3,0.005681818181818182,5.8846940707384086,False
npm::grunt-image,3,0.005681818181818182,5.8846940707384086,False
npm::ctype,3,0.005681818181818182,5.8846940707384086,False
npm::coffee-script,3,0.005681818181818182,5.8846940707384086,False
npm::jpeg-recompress-bin,3,0.005681818181818182,5.8846940707384086,False
npm::nuxt,3,0.005681818181818182,5.8846940707384086,False
npm::@nuxt/babel-preset-app,3,0.005681818181818182,5.8846940707384086,False
npm::style-resources-loader,3,0.005681818181818182,5.8846940707384086,False
npm::@nuxt/loading-screen,3,0.005681818181818182,5.8846940707384086,False
npm::@nuxt/webpack,3,0.005681818181818182,5.8846940707384086,False
npm::time-fix-plugin,3,0.005681818181818182,5.8846940707384086,False
npm::@nuxt/vue-renderer,3,0.005681818181818182,5.8846940707384086,False
npm::vue-server-renderer,3,0.005681818181818182,5.8846940707384086,False
npm::@nuxt/builder,3,0.005681818181818182,5.8846940707384086,False
npm::@nuxt/cli,3,0.005681818181818182,5.8846940707384086,False
npm::@nuxt/generator,3,0.005681818181818182,5.8846940707384086,False
npm::extract-css-chunks-webpack-plugin,3,0.005681818181818182,5.8846940707384086,False
npm::vue-no-ssr,3,0.005681818181818182,5.8846940707384086,False
npm::@nuxt/devalue,3,0.005681818181818182,5.8846940707384086,False
npm::node-object-hash,3,0.005681818181818182,5.8846940707384086,False
npm::@nuxt/server,3,0.005681818181818182,5.8846940707384086,False
npm::@nuxt/config,3,0.005681818181818182,5.8846940707384086,False
npm::@nuxt/utils,3,0.005681818181818182,5.8846940707384086,False
npm::@nuxt/vue-app,3,0.005681818181818182,5.8846940707384086,False
npm::vue-meta,3,0.005681818181818182,5.8846940707384086,False
npm::unfetch,3,0.005681818181818182,5.8846940707384086,False
npm::postcss-import-resolver,3,0.005681818181818182,5.8846940707384086,False
npm::hard-source-webpack-plugin,3,0.005681818181818182,5.8846940707384086,False
npm::eventsource-polyfill,3,0.005681818181818182,5.8846940707384086,False
npm::write-json-file,3,0.005681818181818182,5.8846940707384086,False
npm::@nuxt/friendly-errors-webpack-plugin,3,0.005681818181818182,5.8846940707384086,False
npm::@nuxtjs/youch,3,0.005681818181818182,5.8846940707384086,False
npm::@nuxt/core,3,0.005681818181818182,5.8846940707384086,False
npm::base64-url,3,0.005681818181818182,5.8846940707384086,False
npm::rndm,3,0.005681818181818182,5.8846940707384086,False
npm::vhost,3,0.005681818181818182,5.8846940707384086,False
npm::stream-counter,3,0.005681818181818182,5.8846940707384086,False
npm::csurf,3,0.005681818181818182,5.8846940707384086,False
npm::tsscmp,3,0.005681818181818182,5.8846940707384086,False
npm::csrf,3,0.005681818181818182,5.8846940707384086,False
npm::@tufjs/models,2,0.003787878787878788,6.172376143190189,False
npm::@tufjs/canonical-json,2,0.003787878787878788,6.172376143190189,False
npm::@sigstore/sign,2,0.003787878787878788,6.172376143190189,False
golang::github.com/gabriel-vasile/mimetype,2,0.003787878787878788,6.172376143190189,False
golang::github.com/mattn/go-colorable,2,0.003787878787878788,6.172376143190189,False
golang::github.com/twitchyliquid64/golang-asm,2,0.003787878787878788,6.172376143190189,False
npm::@sigstore/protobuf-specs,2,0.003787878787878788,6.172376143190189,False
golang::github.com/klauspost/cpuid/v2,2,0.003787878787878788,6.172376143190189,False
github_actions::docker/login-action,2,0.003787878787878788,6.172376143190189,False
npm::sigstore,2,0.003787878787878788,6.172376143190189,False
golang::golang.org/x/arch,2,0.003787878787878788,6.172376143190189,False
npm::ngx-cookie-service,2,0.003787878787878788,6.172376143190189,False
npm::@sigstore/bundle,2,0.003787878787878788,6.172376143190189,False
golang::github.com/mattn/go-sqlite3,2,0.003787878787878788,6.172376143190189,False
golang::github.com/rs/zerolog,2,0.003787878787878788,6.172376143190189,False
npm::@sigstore/tuf,2,0.003787878787878788,6.172376143190189,False
golang::github.com/bytedance/sonic,2,0.003787878787878788,6.172376143190189,False
npm::tuf-js,2,0.003787878787878788,6.172376143190189,False
npm::exponential-backoff,2,0.003787878787878788,6.172376143190189,False
npm::clean-webpack-plugin,2,0.003787878787878788,6.172376143190189,False
npm::ava,2,0.003787878787878788,6.172376143190189,False
pypi::astroid,2,0.003787878787878788,6.172376143190189,False
pypi::pycryptodome,2,0.003787878787878788,6.172376143190189,False
pypi::isort,2,0.003787878787878788,6.172376143190189,False
npm::@ionic-native/core,2,0.003787878787878788,6.172376143190189,False
npm::@ionic-native/status-bar,2,0.003787878787878788,6.172376143190189,False
npm::@ionic/angular,2,0.003787878787878788,6.172376143190189,False
npm::@ionic-native/splash-screen,2,0.003787878787878788,6.172376143190189,False
npm::@types/cordova,2,0.003787878787878788,6.172376143190189,False
pypi::pyasn1,2,0.003787878787878788,6.172376143190189,False
pypi::typed-ast,2,0.003787878787878788,6.172376143190189,False
pypi::lazy-object-proxy,2,0.003787878787878788,6.172376143190189,False
npm::@ionic/angular-toolkit,2,0.003787878787878788,6.172376143190189,False
npm::stats-webpack-plugin,2,0.003787878787878788,6.172376143190189,False
pypi::python-jose,2,0.003787878787878788,6.172376143190189,False
pypi::rsa,2,0.003787878787878788,6.172376143190189,False
pypi::mccabe,2,0.003787878787878788,6.172376143190189,False
pypi::pylint,2,0.003787878787878788,6.172376143190189,False
npm::gulp-clean,2,0.003787878787878788,6.172376143190189,False
npm::gulp-postcss,2,0.003787878787878788,6.172376143190189,False
npm::normalize.css,2,0.003787878787878788,6.172376143190189,False
npm::@jimp/plugin-crop,2,0.003787878787878788,6.172376143190189,False
npm::@jimp/plugin-cover,2,0.003787878787878788,6.172376143190189,False
npm::any-base,2,0.003787878787878788,6.172376143190189,False
npm::utif,2,0.003787878787878788,6.172376143190189,False
npm::@jimp/plugin-blur,2,0.003787878787878788,6.172376143190189,False
npm::@jimp/bmp,2,0.003787878787878788,6.172376143190189,False
npm::@jimp/plugin-resize,2,0.003787878787878788,6.172376143190189,False
npm::@jimp/tiff,2,0.003787878787878788,6.172376143190189,False
npm::timm,2,0.003787878787878788,6.172376143190189,False
npm::cheerio-select,2,0.003787878787878788,6.172376143190189,False
npm::@jimp/types,2,0.003787878787878788,6.172376143190189,False
npm::@jimp/custom,2,0.003787878787878788,6.172376143190189,False
npm::@jimp/png,2,0.003787878787878788,6.172376143190189,False
npm::@jimp/plugin-color,2,0.003787878787878788,6.172376143190189,False
npm::@jimp/plugin-scale,2,0.003787878787878788,6.172376143190189,False
npm::crypto,2,0.003787878787878788,6.172376143190189,False
npm::@jimp/jpeg,2,0.003787878787878788,6.172376143190189,False
npm::@jimp/utils,2,0.003787878787878788,6.172376143190189,False
npm::@jimp/plugin-shadow,2,0.003787878787878788,6.172376143190189,False
npm::omggif,2,0.003787878787878788,6.172376143190189,False
npm::@jimp/plugin-threshold,2,0.003787878787878788,6.172376143190189,False
npm::@jimp/plugin-blit,2,0.003787878787878788,6.172376143190189,False
npm::canvas,2,0.003787878787878788,6.172376143190189,False
npm::@jimp/plugin-fisheye,2,0.003787878787878788,6.172376143190189,False
npm::@jimp/plugin-dither,2,0.003787878787878788,6.172376143190189,False
npm::eval,2,0.003787878787878788,6.172376143190189,False
npm::@jimp/plugins,2,0.003787878787878788,6.172376143190189,False
npm::@jimp/plugin-circle,2,0.003787878787878788,6.172376143190189,False
npm::@jimp/core,2,0.003787878787878788,6.172376143190189,False
npm::gifwrap,2,0.003787878787878788,6.172376143190189,False
npm::@jimp/plugin-rotate,2,0.003787878787878788,6.172376143190189,False
npm::@jimp/gif,2,0.003787878787878788,6.172376143190189,False
npm::@jimp/plugin-contain,2,0.003787878787878788,6.172376143190189,False
npm::require-like,2,0.003787878787878788,6.172376143190189,False
npm::image-q,2,0.003787878787878788,6.172376143190189,False
npm::@jimp/plugin-flip,2,0.003787878787878788,6.172376143190189,False
npm::@jimp/plugin-normalize,2,0.003787878787878788,6.172376143190189,False
npm::@jimp/plugin-gaussian,2,0.003787878787878788,6.172376143190189,False
npm::@jimp/plugin-displace,2,0.003787878787878788,6.172376143190189,False
npm::@jimp/plugin-invert,2,0.003787878787878788,6.172376143190189,False
npm::@jimp/plugin-mask,2,0.003787878787878788,6.172376143190189,False
npm::@jimp/plugin-print,2,0.003787878787878788,6.172376143190189,False
pub::video_player_platform_interface,2,0.003787878787878788,6.172376143190189,False
pub::video_player_web,2,0.003787878787878788,6.172376143190189,False
pub::video_player,2,0.003787878787878788,6.172376143190189,False
pub::shared_preferences,2,0.003787878787878788,6.172376143190189,False
pub::shared_preferences_web,2,0.003787878787878788,6.172376143190189,False
pub::shared_preferences_windows,2,0.003787878787878788,6.172376143190189,False
pub::shared_preferences_platform_interface,2,0.003787878787878788,6.172376143190189,False
pub::riverpod,2,0.003787878787878788,6.172376143190189,False
pub::state_notifier,2,0.003787878787878788,6.172376143190189,False
pub::web,2,0.003787878787878788,6.172376143190189,False
pub::shared_preferences_linux,2,0.003787878787878788,6.172376143190189,False
pub::flutter_riverpod,2,0.003787878787878788,6.172376143190189,False
pub::shared_preferences_android,2,0.003787878787878788,6.172376143190189,False
github_actions::r-lib/actions/setup-r,2,0.003787878787878788,6.172376143190189,False
npm::pug,2,0.003787878787878788,6.172376143190189,False
maven::org.junit.jupiter/junit-jupiter,2,0.003787878787878788,6.172376143190189,False
maven::org.mybatis.spring.boot/mybatis-spring-boot-starter,2,0.003787878787878788,6.172376143190189,False
npm::class-transformer,2,0.003787878787878788,6.172376143190189,False
npm::@nuxtjs/opencollective,2,0.003787878787878788,6.172376143190189,False
npm::@angular-devkit/schematics-cli,2,0.003787878787878788,6.172376143190189,False
npm::@nestjs/mapped-types,2,0.003787878787878788,6.172376143190189,False
npm::@nestjs/cli,2,0.003787878787878788,6.172376143190189,False
npm::@nestjs/platform-express,2,0.003787878787878788,6.172376143190189,False
npm::@nestjs/testing,2,0.003787878787878788,6.172376143190189,False
npm::class-validator,2,0.003787878787878788,6.172376143190189,False
npm::@nestjs/schematics,2,0.003787878787878788,6.172376143190189,False
npm::@nestjs/core,2,0.003787878787878788,6.172376143190189,False
npm::libphonenumber-js,2,0.003787878787878788,6.172376143190189,False
npm::tsconfig-paths-webpack-plugin,2,0.003787878787878788,6.172376143190189,False
npm::iterare,2,0.003787878787878788,6.172376143190189,False
npm::@nestjs/common,2,0.003787878787878788,6.172376143190189,False
npm::karma-cli,2,0.003787878787878788,6.172376143190189,False
npm::jade,2,0.003787878787878788,6.172376143190189,False
npm::nise,2,0.003787878787878788,6.172376143190189,False
npm::just-extend,2,0.003787878787878788,6.172376143190189,False
npm::eslint-plugin-mocha,2,0.003787878787878788,6.172376143190189,False
npm::swagger-ui-dist,2,0.003787878787878788,6.172376143190189,False
npm::@sinonjs/samsam,2,0.003787878787878788,6.172376143190189,False
npm::xmlcreate,2,0.003787878787878788,6.172376143190189,False
npm::openapi3-ts,2,0.003787878787878788,6.172376143190189,False
npm::bcp47,2,0.003787878787878788,6.172376143190189,False
npm::capital-case,2,0.003787878787878788,6.172376143190189,False
npm::@types/fs-extra,2,0.003787878787878788,6.172376143190189,False
npm::require-at,2,0.003787878787878788,6.172376143190189,False
npm::@sinonjs/text-encoding,2,0.003787878787878788,6.172376143190189,False
npm::js2xmlparser,2,0.003787878787878788,6.172376143190189,False
npm::cluster-key-slot,2,0.003787878787878788,6.172376143190189,False
npm::ioredis,2,0.003787878787878788,6.172376143190189,False
npm::standard-as-callback,2,0.003787878787878788,6.172376143190189,False
npm::double-ended-queue,2,0.003787878787878788,6.172376143190189,False
gem::haml,2,0.003787878787878788,6.172376143190189,False
npm::postcss-cli,2,0.003787878787878788,6.172376143190189,False
pypi::pytest-cov,2,0.003787878787878788,6.172376143190189,False
npm::win-release,2,0.003787878787878788,6.172376143190189,False
npm::eslint-plugin-es-x,2,0.003787878787878788,6.172376143190189,False
npm::@ethersproject/providers,2,0.003787878787878788,6.172376143190189,False
npm::@sentry/utils,2,0.003787878787878788,6.172376143190189,False
npm::@solidity-parser/parser,2,0.003787878787878788,6.172376143190189,False
npm::@ethersproject/pbkdf2,2,0.003787878787878788,6.172376143190189,False
npm::@ethersproject/sha2,2,0.003787878787878788,6.172376143190189,False
npm::http-response-object,2,0.003787878787878788,6.172376143190189,False
npm::@ethersproject/contracts,2,0.003787878787878788,6.172376143190189,False
npm::@fastify/busboy,2,0.003787878787878788,6.172376143190189,False
npm::io-ts,2,0.003787878787878788,6.172376143190189,False
npm::command-line-usage,2,0.003787878787878788,6.172376143190189,False
npm::@sentry/minimal,2,0.003787878787878788,6.172376143190189,False
npm::@sentry/hub,2,0.003787878787878788,6.172376143190189,False
npm::sync-request,2,0.003787878787878788,6.172376143190189,False
npm::typechain,2,0.003787878787878788,6.172376143190189,False
npm::jsonschema,2,0.003787878787878788,6.172376143190189,False
npm::fp-ts,2,0.003787878787878788,6.172376143190189,False
npm::http-basic,2,0.003787878787878788,6.172376143190189,False
npm::then-request,2,0.003787878787878788,6.172376143190189,False
npm::ts-essentials,2,0.003787878787878788,6.172376143190189,False
npm::heap,2,0.003787878787878788,6.172376143190189,False
npm::@ethersproject/wallet,2,0.003787878787878788,6.172376143190189,False
npm::@ethersproject/basex,2,0.003787878787878788,6.172376143190189,False
npm::wordwrapjs,2,0.003787878787878788,6.172376143190189,False
npm::@sentry/node,2,0.003787878787878788,6.172376143190189,False
npm::@openzeppelin/contracts,2,0.003787878787878788,6.172376143190189,False
npm::lru_map,2,0.003787878787878788,6.172376143190189,False
npm::reduce-flatten,2,0.003787878787878788,6.172376143190189,False
npm::@sentry/types,2,0.003787878787878788,6.172376143190189,False
npm::level,2,0.003787878787878788,6.172376143190189,False
npm::@ethersproject/random,2,0.003787878787878788,6.172376143190189,False
npm::antlr4ts,2,0.003787878787878788,6.172376143190189,False
npm::sync-rpc,2,0.003787878787878788,6.172376143190189,False
npm::bech32,2,0.003787878787878788,6.172376143190189,False
npm::parse-cache-control,2,0.003787878787878788,6.172376143190189,False
npm::table-layout,2,0.003787878787878788,6.172376143190189,False
npm::@types/concat-stream,2,0.003787878787878788,6.172376143190189,False
npm::tweetnacl-util,2,0.003787878787878788,6.172376143190189,False
npm::obliterator,2,0.003787878787878788,6.172376143190189,False
npm::@ethersproject/units,2,0.003787878787878788,6.172376143190189,False
npm::@ethersproject/solidity,2,0.003787878787878788,6.172376143190189,False
npm::mnemonist,2,0.003787878787878788,6.172376143190189,False
npm::mcl-wasm,2,0.003787878787878788,6.172376143190189,False
npm::@ethersproject/json-wallets,2,0.003787878787878788,6.172376143190189,False
npm::@sentry/core,2,0.003787878787878788,6.172376143190189,False
npm::@sentry/tracing,2,0.003787878787878788,6.172376143190189,False
npm::tsort,2,0.003787878787878788,6.172376143190189,False
npm::hardhat,2,0.003787878787878788,6.172376143190189,False
npm::chai-as-promised,2,0.003787878787878788,6.172376143190189,False
npm::napi-macros,2,0.003787878787878788,6.172376143190189,False
npm::rustbn.js,2,0.003787878787878788,6.172376143190189,False
npm::death,2,0.003787878787878788,6.172376143190189,False
npm::@types/readable-stream,2,0.003787878787878788,6.172376143190189,False
npm::@ethersproject/wordlists,2,0.003787878787878788,6.172376143190189,False
npm::@metamask/eth-sig-util,2,0.003787878787878788,6.172376143190189,False
npm::@ethersproject/hdnode,2,0.003787878787878788,6.172376143190189,False
pypi::tzlocal,2,0.003787878787878788,6.172376143190189,False
pypi::apscheduler,2,0.003787878787878788,6.172376143190189,False
pypi::html5lib,2,0.003787878787878788,6.172376143190189,False
pypi::asynctest,2,0.003787878787878788,6.172376143190189,False
pypi::websockets,2,0.003787878787878788,6.172376143190189,False
pypi::pypdf2,2,0.003787878787878788,6.172376143190189,False
pypi::pluggy,2,0.003787878787878788,6.172376143190189,False
pypi::more-itertools,2,0.003787878787878788,6.172376143190189,False
npm::@fortawesome/free-regular-svg-icons,2,0.003787878787878788,6.172376143190189,False
npm::portal-vue,2,0.003787878787878788,6.172376143190189,False
npm::bootstrap-vue,2,0.003787878787878788,6.172376143190189,False
npm::@achrinza/node-ipc,2,0.003787878787878788,6.172376143190189,False
npm::vue-functional-data-merge,2,0.003787878787878788,6.172376143190189,False
npm::@node-ipc/js-queue,2,0.003787878787878788,6.172376143190189,False
npm::toastr,2,0.003787878787878788,6.172376143190189,False
maven::commons-codec/commons-codec,2,0.003787878787878788,6.172376143190189,False
maven::org.hamcrest/hamcrest-library,2,0.003787878787878788,6.172376143190189,False
maven::org.eluder.coveralls/coveralls-maven-plugin,2,0.003787878787878788,6.172376143190189,False
maven::com.fasterxml.jackson.core/jackson-annotations,2,0.003787878787878788,6.172376143190189,False
maven::org.codehaus.mojo/findbugs-maven-plugin,2,0.003787878787878788,6.172376143190189,False
maven::org.mockito/mockito-core,2,0.003787878787878788,6.172376143190189,False
maven::com.amazonaws/aws-java-sdk,2,0.003787878787878788,6.172376143190189,False
maven::org.apache.maven.plugins/maven-checkstyle-plugin,2,0.003787878787878788,6.172376143190189,False
maven::org.apache.maven.plugins/maven-enforcer-plugin,2,0.003787878787878788,6.172376143190189,False
maven::org.jsoup/jsoup,2,0.003787878787878788,6.172376143190189,False
maven::org.apache.maven.plugins/maven-release-plugin,2,0.003787878787878788,6.172376143190189,False
maven::org.apache.maven.plugins/maven-dependency-plugin,2,0.003787878787878788,6.172376143190189,False
maven::org.mariadb.jdbc/mariadb-java-client,2,0.003787878787878788,6.172376143190189,False
maven::org.springframework.boot/spring-boot-starter-jdbc,2,0.003787878787878788,6.172376143190189,False
pub::firebase_messaging_web,2,0.003787878787878788,6.172376143190189,False
pub::url_launcher_platform_interface,2,0.003787878787878788,6.172376143190189,False
pub::path_provider_macos,2,0.003787878787878788,6.172376143190189,False
pub::dbus,2,0.003787878787878788,6.172376143190189,False
pub::flutter_local_notifications_linux,2,0.003787878787878788,6.172376143190189,False
pub::url_launcher_windows,2,0.003787878787878788,6.172376143190189,False
pub::url_launcher,2,0.003787878787878788,6.172376143190189,False
pub::firebase_messaging_platform_interface,2,0.003787878787878788,6.172376143190189,False
pub::flutter_local_notifications_platform_interface,2,0.003787878787878788,6.172376143190189,False
pub::url_launcher_linux,2,0.003787878787878788,6.172376143190189,False
pub::path_provider,2,0.003787878787878788,6.172376143190189,False
pub::url_launcher_macos,2,0.003787878787878788,6.172376143190189,False
pub::url_launcher_web,2,0.003787878787878788,6.172376143190189,False
pub::timezone,2,0.003787878787878788,6.172376143190189,False
pub::flutter_local_notifications,2,0.003787878787878788,6.172376143190189,False
pub::firebase_messaging,2,0.003787878787878788,6.172376143190189,False
npm::jwt-simple,2,0.003787878787878788,6.172376143190189,False
npm::babel,2,0.003787878787878788,6.172376143190189,False
npm::@rails/ujs,2,0.003787878787878788,6.172376143190189,False
npm::@rails/actioncable,2,0.003787878787878788,6.172376143190189,False
npm::@rails/activestorage,2,0.003787878787878788,6.172376143190189,False
npm::turbolinks,2,0.003787878787878788,6.172376143190189,False
gem::mysql2,2,0.003787878787878788,6.172376143190189,False
npm::@types/inquirer,2,0.003787878787878788,6.172376143190189,False
npm::@types/through,2,0.003787878787878788,6.172376143190189,False
npm::octokit-pagination-methods,2,0.003787878787878788,6.172376143190189,False
npm::accessibility-developer-tools,2,0.003787878787878788,6.172376143190189,False
npm::vscode-uri,2,0.003787878787878788,6.172376143190189,False
npm::logform,2,0.003787878787878788,6.172376143190189,False
npm::winston-transport,2,0.003787878787878788,6.172376143190189,False
npm::@types/chai-subset,2,0.003787878787878788,6.172376143190189,False
npm::@octokit/endpoint,2,0.003787878787878788,6.172376143190189,False
npm::@octokit/request-error,2,0.003787878787878788,6.172376143190189,False
npm::diagnostics,2,0.003787878787878788,6.172376143190189,False
npm::@types/babel-types,2,0.003787878787878788,6.172376143190189,False
npm::@types/babel-traverse,2,0.003787878787878788,6.172376143190189,False
npm::scoped-regex,2,0.003787878787878788,6.172376143190189,False
npm::@types/babel-generator,2,0.003787878787878788,6.172376143190189,False
npm::@types/babylon,2,0.003787878787878788,6.172376143190189,False
npm::@octokit/rest,2,0.003787878787878788,6.172376143190189,False
npm::gunzip-maybe,2,0.003787878787878788,6.172376143190189,False
npm::peek-stream,2,0.003787878787878788,6.172376143190189,False
npm::@types/bluebird,2,0.003787878787878788,6.172376143190189,False
npm::atob-lite,2,0.003787878787878788,6.172376143190189,False
npm::filled-array,2,0.003787878787878788,6.172376143190189,False
npm::spawn-sync,2,0.003787878787878788,6.172376143190189,False
npm::is-scoped,2,0.003787878787878788,6.172376143190189,False
npm::errlop,2,0.003787878787878788,6.172376143190189,False
npm::btoa-lite,2,0.003787878787878788,6.172376143190189,False
npm::bower-config,2,0.003787878787878788,6.172376143190189,False
npm::os-shim,2,0.003787878787878788,6.172376143190189,False
npm::@octokit/request,2,0.003787878787878788,6.172376143190189,False
npm::wd,2,0.003787878787878788,6.172376143190189,False
npm::is-deflate,2,0.003787878787878788,6.172376143190189,False
npm::mout,2,0.003787878787878788,6.172376143190189,False
npm::@types/request,2,0.003787878787878788,6.172376143190189,False
npm::before-after-hook,2,0.003787878787878788,6.172376143190189,False
npm::triple-beam,2,0.003787878787878788,6.172376143190189,False
npm::universal-user-agent,2,0.003787878787878788,6.172376143190189,False
npm::deprecation,2,0.003787878787878788,6.172376143190189,False
npm::@react-navigation/native-stack,2,0.003787878787878788,6.172376143190189,False
npm::react-native-tab-view,2,0.003787878787878788,6.172376143190189,False
npm::string-hash-64,2,0.003787878787878788,6.172376143190189,False
npm::@react-navigation/drawer,2,0.003787878787878788,6.172376143190189,False
npm::@react-navigation/material-bottom-tabs,2,0.003787878787878788,6.172376143190189,False
npm::bootstrap-datepicker,2,0.003787878787878788,6.172376143190189,False
npm::metro-file-map,2,0.003787878787878788,6.172376143190189,False
npm::metro-minify-terser,2,0.003787878787878788,6.172376143190189,False
gem::cocoapods,2,0.003787878787878788,6.172376143190189,False
npm::deprecated-react-native-prop-types,2,0.003787878787878788,6.172376143190189,False
npm::react-freeze,2,0.003787878787878788,6.172376143190189,False
npm::hermes-estree,2,0.003787878787878788,6.172376143190189,False
npm::@react-native-community/cli-config,2,0.003787878787878788,6.172376143190189,False
npm::@react-native-community/cli-clean,2,0.003787878787878788,6.172376143190189,False
npm::@react-native-community/cli-doctor,2,0.003787878787878788,6.172376143190189,False
npm::@mapbox/vector-tile,2,0.003787878787878788,6.172376143190189,False
npm::quickselect,2,0.003787878787878788,6.172376143190189,False
npm::leaflet,2,0.003787878787878788,6.172376143190189,False
npm::redux-persist,2,0.003787878787878788,6.172376143190189,False
npm::@mapbox/point-geometry,2,0.003787878787878788,6.172376143190189,False
npm::earcut,2,0.003787878787878788,6.172376143190189,False
npm::bytewise-core,2,0.003787878787878788,6.172376143190189,False
npm::react-hot-toast,2,0.003787878787878788,6.172376143190189,False
npm::kdbush,2,0.003787878787878788,6.172376143190189,False
npm::vt-pbf,2,0.003787878787878788,6.172376143190189,False
npm::murmurhash-js,2,0.003787878787878788,6.172376143190189,False
npm::typewise-core,2,0.003787878787878788,6.172376143190189,False
npm::goober,2,0.003787878787878788,6.172376143190189,False
npm::@mapbox/jsonlint-lines-primitives,2,0.003787878787878788,6.172376143190189,False
npm::bytewise,2,0.003787878787878788,6.172376143190189,False
npm::falafel,2,0.003787878787878788,6.172376143190189,False
npm::@mapbox/geojson-rewind,2,0.003787878787878788,6.172376143190189,False
npm::@mapbox/whoots-js,2,0.003787878787878788,6.172376143190189,False
npm::typewise,2,0.003787878787878788,6.172376143190189,False
npm::@firebase/installations-compat,2,0.003787878787878788,6.172376143190189,False
npm::potpack,2,0.003787878787878788,6.172376143190189,False
npm::resolve-protobuf-schema,2,0.003787878787878788,6.172376143190189,False
npm::@mapbox/unitbezier,2,0.003787878787878788,6.172376143190189,False
npm::tinyqueue,2,0.003787878787878788,6.172376143190189,False
npm::supercluster,2,0.003787878787878788,6.172376143190189,False
npm::pbf,2,0.003787878787878788,6.172376143190189,False
npm::@mapbox/tiny-sdf,2,0.003787878787878788,6.172376143190189,False
npm::geojson-vt,2,0.003787878787878788,6.172376143190189,False
npm::array-find,2,0.003787878787878788,6.172376143190189,False
npm::load-script,2,0.003787878787878788,6.172376143190189,False
npm::sister,2,0.003787878787878788,6.172376143190189,False
npm::is-error,2,0.003787878787878788,6.172376143190189,False
npm::eslint-config-xo,2,0.003787878787878788,6.172376143190189,False
npm::youtube-player,2,0.003787878787878788,6.172376143190189,False
npm::espurify,2,0.003787878787878788,6.172376143190189,False
npm::eslint-import-resolver-webpack,2,0.003787878787878788,6.172376143190189,False
npm::react-youtube,2,0.003787878787878788,6.172376143190189,False
npm::env-editor,2,0.003787878787878788,6.172376143190189,False
cargo::errno,2,0.003787878787878788,6.172376143190189,False
cargo::redox_users,2,0.003787878787878788,6.172376143190189,False
cargo::pico-args,2,0.003787878787878788,6.172376143190189,False
cargo::rustc_version,2,0.003787878787878788,6.172376143190189,False
cargo::unicode-width,2,0.003787878787878788,6.172376143190189,False
cargo::home,2,0.003787878787878788,6.172376143190189,False
cargo::humantime,2,0.003787878787878788,6.172376143190189,False
cargo::tracing,2,0.003787878787878788,6.172376143190189,False
cargo::crc32fast,2,0.003787878787878788,6.172376143190189,False
cargo::siphasher,2,0.003787878787878788,6.172376143190189,False
cargo::libredox,2,0.003787878787878788,6.172376143190189,False
cargo::tinystr,2,0.003787878787878788,6.172376143190189,False
cargo::web-sys,2,0.003787878787878788,6.172376143190189,False
cargo::rustix,2,0.003787878787878788,6.172376143190189,False
cargo::heck,2,0.003787878787878788,6.172376143190189,False
cargo::crossbeam-epoch,2,0.003787878787878788,6.172376143190189,False
cargo::bytemuck,2,0.003787878787878788,6.172376143190189,False
cargo::winapi-util,2,0.003787878787878788,6.172376143190189,False
cargo::rayon,2,0.003787878787878788,6.172376143190189,False
cargo::semver,2,0.003787878787878788,6.172376143190189,False
cargo::memmap2,2,0.003787878787878788,6.172376143190189,False
cargo::version_check,2,0.003787878787878788,6.172376143190189,False
cargo::core-foundation,2,0.003787878787878788,6.172376143190189,False
cargo::dirs-next,2,0.003787878787878788,6.172376143190189,False
cargo::rayon-core,2,0.003787878787878788,6.172376143190189,False
cargo::target-lexicon,2,0.003787878787878788,6.172376143190189,False
cargo::tracing-core,2,0.003787878787878788,6.172376143190189,False
cargo::shlex,2,0.003787878787878788,6.172376143190189,False
cargo::crossbeam-channel,2,0.003787878787878788,6.172376143190189,False
cargo::memoffset,2,0.003787878787878788,6.172376143190189,False
cargo::linux-raw-sys,2,0.003787878787878788,6.172376143190189,False
cargo::lazy_static,2,0.003787878787878788,6.172376143190189,False
cargo::foreign-types-shared,2,0.003787878787878788,6.172376143190189,False
cargo::foreign-types,2,0.003787878787878788,6.172376143190189,False
cargo::glob,2,0.003787878787878788,6.172376143190189,False
cargo::anyhow,2,0.003787878787878788,6.172376143190189,False
cargo::adler,2,0.003787878787878788,6.172376143190189,False
cargo::fnv,2,0.003787878787878788,6.172376143190189,False
cargo::flate2,2,0.003787878787878788,6.172376143190189,False
cargo::displaydoc,2,0.003787878787878788,6.172376143190189,False
cargo::crossbeam-deque,2,0.003787878787878788,6.172376143190189,False
cargo::num_cpus,2,0.003787878787878788,6.172376143190189,False
cargo::dirs-sys-next,2,0.003787878787878788,6.172376143190189,False
nuget::microsoft.entityframeworkcore.design,2,0.003787878787878788,6.172376143190189,False
pypi::pynacl,2,0.003787878787878788,6.172376143190189,False
pypi::python-http-client,2,0.003787878787878788,6.172376143190189,False
pypi::datetime,2,0.003787878787878788,6.172376143190189,False
gem::rails_serve_static_assets,2,0.003787878787878788,6.172376143190189,False
gem::rails_12factor,2,0.003787878787878788,6.172376143190189,False
gem::docile,2,0.003787878787878788,6.172376143190189,False
gem::better_errors,2,0.003787878787878788,6.172376143190189,False
gem::rails_stdout_logging,2,0.003787878787878788,6.172376143190189,False
gem::simplecov-html,2,0.003787878787878788,6.172376143190189,False
npm::nprogress,2,0.003787878787878788,6.172376143190189,False
npm::lodash.castarray,2,0.003787878787878788,6.172376143190189,False
npm::vite-plugin-full-reload,2,0.003787878787878788,6.172376143190189,False
composer::jaybizzle/crawler-detect,2,0.003787878787878788,6.172376143190189,False
npm::@tailwindcss/typography,2,0.003787878787878788,6.172376143190189,False
npm::@tailwindcss/forms,2,0.003787878787878788,6.172376143190189,False
composer::jenssegers/agent,2,0.003787878787878788,6.172376143190189,False
composer::paragonie/constant_time_encoding,2,0.003787878787878788,6.172376143190189,False
npm::http,2,0.003787878787878788,6.172376143190189,False
npm::stylis-rule-sheet,2,0.003787878787878788,6.172376143190189,False
npm::string-hash,2,0.003787878787878788,6.172376143190189,False
npm::parse-ms,2,0.003787878787878788,6.172376143190189,False
npm::pretty-ms,2,0.003787878787878788,6.172376143190189,False
npm::code-excerpt,2,0.003787878787878788,6.172376143190189,False
npm::date-time,2,0.003787878787878788,6.172376143190189,False
npm::convert-to-spaces,2,0.003787878787878788,6.172376143190189,False
npm::jss-default-unit,2,0.003787878787878788,6.172376143190189,False
npm::@types/jss,2,0.003787878787878788,6.172376143190189,False
npm::jss-global,2,0.003787878787878788,6.172376143190189,False
npm::react-chartjs-2,2,0.003787878787878788,6.172376143190189,False
npm::jss-camel-case,2,0.003787878787878788,6.172376143190189,False
npm::react-context-toolbox,2,0.003787878787878788,6.172376143190189,False
npm::jss-props-sort,2,0.003787878787878788,6.172376143190189,False
npm::jss-nested,2,0.003787878787878788,6.172376143190189,False
npm::normalize-scroll-left,2,0.003787878787878788,6.172376143190189,False
npm::jss-vendor-prefixer,2,0.003787878787878788,6.172376143190189,False
npm::brcast,2,0.003787878787878788,6.172376143190189,False
npm::chartjs-color,2,0.003787878787878788,6.172376143190189,False
npm::react-event-listener,2,0.003787878787878788,6.172376143190189,False
npm::chartjs-color-string,2,0.003787878787878788,6.172376143190189,False
npm::@react-bootstrap/react-popper,2,0.003787878787878788,6.172376143190189,False
gem::matrix,2,0.003787878787878788,6.172376143190189,False
gem::shoulda-matchers,2,0.003787878787878788,6.172376143190189,False
npm::@rollup/rollup-linux-powerpc64le-gnu,2,0.003787878787878788,6.172376143190189,False
npm::@rollup/rollup-linux-s390x-gnu,2,0.003787878787878788,6.172376143190189,False
npm::@npmcli/package-json,2,0.003787878787878788,6.172376143190189,False
npm::@rollup/rollup-linux-arm-musleabihf,2,0.003787878787878788,6.172376143190189,False
npm::chai-http,2,0.003787878787878788,6.172376143190189,False
npm::request-promise,2,0.003787878787878788,6.172376143190189,False
npm::is-my-ip-valid,2,0.003787878787878788,6.172376143190189,False
npm::react-toastify,2,0.003787878787878788,6.172376143190189,False
npm::file-saver,2,0.003787878787878788,6.172376143190189,False
npm::cloudinary,2,0.003787878787878788,6.172376143190189,False
npm::mutationobserver-shim,2,0.003787878787878788,6.172376143190189,False
npm::@stylelint/postcss-css-in-js,2,0.003787878787878788,6.172376143190189,False
npm::@stylelint/postcss-markdown,2,0.003787878787878788,6.172376143190189,False
npm::strtok3,2,0.003787878787878788,6.172376143190189,False
npm::@types/estree-jsx,2,0.003787878787878788,6.172376143190189,False
npm::peek-readable,2,0.003787878787878788,6.172376143190189,False
npm::token-types,2,0.003787878787878788,6.172376143190189,False
npm::queue,2,0.003787878787878788,6.172376143190189,False
npm::@tokenizer/token,2,0.003787878787878788,6.172376143190189,False
npm::readable-web-to-node-stream,2,0.003787878787878788,6.172376143190189,False
npm::rrweb-cssom,2,0.003787878787878788,6.172376143190189,False
npm::hooks-fixed,2,0.003787878787878788,6.172376143190189,False
npm::mpromise,2,0.003787878787878788,6.172376143190189,False
npm::muri,2,0.003787878787878788,6.172376143190189,False
npm::connect-flash,2,0.003787878787878788,6.172376143190189,False
npm::from,2,0.003787878787878788,6.172376143190189,False
npm::dompurify,2,0.003787878787878788,6.172376143190189,False
npm::nested-error-stacks,2,0.003787878787878788,6.172376143190189,False
npm::pause-stream,2,0.003787878787878788,6.172376143190189,False
npm::passport-strategy,2,0.003787878787878788,6.172376143190189,False
npm::lodash._createassigner,2,0.003787878787878788,6.172376143190189,False
npm::event-stream,2,0.003787878787878788,6.172376143190189,False
npm::stream-combiner,2,0.003787878787878788,6.172376143190189,False
npm::react-modal,2,0.003787878787878788,6.172376143190189,False
composer::composer/composer,2,0.003787878787878788,6.172376143190189,False
composer::composer/ca-bundle,2,0.003787878787878788,6.172376143190189,False
npm::@apollo/cache-control-types,2,0.003787878787878788,6.172376143190189,False
npm::lodash-id,2,0.003787878787878788,6.172376143190189,False
npm::blob-util,2,0.003787878787878788,6.172376143190189,False
npm::steno,2,0.003787878787878788,6.172376143190189,False
npm::ospath,2,0.003787878787878788,6.172376143190189,False
npm::@apollo/utils.createhash,2,0.003787878787878788,6.172376143190189,False
npm::mongoose-unique-validator,2,0.003787878787878788,6.172376143190189,False
npm::version-guard,2,0.003787878787878788,6.172376143190189,False
npm::@apollo/utils.isnodelike,2,0.003787878787878788,6.172376143190189,False
npm::eslint-config-standard-jsx,2,0.003787878787878788,6.172376143190189,False
npm::@apollo/utils.fetcher,2,0.003787878787878788,6.172376143190189,False
npm::lowdb,2,0.003787878787878788,6.172376143190189,False
npm::json-parse-helpfulerror,2,0.003787878787878788,6.172376143190189,False
npm::@apollo/utils.withrequired,2,0.003787878787878788,6.172376143190189,False
npm::standard,2,0.003787878787878788,6.172376143190189,False
npm::@cypress/request,2,0.003787878787878788,6.172376143190189,False
npm::standard-engine,2,0.003787878787878788,6.172376143190189,False
npm::deep-freeze,2,0.003787878787878788,6.172376143190189,False
npm::@apollo/server,2,0.003787878787878788,6.172376143190189,False
npm::@apollo/server-gateway-interface,2,0.003787878787878788,6.172376143190189,False
gem::mini_magick,2,0.003787878787878788,6.172376143190189,False
gem::carrierwave,2,0.003787878787878788,6.172376143190189,False
npm::ml-array-max,2,0.003787878787878788,6.172376143190189,False
npm::dagre,2,0.003787878787878788,6.172376143190189,False
npm::gl-vec2,2,0.003787878787878788,6.172376143190189,False
npm::@types/zen-observable,2,0.003787878787878788,6.172376143190189,False
npm::@antv/layout,2,0.003787878787878788,6.172376143190189,False
npm::regl,2,0.003787878787878788,6.172376143190189,False
npm::@antv/g6-core,2,0.003787878787878788,6.172376143190189,False
npm::@ant-design/charts,2,0.003787878787878788,6.172376143190189,False
npm::ml-array-min,2,0.003787878787878788,6.172376143190189,False
npm::@antv/hierarchy,2,0.003787878787878788,6.172376143190189,False
npm::react-content-loader,2,0.003787878787878788,6.172376143190189,False
npm::inversify,2,0.003787878787878788,6.172376143190189,False
npm::@antv/g6,2,0.003787878787878788,6.172376143190189,False
npm::@antv/g-webgpu,2,0.003787878787878788,6.172376143190189,False
npm::graphlib,2,0.003787878787878788,6.172376143190189,False
npm::polyline-normals,2,0.003787878787878788,6.172376143190189,False
npm::@antv/g6-element,2,0.003787878787878788,6.172376143190189,False
npm::@probe.gl/stats,2,0.003787878787878788,6.172376143190189,False
npm::insert-css,2,0.003787878787878788,6.172376143190189,False
npm::polyline-miter-util,2,0.003787878787878788,6.172376143190189,False
npm::ml-matrix,2,0.003787878787878788,6.172376143190189,False
npm::@webgpu/glslang,2,0.003787878787878788,6.172376143190189,False
npm::probe.gl,2,0.003787878787878788,6.172376143190189,False
npm::inversify-inject-decorators,2,0.003787878787878788,6.172376143190189,False
npm::@webgpu/types,2,0.003787878787878788,6.172376143190189,False
npm::@antv/g-webgpu-core,2,0.003787878787878788,6.172376143190189,False
npm::@antv/algorithm,2,0.003787878787878788,6.172376143190189,False
npm::@antv/g6-pc,2,0.003787878787878788,6.172376143190189,False
npm::ml-array-rescale,2,0.003787878787878788,6.172376143190189,False
npm::@antv/g6-plugin,2,0.003787878787878788,6.172376143190189,False
npm::@antv/g-webgpu-engine,2,0.003787878787878788,6.172376143190189,False
npm::pleeease-filters,2,0.003787878787878788,6.172376143190189,False
npm::viewport-dimensions,2,0.003787878787878788,6.172376143190189,False
npm::postcss-font-family-system-ui,2,0.003787878787878788,6.172376143190189,False
npm::postcss-color-function,2,0.003787878787878788,6.172376143190189,False
npm::units-css,2,0.003787878787878788,6.172376143190189,False
npm::onecolor,2,0.003787878787878788,6.172376143190189,False
npm::postcss-apply,2,0.003787878787878788,6.172376143190189,False
gem::cloudinary,2,0.003787878787878788,6.172376143190189,False
npm::postcss-image-set-polyfill,2,0.003787878787878788,6.172376143190189,False
npm::postcss-color-rgb,2,0.003787878787878788,6.172376143190189,False
npm::rgb,2,0.003787878787878788,6.172376143190189,False
npm::postcss-color-rgba-fallback,2,0.003787878787878788,6.172376143190189,False
npm::postcss-cssnext,2,0.003787878787878788,6.172376143190189,False
npm::css-color-function,2,0.003787878787878788,6.172376143190189,False
gem::font-awesome-sass,2,0.003787878787878788,6.172376143190189,False
npm::postcss-color-hwb,2,0.003787878787878788,6.172376143190189,False
npm::rgb-hex,2,0.003787878787878788,6.172376143190189,False
npm::isnumeric,2,0.003787878787878788,6.172376143190189,False
npm::postcss-pseudoelements,2,0.003787878787878788,6.172376143190189,False
gem::aws_cf_signer,2,0.003787878787878788,6.172376143190189,False
gem::rest-client,2,0.003787878787878788,6.172376143190189,False
npm::postcss-color-hsl,2,0.003787878787878788,6.172376143190189,False
maven::commons-io/commons-io,2,0.003787878787878788,6.172376143190189,False
pypi::twine,2,0.003787878787878788,6.172376143190189,False
pypi::setuptools,2,0.003787878787878788,6.172376143190189,False
npm::sharp,2,0.003787878787878788,6.172376143190189,False
npm::taffydb,2,0.003787878787878788,6.172376143190189,False
composer::intervention/image,2,0.003787878787878788,6.172376143190189,False
npm::cli-color,2,0.003787878787878788,6.172376143190189,False
npm::jest-enzyme,2,0.003787878787878788,6.172376143190189,False
pypi::babel,2,0.003787878787878788,6.172376143190189,False
maven::org.springframework.boot/spring-boot-starter-validation,2,0.003787878787878788,6.172376143190189,False
npm::fs-exists-cached,2,0.003787878787878788,6.172376143190189,False
npm::copyfiles,2,0.003787878787878788,6.172376143190189,False
npm::noms,2,0.003787878787878788,6.172376143190189,False
npm::graphql-request,2,0.003787878787878788,6.172376143190189,False
npm::graphql-relay,2,0.003787878787878788,6.172376143190189,False
npm::graphql-config,2,0.003787878787878788,6.172376143190189,False
npm::graphql-type-json,2,0.003787878787878788,6.172376143190189,False
npm::meant,2,0.003787878787878788,6.172376143190189,False
npm::shallow-compare,2,0.003787878787878788,6.172376143190189,False
npm::better-opn,2,0.003787878787878788,6.172376143190189,False
npm::babel-plugin-add-module-exports,2,0.003787878787878788,6.172376143190189,False
npm::gatsby-cli,2,0.003787878787878788,6.172376143190189,False
npm::gatsby-link,2,0.003787878787878788,6.172376143190189,False
npm::scroll-behavior,2,0.003787878787878788,6.172376143190189,False
npm::is-relative-url,2,0.003787878787878788,6.172376143190189,False
npm::yaml-loader,2,0.003787878787878788,6.172376143190189,False
npm::eol,2,0.003787878787878788,6.172376143190189,False
npm::type-of,2,0.003787878787878788,6.172376143190189,False
npm::better-queue,2,0.003787878787878788,6.172376143190189,False
npm::webpack-stats-plugin,2,0.003787878787878788,6.172376143190189,False
npm::convert-hrtime,2,0.003787878787878788,6.172376143190189,False
npm::gatsby-react-router-scroll,2,0.003787878787878788,6.172376143190189,False
npm::better-queue-memory,2,0.003787878787878788,6.172376143190189,False
npm::gatsby,2,0.003787878787878788,6.172376143190189,False
npm::yurnalist,2,0.003787878787878788,6.172376143190189,False
npm::@types/mkdirp,2,0.003787878787878788,6.172376143190189,False
npm::ltcdr,2,0.003787878787878788,6.172376143190189,False
pypi::starlette,2,0.003787878787878788,6.172376143190189,False
pypi::psycopg2-binary,2,0.003787878787878788,6.172376143190189,False
pypi::anyio,2,0.003787878787878788,6.172376143190189,False
pypi::sniffio,2,0.003787878787878788,6.172376143190189,False
pypi::h11,2,0.003787878787878788,6.172376143190189,False
pypi::alembic,2,0.003787878787878788,6.172376143190189,False
pypi::python-multipart,2,0.003787878787878788,6.172376143190189,False
npm::digest-fetch,2,0.003787878787878788,6.172376143190189,False
npm::jmespath,2,0.003787878787878788,6.172376143190189,False
npm::@capacitor/core,2,0.003787878787878788,6.172376143190189,False
npm::pretty,2,0.003787878787878788,6.172376143190189,False
npm::@capacitor/cli,2,0.003787878787878788,6.172376143190189,False
npm::deasync,2,0.003787878787878788,6.172376143190189,False
npm::node-cache,2,0.003787878787878788,6.172376143190189,False
npm::vue-jest,2,0.003787878787878788,6.172376143190189,False
npm::@vue/cli-plugin-e2e-cypress,2,0.003787878787878788,6.172376143190189,False
npm::is-whitespace,2,0.003787878787878788,6.172376143190189,False
npm::stream-to-observable,2,0.003787878787878788,6.172376143190189,False
npm::condense-newlines,2,0.003787878787878788,6.172376143190189,False
npm::@types/webpack-env,2,0.003787878787878788,6.172376143190189,False
npm::@vue/cli-plugin-typescript,2,0.003787878787878788,6.172376143190189,False
npm::jest-serializer-vue,2,0.003787878787878788,6.172376143190189,False
npm::@cypress/listr-verbose-renderer,2,0.003787878787878788,6.172376143190189,False
gem::climate_control,2,0.003787878787878788,6.172376143190189,False
gem::cocaine,2,0.003787878787878788,6.172376143190189,False
gem::orm_adapter,2,0.003787878787878788,6.172376143190189,False
gem::warden,2,0.003787878787878788,6.172376143190189,False
gem::paperclip,2,0.003787878787878788,6.172376143190189,False
nuget::microsoft.aspnetcore.identity.entityframeworkcore,2,0.003787878787878788,6.172376143190189,False
nuget::microsoft.aspnetcore.identity,2,0.003787878787878788,6.172376143190189,False
npm::webpack-virtual-modules,2,0.003787878787878788,6.172376143190189,False
npm::react-router-redux,2,0.003787878787878788,6.172376143190189,False
npm::babel-plugin-transform-decorators-legacy,2,0.003787878787878788,6.172376143190189,False
npm::redbox-react,2,0.003787878787878788,6.172376143190189,False
npm::parsejson,2,0.003787878787878788,6.172376143190189,False
npm::has-binary,2,0.003787878787878788,6.172376143190189,False
npm::sourcemapped-stacktrace,2,0.003787878787878788,6.172376143190189,False
npm::micromark-core-commonmark,2,0.003787878787878788,6.172376143190189,False
npm::micromark-util-decode-string,2,0.003787878787878788,6.172376143190189,False
npm::yaml-ast-parser,2,0.003787878787878788,6.172376143190189,False
npm::@graphql-tools/url-loader,2,0.003787878787878788,6.172376143190189,False
npm::@graphql-tools/graphql-file-loader,2,0.003787878787878788,6.172376143190189,False
npm::micromark-util-encode,2,0.003787878787878788,6.172376143190189,False
npm::@graphql-tools/wrap,2,0.003787878787878788,6.172376143190189,False
npm::@graphql-tools/graphql-tag-pluck,2,0.003787878787878788,6.172376143190189,False
npm::unist-builder,2,0.003787878787878788,6.172376143190189,False
npm::unixify,2,0.003787878787878788,6.172376143190189,False
npm::micromark-factory-title,2,0.003787878787878788,6.172376143190189,False
npm::micromark-util-character,2,0.003787878787878788,6.172376143190189,False
npm::micromark-util-resolve-all,2,0.003787878787878788,6.172376143190189,False
npm::@types/busboy,2,0.003787878787878788,6.172376143190189,False
npm::@types/hast,2,0.003787878787878788,6.172376143190189,False
npm::micromark-util-subtokenize,2,0.003787878787878788,6.172376143190189,False
npm::micromark-util-sanitize-uri,2,0.003787878787878788,6.172376143190189,False
npm::micromark-util-classify-character,2,0.003787878787878788,6.172376143190189,False
npm::micromark-factory-whitespace,2,0.003787878787878788,6.172376143190189,False
npm::@graphql-tools/batch-execute,2,0.003787878787878788,6.172376143190189,False
npm::@types/js-yaml,2,0.003787878787878788,6.172376143190189,False
npm::isomorphic-ws,2,0.003787878787878788,6.172376143190189,False
npm::auto-bind,2,0.003787878787878788,6.172376143190189,False
npm::micromark-util-decode-numeric-character-reference,2,0.003787878787878788,6.172376143190189,False
npm::micromark-factory-destination,2,0.003787878787878788,6.172376143190189,False
npm::decode-named-character-reference,2,0.003787878787878788,6.172376143190189,False
npm::@graphql-tools/git-loader,2,0.003787878787878788,6.172376143190189,False
npm::micromark-factory-space,2,0.003787878787878788,6.172376143190189,False
npm::@graphql-tools/delegate,2,0.003787878787878788,6.172376143190189,False
npm::micromark-util-symbol,2,0.003787878787878788,6.172376143190189,False
npm::micromark-factory-label,2,0.003787878787878788,6.172376143190189,False
npm::micromark-util-chunked,2,0.003787878787878788,6.172376143190189,False
npm::uvu,2,0.003787878787878788,6.172376143190189,False
npm::micromark-util-types,2,0.003787878787878788,6.172376143190189,False
npm::micromark-util-normalize-identifier,2,0.003787878787878788,6.172376143190189,False
npm::@types/acorn,2,0.003787878787878788,6.172376143190189,False
npm::micromark-util-combine-extensions,2,0.003787878787878788,6.172376143190189,False
npm::dataloader,2,0.003787878787878788,6.172376143190189,False
npm::is-reference,2,0.003787878787878788,6.172376143190189,False
npm::@graphql-tools/import,2,0.003787878787878788,6.172376143190189,False
npm::sync-fetch,2,0.003787878787878788,6.172376143190189,False
npm::micromark-util-html-tag-name,2,0.003787878787878788,6.172376143190189,False
npm::@graphql-tools/load,2,0.003787878787878788,6.172376143190189,False
npm::@graphql-tools/relay-operation-optimizer,2,0.003787878787878788,6.172376143190189,False
npm::@graphql-tools/json-file-loader,2,0.003787878787878788,6.172376143190189,False
npm::@graphql-tools/github-loader,2,0.003787878787878788,6.172376143190189,False
npm::extract-files,2,0.003787878787878788,6.172376143190189,False
npm::@graphql-tools/code-file-loader,2,0.003787878787878788,6.172376143190189,False
npm::enzyme-adapter-utils,2,0.003787878787878788,6.172376143190189,False
npm::jest-fetch-mock,2,0.003787878787878788,6.172376143190189,False
npm::lodash.istypedarray,2,0.003787878787878788,6.172376143190189,False
nuget::respond,2,0.003787878787878788,6.172376143190189,False
nuget::microsoft.aspnet.identity.core,2,0.003787878787878788,6.172376143190189,False
npm::getopts,2,0.003787878787878788,6.172376143190189,False
npm::stylelint-order,2,0.003787878787878788,6.172376143190189,False
npm::ion-rangeslider,2,0.003787878787878788,6.172376143190189,False
npm::grunt-git-authors,2,0.003787878787878788,6.172376143190189,False
npm::raphael,2,0.003787878787878788,6.172376143190189,False
npm::stylelint-config-recommended-scss,2,0.003787878787878788,6.172376143190189,False
composer::phpmailer/phpmailer,2,0.003787878787878788,6.172376143190189,False
npm::@fortawesome/fontawesome-free,2,0.003787878787878788,6.172376143190189,False
npm::bootstrap-colorpicker,2,0.003787878787878788,6.172376143190189,False
npm::fastclick,2,0.003787878787878788,6.172376143190189,False
npm::select2,2,0.003787878787878788,6.172376143190189,False
npm::datatables.net,2,0.003787878787878788,6.172376143190189,False
composer::jeroennoten/laravel-adminlte,2,0.003787878787878788,6.172376143190189,False
composer::almasaeed2010/adminlte,2,0.003787878787878788,6.172376143190189,False
npm::eve-raphael,2,0.003787878787878788,6.172376143190189,False
npm::overlayscrollbars,2,0.003787878787878788,6.172376143190189,False
npm::fullcalendar,2,0.003787878787878788,6.172376143190189,False
npm::postcss-sorting,2,0.003787878787878788,6.172376143190189,False
npm::bootstrap-slider,2,0.003787878787878788,6.172376143190189,False
npm::grunt-compare-size,2,0.003787878787878788,6.172376143190189,False
npm::grunt-contrib-connect,2,0.003787878787878788,6.172376143190189,False
npm::flot,2,0.003787878787878788,6.172376143190189,False
npm::icheck-bootstrap,2,0.003787878787878788,6.172376143190189,False
npm::testswarm,2,0.003787878787878788,6.172376143190189,False
npm::tempusdominus-bootstrap-4,2,0.003787878787878788,6.172376143190189,False
gem::wdm,2,0.003787878787878788,6.172376143190189,False
npm::codemirror,2,0.003787878787878788,6.172376143190189,False
npm::require-relative,2,0.003787878787878788,6.172376143190189,False
pypi::whitenoise,2,0.003787878787878788,6.172376143190189,False
npm::express-flash,2,0.003787878787878788,6.172376143190189,False
npm::@radix-ui/react-slot,2,0.003787878787878788,6.172376143190189,False
npm::pg-pool,2,0.003787878787878788,6.172376143190189,False
npm::postgres-interval,2,0.003787878787878788,6.172376143190189,False
npm::pg-types,2,0.003787878787878788,6.172376143190189,False
npm::postgres-array,2,0.003787878787878788,6.172376143190189,False
npm::pg-protocol,2,0.003787878787878788,6.172376143190189,False
npm::@floating-ui/react,2,0.003787878787878788,6.172376143190189,False
npm::buffer-writer,2,0.003787878787878788,6.172376143190189,False
npm::postgres-bytea,2,0.003787878787878788,6.172376143190189,False
npm::pgpass,2,0.003787878787878788,6.172376143190189,False
npm::packet-reader,2,0.003787878787878788,6.172376143190189,False
npm::postgres-date,2,0.003787878787878788,6.172376143190189,False
npm::embla-carousel-react,2,0.003787878787878788,6.172376143190189,False
npm::pg-int8,2,0.003787878787878788,6.172376143190189,False
npm::react-textarea-autosize,2,0.003787878787878788,6.172376143190189,False
npm::@types/d3-interpolate,2,0.003787878787878788,6.172376143190189,False
npm::@types/d3-shape,2,0.003787878787878788,6.172376143190189,False
npm::daisyui,2,0.003787878787878788,6.172376143190189,False
npm::d3-path,2,0.003787878787878788,6.172376143190189,False
npm::@types/d3-array,2,0.003787878787878788,6.172376143190189,False
npm::sort-by,2,0.003787878787878788,6.172376143190189,False
npm::internmap,2,0.003787878787878788,6.172376143190189,False
npm::@types/d3-time,2,0.003787878787878788,6.172376143190189,False
npm::@types/d3-color,2,0.003787878787878788,6.172376143190189,False
npm::@types/d3-scale,2,0.003787878787878788,6.172376143190189,False
npm::@types/d3-ease,2,0.003787878787878788,6.172376143190189,False
npm::@types/d3-path,2,0.003787878787878788,6.172376143190189,False
npm::d3-shape,2,0.003787878787878788,6.172376143190189,False
npm::istanbul,2,0.003787878787878788,6.172376143190189,False
golang::github.com/go-redis/redis/v8,2,0.003787878787878788,6.172376143190189,False
npm::shortid,2,0.003787878787878788,6.172376143190189,False
npm::@tanstack/query-core,2,0.003787878787878788,6.172376143190189,False
cargo::zerocopy,2,0.003787878787878788,6.172376143190189,False
cargo::rustversion,2,0.003787878787878788,6.172376143190189,False
cargo::async-trait,2,0.003787878787878788,6.172376143190189,False
cargo::mio,2,0.003787878787878788,6.172376143190189,False
cargo::serde_json,2,0.003787878787878788,6.172376143190189,False
cargo::gimli,2,0.003787878787878788,6.172376143190189,False
cargo::rand_core,2,0.003787878787878788,6.172376143190189,False
cargo::ryu,2,0.003787878787878788,6.172376143190189,False
cargo::bytes,2,0.003787878787878788,6.172376143190189,False
cargo::tokio,2,0.003787878787878788,6.172376143190189,False
cargo::zerocopy-derive,2,0.003787878787878788,6.172376143190189,False
cargo::futures,2,0.003787878787878788,6.172376143190189,False
cargo::android_system_properties,2,0.003787878787878788,6.172376143190189,False
cargo::tokio-util,2,0.003787878787878788,6.172376143190189,False
cargo::object,2,0.003787878787878788,6.172376143190189,False
cargo::socket2,2,0.003787878787878788,6.172376143190189,False
cargo::rand,2,0.003787878787878788,6.172376143190189,False
cargo::rustc-demangle,2,0.003787878787878788,6.172376143190189,False
cargo::rand_chacha,2,0.003787878787878788,6.172376143190189,False
cargo::chrono,2,0.003787878787878788,6.172376143190189,False
cargo::iana-time-zone,2,0.003787878787878788,6.172376143190189,False
cargo::iana-time-zone-haiku,2,0.003787878787878788,6.172376143190189,False
cargo::android-tzdata,2,0.003787878787878788,6.172376143190189,False
cargo::itoa,2,0.003787878787878788,6.172376143190189,False
cargo::futures-sink,2,0.003787878787878788,6.172376143190189,False
cargo::addr2line,2,0.003787878787878788,6.172376143190189,False
cargo::ppv-lite86,2,0.003787878787878788,6.172376143190189,False
cargo::percent-encoding,2,0.003787878787878788,6.172376143190189,False
cargo::backtrace,2,0.003787878787878788,6.172376143190189,False
maven::dom4j/dom4j,2,0.003787878787878788,6.172376143190189,False
npm::gulp-concat,2,0.003787878787878788,6.172376143190189,False
npm::jshint-stylish,2,0.003787878787878788,6.172376143190189,False
npm::gulp-jshint,2,0.003787878787878788,6.172376143190189,False
npm::gulp-eslint,2,0.003787878787878788,6.172376143190189,False
npm::gulp-uglify,2,0.003787878787878788,6.172376143190189,False
npm::pbkdf2-compat,2,0.003787878787878788,6.172376143190189,False
npm::imagemin-optipng,2,0.003787878787878788,6.172376143190189,False
npm::safe-json-parse,2,0.003787878787878788,6.172376143190189,False
npm::gulp-autoprefixer,2,0.003787878787878788,6.172376143190189,False
npm::imagemin-gifsicle,2,0.003787878787878788,6.172376143190189,False
npm::livereload-js,2,0.003787878787878788,6.172376143190189,False
npm::continuable-cache,2,0.003787878787878788,6.172376143190189,False
npm::tiny-lr,2,0.003787878787878788,6.172376143190189,False
npm::imagemin-svgo,2,0.003787878787878788,6.172376143190189,False
npm::body,2,0.003787878787878788,6.172376143190189,False
npm::bufferstreams,2,0.003787878787878788,6.172376143190189,False
npm::memdown,2,0.003787878787878788,6.172376143190189,False
npm::drbg.js,2,0.003787878787878788,6.172376143190189,False
npm::app-module-path,2,0.003787878787878788,6.172376143190189,False
npm::idna-uts46-hx,2,0.003787878787878788,6.172376143190189,False
npm::level-iterator-stream,2,0.003787878787878788,6.172376143190189,False
npm::web3-core-promievent,2,0.003787878787878788,6.172376143190189,False
npm::level-errors,2,0.003787878787878788,6.172376143190189,False
npm::web3-eth-iban,2,0.003787878787878788,6.172376143190189,False
npm::class-is,2,0.003787878787878788,6.172376143190189,False
npm::web3-core-method,2,0.003787878787878788,6.172376143190189,False
npm::web3,2,0.003787878787878788,6.172376143190189,False
npm::web3-providers-ipc,2,0.003787878787878788,6.172376143190189,False
npm::multicodec,2,0.003787878787878788,6.172376143190189,False
npm::mock-fs,2,0.003787878787878788,6.172376143190189,False
npm::xhr2-cookies,2,0.003787878787878788,6.172376143190189,False
npm::level-codec,2,0.003787878787878788,6.172376143190189,False
npm::level-packager,2,0.003787878787878788,6.172376143190189,False
npm::web3-eth-accounts,2,0.003787878787878788,6.172376143190189,False
npm::cids,2,0.003787878787878788,6.172376143190189,False
npm::web3-eth-abi,2,0.003787878787878788,6.172376143190189,False
npm::servify,2,0.003787878787878788,6.172376143190189,False
npm::web3-providers-ws,2,0.003787878787878788,6.172376143190189,False
npm::url-set-query,2,0.003787878787878788,6.172376143190189,False
npm::semaphore,2,0.003787878787878788,6.172376143190189,False
npm::bip66,2,0.003787878787878788,6.172376143190189,False
npm::mkdirp-promise,2,0.003787878787878788,6.172376143190189,False
npm::varint,2,0.003787878787878788,6.172376143190189,False
npm::web3-shh,2,0.003787878787878788,6.172376143190189,False
npm::multibase,2,0.003787878787878788,6.172376143190189,False
npm::find-yarn-workspace-root,2,0.003787878787878788,6.172376143190189,False
npm::http-https,2,0.003787878787878788,6.172376143190189,False
npm::web3-core-requestmanager,2,0.003787878787878788,6.172376143190189,False
npm::eth-ens-namehash,2,0.003787878787878788,6.172376143190189,False
npm::oboe,2,0.003787878787878788,6.172376143190189,False
npm::web3-core-helpers,2,0.003787878787878788,6.172376143190189,False
npm::deferred-leveldown,2,0.003787878787878788,6.172376143190189,False
npm::eth-lib,2,0.003787878787878788,6.172376143190189,False
npm::swarm-js,2,0.003787878787878788,6.172376143190189,False
npm::ltgt,2,0.003787878787878788,6.172376143190189,False
npm::encoding-down,2,0.003787878787878788,6.172376143190189,False
npm::multihashes,2,0.003787878787878788,6.172376143190189,False
npm::ethereumjs-common,2,0.003787878787878788,6.172376143190189,False
npm::web3-eth,2,0.003787878787878788,6.172376143190189,False
npm::web3-eth-personal,2,0.003787878787878788,6.172376143190189,False
npm::web3-core,2,0.003787878787878788,6.172376143190189,False
npm::web3-providers-http,2,0.003787878787878788,6.172376143190189,False
npm::ethereumjs-tx,2,0.003787878787878788,6.172376143190189,False
npm::nano-json-stream-parser,2,0.003787878787878788,6.172376143190189,False
npm::web3-net,2,0.003787878787878788,6.172376143190189,False
npm::web3-bzz,2,0.003787878787878788,6.172376143190189,False
npm::web3-core-subscriptions,2,0.003787878787878788,6.172376143190189,False
npm::xhr-request-promise,2,0.003787878787878788,6.172376143190189,False
npm::lodash.upperfirst,2,0.003787878787878788,6.172376143190189,False
npm::xhr-request,2,0.003787878787878788,6.172376143190189,False
npm::web3-eth-contract,2,0.003787878787878788,6.172376143190189,False
npm::level-concat-iterator,2,0.003787878787878788,6.172376143190189,False
npm::content-hash,2,0.003787878787878788,6.172376143190189,False
npm::buffer-to-arraybuffer,2,0.003787878787878788,6.172376143190189,False
npm::abstract-leveldown,2,0.003787878787878788,6.172376143190189,False
npm::web3-eth-ens,2,0.003787878787878788,6.172376143190189,False
npm::keypair,2,0.003787878787878788,6.172376143190189,False
npm::levelup,2,0.003787878787878788,6.172376143190189,False
github_actions::gradle/gradle-build-action,2,0.003787878787878788,6.172376143190189,False
nuget::microsoft.aspnetcore.diagnostics.entityframeworkcore,2,0.003787878787878788,6.172376143190189,False
npm::@google-cloud/common,2,0.003787878787878788,6.172376143190189,False
npm::native-request,2,0.003787878787878788,6.172376143190189,False
npm::hash-stream-validation,2,0.003787878787878788,6.172376143190189,False
npm::@types/tough-cookie,2,0.003787878787878788,6.172376143190189,False
github_actions::FirebaseExtended/action-hosting-deploy,2,0.003787878787878788,6.172376143190189,False
npm::@google-cloud/firestore,2,0.003787878787878788,6.172376143190189,False
npm::date-and-time,2,0.003787878787878788,6.172376143190189,False
npm::@google-cloud/storage,2,0.003787878787878788,6.172376143190189,False
npm::gcs-resumable-upload,2,0.003787878787878788,6.172376143190189,False
npm::snakeize,2,0.003787878787878788,6.172376143190189,False
npm::firebase-functions-test,2,0.003787878787878788,6.172376143190189,False
npm::firebase-admin,2,0.003787878787878788,6.172376143190189,False
npm::firebase-functions,2,0.003787878787878788,6.172376143190189,False
composer::barryvdh/laravel-debugbar,2,0.003787878787878788,6.172376143190189,False
composer::sabberworm/php-css-parser,2,0.003787878787878788,6.172376143190189,False
composer::league/oauth1-client,2,0.003787878787878788,6.172376143190189,False
composer::league/flysystem-aws-s3-v3,2,0.003787878787878788,6.172376143190189,False
composer::phenx/php-svg-lib,2,0.003787878787878788,6.172376143190189,False
gem::rack-cache,2,0.003787878787878788,6.172376143190189,False
gem::journey,2,0.003787878787878788,6.172376143190189,False
gem::activeresource,2,0.003787878787878788,6.172376143190189,False
gem::rack-ssl,2,0.003787878787878788,6.172376143190189,False
maven::org.testng/testng,2,0.003787878787878788,6.172376143190189,False
github_actions::JamesIves/github-pages-deploy-action,2,0.003787878787878788,6.172376143190189,False
gem::debugger-linecache,2,0.003787878787878788,6.172376143190189,False
gem::columnize,2,0.003787878787878788,6.172376143190189,False
pub::json_annotation,2,0.003787878787878788,6.172376143190189,False
pub::cli_util,2,0.003787878787878788,6.172376143190189,False
pub::cloud_firestore_web,2,0.003787878787878788,6.172376143190189,False
pub::_flutterfire_internals,2,0.003787878787878788,6.172376143190189,False
pub::pointycastle,2,0.003787878787878788,6.172376143190189,False
pub::checked_yaml,2,0.003787878787878788,6.172376143190189,False
pub::cloud_firestore_platform_interface,2,0.003787878787878788,6.172376143190189,False
pypi::uritemplate,2,0.003787878787878788,6.172376143190189,False
npm::coverage-istanbul-loader,2,0.003787878787878788,6.172376143190189,False
npm::password-prompt,2,0.003787878787878788,6.172376143190189,False
npm::mv,2,0.003787878787878788,6.172376143190189,False
npm::safe-json-stringify,2,0.003787878787878788,6.172376143190189,False
composer::friendsofphp/php-cs-fixer,2,0.003787878787878788,6.172376143190189,False
npm::args,2,0.003787878787878788,6.172376143190189,False
npm::multistream,2,0.003787878787878788,6.172376143190189,False
npm::prismjs,2,0.003787878787878788,6.172376143190189,False
npm::fast-check,2,0.003787878787878788,6.172376143190189,False
npm::browserify,2,0.003787878787878788,6.172376143190189,False
maven::org.webjars/bootstrap,2,0.003787878787878788,6.172376143190189,False
maven::org.webjars/jquery-ui,2,0.003787878787878788,6.172376143190189,False
maven::com.sun.xml.bind/jaxb-impl,2,0.003787878787878788,6.172376143190189,False
maven::org.webjars/webjars-locator-core,2,0.003787878787878788,6.172376143190189,False
maven::org.webjars/jquery,2,0.003787878787878788,6.172376143190189,False
npm::css-box-model,2,0.003787878787878788,6.172376143190189,False
npm::@chakra-ui/tabs,2,0.003787878787878788,6.172376143190189,False
npm::@chakra-ui/focus-lock,2,0.003787878787878788,6.172376143190189,False
npm::@chakra-ui/css-reset,2,0.003787878787878788,6.172376143190189,False
npm::@chakra-ui/accordion,2,0.003787878787878788,6.172376143190189,False
npm::@chakra-ui/popover,2,0.003787878787878788,6.172376143190189,False
npm::detect-node-es,2,0.003787878787878788,6.172376143190189,False
npm::@chakra-ui/clickable,2,0.003787878787878788,6.172376143190189,False
npm::@chakra-ui/theme-tools,2,0.003787878787878788,6.172376143190189,False
npm::@chakra-ui/portal,2,0.003787878787878788,6.172376143190189,False
npm::@chakra-ui/avatar,2,0.003787878787878788,6.172376143190189,False
npm::@chakra-ui/icon,2,0.003787878787878788,6.172376143190189,False
npm::@chakra-ui/popper,2,0.003787878787878788,6.172376143190189,False
npm::react-focus-lock,2,0.003787878787878788,6.172376143190189,False
npm::use-callback-ref,2,0.003787878787878788,6.172376143190189,False
npm::@chakra-ui/switch,2,0.003787878787878788,6.172376143190189,False
npm::@chakra-ui/menu,2,0.003787878787878788,6.172376143190189,False
npm::get-nonce,2,0.003787878787878788,6.172376143190189,False
npm::@chakra-ui/form-control,2,0.003787878787878788,6.172376143190189,False
npm::@chakra-ui/table,2,0.003787878787878788,6.172376143190189,False
npm::focus-lock,2,0.003787878787878788,6.172376143190189,False
npm::@chakra-ui/system,2,0.003787878787878788,6.172376143190189,False
npm::@chakra-ui/transition,2,0.003787878787878788,6.172376143190189,False
npm::@chakra-ui/modal,2,0.003787878787878788,6.172376143190189,False
npm::@chakra-ui/tooltip,2,0.003787878787878788,6.172376143190189,False
npm::@chakra-ui/tag,2,0.003787878787878788,6.172376143190189,False
npm::react-remove-scroll,2,0.003787878787878788,6.172376143190189,False
npm::@chakra-ui/breadcrumb,2,0.003787878787878788,6.172376143190189,False
npm::@chakra-ui/react-env,2,0.003787878787878788,6.172376143190189,False
npm::@chakra-ui/image,2,0.003787878787878788,6.172376143190189,False
npm::@chakra-ui/anatomy,2,0.003787878787878788,6.172376143190189,False
npm::@chakra-ui/checkbox,2,0.003787878787878788,6.172376143190189,False
npm::@chakra-ui/stat,2,0.003787878787878788,6.172376143190189,False
npm::@chakra-ui/hooks,2,0.003787878787878788,6.172376143190189,False
npm::use-sidecar,2,0.003787878787878788,6.172376143190189,False
npm::@chakra-ui/select,2,0.003787878787878788,6.172376143190189,False
npm::@chakra-ui/counter,2,0.003787878787878788,6.172376143190189,False
npm::@chakra-ui/input,2,0.003787878787878788,6.172376143190189,False
npm::@chakra-ui/alert,2,0.003787878787878788,6.172376143190189,False
npm::@chakra-ui/progress,2,0.003787878787878788,6.172376143190189,False
npm::@chakra-ui/control-box,2,0.003787878787878788,6.172376143190189,False
npm::react-clientside-effect,2,0.003787878787878788,6.172376143190189,False
npm::@chakra-ui/color-mode,2,0.003787878787878788,6.172376143190189,False
npm::@chakra-ui/layout,2,0.003787878787878788,6.172376143190189,False
npm::@chakra-ui/slider,2,0.003787878787878788,6.172376143190189,False
npm::@chakra-ui/toast,2,0.003787878787878788,6.172376143190189,False
npm::@chakra-ui/visually-hidden,2,0.003787878787878788,6.172376143190189,False
npm::@chakra-ui/descendant,2,0.003787878787878788,6.172376143190189,False
npm::@chakra-ui/provider,2,0.003787878787878788,6.172376143190189,False
npm::@chakra-ui/utils,2,0.003787878787878788,6.172376143190189,False
npm::@chakra-ui/skeleton,2,0.003787878787878788,6.172376143190189,False
npm::@types/lodash.mergewith,2,0.003787878787878788,6.172376143190189,False
npm::@chakra-ui/editable,2,0.003787878787878788,6.172376143190189,False
npm::@chakra-ui/styled-system,2,0.003787878787878788,6.172376143190189,False
npm::@chakra-ui/react,2,0.003787878787878788,6.172376143190189,False
npm::@chakra-ui/pin-input,2,0.003787878787878788,6.172376143190189,False
npm::@chakra-ui/spinner,2,0.003787878787878788,6.172376143190189,False
npm::react-remove-scroll-bar,2,0.003787878787878788,6.172376143190189,False
npm::@chakra-ui/react-utils,2,0.003787878787878788,6.172376143190189,False
npm::@chakra-ui/number-input,2,0.003787878787878788,6.172376143190189,False
npm::react-style-singleton,2,0.003787878787878788,6.172376143190189,False
npm::@chakra-ui/button,2,0.003787878787878788,6.172376143190189,False
npm::@chakra-ui/close-button,2,0.003787878787878788,6.172376143190189,False
npm::@chakra-ui/theme,2,0.003787878787878788,6.172376143190189,False
npm::@chakra-ui/textarea,2,0.003787878787878788,6.172376143190189,False
npm::@chakra-ui/live-region,2,0.003787878787878788,6.172376143190189,False
npm::@chakra-ui/radio,2,0.003787878787878788,6.172376143190189,False
npm::@chakra-ui/media-query,2,0.003787878787878788,6.172376143190189,False
npm::react-datetime,2,0.003787878787878788,6.172376143190189,False
npm::@hypnosphi/create-react-context,2,0.003787878787878788,6.172376143190189,False
npm::@lezer/lr,2,0.003787878787878788,6.172376143190189,False
npm::utility-types,2,0.003787878787878788,6.172376143190189,False
npm::@parcel/watcher,2,0.003787878787878788,6.172376143190189,False
npm::@lezer/common,2,0.003787878787878788,6.172376143190189,False
pypi::mock,2,0.003787878787878788,6.172376143190189,False
pypi::pbr,2,0.003787878787878788,6.172376143190189,False
composer::symfony/polyfill-php73,2,0.003787878787878788,6.172376143190189,False
composer::asm89/stack-cors,2,0.003787878787878788,6.172376143190189,False
composer::lcobucci/jwt,2,0.003787878787878788,6.172376143190189,False
composer::symfony/polyfill-iconv,2,0.003787878787878788,6.172376143190189,False
npm::babel-merge,2,0.003787878787878788,6.172376143190189,False
composer::opis/closure,2,0.003787878787878788,6.172376143190189,False
composer::facade/flare-client-php,2,0.003787878787878788,6.172376143190189,False
composer::fideloper/proxy,2,0.003787878787878788,6.172376143190189,False
composer::symfony/polyfill-php56,2,0.003787878787878788,6.172376143190189,False
composer::rap2hpoutre/laravel-log-viewer,2,0.003787878787878788,6.172376143190189,False
npm::react-sortable-hoc,2,0.003787878787878788,6.172376143190189,False
npm::pdfast,2,0.003787878787878788,6.172376143190189,False
npm::d3-dsv,2,0.003787878787878788,6.172376143190189,False
npm::clamp,2,0.003787878787878788,6.172376143190189,False
composer::phpdocumentor/reflection-common,2,0.003787878787878788,6.172376143190189,False
npm::tween-functions,2,0.003787878787878788,6.172376143190189,False
npm::throttle-debounce,2,0.003787878787878788,6.172376143190189,False
npm::json2module,2,0.003787878787878788,6.172376143190189,False
composer::tymon/jwt-auth,2,0.003787878787878788,6.172376143190189,False
composer::phpdocumentor/type-resolver,2,0.003787878787878788,6.172376143190189,False
npm::contour_plot,2,0.003787878787878788,6.172376143190189,False
npm::fmin,2,0.003787878787878788,6.172376143190189,False
npm::lodash.isnil,2,0.003787878787878788,6.172376143190189,False
gem::gh_inspector,2,0.003787878787878788,6.172376143190189,False
gem::claide,2,0.003787878787878788,6.172376143190189,False
gem::xcodeproj,2,0.003787878787878788,6.172376143190189,False
gem::nanaimo,2,0.003787878787878788,6.172376143190189,False
gem::colored2,2,0.003787878787878788,6.172376143190189,False
gem::cfpropertylist,2,0.003787878787878788,6.172376143190189,False
gem::atomos,2,0.003787878787878788,6.172376143190189,False
gem::httpclient,2,0.003787878787878788,6.172376143190189,False
npm::fs,2,0.003787878787878788,6.172376143190189,False
npm::gulp-plumber,2,0.003787878787878788,6.172376143190189,False
npm::node.extend,2,0.003787878787878788,6.172376143190189,False
npm::cli-usage,2,0.003787878787878788,6.172376143190189,False
npm::gulp-notify,2,0.003787878787878788,6.172376143190189,False
npm::is,2,0.003787878787878788,6.172376143190189,False
gem::fastimage,2,0.003787878787878788,6.172376143190189,False
npm::strip-url-auth,2,0.003787878787878788,6.172376143190189,False
npm::humanize-url,2,0.003787878787878788,6.172376143190189,False
npm::filenamify-url,2,0.003787878787878788,6.172376143190189,False
npm::@vue/tsconfig,2,0.003787878787878788,6.172376143190189,False
npm::pinia,2,0.003787878787878788,6.172376143190189,False
npm::@volar/source-map,2,0.003787878787878788,6.172376143190189,False
npm::vue-demi,2,0.003787878787878788,6.172376143190189,False
npm::@volar/language-core,2,0.003787878787878788,6.172376143190189,False
npm::@volar/typescript,2,0.003787878787878788,6.172376143190189,False
npm::vue-tsc,2,0.003787878787878788,6.172376143190189,False
npm::muggle-string,2,0.003787878787878788,6.172376143190189,False
npm::local-pkg,2,0.003787878787878788,6.172376143190189,False
npm::kolorist,2,0.003787878787878788,6.172376143190189,False
npm::strip-literal,2,0.003787878787878788,6.172376143190189,False
npm::@vitejs/plugin-vue-jsx,2,0.003787878787878788,6.172376143190189,False
maven::org.codehaus.mojo/exec-maven-plugin,2,0.003787878787878788,6.172376143190189,False
pypi::sklearn,2,0.003787878787878788,6.172376143190189,False
maven::org.glassfish/jakarta.json,2,0.003787878787878788,6.172376143190189,False
maven::org.springframework.boot/spring-boot-starter-data-redis,2,0.003787878787878788,6.172376143190189,False
maven::redis.clients/jedis,2,0.003787878787878788,6.172376143190189,False
npm::nanoclone,2,0.003787878787878788,6.172376143190189,False
npm::formik,2,0.003787878787878788,6.172376143190189,False
npm::intl-messageformat,2,0.003787878787878788,6.172376143190189,False
npm::globalyzer,2,0.003787878787878788,6.172376143190189,False
npm::tiny-glob,2,0.003787878787878788,6.172376143190189,False
npm::globrex,2,0.003787878787878788,6.172376143190189,False
npm::@pkgr/utils,2,0.003787878787878788,6.172376143190189,False
maven::org.springframework.boot/spring-boot-starter-data-mongodb,2,0.003787878787878788,6.172376143190189,False
npm::babel-helper-vue-jsx-merge-props,2,0.003787878787878788,6.172376143190189,False
npm::babel-plugin-transform-vue-jsx,2,0.003787878787878788,6.172376143190189,False
npm::bfj-node4,2,0.003787878787878788,6.172376143190189,False
npm::lodash.keysin,2,0.003787878787878788,6.172376143190189,False
npm::mkpath,2,0.003787878787878788,6.172376143190189,False
npm::lodash.rest,2,0.003787878787878788,6.172376143190189,False
npm::get-params,2,0.003787878787878788,6.172376143190189,False
npm::@types/cookies,2,0.003787878787878788,6.172376143190189,False
npm::sc-channel,2,0.003787878787878788,6.172376143190189,False
npm::apollo-tracing,2,0.003787878787878788,6.172376143190189,False
npm::rn-host-detect,2,0.003787878787878788,6.172376143190189,False
npm::@types/koa,2,0.003787878787878788,6.172376143190189,False
golang::github.com/fatih/color,2,0.003787878787878788,6.172376143190189,False
golang::github.com/spf13/viper,2,0.003787878787878788,6.172376143190189,False
npm::@types/fs-capacitor,2,0.003787878787878788,6.172376143190189,False
npm::@redux-saga/symbols,2,0.003787878787878788,6.172376143190189,False
npm::relay-compiler,2,0.003787878787878788,6.172376143190189,False
npm::@types/keygrip,2,0.003787878787878788,6.172376143190189,False
npm::lazy-debug-legacy,2,0.003787878787878788,6.172376143190189,False
npm::remote-redux-devtools,2,0.003787878787878788,6.172376143190189,False
golang::github.com/hashicorp/golang-lru,2,0.003787878787878788,6.172376143190189,False
npm::@redux-saga/delay-p,2,0.003787878787878788,6.172376143190189,False
npm::typescript-tuple,2,0.003787878787878788,6.172376143190189,False
npm::apollo-cache-control,2,0.003787878787878788,6.172376143190189,False
npm::redux-devtools-instrument,2,0.003787878787878788,6.172376143190189,False
npm::sc-formatter,2,0.003787878787878788,6.172376143190189,False
npm::remotedev-serialize,2,0.003787878787878788,6.172376143190189,False
npm::redux-saga,2,0.003787878787878788,6.172376143190189,False
npm::apollo-server-caching,2,0.003787878787878788,6.172376143190189,False
npm::@redux-saga/is,2,0.003787878787878788,6.172376143190189,False
github_actions::codecov/codecov-action,2,0.003787878787878788,6.172376143190189,False
golang::github.com/asaskevich/govalidator,2,0.003787878787878788,6.172376143190189,False
npm::apollo-server,2,0.003787878787878788,6.172376143190189,False
npm::apollo-graphql,2,0.003787878787878788,6.172376143190189,False
npm::symbol,2,0.003787878787878788,6.172376143190189,False
npm::linked-list,2,0.003787878787878788,6.172376143190189,False
npm::@redux-saga/core,2,0.003787878787878788,6.172376143190189,False
npm::@graphql-tools/mock,2,0.003787878787878788,6.172376143190189,False
npm::@redux-saga/deferred,2,0.003787878787878788,6.172376143190189,False
npm::typescript-compare,2,0.003787878787878788,6.172376143190189,False
npm::@types/koa-compose,2,0.003787878787878788,6.172376143190189,False
npm::socketcluster-client,2,0.003787878787878788,6.172376143190189,False
npm::jsan,2,0.003787878787878788,6.172376143190189,False
npm::@redux-saga/types,2,0.003787878787878788,6.172376143190189,False
npm::xss,2,0.003787878787878788,6.172376143190189,False
golang::github.com/go-kit/kit,2,0.003787878787878788,6.172376143190189,False
npm::sc-errors,2,0.003787878787878788,6.172376143190189,False
npm::apollo-reporting-protobuf,2,0.003787878787878788,6.172376143190189,False
npm::@types/http-assert,2,0.003787878787878788,6.172376143190189,False
npm::cssfilter,2,0.003787878787878788,6.172376143190189,False
npm::graphql-extensions,2,0.003787878787878788,6.172376143190189,False
npm::typescript-logic,2,0.003787878787878788,6.172376143190189,False
golang::github.com/burntsushi/toml,2,0.003787878787878788,6.172376143190189,False
npm::apollo-env,2,0.003787878787878788,6.172376143190189,False
pypi::scikit-learn,2,0.003787878787878788,6.172376143190189,False
npm::laravel-elixir,2,0.003787878787878788,6.172376143190189,False
composer::classpreloader/classpreloader,2,0.003787878787878788,6.172376143190189,False
composer::phpspec/php-diff,2,0.003787878787878788,6.172376143190189,False
composer::mtdowling/cron-expression,2,0.003787878787878788,6.172376143190189,False
composer::jeremeamia/superclosure,2,0.003787878787878788,6.172376143190189,False
npm::bootstrap-sass,2,0.003787878787878788,6.172376143190189,False
golang::github.com/google/uuid,2,0.003787878787878788,6.172376143190189,False
golang::cloud.google.com/go/compute,2,0.003787878787878788,6.172376143190189,False
golang::github.com/golang-jwt/jwt/v4,2,0.003787878787878788,6.172376143190189,False
golang::github.com/golang/snappy,2,0.003787878787878788,6.172376143190189,False
golang::cloud.google.com/go/compute/metadata,2,0.003787878787878788,6.172376143190189,False
golang::github.com/googleapis/enterprise-certificate-proxy,2,0.003787878787878788,6.172376143190189,False
golang::go.opencensus.io,2,0.003787878787878788,6.172376143190189,False
golang::go.mongodb.org/mongo-driver,2,0.003787878787878788,6.172376143190189,False
golang::google.golang.org/api,2,0.003787878787878788,6.172376143190189,False
golang::github.com/golang/groupcache,2,0.003787878787878788,6.172376143190189,False
golang::golang.org/x/mod,2,0.003787878787878788,6.172376143190189,False
npm::@opentelemetry/api,2,0.003787878787878788,6.172376143190189,False
maven::io.jsonwebtoken/jjwt-api,2,0.003787878787878788,6.172376143190189,False
maven::io.jsonwebtoken/jjwt-impl,2,0.003787878787878788,6.172376143190189,False
maven::io.jsonwebtoken/jjwt-jackson,2,0.003787878787878788,6.172376143190189,False
npm::react-responsive-carousel,2,0.003787878787878788,6.172376143190189,False
npm::@stripe/stripe-js,2,0.003787878787878788,6.172376143190189,False
npm::tailwind-merge,2,0.003787878787878788,6.172376143190189,False
npm::react-easy-swipe,2,0.003787878787878788,6.172376143190189,False
npm::@stripe/react-stripe-js,2,0.003787878787878788,6.172376143190189,False
composer::ext-curl,2,0.003787878787878788,6.172376143190189,False
composer::ext-mbstring,2,0.003787878787878788,6.172376143190189,False
npm::yarn,2,0.003787878787878788,6.172376143190189,False
pypi::isodate,2,0.003787878787878788,6.172376143190189,False
pypi::azure-storage-blob,2,0.003787878787878788,6.172376143190189,False
pypi::msrest,2,0.003787878787878788,6.172376143190189,False
pypi::azure-core,2,0.003787878787878788,6.172376143190189,False
pypi::requests-toolbelt,2,0.003787878787878788,6.172376143190189,False
pypi::termcolor,2,0.003787878787878788,6.172376143190189,False
pypi::pathspec,2,0.003787878787878788,6.172376143190189,False
pypi::netaddr,2,0.003787878787878788,6.172376143190189,False
pypi::xmltodict,2,0.003787878787878788,6.172376143190189,False
pypi::grpcio,2,0.003787878787878788,6.172376143190189,False
npm::react-router-bootstrap,2,0.003787878787878788,6.172376143190189,False
pypi::rfc3986,2,0.003787878787878788,6.172376143190189,False
pypi::distlib,2,0.003787878787878788,6.172376143190189,False
golang::github.com/mailru/easyjson,2,0.003787878787878788,6.172376143190189,False
golang::github.com/docker/docker,2,0.003787878787878788,6.172376143190189,False
pypi::rich,2,0.003787878787878788,6.172376143190189,False
golang::github.com/microsoft/go-winio,2,0.003787878787878788,6.172376143190189,False
golang::github.com/fsnotify/fsnotify,2,0.003787878787878788,6.172376143190189,False
pypi::google-api-core,2,0.003787878787878788,6.172376143190189,False
pypi::tabulate,2,0.003787878787878788,6.172376143190189,False
golang::gotest.tools/v3,2,0.003787878787878788,6.172376143190189,False
golang::github.com/jmespath/go-jmespath,2,0.003787878787878788,6.172376143190189,False
golang::github.com/opencontainers/image-spec,2,0.003787878787878788,6.172376143190189,False
golang::github.com/kr/pretty,2,0.003787878787878788,6.172376143190189,False
pypi::decorator,2,0.003787878787878788,6.172376143190189,False
golang::github.com/docker/go-connections,2,0.003787878787878788,6.172376143190189,False
pypi::lz4,2,0.003787878787878788,6.172376143190189,False
golang::github.com/morikuni/aec,2,0.003787878787878788,6.172376143190189,False
pypi::commonmark,2,0.003787878787878788,6.172376143190189,False
pypi::platformdirs,2,0.003787878787878788,6.172376143190189,False
pypi::coverage,2,0.003787878787878788,6.172376143190189,False
golang::github.com/hashicorp/errwrap,2,0.003787878787878788,6.172376143190189,False
golang::github.com/hashicorp/go-multierror,2,0.003787878787878788,6.172376143190189,False
golang::github.com/moby/term,2,0.003787878787878788,6.172376143190189,False
golang::github.com/docker/go-units,2,0.003787878787878788,6.172376143190189,False
pypi::mypy-extensions,2,0.003787878787878788,6.172376143190189,False
pypi::boto3,2,0.003787878787878788,6.172376143190189,False
pypi::tzdata,2,0.003787878787878788,6.172376143190189,False
npm::fn-name,2,0.003787878787878788,6.172376143190189,False
npm::find-parent-dir,2,0.003787878787878788,6.172376143190189,False
npm::log-driver,2,0.003787878787878788,6.172376143190189,False
npm::g-status,2,0.003787878787878788,6.172376143190189,False
npm::synchronous-promise,2,0.003787878787878788,6.172376143190189,False
npm::lcov-parse,2,0.003787878787878788,6.172376143190189,False
npm::simple-git,2,0.003787878787878788,6.172376143190189,False
npm::imagemin-pngquant,2,0.003787878787878788,6.172376143190189,False
npm::coveralls,2,0.003787878787878788,6.172376143190189,False
github_actions::actions/create-release,2,0.003787878787878788,6.172376143190189,False
npm::lodash.isfunction,2,0.003787878787878788,6.172376143190189,False
npm::markdown-it,2,0.003787878787878788,6.172376143190189,False
npm::btoa,2,0.003787878787878788,6.172376143190189,False
pypi::keras,2,0.003787878787878788,6.172376143190189,False
npm::@sindresorhus/merge-streams,2,0.003787878787878788,6.172376143190189,False
npm::readdir-glob,2,0.003787878787878788,6.172376143190189,False
npm::is-inside-container,2,0.003787878787878788,6.172376143190189,False
npm::unicorn-magic,2,0.003787878787878788,6.172376143190189,False
pypi::filelock,2,0.003787878787878788,6.172376143190189,False
pypi::torchvision,2,0.003787878787878788,6.172376143190189,False
pypi::transformers,2,0.003787878787878788,6.172376143190189,False
maven::org.springframework/spring-test,2,0.003787878787878788,6.172376143190189,False
maven::ch.qos.logback/logback-classic,2,0.003787878787878788,6.172376143190189,False
npm::discord.js,2,0.003787878787878788,6.172376143190189,False
golang::github.com/google/gofuzz,2,0.003787878787878788,6.172376143190189,False
golang::github.com/opencontainers/go-digest,2,0.003787878787878788,6.172376143190189,False
npm::enzyme-shallow-equal,2,0.003787878787878788,6.172376143190189,False
golang::github.com/evanphx/json-patch,2,0.003787878787878788,6.172376143190189,False
golang::sigs.k8s.io/json,2,0.003787878787878788,6.172376143190189,False
npm::nock,2,0.003787878787878788,6.172376143190189,False
golang::k8s.io/client-go,2,0.003787878787878788,6.172376143190189,False
npm::propagate,2,0.003787878787878788,6.172376143190189,False
npm::reactstrap,2,0.003787878787878788,6.172376143190189,False
golang::github.com/go-logr/logr,2,0.003787878787878788,6.172376143190189,False
golang::github.com/matttproud/golang_protobuf_extensions,2,0.003787878787878788,6.172376143190189,False
npm::html-element-map,2,0.003787878787878788,6.172376143190189,False
golang::k8s.io/api,2,0.003787878787878788,6.172376143190189,False
golang::k8s.io/klog/v2,2,0.003787878787878788,6.172376143190189,False
golang::github.com/golang/glog,2,0.003787878787878788,6.172376143190189,False
golang::sigs.k8s.io/structured-merge-diff/v4,2,0.003787878787878788,6.172376143190189,False
golang::github.com/beorn7/perks,2,0.003787878787878788,6.172376143190189,False
npm::sanitize-html,2,0.003787878787878788,6.172376143190189,False
golang::github.com/prometheus/procfs,2,0.003787878787878788,6.172376143190189,False
golang::github.com/emicklei/go-restful/v3,2,0.003787878787878788,6.172376143190189,False
golang::k8s.io/kube-openapi,2,0.003787878787878788,6.172376143190189,False
golang::sigs.k8s.io/yaml,2,0.003787878787878788,6.172376143190189,False
golang::gopkg.in/inf.v0,2,0.003787878787878788,6.172376143190189,False
golang::k8s.io/apimachinery,2,0.003787878787878788,6.172376143190189,False
golang::k8s.io/utils,2,0.003787878787878788,6.172376143190189,False
maven::org.springframework.cloud/spring-cloud-starter-netflix-eureka-client,2,0.003787878787878788,6.172376143190189,False
npm::resolve-pkg,2,0.003787878787878788,6.172376143190189,False
npm::grunt-postcss,2,0.003787878787878788,6.172376143190189,False
npm::file-sync-cmp,2,0.003787878787878788,6.172376143190189,False
npm::grunt-known-options,2,0.003787878787878788,6.172376143190189,False
nuget::serilog.aspnetcore,2,0.003787878787878788,6.172376143190189,False
nuget::microsoft.aspnet.webapi.client,2,0.003787878787878788,6.172376143190189,False
npm::xml-js,2,0.003787878787878788,6.172376143190189,False
maven::io.rest-assured/json-schema-validator,2,0.003787878787878788,6.172376143190189,False
maven::io.qameta.allure/allure-maven,2,0.003787878787878788,6.172376143190189,False
npm::unimodules-camera-interface,2,0.003787878787878788,6.172376143190189,False
npm::unimodules-face-detector-interface,2,0.003787878787878788,6.172376143190189,False
npm::expo-sqlite,2,0.003787878787878788,6.172376143190189,False
npm::unimodules-sensors-interface,2,0.003787878787878788,6.172376143190189,False
npm::@expo/websql,2,0.003787878787878788,6.172376143190189,False
npm::@unimodules/core,2,0.003787878787878788,6.172376143190189,False
npm::unimodules-permissions-interface,2,0.003787878787878788,6.172376143190189,False
npm::@unimodules/react-native-adapter,2,0.003787878787878788,6.172376143190189,False
npm::expo-linear-gradient,2,0.003787878787878788,6.172376143190189,False
npm::unimodules-image-loader-interface,2,0.003787878787878788,6.172376143190189,False
npm::unimodules-constants-interface,2,0.003787878787878788,6.172376143190189,False
npm::expo-permissions,2,0.003787878787878788,6.172376143190189,False
npm::unimodules-file-system-interface,2,0.003787878787878788,6.172376143190189,False
npm::unimodules-font-interface,2,0.003787878787878788,6.172376143190189,False
npm::unimodules-barcode-scanner-interface,2,0.003787878787878788,6.172376143190189,False
npm::expo-location,2,0.003787878787878788,6.172376143190189,False
composer::bower-asset/jquery,2,0.003787878787878788,6.172376143190189,False
npm::import-meta-resolve,2,0.003787878787878788,6.172376143190189,False
npm::vitefu,2,0.003787878787878788,6.172376143190189,False
github_actions::ad-m/github-push-action,2,0.003787878787878788,6.172376143190189,False
npm::expo-app-auth,2,0.003787878787878788,6.172376143190189,False
npm::metro-memory-fs,2,0.003787878787878788,6.172376143190189,False
npm::react-native-svg,2,0.003787878787878788,6.172376143190189,False
npm::expo-speech,2,0.003787878787878788,6.172376143190189,False
npm::react-native-maps,2,0.003787878787878788,6.172376143190189,False
npm::scriptjs,2,0.003787878787878788,6.172376143190189,False
npm::stripe,2,0.003787878787878788,6.172376143190189,False
npm::@angular/flex-layout,2,0.003787878787878788,6.172376143190189,False
npm::css-rule-stream,2,0.003787878787878788,6.172376143190189,False
npm::ldjson-stream,2,0.003787878787878788,6.172376143190189,False
npm::doiuse,2,0.003787878787878788,6.172376143190189,False
github_actions::docker/setup-qemu-action,2,0.003787878787878788,6.172376143190189,False
npm::css-tokenize,2,0.003787878787878788,6.172376143190189,False
nuget::microsoft.aspnetcore.razor.design,2,0.003787878787878788,6.172376143190189,False
nuget::microsoft.aspnetcore.app,2,0.003787878787878788,6.172376143190189,False
nuget::mstest.testframework,2,0.003787878787878788,6.172376143190189,False
nuget::mstest.testadapter,2,0.003787878787878788,6.172376143190189,False
npm::fuzzy,2,0.003787878787878788,6.172376143190189,False
npm::lodash.values,2,0.003787878787878788,6.172376143190189,False
npm::router,2,0.003787878787878788,6.172376143190189,False
npm::lodash._shimkeys,2,0.003787878787878788,6.172376143190189,False
npm::lodash.isobject,2,0.003787878787878788,6.172376143190189,False
npm::lodash._isnative,2,0.003787878787878788,6.172376143190189,False
npm::lodash._objecttypes,2,0.003787878787878788,6.172376143190189,False
npm::array-iterate,2,0.003787878787878788,6.172376143190189,False
npm::rehype-stringify,2,0.003787878787878788,6.172376143190189,False
npm::hast-util-to-html,2,0.003787878787878788,6.172376143190189,False
npm::html-void-elements,2,0.003787878787878788,6.172376143190189,False
npm::trim-lines,2,0.003787878787878788,6.172376143190189,False
npm::unist-util-visit-children,2,0.003787878787878788,6.172376143190189,False
npm::gray-matter,2,0.003787878787878788,6.172376143190189,False
npm::unist-util-modify-children,2,0.003787878787878788,6.172376143190189,False
npm::nlcst-to-string,2,0.003787878787878788,6.172376143190189,False
npm::hast-util-raw,2,0.003787878787878788,6.172376143190189,False
npm::parse-latin,2,0.003787878787878788,6.172376143190189,False
npm::github-slugger,2,0.003787878787878788,6.172376143190189,False
npm::hast-util-to-parse5,2,0.003787878787878788,6.172376143190189,False
composer::pusher/pusher-php-server,2,0.003787878787878788,6.172376143190189,False
composer::laminas/laminas-escaper,2,0.003787878787878788,6.172376143190189,False
pypi::flask-mail,2,0.003787878787878788,6.172376143190189,False
npm::babel-plugin-transform-system-register,2,0.003787878787878788,6.172376143190189,False
npm::traceur,2,0.003787878787878788,6.172376143190189,False
npm::jspm-registry,2,0.003787878787878788,6.172376143190189,False
npm::babel-plugin-transform-global-system-wrapper,2,0.003787878787878788,6.172376143190189,False
npm::babel-plugin-transform-class-constructor-call,2,0.003787878787878788,6.172376143190189,False
npm::babel-plugin-transform-export-extensions,2,0.003787878787878788,6.172376143190189,False
npm::babel-plugin-syntax-class-constructor-call,2,0.003787878787878788,6.172376143190189,False
npm::buffer-peek-stream,2,0.003787878787878788,6.172376143190189,False
npm::systemjs-builder,2,0.003787878787878788,6.172376143190189,False
npm::es6-template-strings,2,0.003787878787878788,6.172376143190189,False
npm::jspm,2,0.003787878787878788,6.172376143190189,False
npm::jspm-npm,2,0.003787878787878788,6.172376143190189,False
npm::netrc,2,0.003787878787878788,6.172376143190189,False
npm::esniff,2,0.003787878787878788,6.172376143190189,False
npm::front-matter,2,0.003787878787878788,6.172376143190189,False
npm::babel-plugin-transform-cjs-system-wrapper,2,0.003787878787878788,6.172376143190189,False
npm::jspm-github,2,0.003787878787878788,6.172376143190189,False
npm::babel-plugin-syntax-export-extensions,2,0.003787878787878788,6.172376143190189,False
npm::jscs-preset-wikimedia,2,0.003787878787878788,6.172376143190189,False
npm::eachr,2,0.003787878787878788,6.172376143190189,False
npm::grunt-sass,2,0.003787878787878788,6.172376143190189,False
npm::requirefresh,2,0.003787878787878788,6.172376143190189,False
npm::grunt-babel,2,0.003787878787878788,6.172376143190189,False
npm::grunt-includes,2,0.003787878787878788,6.172376143190189,False
npm::vow-fs,2,0.003787878787878788,6.172376143190189,False
npm::csswhat,2,0.003787878787878788,6.172376143190189,False
npm::to-double-quotes,2,0.003787878787878788,6.172376143190189,False
npm::jscs-jsdoc,2,0.003787878787878788,6.172376143190189,False
npm::grunt-bootlint,2,0.003787878787878788,6.172376143190189,False
npm::inherit,2,0.003787878787878788,6.172376143190189,False
npm::cson-parser,2,0.003787878787878788,6.172376143190189,False
npm::grunt-cssjanus,2,0.003787878787878788,6.172376143190189,False
npm::jscs,2,0.003787878787878788,6.172376143190189,False
npm::cson,2,0.003787878787878788,6.172376143190189,False
npm::vow,2,0.003787878787878788,6.172376143190189,False
npm::to-single-quotes,2,0.003787878787878788,6.172376143190189,False
npm::jsonlint,2,0.003787878787878788,6.172376143190189,False
npm::zlib-browserify,2,0.003787878787878788,6.172376143190189,False
npm::extract-opts,2,0.003787878787878788,6.172376143190189,False
npm::typechecker,2,0.003787878787878788,6.172376143190189,False
npm::load-grunt-config,2,0.003787878787878788,6.172376143190189,False
npm::jsv,2,0.003787878787878788,6.172376143190189,False
npm::vow-queue,2,0.003787878787878788,6.172376143190189,False
npm::jsdoctypeparser,2,0.003787878787878788,6.172376143190189,False
npm::bootlint,2,0.003787878787878788,6.172376143190189,False
npm::jit-grunt,2,0.003787878787878788,6.172376143190189,False
npm::cssjanus,2,0.003787878787878788,6.172376143190189,False
npm::stack-parser,2,0.003787878787878788,6.172376143190189,False
npm::advpng-bin,2,0.003787878787878788,6.172376143190189,False
npm::comment-parser,2,0.003787878787878788,6.172376143190189,False
npm::cssselect,2,0.003787878787878788,6.172376143190189,False
npm::jpegoptim-bin,2,0.003787878787878788,6.172376143190189,False
npm::tiny-lr-fork,2,0.003787878787878788,6.172376143190189,False
npm::grunt-notify,2,0.003787878787878788,6.172376143190189,False
npm::safefs,2,0.003787878787878788,6.172376143190189,False
npm::noptify,2,0.003787878787878788,6.172376143190189,False
maven::org.apache.logging.log4j/log4j-core,2,0.003787878787878788,6.172376143190189,False
composer::ext-intl,2,0.003787878787878788,6.172376143190189,False
npm::grunt-text-replace,2,0.003787878787878788,6.172376143190189,False
npm::util-extend,2,0.003787878787878788,6.172376143190189,False
composer::kint-php/kint,2,0.003787878787878788,6.172376143190189,False
npm::foreachasync,2,0.003787878787878788,6.172376143190189,False
npm::hbs,2,0.003787878787878788,6.172376143190189,False
npm::walk,2,0.003787878787878788,6.172376143190189,False
npm::hable,2,0.003787878787878788,6.172376143190189,False
npm::vue-client-only,2,0.003787878787878788,6.172376143190189,False
npm::parse-path,2,0.003787878787878788,6.172376143190189,False
npm::node-html-parser,2,0.003787878787878788,6.172376143190189,False
npm::git-config-path,2,0.003787878787878788,6.172376143190189,False
npm::node-res,2,0.003787878787878788,6.172376143190189,False
npm::git-up,2,0.003787878787878788,6.172376143190189,False
npm::protocols,2,0.003787878787878788,6.172376143190189,False
npm::@nuxt/components,2,0.003787878787878788,6.172376143190189,False
npm::fs-memo,2,0.003787878787878788,6.172376143190189,False
npm::parse-git-config,2,0.003787878787878788,6.172376143190189,False
npm::git-url-parse,2,0.003787878787878788,6.172376143190189,False
npm::@nuxt/telemetry,2,0.003787878787878788,6.172376143190189,False
npm::is-ssh,2,0.003787878787878788,6.172376143190189,False
npm::byline,2,0.003787878787878788,6.172376143190189,False
npm::ssh2,2,0.003787878787878788,6.172376143190189,False
npm::@nuxtjs/eslint-config,2,0.003787878787878788,6.172376143190189,False
npm::eslint-plugin-nuxt,2,0.003787878787878788,6.172376143190189,False
npm::@nuxtjs/eslint-module,2,0.003787878787878788,6.172376143190189,False
maven::org.springframework.boot/spring-boot-starter-tomcat,2,0.003787878787878788,6.172376143190189,False
npm::eslint-friendly-formatter,2,0.003787878787878788,6.172376143190189,False
golang::github.com/jinzhu/now,1,0.001893939393939394,6.577841251298354,False
golang::github.com/cloudwego/iasm,1,0.001893939393939394,6.577841251298354,False
npm::@ngx-translate/http-loader,1,0.001893939393939394,6.577841251298354,False
npm::guess-parser,1,0.001893939393939394,6.577841251298354,False
npm::@ngx-translate/core,1,0.001893939393939394,6.577841251298354,False
golang::gorm.io/driver/sqlite,1,0.001893939393939394,6.577841251298354,False
github_actions::cycjimmy/semantic-release-action,1,0.001893939393939394,6.577841251298354,False
npm::@wessberg/ts-evaluator,1,0.001893939393939394,6.577841251298354,False
golang::filippo.io/edwards25519,1,0.001893939393939394,6.577841251298354,False
golang::github.com/jordan-wright/email,1,0.001893939393939394,6.577841251298354,False
golang::github.com/bytedance/sonic/loader,1,0.001893939393939394,6.577841251298354,False
golang::github.com/cloudwego/base64x,1,0.001893939393939394,6.577841251298354,False
golang::github.com/jinzhu/inflection,1,0.001893939393939394,6.577841251298354,False
golang::github.com/golang-jwt/jwt/v5,1,0.001893939393939394,6.577841251298354,False
github_actions::lunarmodules/luacheck,1,0.001893939393939394,6.577841251298354,False
npm::string-replace-loader,1,0.001893939393939394,6.577841251298354,False
npm::exports-loader,1,0.001893939393939394,6.577841251298354,False
npm::puppeteer,1,0.001893939393939394,6.577841251298354,False
npm::@purtuga/esm-webpack-plugin,1,0.001893939393939394,6.577841251298354,False
pypi::python-jose-cryptodome,1,0.001893939393939394,6.577841251298354,False
pypi::python3-openid,1,0.001893939393939394,6.577841251298354,False
pypi::social-auth-core,1,0.001893939393939394,6.577841251298354,False
pypi::defusedxml,1,0.001893939393939394,6.577841251298354,False
pypi::ecdsa,1,0.001893939393939394,6.577841251298354,False
npm::@auth0/angular-jwt,1,0.001893939393939394,6.577841251298354,False
pypi::flask-cors,1,0.001893939393939394,6.577841251298354,False
pypi::jose,1,0.001893939393939394,6.577841251298354,False
npm::@gulp-sourcemaps/identity-map,1,0.001893939393939394,6.577841251298354,False
npm::slick-carousel,1,0.001893939393939394,6.577841251298354,False
npm::@fancyapps/ui,1,0.001893939393939394,6.577841251298354,False
npm::kefir,1,0.001893939393939394,6.577841251298354,False
npm::flow-copy-source,1,0.001893939393939394,6.577841251298354,False
npm::flow-bin,1,0.001893939393939394,6.577841251298354,False
npm::deep-diff,1,0.001893939393939394,6.577841251298354,False
npm::help-me,1,0.001893939393939394,6.577841251298354,False
npm::reinterval,1,0.001893939393939394,6.577841251298354,False
npm::mqtt,1,0.001893939393939394,6.577841251298354,False
npm::totp-generator,1,0.001893939393939394,6.577841251298354,False
npm::child_process,1,0.001893939393939394,6.577841251298354,False
npm::figlet,1,0.001893939393939394,6.577841251298354,False
npm::char-buffer,1,0.001893939393939394,6.577841251298354,False
npm::commist,1,0.001893939393939394,6.577841251298354,False
npm::@maihuybao/fca-unofficial,1,0.001893939393939394,6.577841251298354,False
npm::mqtt-packet,1,0.001893939393939394,6.577841251298354,False
npm::caesar-salad,1,0.001893939393939394,6.577841251298354,False
npm::websocket-stream,1,0.001893939393939394,6.577841251298354,False
npm::jssha,1,0.001893939393939394,6.577841251298354,False
npm::@miraipr0ject/assets,1,0.001893939393939394,6.577841251298354,False
github_actions::crazy-max/ghaction-github-pages,1,0.001893939393939394,6.577841251298354,False
github_actions::Platane/snk,1,0.001893939393939394,6.577841251298354,False
pub::csslib,1,0.001893939393939394,6.577841251298354,False
pub::wakelock_platform_interface,1,0.001893939393939394,6.577841251298354,False
pub::video_player_android,1,0.001893939393939394,6.577841251298354,False
pub::nested,1,0.001893939393939394,6.577841251298354,False
pub::wakelock_macos,1,0.001893939393939394,6.577841251298354,False
pub::html,1,0.001893939393939394,6.577841251298354,False
pub::video_player_avfoundation,1,0.001893939393939394,6.577841251298354,False
pub::wakelock_web,1,0.001893939393939394,6.577841251298354,False
pub::wakelock,1,0.001893939393939394,6.577841251298354,False
pub::provider,1,0.001893939393939394,6.577841251298354,False
pub::wakelock_windows,1,0.001893939393939394,6.577841251298354,False
pub::chewie,1,0.001893939393939394,6.577841251298354,False
pub::shared_preferences_foundation,1,0.001893939393939394,6.577841251298354,False
pub::dynamic_color,1,0.001893939393939394,6.577841251298354,False
composer::facebook/php-sdk-v4,1,0.001893939393939394,6.577841251298354,False
github_actions::r-lib/actions/setup-pandoc,1,0.001893939393939394,6.577841251298354,False
github_actions::r-lib/actions/setup-r-dependencies,1,0.001893939393939394,6.577841251298354,False
github_actions::r-lib/actions/check-r-package,1,0.001893939393939394,6.577841251298354,False
npm::@swc/counter,1,0.001893939393939394,6.577841251298354,False
nuget::elmah.corelibrary,1,0.001893939393939394,6.577841251298354,False
nuget::elmah,1,0.001893939393939394,6.577841251298354,False
maven::com.oracle/ojdbc7,1,0.001893939393939394,6.577841251298354,False
maven::org.mybatis.generator/mybatis-generator-core,1,0.001893939393939394,6.577841251298354,False
maven::com.alipay.sofa/test-sofa-boot-starter,1,0.001893939393939394,6.577841251298354,False
maven::com.alipay.sofa/healthcheck-sofa-boot-starter,1,0.001893939393939394,6.577841251298354,False
maven::org.springframework.boot/spring-boot-starter-aop,1,0.001893939393939394,6.577841251298354,False
maven::net.sf.ehcache/ehcache,1,0.001893939393939394,6.577841251298354,False
maven::com.alibaba/druid,1,0.001893939393939394,6.577841251298354,False
pub::event_bus,1,0.001893939393939394,6.577841251298354,False
pypi::image,1,0.001893939393939394,6.577841251298354,False
pypi::opencv-python,1,0.001893939393939394,6.577841251298354,False
npm::com.unity.testtools.codecoverage,1,0.001893939393939394,6.577841251298354,False
npm::com.unity.modules.unitywebrequest,1,0.001893939393939394,6.577841251298354,False
npm::com.unity.modules.unitywebrequestaudio,1,0.001893939393939394,6.577841251298354,False
npm::com.unity.modules.assetbundle,1,0.001893939393939394,6.577841251298354,False
npm::com.unity.modules.unitywebrequestassetbundle,1,0.001893939393939394,6.577841251298354,False
npm::com.unity.modules.xr,1,0.001893939393939394,6.577841251298354,False
npm::com.unity.modules.animation,1,0.001893939393939394,6.577841251298354,False
npm::com.unity.ide.vscode,1,0.001893939393939394,6.577841251298354,False
npm::com.unity.modules.imageconversion,1,0.001893939393939394,6.577841251298354,False
npm::com.unity.modules.physics2d,1,0.001893939393939394,6.577841251298354,False
npm::com.unity.modules.subsystems,1,0.001893939393939394,6.577841251298354,False
npm::com.unity.modules.ui,1,0.001893939393939394,6.577841251298354,False
npm::com.unity.modules.physics,1,0.001893939393939394,6.577841251298354,False
npm::com.unity.modules.audio,1,0.001893939393939394,6.577841251298354,False
npm::com.unity.modules.terrain,1,0.001893939393939394,6.577841251298354,False
npm::com.unity.ide.visualstudio,1,0.001893939393939394,6.577841251298354,False
npm::com.unity.modules.imgui,1,0.001893939393939394,6.577841251298354,False
npm::com.unity.modules.uielementsnative,1,0.001893939393939394,6.577841251298354,False
npm::com.unity.test-framework,1,0.001893939393939394,6.577841251298354,False
npm::com.unity.ide.rider,1,0.001893939393939394,6.577841251298354,False
npm::com.unity.modules.jsonserialize,1,0.001893939393939394,6.577841251298354,False
npm::com.unity.editorcoroutines,1,0.001893939393939394,6.577841251298354,False
npm::com.unity.performance.profile-analyzer,1,0.001893939393939394,6.577841251298354,False
npm::vis-data,1,0.001893939393939394,6.577841251298354,False
npm::react-ga,1,0.001893939393939394,6.577841251298354,False
npm::react-bootstrap-validation,1,0.001893939393939394,6.577841251298354,False
npm::vis-util,1,0.001893939393939394,6.577841251298354,False
npm::keycharm,1,0.001893939393939394,6.577841251298354,False
npm::react-graph-vis,1,0.001893939393939394,6.577841251298354,False
npm::react-ga4,1,0.001893939393939394,6.577841251298354,False
npm::vis-network,1,0.001893939393939394,6.577841251298354,False
npm::@nestjs/jwt,1,0.001893939393939394,6.577841251298354,False
npm::@types/bcrypt,1,0.001893939393939394,6.577841251298354,False
npm::@lukeed/csprng,1,0.001893939393939394,6.577841251298354,False
npm::@nestjs/config,1,0.001893939393939394,6.577841251298354,False
npm::uid,1,0.001893939393939394,6.577841251298354,False
npm::@nestjs/mongoose,1,0.001893939393939394,6.577841251298354,False
nuget::system.data.sqlite,1,0.001893939393939394,6.577841251298354,False
nuget::sqlite.native,1,0.001893939393939394,6.577841251298354,False
nuget::system.data.sqlite.linq,1,0.001893939393939394,6.577841251298354,False
nuget::sqlite,1,0.001893939393939394,6.577841251298354,False
nuget::microsoft.data.sqlite,1,0.001893939393939394,6.577841251298354,False
nuget::system.data.sqlite.core,1,0.001893939393939394,6.577841251298354,False
nuget::system.data.sqlite.ef6,1,0.001893939393939394,6.577841251298354,False
maven::com.sun.jersey/jersey-servlet,1,0.001893939393939394,6.577841251298354,False
maven::org.eclipse.persistence/eclipselink,1,0.001893939393939394,6.577841251298354,False
maven::org.primefaces/primefaces,1,0.001893939393939394,6.577841251298354,False
maven::fr.univtln.mguilbaul059.test/ejb,1,0.001893939393939394,6.577841251298354,False
maven::com.couchbase.client/java-client,1,0.001893939393939394,6.577841251298354,False
maven::org.jboss.weld.se/weld-se,1,0.001893939393939394,6.577841251298354,False
maven::javax/javaee-web-api,1,0.001893939393939394,6.577841251298354,False
maven::org.glassfish/javax.ejb,1,0.001893939393939394,6.577841251298354,False
maven::com.sun.jersey/jersey-json,1,0.001893939393939394,6.577841251298354,False
npm::@loopback/context,1,0.001893939393939394,6.577841251298354,False
npm::@loopback/boot,1,0.001893939393939394,6.577841251298354,False
npm::uuid-parse,1,0.001893939393939394,6.577841251298354,False
npm::@types/on-finished,1,0.001893939393939394,6.577841251298354,False
npm::hyperid,1,0.001893939393939394,6.577841251298354,False
npm::oas-schema-walker,1,0.001893939393939394,6.577841251298354,False
npm::http-status,1,0.001893939393939394,6.577841251298354,False
npm::@loopback/rest,1,0.001893939393939394,6.577841251298354,False
npm::strong-error-handler,1,0.001893939393939394,6.577841251298354,False
npm::strong-globalize,1,0.001893939393939394,6.577841251298354,False
npm::json-merge-patch,1,0.001893939393939394,6.577841251298354,False
npm::@loopback/express,1,0.001893939393939394,6.577841251298354,False
npm::@hapi/validate,1,0.001893939393939394,6.577841251298354,False
npm::@loopback/repository,1,0.001893939393939394,6.577841251298354,False
npm::oas-validator,1,0.001893939393939394,6.577841251298354,False
npm::node-fetch-h2,1,0.001893939393939394,6.577841251298354,False
npm::@loopback/repository-json-schema,1,0.001893939393939394,6.577841251298354,False
npm::reftools,1,0.001893939393939394,6.577841251298354,False
npm::oas-linter,1,0.001893939393939394,6.577841251298354,False
npm::http2-client,1,0.001893939393939394,6.577841251298354,False
npm::@loopback/filter,1,0.001893939393939394,6.577841251298354,False
npm::@loopback/service-proxy,1,0.001893939393939394,6.577841251298354,False
npm::cldrjs,1,0.001893939393939394,6.577841251298354,False
npm::@loopback/openapi-v3,1,0.001893939393939394,6.577841251298354,False
npm::@loopback/http-server,1,0.001893939393939394,6.577841251298354,False
npm::@hapi/shot,1,0.001893939393939394,6.577841251298354,False
npm::@loopback/metadata,1,0.001893939393939394,6.577841251298354,False
npm::loopback-connector-mongodb,1,0.001893939393939394,6.577841251298354,False
npm::@loopback/model-api-builder,1,0.001893939393939394,6.577841251298354,False
npm::should-equal,1,0.001893939393939394,6.577841251298354,False
npm::@loopback/rest-explorer,1,0.001893939393939394,6.577841251298354,False
npm::@loopback/core,1,0.001893939393939394,6.577841251298354,False
npm::rambda,1,0.001893939393939394,6.577841251298354,False
npm::should-type,1,0.001893939393939394,6.577841251298354,False
npm::should-util,1,0.001893939393939394,6.577841251298354,False
npm::@types/shot,1,0.001893939393939394,6.577841251298354,False
npm::json-schema-compare,1,0.001893939393939394,6.577841251298354,False
npm::@loopback/eslint-config,1,0.001893939393939394,6.577841251298354,False
npm::loopback-datasource-juggler,1,0.001893939393939394,6.577841251298354,False
npm::should,1,0.001893939393939394,6.577841251298354,False
npm::@exodus/schemasafe,1,0.001893939393939394,6.577841251298354,False
npm::should-format,1,0.001893939393939394,6.577841251298354,False
npm::@types/type-is,1,0.001893939393939394,6.577841251298354,False
npm::@openapi-contrib/openapi-schema-to-json-schema,1,0.001893939393939394,6.577841251298354,False
npm::@loopback/testlab,1,0.001893939393939394,6.577841251298354,False
npm::eslint-plugin-eslint-plugin,1,0.001893939393939394,6.577841251298354,False
npm::yamljs,1,0.001893939393939394,6.577841251298354,False
npm::oas-kit-common,1,0.001893939393939394,6.577841251298354,False
npm::msgpack5,1,0.001893939393939394,6.577841251298354,False
npm::globalize,1,0.001893939393939394,6.577841251298354,False
npm::should-type-adaptors,1,0.001893939393939394,6.577841251298354,False
npm::accept-language,1,0.001893939393939394,6.577841251298354,False
npm::loopback-connector,1,0.001893939393939394,6.577841251298354,False
npm::oas-resolver,1,0.001893939393939394,6.577841251298354,False
npm::@loopback/build,1,0.001893939393939394,6.577841251298354,False
npm::save-dev,1,0.001893939393939394,6.577841251298354,False
npm::redis-commands,1,0.001893939393939394,6.577841251298354,False
gem::sinatra,1,0.001893939393939394,6.577841251298354,False
gem::shotgun,1,0.001893939393939394,6.577841251298354,False
gem::pony,1,0.001893939393939394,6.577841251298354,False
npm::findup,1,0.001893939393939394,6.577841251298354,False
npm::rtlcss,1,0.001893939393939394,6.577841251298354,False
npm::chokidar-cli,1,0.001893939393939394,6.577841251298354,False
npm::@wordpress/browserslist-config,1,0.001893939393939394,6.577841251298354,False
nuget::ookii.dialogs.wpf,1,0.001893939393939394,6.577841251298354,False
nuget::mahapps.metro,1,0.001893939393939394,6.577841251298354,False
nuget::wpfhexaeditor,1,0.001893939393939394,6.577841251298354,False
nuget::wpflocalizeextension,1,0.001893939393939394,6.577841251298354,False
nuget::mahapps.metro.iconpacks.fontawesome,1,0.001893939393939394,6.577841251298354,False
nuget::pfim,1,0.001893939393939394,6.577841251298354,False
nuget::mahapps.metro.iconpacks.octicons,1,0.001893939393939394,6.577841251298354,False
nuget::avalonedit,1,0.001893939393939394,6.577841251298354,False
nuget::controlzex,1,0.001893939393939394,6.577841251298354,False
gem::nokogumbo,1,0.001893939393939394,6.577841251298354,False
npm::metro-babylon7,1,0.001893939393939394,6.577841251298354,False
npm::eslint-compat-utils,1,0.001893939393939394,6.577841251298354,False
npm::helmet,1,0.001893939393939394,6.577841251298354,False
npm::ghost-testrpc,1,0.001893939393939394,6.577841251298354,False
npm::@noble/curves,1,0.001893939393939394,6.577841251298354,False
npm::@nomicfoundation/hardhat-ethers,1,0.001893939393939394,6.577841251298354,False
npm::@scure/base,1,0.001893939393939394,6.577841251298354,False
npm::@nomicfoundation/solidity-analyzer-darwin-arm64,1,0.001893939393939394,6.577841251298354,False
npm::ts-command-line-args,1,0.001893939393939394,6.577841251298354,False
npm::memory-level,1,0.001893939393939394,6.577841251298354,False
npm::module-error,1,0.001893939393939394,6.577841251298354,False
npm::@typechain/ethers-v6,1,0.001893939393939394,6.577841251298354,False
npm::@nomicfoundation/solidity-analyzer-freebsd-x64,1,0.001893939393939394,6.577841251298354,False
npm::hardhat-verify,1,0.001893939393939394,6.577841251298354,False
npm::case,1,0.001893939393939394,6.577841251298354,False
npm::@nomicfoundation/ethereumjs-vm,1,0.001893939393939394,6.577841251298354,False
npm::@nomicfoundation/solidity-analyzer-linux-x64-gnu,1,0.001893939393939394,6.577841251298354,False
npm::string-format,1,0.001893939393939394,6.577841251298354,False
npm::@chainsafe/as-sha256,1,0.001893939393939394,6.577841251298354,False
npm::req-from,1,0.001893939393939394,6.577841251298354,False
npm::@nomicfoundation/ethereumjs-tx,1,0.001893939393939394,6.577841251298354,False
npm::micro-ftch,1,0.001893939393939394,6.577841251298354,False
npm::@nomicfoundation/ethereumjs-blockchain,1,0.001893939393939394,6.577841251298354,False
npm::@chainsafe/ssz,1,0.001893939393939394,6.577841251298354,False
npm::@nomicfoundation/ethereumjs-trie,1,0.001893939393939394,6.577841251298354,False
npm::@nomicfoundation/ethereumjs-statemanager,1,0.001893939393939394,6.577841251298354,False
npm::@ethereumjs/util,1,0.001893939393939394,6.577841251298354,False
npm::@nomicfoundation/ethereumjs-block,1,0.001893939393939394,6.577841251298354,False
npm::@nomicfoundation/solidity-analyzer-linux-arm64-gnu,1,0.001893939393939394,6.577841251298354,False
npm::@nomicfoundation/hardhat-chai-matchers,1,0.001893939393939394,6.577841251298354,False
npm::run-parallel-limit,1,0.001893939393939394,6.577841251298354,False
npm::@ethereumjs/rlp,1,0.001893939393939394,6.577841251298354,False
npm::sha1,1,0.001893939393939394,6.577841251298354,False
npm::@noble/secp256k1,1,0.001893939393939394,6.577841251298354,False
npm::@nomicfoundation/ethereumjs-common,1,0.001893939393939394,6.577841251298354,False
npm::ordinal,1,0.001893939393939394,6.577841251298354,False
npm::solidity-coverage,1,0.001893939393939394,6.577841251298354,False
npm::@nomicfoundation/solidity-analyzer-win32-ia32-msvc,1,0.001893939393939394,6.577841251298354,False
npm::req-cwd,1,0.001893939393939394,6.577841251298354,False
npm::difflib,1,0.001893939393939394,6.577841251298354,False
npm::@nomicfoundation/solidity-analyzer-win32-x64-msvc,1,0.001893939393939394,6.577841251298354,False
npm::@nomicfoundation/hardhat-verify,1,0.001893939393939394,6.577841251298354,False
npm::@types/chai-as-promised,1,0.001893939393939394,6.577841251298354,False
npm::level-transcoder,1,0.001893939393939394,6.577841251298354,False
npm::browser-level,1,0.001893939393939394,6.577841251298354,False
npm::@nomicfoundation/ethereumjs-rlp,1,0.001893939393939394,6.577841251298354,False
npm::@nomicfoundation/ethereumjs-ethash,1,0.001893939393939394,6.577841251298354,False
npm::classic-level,1,0.001893939393939394,6.577841251298354,False
npm::@nomicfoundation/solidity-analyzer-win32-arm64-msvc,1,0.001893939393939394,6.577841251298354,False
npm::@nomicfoundation/hardhat-toolbox,1,0.001893939393939394,6.577841251298354,False
npm::@nomicfoundation/ethereumjs-util,1,0.001893939393939394,6.577841251298354,False
npm::catering,1,0.001893939393939394,6.577841251298354,False
npm::@nomicfoundation/solidity-analyzer,1,0.001893939393939394,6.577841251298354,False
npm::@nomicfoundation/hardhat-network-helpers,1,0.001893939393939394,6.577841251298354,False
npm::eth-gas-reporter,1,0.001893939393939394,6.577841251298354,False
npm::@nomicfoundation/solidity-analyzer-linux-x64-musl,1,0.001893939393939394,6.577841251298354,False
npm::abstract-level,1,0.001893939393939394,6.577841251298354,False
npm::@nomicfoundation/solidity-analyzer-linux-arm64-musl,1,0.001893939393939394,6.577841251298354,False
npm::sc-istanbul,1,0.001893939393939394,6.577841251298354,False
npm::@scure/bip32,1,0.001893939393939394,6.577841251298354,False
npm::@chainsafe/persistent-merkle-tree,1,0.001893939393939394,6.577841251298354,False
npm::bigint-crypto-utils,1,0.001893939393939394,6.577841251298354,False
npm::@adraffy/ens-normalize,1,0.001893939393939394,6.577841251298354,False
npm::@nomicfoundation/ethereumjs-evm,1,0.001893939393939394,6.577841251298354,False
npm::@typechain/hardhat,1,0.001893939393939394,6.577841251298354,False
npm::@nomicfoundation/hardhat-foundry,1,0.001893939393939394,6.577841251298354,False
npm::@noble/hashes,1,0.001893939393939394,6.577841251298354,False
npm::hardhat-gas-reporter,1,0.001893939393939394,6.577841251298354,False
npm::@scure/bip39,1,0.001893939393939394,6.577841251298354,False
npm::@nomicfoundation/solidity-analyzer-darwin-x64,1,0.001893939393939394,6.577841251298354,False
nuget::ironpython,1,0.001893939393939394,6.577841251298354,False
nuget::humanizer.core,1,0.001893939393939394,6.577841251298354,False
nuget::ironpython.stdlib,1,0.001893939393939394,6.577841251298354,False
nuget::dynamiclanguageruntime,1,0.001893939393939394,6.577841251298354,False
pypi::mechanize,1,0.001893939393939394,6.577841251298354,False
pypi::twilio,1,0.001893939393939394,6.577841251298354,False
pypi::soupsieve,1,0.001893939393939394,6.577841251298354,False
nuget::system.configuration.configurationmanager,1,0.001893939393939394,6.577841251298354,False
nuget::system.data.sqlclient,1,0.001893939393939394,6.577841251298354,False
nuget::dapper,1,0.001893939393939394,6.577841251298354,False
pypi::pyppeteer,1,0.001893939393939394,6.577841251298354,False
pypi::pyee,1,0.001893939393939394,6.577841251298354,False
pypi::pytest-asyncio,1,0.001893939393939394,6.577841251298354,False
pypi::py,1,0.001893939393939394,6.577841251298354,False
pypi::syncasync,1,0.001893939393939394,6.577841251298354,False
pypi::atomicwrites,1,0.001893939393939394,6.577841251298354,False
npm::chai-jquery,1,0.001893939393939394,6.577841251298354,False
npm::vuex-persist,1,0.001893939393939394,6.577841251298354,False
npm::vuejs-validators,1,0.001893939393939394,6.577841251298354,False
npm::vue-infinite-loading,1,0.001893939393939394,6.577841251298354,False
npm::vue-toastification,1,0.001893939393939394,6.577841251298354,False
npm::shvl,1,0.001893939393939394,6.577841251298354,False
npm::vuex-persistedstate,1,0.001893939393939394,6.577841251298354,False
npm::@fortawesome/free-brands-svg-icons,1,0.001893939393939394,6.577841251298354,False
npm::vee-validate,1,0.001893939393939394,6.577841251298354,False
npm::vue-iframes,1,0.001893939393939394,6.577841251298354,False
npm::vuejs-form,1,0.001893939393939394,6.577841251298354,False
maven::org.jenkins-ci.plugins/token-macro,1,0.001893939393939394,6.577841251298354,False
maven::org.apache.httpcomponents/httpmime,1,0.001893939393939394,6.577841251298354,False
maven::org.apache.directory.server/apacheds-ldif-partition,1,0.001893939393939394,6.577841251298354,False
maven::com.github.klieber/phantomjs-maven-plugin,1,0.001893939393939394,6.577841251298354,False
maven::org.kohsuke/access-modifier-checker,1,0.001893939393939394,6.577841251298354,False
maven::org.jenkins-ci.ui/jquery-detached,1,0.001893939393939394,6.577841251298354,False
maven::org.tmatesoft.svnkit/svnkit-cli,1,0.001893939393939394,6.577841251298354,False
maven::org.apache.maven.wagon/wagon-http,1,0.001893939393939394,6.577841251298354,False
maven::org.jruby/jruby-complete,1,0.001893939393939394,6.577841251298354,False
maven::org.apache.directory.server/apacheds-xdbm-partition,1,0.001893939393939394,6.577841251298354,False
maven::org.eclipse.aether/aether-connector-basic,1,0.001893939393939394,6.577841251298354,False
maven::org.jenkins-ci.plugins/mercurial,1,0.001893939393939394,6.577841251298354,False
maven::org.antlr/antlr4-maven-plugin,1,0.001893939393939394,6.577841251298354,False
maven::org.apache.directory.server/apacheds-core,1,0.001893939393939394,6.577841251298354,False
maven::org.jenkins-ci.plugins.pipeline-stage-view/pipeline-stage-view,1,0.001893939393939394,6.577841251298354,False
maven::org.xmlunit/xmlunit-matchers,1,0.001893939393939394,6.577841251298354,False
maven::org.jenkins-ci.plugins/ivy,1,0.001893939393939394,6.577841251298354,False
maven::org.jenkinsci.plugins/pipeline-model-extensions,1,0.001893939393939394,6.577841251298354,False
maven::org.kohsuke.stapler/maven-stapler-plugin,1,0.001893939393939394,6.577841251298354,False
maven::org.ini4j/ini4j,1,0.001893939393939394,6.577841251298354,False
maven::org.jenkins-ci.plugins/envinject-api,1,0.001893939393939394,6.577841251298354,False
maven::org.codehaus.mojo/clirr-maven-plugin,1,0.001893939393939394,6.577841251298354,False
maven::org.apache.maven.plugins/maven-site-plugin,1,0.001893939393939394,6.577841251298354,False
maven::org.eclipse.aether/aether-api,1,0.001893939393939394,6.577841251298354,False
maven::org.jenkins-ci.plugins/sse-gateway,1,0.001893939393939394,6.577841251298354,False
maven::org.jenkins-ci.main.maven/maven31-interceptor,1,0.001893939393939394,6.577841251298354,False
maven::org.apache.directory.server/apacheds-core-avl,1,0.001893939393939394,6.577841251298354,False
maven::org.jenkins-ci.plugins/pipeline-milestone-step,1,0.001893939393939394,6.577841251298354,False
maven::org.kohsuke.metainf-services/metainf-services,1,0.001893939393939394,6.577841251298354,False
maven::org.jenkins-ci.plugins.workflow/workflow-support,1,0.001893939393939394,6.577841251298354,False
maven::org.jenkins-ci.plugins/authorize-project,1,0.001893939393939394,6.577841251298354,False
maven::com.damnhandy/handy-uri-templates,1,0.001893939393939394,6.577841251298354,False
maven::org.jvnet.hudson.plugins/favorite,1,0.001893939393939394,6.577841251298354,False
maven::com.jcraft/jsch,1,0.001893939393939394,6.577841251298354,False
maven::io.jenkins.blueocean/blueocean-rest,1,0.001893939393939394,6.577841251298354,False
maven::org.jenkins-ci.plugins/javadoc,1,0.001893939393939394,6.577841251298354,False
maven::org.jenkins-ci.plugins/pipeline-input-step,1,0.001893939393939394,6.577841251298354,False
maven::com.atlassian.jira/jira-rest-java-client-core,1,0.001893939393939394,6.577841251298354,False
maven::org.jenkins-ci.test/sample-plexus-component,1,0.001893939393939394,6.577841251298354,False
maven::org.jenkins-ci.plugins.workflow/workflow-aggregator,1,0.001893939393939394,6.577841251298354,False
maven::org.apache.maven.plugins/maven-jxr-plugin,1,0.001893939393939394,6.577841251298354,False
maven::org.jenkins-ci.plugins/resource-disposer,1,0.001893939393939394,6.577841251298354,False
maven::org.apache.maven/maven-artifact,1,0.001893939393939394,6.577841251298354,False
maven::org.jenkins-ci.plugins.icon-shim/icon-shim,1,0.001893939393939394,6.577841251298354,False
maven::org.hamcrest/hamcrest-core,1,0.001893939393939394,6.577841251298354,False
maven::de.skuzzle.enforcer/maven-enforcer-plugin,1,0.001893939393939394,6.577841251298354,False
maven::org.codehaus.gmaven.runtime/gmaven-runtime-1.7,1,0.001893939393939394,6.577841251298354,False
maven::org.jenkins-ci.plugins.workflow/workflow-cps,1,0.001893939393939394,6.577841251298354,False
maven::org.jenkins-ci.plugins.workflow/workflow-cps-global-lib,1,0.001893939393939394,6.577841251298354,False
maven::com.googlecode.json-simple/json-simple,1,0.001893939393939394,6.577841251298354,False
maven::org.jenkins-ci.plugins/plain-credentials,1,0.001893939393939394,6.577841251298354,False
maven::org.apache.directory.server/apacheds-core-annotations,1,0.001893939393939394,6.577841251298354,False
maven::xml-apis/xml-apis,1,0.001893939393939394,6.577841251298354,False
maven::org.jenkins-ci.main.maven/maven33-interceptor,1,0.001893939393939394,6.577841251298354,False
maven::org.spockframework/spock-core,1,0.001893939393939394,6.577841251298354,False
maven::com.cloudbees/groovy-cps,1,0.001893939393939394,6.577841251298354,False
maven::org.apache.maven.scm/maven-scm-provider-gitexe,1,0.001893939393939394,6.577841251298354,False
maven::org.jenkins-ci.plugins/cloudbees-bitbucket-branch-source,1,0.001893939393939394,6.577841251298354,False
maven::org.apache.maven/maven-core,1,0.001893939393939394,6.577841251298354,False
maven::org.parboiled/parboiled-java,1,0.001893939393939394,6.577841251298354,False
maven::org.jenkins-ci.plugins/aws-java-sdk,1,0.001893939393939394,6.577841251298354,False
maven::org.jenkins-ci.plugins/envinject,1,0.001893939393939394,6.577841251298354,False
maven::org.tmatesoft.svnkit/svnkit,1,0.001893939393939394,6.577841251298354,False
maven::org.jenkins-ci.plugins/github-api,1,0.001893939393939394,6.577841251298354,False
maven::org.jenkins-ci.plugins/bouncycastle-api,1,0.001893939393939394,6.577841251298354,False
maven::org.kohsuke/libpam4j,1,0.001893939393939394,6.577841251298354,False
maven::org.jenkins-ci.plugins.workflow/workflow-job,1,0.001893939393939394,6.577841251298354,False
maven::org.apache.maven.plugins/maven-resources-plugin,1,0.001893939393939394,6.577841251298354,False
maven::ua_parser/ua-parser,1,0.001893939393939394,6.577841251298354,False
maven::org.jenkins-ci.plugins/structs,1,0.001893939393939394,6.577841251298354,False
maven::org.jenkins-ci.tools/maven-hpi-plugin,1,0.001893939393939394,6.577841251298354,False
maven::org.jenkins-ci.plugins/pipeline-build-step,1,0.001893939393939394,6.577841251298354,False
maven::org.eclipse.aether/aether-impl,1,0.001893939393939394,6.577841251298354,False
maven::com.infradna.tool/bridge-method-injector,1,0.001893939393939394,6.577841251298354,False
maven::org.jenkins-ci.main.maven/maven-interceptor,1,0.001893939393939394,6.577841251298354,False
maven::org.owasp/dependency-check-maven,1,0.001893939393939394,6.577841251298354,False
maven::org.codehaus.gmaven.runtime/gmaven-runtime-1.8,1,0.001893939393939394,6.577841251298354,False
maven::org.powermock/powermock-reflect,1,0.001893939393939394,6.577841251298354,False
maven::org.jenkins-ci.plugins/subversion,1,0.001893939393939394,6.577841251298354,False
maven::org.jenkins-ci.plugins/beer,1,0.001893939393939394,6.577841251298354,False
maven::org.assertj/assertj-core,1,0.001893939393939394,6.577841251298354,False
maven::org.kohsuke/access-modifier-annotation,1,0.001893939393939394,6.577841251298354,False
maven::org.jenkins-ci.main.maven/maven35-agent,1,0.001893939393939394,6.577841251298354,False
maven::org.apache.maven.wagon/wagon-ssh-external,1,0.001893939393939394,6.577841251298354,False
maven::org.jenkins-ci.plugins/jackson2-api,1,0.001893939393939394,6.577841251298354,False
maven::com.googlecode.lambdaj/lambdaj,1,0.001893939393939394,6.577841251298354,False
maven::org.jenkins-ci.lib/envinject-lib,1,0.001893939393939394,6.577841251298354,False
maven::org.jenkins-ci.plugins/config-file-provider,1,0.001893939393939394,6.577841251298354,False
maven::org.jenkins-ci.modules/sshd,1,0.001893939393939394,6.577841251298354,False
maven::org.jenkins-ci.plugins/htmlpublisher,1,0.001893939393939394,6.577841251298354,False
maven::org.jenkins-ci.plugins/credentials-binding,1,0.001893939393939394,6.577841251298354,False
maven::org.jenkins-ci.lib/pipeline-model-json-shaded,1,0.001893939393939394,6.577841251298354,False
maven::org.jenkins-ci.plugins/apache-httpcomponents-client-4-api,1,0.001893939393939394,6.577841251298354,False
maven::org.apache.directory.server/apacheds-core-constants,1,0.001893939393939394,6.577841251298354,False
maven::org.eclipse.aether/aether-transport-wagon,1,0.001893939393939394,6.577841251298354,False
maven::org.powermock/powermock-api-mockito,1,0.001893939393939394,6.577841251298354,False
maven::org.mapdb/mapdb,1,0.001893939393939394,6.577841251298354,False
maven::org.apache.directory.server/apacheds-jdbm-partition,1,0.001893939393939394,6.577841251298354,False
maven::org.jenkins-ci.plugins/mapdb-api,1,0.001893939393939394,6.577841251298354,False
maven::org.jenkins-ci.main/jenkins-test-harness-tools,1,0.001893939393939394,6.577841251298354,False
maven::org.apache.directory.server/apacheds-kerberos-codec,1,0.001893939393939394,6.577841251298354,False
maven::net.jcip/jcip-annotations,1,0.001893939393939394,6.577841251298354,False
maven::org.apache.maven.wagon/wagon-ssh,1,0.001893939393939394,6.577841251298354,False
maven::org.jenkins-ci.plugins/job-dsl,1,0.001893939393939394,6.577841251298354,False
maven::org.jenkins-ci/annotation-indexer,1,0.001893939393939394,6.577841251298354,False
maven::org.apache.maven.wagon/wagon-ftp,1,0.001893939393939394,6.577841251298354,False
maven::org.apache.maven.plugins/maven-javadoc-plugin,1,0.001893939393939394,6.577841251298354,False
maven::javax.mail/mail,1,0.001893939393939394,6.577841251298354,False
maven::org.easymock/easymockclassextension,1,0.001893939393939394,6.577841251298354,False
maven::org.jenkins-ci.plugins/promoted-builds,1,0.001893939393939394,6.577841251298354,False
maven::com.atlassian.jira/jira-rest-java-client-api,1,0.001893939393939394,6.577841251298354,False
maven::org.jenkins-ci.plugins/credentials,1,0.001893939393939394,6.577841251298354,False
maven::org.jenkins-ci.main.maven/maven33-agent,1,0.001893939393939394,6.577841251298354,False
maven::org.apache.directory.server/apacheds-protocol-dhcp,1,0.001893939393939394,6.577841251298354,False
maven::org.eclipse.jgit/org.eclipse.jgit.http.apache,1,0.001893939393939394,6.577841251298354,False
maven::io.jenkins.blueocean/jenkins-design-language,1,0.001893939393939394,6.577841251298354,False
maven::org.apache.directory.server/apacheds-protocol-shared,1,0.001893939393939394,6.577841251298354,False
maven::org.jenkins-ci.main/jenkins-core,1,0.001893939393939394,6.577841251298354,False
maven::com.squareup.okhttp/okhttp-urlconnection,1,0.001893939393939394,6.577841251298354,False
maven::org.apache.httpcomponents/httpasyncclient,1,0.001893939393939394,6.577841251298354,False
maven::org.jenkins-ci.plugins/durable-task,1,0.001893939393939394,6.577841251298354,False
maven::org.jenkins-ci.plugins/variant,1,0.001893939393939394,6.577841251298354,False
maven::org.jvnet.hudson.plugins/perforce,1,0.001893939393939394,6.577841251298354,False
maven::org.asciidoctor/asciidoctorj,1,0.001893939393939394,6.577841251298354,False
maven::org.jenkins-ci.main/maven-plugin,1,0.001893939393939394,6.577841251298354,False
maven::org.kohsuke/github-api,1,0.001893939393939394,6.577841251298354,False
maven::org.apache.maven.plugins/maven-pmd-plugin,1,0.001893939393939394,6.577841251298354,False
maven::com.google.code.findbugs/jsr305,1,0.001893939393939394,6.577841251298354,False
maven::org.jenkins-ci.plugins/ssh-slaves,1,0.001893939393939394,6.577841251298354,False
maven::org.jenkins-ci/windows-remote-command,1,0.001893939393939394,6.577841251298354,False
maven::org.apache.directory.jdbm/apacheds-jdbm1,1,0.001893939393939394,6.577841251298354,False
maven::org.apache.directory.server/apacheds-protocol-ldap,1,0.001893939393939394,6.577841251298354,False
maven::org.jenkins-ci.main.maven/maven35-interceptor,1,0.001893939393939394,6.577841251298354,False
maven::org.jenkins-ci.ui/momentjs,1,0.001893939393939394,6.577841251298354,False
maven::org.jenkins-ci.plugins/ssh-credentials,1,0.001893939393939394,6.577841251298354,False
maven::org.jenkins-ci.plugins.workflow/workflow-multibranch,1,0.001893939393939394,6.577841251298354,False
maven::nl.jqno.equalsverifier/equalsverifier,1,0.001893939393939394,6.577841251298354,False
maven::org.kohsuke/groovy-sandbox,1,0.001893939393939394,6.577841251298354,False
maven::com.atlassian.fugue/fugue,1,0.001893939393939394,6.577841251298354,False
maven::org.apache.maven/maven-embedder,1,0.001893939393939394,6.577841251298354,False
maven::org.jenkins-ci.plugins/jira-steps,1,0.001893939393939394,6.577841251298354,False
maven::org.hamcrest/hamcrest-all,1,0.001893939393939394,6.577841251298354,False
maven::com.github.tomakehurst/wiremock-standalone,1,0.001893939393939394,6.577841251298354,False
maven::org.apache.directory.server/apacheds-protocol-kerberos,1,0.001893939393939394,6.577841251298354,False
maven::org.apache.maven.wagon/wagon-file,1,0.001893939393939394,6.577841251298354,False
maven::org.jenkins-ci.main.maven/maven3-interceptor,1,0.001893939393939394,6.577841251298354,False
maven::org.jenkins-ci.plugins/junit,1,0.001893939393939394,6.577841251298354,False
maven::org.jenkins-ci.plugins/parameterized-trigger,1,0.001893939393939394,6.577841251298354,False
maven::org.jenkins-ci.plugins/support-core,1,0.001893939393939394,6.577841251298354,False
maven::org.jenkins-ci.main.maven/maven32-agent,1,0.001893939393939394,6.577841251298354,False
maven::org.jenkinsci.plugins/pipeline-model-api,1,0.001893939393939394,6.577841251298354,False
maven::org.apache.maven/maven-aether-provider,1,0.001893939393939394,6.577841251298354,False
maven::com.tngtech.java/junit-dataprovider,1,0.001893939393939394,6.577841251298354,False
maven::org.apache.directory.server/apacheds-server-jndi,1,0.001893939393939394,6.577841251298354,False
maven::org.apache.httpcomponents/httpclient-cache,1,0.001893939393939394,6.577841251298354,False
maven::org.apache.maven.reporting/maven-reporting-api,1,0.001893939393939394,6.577841251298354,False
maven::com.coravy.hudson.plugins.github/github,1,0.001893939393939394,6.577841251298354,False
maven::org.jenkins-ci.plugins/ant,1,0.001893939393939394,6.577841251298354,False
maven::org.jenkins-ci.plugins/naginator,1,0.001893939393939394,6.577841251298354,False
maven::org.jenkins-ci.main/jenkins-test-harness,1,0.001893939393939394,6.577841251298354,False
maven::org.jenkins-ci.plugins/pubsub-light,1,0.001893939393939394,6.577841251298354,False
maven::com.github.stephenc.findbugs/findbugs-annotations,1,0.001893939393939394,6.577841251298354,False
maven::org.codehaus.gmaven/gmaven-plugin,1,0.001893939393939394,6.577841251298354,False
maven::com.cloudbees/diff4j,1,0.001893939393939394,6.577841251298354,False
maven::org.asciidoctor/asciidoctorj-pdf,1,0.001893939393939394,6.577841251298354,False
maven::de.skuzzle.enforcer/restrict-imports-enforcer-rule,1,0.001893939393939394,6.577841251298354,False
maven::org.jboss.marshalling/jboss-marshalling-river,1,0.001893939393939394,6.577841251298354,False
maven::org.jenkins-ci.plugins/matrix-project,1,0.001893939393939394,6.577841251298354,False
maven::org.jenkins-ci.plugins.workflow/workflow-basic-steps,1,0.001893939393939394,6.577841251298354,False
maven::org.jenkins-ci.plugins/p4,1,0.001893939393939394,6.577841251298354,False
maven::org.jenkins-ci.plugins/copyartifact,1,0.001893939393939394,6.577841251298354,False
maven::org.apache.directory.server/apacheds-core-jndi,1,0.001893939393939394,6.577841251298354,False
maven::org.apache.sshd/sshd-core,1,0.001893939393939394,6.577841251298354,False
maven::io.jenkins.blueocean/blueocean-test-ssh-server,1,0.001893939393939394,6.577841251298354,False
maven::org.jenkins-ci.plugins/ansicolor,1,0.001893939393939394,6.577841251298354,False
maven::org.codehaus.plexus/plexus-component-annotations,1,0.001893939393939394,6.577841251298354,False
maven::io.jenkins.blueocean.rest.annotation/capability-annotation,1,0.001893939393939394,6.577841251298354,False
maven::org.jenkins-ci.plugins/branch-api,1,0.001893939393939394,6.577841251298354,False
maven::org.codehaus.plexus/plexus-utils,1,0.001893939393939394,6.577841251298354,False
maven::org.jenkins-ci.plugins/scm-api,1,0.001893939393939394,6.577841251298354,False
maven::org.easymock/easymock,1,0.001893939393939394,6.577841251298354,False
maven::org.apache.maven/maven-compat,1,0.001893939393939394,6.577841251298354,False
maven::org.objenesis/objenesis,1,0.001893939393939394,6.577841251298354,False
maven::com.github.detro.ghostdriver/phantomjsdriver,1,0.001893939393939394,6.577841251298354,False
maven::org.jenkins-ci.plugins/blueocean-autofavorite,1,0.001893939393939394,6.577841251298354,False
maven::org.jenkinsci.plugins/pipeline-model-declarative-agent,1,0.001893939393939394,6.577841251298354,False
maven::org.apache.maven.wagon/wagon-webdav-jackrabbit,1,0.001893939393939394,6.577841251298354,False
maven::com.fasterxml.jackson.module/jackson-module-jaxb-annotations,1,0.001893939393939394,6.577841251298354,False
maven::org.apache.directory.server/apacheds-test-framework,1,0.001893939393939394,6.577841251298354,False
maven::com.mashape.unirest/unirest-java,1,0.001893939393939394,6.577841251298354,False
maven::org.eclipse.sisu/org.eclipse.sisu.plexus,1,0.001893939393939394,6.577841251298354,False
maven::org.slf4j/slf4j-jdk14,1,0.001893939393939394,6.577841251298354,False
maven::com.google.code.findbugs/annotations,1,0.001893939393939394,6.577841251298354,False
maven::org.apache.directory.server/apacheds-server-annotations,1,0.001893939393939394,6.577841251298354,False
maven::org.codehaus.mojo/animal-sniffer-annotations,1,0.001893939393939394,6.577841251298354,False
maven::com.jayway.restassured/rest-assured,1,0.001893939393939394,6.577841251298354,False
maven::org.codehaus.groovy/groovy-all,1,0.001893939393939394,6.577841251298354,False
maven::org.jenkins-ci.plugins/blueocean-display-url,1,0.001893939393939394,6.577841251298354,False
maven::org.jenkins-ci.plugins.workflow/workflow-api,1,0.001893939393939394,6.577841251298354,False
maven::org.kohsuke/owasp-html-sanitizer,1,0.001893939393939394,6.577841251298354,False
maven::nl.geodienstencentrum.maven/sass-maven-plugin,1,0.001893939393939394,6.577841251298354,False
maven::org.jvnet.mock-javamail/mock-javamail,1,0.001893939393939394,6.577841251298354,False
maven::org.jenkins-ci.plugins/async-http-client,1,0.001893939393939394,6.577841251298354,False
maven::org.codehaus.mojo/emma-maven-plugin,1,0.001893939393939394,6.577841251298354,False
maven::org.jenkins-ci.plugins/git-client,1,0.001893939393939394,6.577841251298354,False
maven::org.eclipse.jgit/org.eclipse.jgit.http.server,1,0.001893939393939394,6.577841251298354,False
maven::org.jenkinsci.plugins/pipeline-model-definition,1,0.001893939393939394,6.577841251298354,False
maven::org.jenkins-ci.plugins/publish-over,1,0.001893939393939394,6.577841251298354,False
maven::org.jenkins-ci.plugins/matrix-auth,1,0.001893939393939394,6.577841251298354,False
maven::org.jvnet.hudson/maven2.1-interceptor,1,0.001893939393939394,6.577841251298354,False
maven::org.jenkins-ci.plugins.workflow/workflow-durable-task-step,1,0.001893939393939394,6.577841251298354,False
maven::org.apache.directory.server/apacheds-core-api,1,0.001893939393939394,6.577841251298354,False
maven::org.jenkins-ci.plugins.workflow/workflow-step-api,1,0.001893939393939394,6.577841251298354,False
maven::org.apache.directory.server/apacheds-protocol-dns,1,0.001893939393939394,6.577841251298354,False
maven::org.jenkins-ci.plugins/jira,1,0.001893939393939394,6.577841251298354,False
maven::io.jenkins.blueocean/blueocean-rest-impl,1,0.001893939393939394,6.577841251298354,False
maven::org.jenkins-ci.ui/handlebars,1,0.001893939393939394,6.577841251298354,False
maven::org.eclipse.aether/aether-util,1,0.001893939393939394,6.577841251298354,False
maven::org.mockito/mockito-all,1,0.001893939393939394,6.577841251298354,False
maven::org.jenkins-ci.plugins/github-branch-source,1,0.001893939393939394,6.577841251298354,False
maven::org.codehaus.plexus/plexus-classworlds,1,0.001893939393939394,6.577841251298354,False
maven::org.eclipse.jgit/org.eclipse.jgit,1,0.001893939393939394,6.577841251298354,False
maven::org.jenkins-ci.plugins/git-server,1,0.001893939393939394,6.577841251298354,False
maven::org.jenkins-ci.plugins/display-url-api,1,0.001893939393939394,6.577841251298354,False
maven::org.jenkins-ci.modules/ssh-cli-auth,1,0.001893939393939394,6.577841251298354,False
maven::org.jenkins-ci.plugins/cloudbees-folder,1,0.001893939393939394,6.577841251298354,False
maven::com.github.eirslett/frontend-plugin-core,1,0.001893939393939394,6.577841251298354,False
maven::org.jenkins-ci.main.maven/maven-agent,1,0.001893939393939394,6.577841251298354,False
maven::org.bouncycastle/bcpkix-jdk15on,1,0.001893939393939394,6.577841251298354,False
maven::net.htmlparser.jericho/jericho-html,1,0.001893939393939394,6.577841251298354,False
maven::org.apache.directory.server/apacheds-protocol-ntp,1,0.001893939393939394,6.577841251298354,False
maven::com.infradna.tool/bridge-method-annotation,1,0.001893939393939394,6.577841251298354,False
maven::org.apache.maven.plugins/maven-project-info-reports-plugin,1,0.001893939393939394,6.577841251298354,False
maven::org.powermock/powermock-module-junit4,1,0.001893939393939394,6.577841251298354,False
maven::oro/oro,1,0.001893939393939394,6.577841251298354,False
maven::com.jayway.jsonpath/json-path,1,0.001893939393939394,6.577841251298354,False
maven::org.javassist/javassist,1,0.001893939393939394,6.577841251298354,False
maven::org.jenkins-ci.lib/lib-jenkins-maven-embedder,1,0.001893939393939394,6.577841251298354,False
maven::commons-lang/commons-lang,1,0.001893939393939394,6.577841251298354,False
maven::org.jenkins-ci.plugins/docker-commons,1,0.001893939393939394,6.577841251298354,False
maven::org.jenkins-ci.plugins/git,1,0.001893939393939394,6.577841251298354,False
maven::org.apache.directory.server/apacheds-server-config,1,0.001893939393939394,6.577841251298354,False
maven::org.jenkins-ci.main.maven/maven3-agent,1,0.001893939393939394,6.577841251298354,False
maven::org.apache.ivy/ivy,1,0.001893939393939394,6.577841251298354,False
maven::org.jenkins-ci.plugins/pipeline-stage-step,1,0.001893939393939394,6.577841251298354,False
maven::org.jenkins-ci.test/docker-fixtures,1,0.001893939393939394,6.577841251298354,False
maven::org.jenkins-ci.plugins/handy-uri-templates-2-api,1,0.001893939393939394,6.577841251298354,False
maven::org.codehaus.mojo/codenarc-maven-plugin,1,0.001893939393939394,6.577841251298354,False
maven::de.andrena.tools.macker/macker-maven-plugin,1,0.001893939393939394,6.577841251298354,False
maven::org.jenkins-ci/symbol-annotation,1,0.001893939393939394,6.577841251298354,False
maven::com.github.tomakehurst/wiremock,1,0.001893939393939394,6.577841251298354,False
maven::org.jenkins-ci.main.maven/maven3-interceptor-commons,1,0.001893939393939394,6.577841251298354,False
maven::org.jenkins-ci.plugins/multiple-scms,1,0.001893939393939394,6.577841251298354,False
maven::org.apache.httpcomponents/fluent-hc,1,0.001893939393939394,6.577841251298354,False
maven::org.jenkins-ci.lib/lib-jenkins-maven-artifact-manager,1,0.001893939393939394,6.577841251298354,False
maven::org.antlr/antlr4-runtime,1,0.001893939393939394,6.577841251298354,False
maven::org.jenkins-ci.plugins/docker-workflow,1,0.001893939393939394,6.577841251298354,False
maven::org.codehaus.mojo/build-helper-maven-plugin,1,0.001893939393939394,6.577841251298354,False
maven::org.jenkins-ci.plugins/mailer,1,0.001893939393939394,6.577841251298354,False
maven::com.github.danielflower.mavenplugins/gitlog-maven-plugin,1,0.001893939393939394,6.577841251298354,False
maven::org.jenkins-ci/trilead-ssh2,1,0.001893939393939394,6.577841251298354,False
maven::org.jenkinsci.plugins/pipeline-stage-tags-metadata,1,0.001893939393939394,6.577841251298354,False
maven::org.apache.maven.wagon/wagon-provider-api,1,0.001893939393939394,6.577841251298354,False
maven::org.jenkins-ci.plugins/pipeline-graph-analysis,1,0.001893939393939394,6.577841251298354,False
maven::com.github.mifmif/generex,1,0.001893939393939394,6.577841251298354,False
maven::org.eclipse.aether/aether-spi,1,0.001893939393939394,6.577841251298354,False
maven::io.keen/keen-client-api-java,1,0.001893939393939394,6.577841251298354,False
maven::org.asciidoctor/asciidoctor-maven-plugin,1,0.001893939393939394,6.577841251298354,False
maven::org.apache.directory.server/apacheds-interceptor-kerberos,1,0.001893939393939394,6.577841251298354,False
maven::org.jenkins-ci.modules/instance-identity,1,0.001893939393939394,6.577841251298354,False
maven::com.jcabi/jcabi-matchers,1,0.001893939393939394,6.577841251298354,False
maven::org.codehaus.jackson/jackson-jaxrs,1,0.001893939393939394,6.577841251298354,False
maven::org.jenkins-ci.plugins/script-security,1,0.001893939393939394,6.577841251298354,False
maven::org.jenkins-ci.plugins.workflow/workflow-scm-step,1,0.001893939393939394,6.577841251298354,False
maven::org.jenkins-ci.plugins/jsch,1,0.001893939393939394,6.577841251298354,False
maven::org.jenkins-ci.plugins/authentication-tokens,1,0.001893939393939394,6.577841251298354,False
maven::org.jenkins-ci.ui/ace-editor,1,0.001893939393939394,6.577841251298354,False
maven::org.codehaus.gmaven/groovy-maven-plugin,1,0.001893939393939394,6.577841251298354,False
maven::org.apache.httpcomponents/httpasyncclient-cache,1,0.001893939393939394,6.577841251298354,False
maven::org.jenkins-ci.main.maven/maven31-agent,1,0.001893939393939394,6.577841251298354,False
maven::org.bitbucket.b_c/jose4j,1,0.001893939393939394,6.577841251298354,False
maven::org.jenkins-ci.main.maven/maven32-interceptor,1,0.001893939393939394,6.577841251298354,False
maven::org.jvnet.hudson.plugins/analysis-core,1,0.001893939393939394,6.577841251298354,False
nuget::microsoft.aspnet.web.optimization.tr,1,0.001893939393939394,6.577841251298354,False
nuget::microsoft.aspnet.razor.tr,1,0.001893939393939394,6.577841251298354,False
nuget::microsoft.aspnet.webpages.tr,1,0.001893939393939394,6.577841251298354,False
nuget::microsoft.aspnet.mvc.tr,1,0.001893939393939394,6.577841251298354,False
npm::serialport,1,0.001893939393939394,6.577841251298354,False
maven::org.springframework.cloud/spring-cloud-starter-task,1,0.001893939393939394,6.577841251298354,False
pub::image_picker_for_web,1,0.001893939393939394,6.577841251298354,False
pub::extended_image_library,1,0.001893939393939394,6.577841251298354,False
pub::bottom_bar,1,0.001893939393939394,6.577841251298354,False
pub::curved_navigation_bar,1,0.001893939393939394,6.577841251298354,False
pub::ionicons,1,0.001893939393939394,6.577841251298354,False
pub::image_picker_platform_interface,1,0.001893939393939394,6.577841251298354,False
pub::url_launcher_ios,1,0.001893939393939394,6.577841251298354,False
pub::emojis,1,0.001893939393939394,6.577841251298354,False
pub::http_client_helper,1,0.001893939393939394,6.577841251298354,False
pub::fl_chart,1,0.001893939393939394,6.577841251298354,False
pub::simple_animations,1,0.001893939393939394,6.577841251298354,False
pub::equatable,1,0.001893939393939394,6.577841251298354,False
pub::insta_image_viewer,1,0.001893939393939394,6.577841251298354,False
pub::hive_flutter,1,0.001893939393939394,6.577841251298354,False
pub::image_picker_android,1,0.001893939393939394,6.577841251298354,False
pub::path_provider_ios,1,0.001893939393939394,6.577841251298354,False
pub::hive,1,0.001893939393939394,6.577841251298354,False
pub::awesome_dialog,1,0.001893939393939394,6.577841251298354,False
pub::shared_preferences_macos,1,0.001893939393939394,6.577841251298354,False
pub::image_picker_ios,1,0.001893939393939394,6.577841251298354,False
pub::elegant_notification,1,0.001893939393939394,6.577841251298354,False
pub::shared_preferences_ios,1,0.001893939393939394,6.577841251298354,False
pub::top_snackbar_flutter,1,0.001893939393939394,6.577841251298354,False
pub::image_picker,1,0.001893939393939394,6.577841251298354,False
pub::flutter_phone_direct_caller,1,0.001893939393939394,6.577841251298354,False
pub::flare_flutter,1,0.001893939393939394,6.577841251298354,False
pub::path_provider_android,1,0.001893939393939394,6.577841251298354,False
pub::extended_image,1,0.001893939393939394,6.577841251298354,False
pub::animate_do,1,0.001893939393939394,6.577841251298354,False
pub::animated_button_bar,1,0.001893939393939394,6.577841251298354,False
pub::flutter_plugin_android_lifecycle,1,0.001893939393939394,6.577841251298354,False
pub::cross_file,1,0.001893939393939394,6.577841251298354,False
pub::google_fonts,1,0.001893939393939394,6.577841251298354,False
pub::url_launcher_android,1,0.001893939393939394,6.577841251298354,False
npm::bcrypt-nodejs,1,0.001893939393939394,6.577841251298354,False
npm::passport-jwt,1,0.001893939393939394,6.577841251298354,False
npm::babel-plugin-minify-flip-comparisons,1,0.001893939393939394,6.577841251298354,False
npm::babel-plugin-minify-infinity,1,0.001893939393939394,6.577841251298354,False
npm::gulp-match,1,0.001893939393939394,6.577841251298354,False
npm::@types/rx-lite,1,0.001893939393939394,6.577841251298354,False
npm::@types/rx-lite-backpressure,1,0.001893939393939394,6.577841251298354,False
npm::@types/relateurl,1,0.001893939393939394,6.577841251298354,False
npm::@types/temp,1,0.001893939393939394,6.577841251298354,False
npm::ends-with,1,0.001893939393939394,6.577841251298354,False
npm::bower-logger,1,0.001893939393939394,6.577841251298354,False
npm::cancel-token,1,0.001893939393939394,6.577841251298354,False
npm::polymer-cli,1,0.001893939393939394,6.577841251298354,False
npm::babel-plugin-minify-builtins,1,0.001893939393939394,6.577841251298354,False
npm::@types/rx-lite-testing,1,0.001893939393939394,6.577841251298354,False
npm::ternary-stream,1,0.001893939393939394,6.577841251298354,False
npm::formatio,1,0.001893939393939394,6.577841251298354,False
npm::yeoman-environment,1,0.001893939393939394,6.577841251298354,False
npm::annyang,1,0.001893939393939394,6.577841251298354,False
npm::selenium-standalone,1,0.001893939393939394,6.577841251298354,False
npm::babel-plugin-minify-replace,1,0.001893939393939394,6.577841251298354,False
npm::babel-plugin-transform-remove-console,1,0.001893939393939394,6.577841251298354,False
npm::wct-sauce,1,0.001893939393939394,6.577841251298354,False
npm::babel-helper-mark-eval-scopes,1,0.001893939393939394,6.577841251298354,False
npm::babel-plugin-minify-type-constructors,1,0.001893939393939394,6.577841251298354,False
npm::@types/findup-sync,1,0.001893939393939394,6.577841251298354,False
npm::@types/vinyl-fs,1,0.001893939393939394,6.577841251298354,False
npm::dom5,1,0.001893939393939394,6.577841251298354,False
npm::@types/gulp-if,1,0.001893939393939394,6.577841251298354,False
npm::gulp-if,1,0.001893939393939394,6.577841251298354,False
npm::@types/update-notifier,1,0.001893939393939394,6.577841251298354,False
npm::@types/mz,1,0.001893939393939394,6.577841251298354,False
npm::css-slam,1,0.001893939393939394,6.577841251298354,False
npm::polymer-bundler,1,0.001893939393939394,6.577841251298354,False
npm::@types/launchpad,1,0.001893939393939394,6.577841251298354,False
npm::polyserve,1,0.001893939393939394,6.577841251298354,False
npm::babel-plugin-minify-mangle-names,1,0.001893939393939394,6.577841251298354,False
npm::babel-plugin-transform-merge-sibling-variables,1,0.001893939393939394,6.577841251298354,False
npm::babel-plugin-minify-simplify,1,0.001893939393939394,6.577841251298354,False
npm::browser-capabilities,1,0.001893939393939394,6.577841251298354,False
npm::polymer-analyzer,1,0.001893939393939394,6.577841251298354,False
npm::babel-plugin-transform-regexp-constructors,1,0.001893939393939394,6.577841251298354,False
npm::cleankill,1,0.001893939393939394,6.577841251298354,False
npm::@webcomponents/webcomponentsjs,1,0.001893939393939394,6.577841251298354,False
npm::github-username,1,0.001893939393939394,6.577841251298354,False
npm::intersect,1,0.001893939393939394,6.577841251298354,False
npm::vinyl-file,1,0.001893939393939394,6.577841251298354,False
npm::babel-plugin-transform-remove-undefined,1,0.001893939393939394,6.577841251298354,False
npm::yeoman-generator,1,0.001893939393939394,6.577841251298354,False
npm::grouped-queue,1,0.001893939393939394,6.577841251298354,False
npm::colornames,1,0.001893939393939394,6.577841251298354,False
npm::babel-helper-to-multiple-sequence-expressions,1,0.001893939393939394,6.577841251298354,False
npm::babel-plugin-transform-minify-booleans,1,0.001893939393939394,6.577841251298354,False
npm::babel-plugin-minify-dead-code-elimination,1,0.001893939393939394,6.577841251298354,False
npm::@types/cssbeautify,1,0.001893939393939394,6.577841251298354,False
npm::launchpad,1,0.001893939393939394,6.577841251298354,False
npm::polymer-project-config,1,0.001893939393939394,6.577841251298354,False
npm::babel-preset-minify,1,0.001893939393939394,6.577841251298354,False
npm::@types/rx-core-binding,1,0.001893939393939394,6.577841251298354,False
npm::@types/content-type,1,0.001893939393939394,6.577841251298354,False
npm::@polymer/test-fixture,1,0.001893939393939394,6.577841251298354,False
npm::polymer-build,1,0.001893939393939394,6.577841251298354,False
npm::@types/compression,1,0.001893939393939394,6.577841251298354,False
npm::babel-helper-remove-or-void,1,0.001893939393939394,6.577841251298354,False
npm::@types/rx-lite-async,1,0.001893939393939394,6.577841251298354,False
npm::@polymer/sinonjs,1,0.001893939393939394,6.577841251298354,False
npm::gh-got,1,0.001893939393939394,6.577841251298354,False
npm::@types/clone,1,0.001893939393939394,6.577841251298354,False
npm::@types/ua-parser-js,1,0.001893939393939394,6.577841251298354,False
npm::lit-html,1,0.001893939393939394,6.577841251298354,False
npm::babel-plugin-transform-member-expression-literals,1,0.001893939393939394,6.577841251298354,False
npm::@polymer/esm-amd-loader,1,0.001893939393939394,6.577841251298354,False
npm::@types/vinyl,1,0.001893939393939394,6.577841251298354,False
npm::@types/which,1,0.001893939393939394,6.577841251298354,False
npm::@babel/plugin-transform-instanceof,1,0.001893939393939394,6.577841251298354,False
npm::mem-fs,1,0.001893939393939394,6.577841251298354,False
npm::@types/pem,1,0.001893939393939394,6.577841251298354,False
npm::@types/rx-core,1,0.001893939393939394,6.577841251298354,False
npm::with-open-file,1,0.001893939393939394,6.577841251298354,False
npm::@types/doctrine,1,0.001893939393939394,6.577841251298354,False
npm::@types/rx-lite-time,1,0.001893939393939394,6.577841251298354,False
npm::cssbeautify,1,0.001893939393939394,6.577841251298354,False
npm::@types/yeoman-generator,1,0.001893939393939394,6.577841251298354,False
npm::web-component-tester,1,0.001893939393939394,6.577841251298354,False
npm::pem,1,0.001893939393939394,6.577841251298354,False
npm::@types/globby,1,0.001893939393939394,6.577841251298354,False
npm::babel-helper-is-void-0,1,0.001893939393939394,6.577841251298354,False
npm::shady-css-parser,1,0.001893939393939394,6.577841251298354,False
npm::babel-plugin-minify-numeric-literals,1,0.001893939393939394,6.577841251298354,False
npm::@types/rx-lite-experimental,1,0.001893939393939394,6.577841251298354,False
npm::textextensions,1,0.001893939393939394,6.577841251298354,False
npm::babel-plugin-transform-inline-consecutive-adds,1,0.001893939393939394,6.577841251298354,False
npm::@types/spdy,1,0.001893939393939394,6.577841251298354,False
npm::@types/merge-stream,1,0.001893939393939394,6.577841251298354,False
npm::@types/rx-lite-coincidence,1,0.001893939393939394,6.577841251298354,False
npm::mem-fs-editor,1,0.001893939393939394,6.577841251298354,False
npm::@types/rx,1,0.001893939393939394,6.577841251298354,False
npm::sinon-chai,1,0.001893939393939394,6.577841251298354,False
npm::@types/rimraf,1,0.001893939393939394,6.577841251298354,False
npm::bower-json,1,0.001893939393939394,6.577841251298354,False
npm::env-variable,1,0.001893939393939394,6.577841251298354,False
npm::@types/glob-stream,1,0.001893939393939394,6.577841251298354,False
npm::freeport,1,0.001893939393939394,6.577841251298354,False
npm::babel-helper-is-nodes-equiv,1,0.001893939393939394,6.577841251298354,False
npm::stacky,1,0.001893939393939394,6.577841251298354,False
npm::@types/is-windows,1,0.001893939393939394,6.577841251298354,False
npm::@types/chalk,1,0.001893939393939394,6.577841251298354,False
npm::lolex,1,0.001893939393939394,6.577841251298354,False
npm::@types/freeport,1,0.001893939393939394,6.577841251298354,False
npm::babel-helper-flip-expressions,1,0.001893939393939394,6.577841251298354,False
npm::wct-local,1,0.001893939393939394,6.577841251298354,False
npm::@types/rx-lite-virtualtime,1,0.001893939393939394,6.577841251298354,False
npm::polymer-linter,1,0.001893939393939394,6.577841251298354,False
npm::indent,1,0.001893939393939394,6.577841251298354,False
npm::url-template,1,0.001893939393939394,6.577841251298354,False
npm::@types/del,1,0.001893939393939394,6.577841251298354,False
npm::@types/path-is-inside,1,0.001893939393939394,6.577841251298354,False
npm::istextorbinary,1,0.001893939393939394,6.577841251298354,False
npm::babel-plugin-transform-property-literals,1,0.001893939393939394,6.577841251298354,False
npm::babel-plugin-minify-constant-folding,1,0.001893939393939394,6.577841251298354,False
npm::command-line-commands,1,0.001893939393939394,6.577841251298354,False
npm::stream,1,0.001893939393939394,6.577841251298354,False
npm::native-promise-only,1,0.001893939393939394,6.577841251298354,False
npm::emitter-component,1,0.001893939393939394,6.577841251298354,False
npm::fork-stream,1,0.001893939393939394,6.577841251298354,False
npm::validate-element-name,1,0.001893939393939394,6.577841251298354,False
npm::find-port,1,0.001893939393939394,6.577841251298354,False
npm::plylog,1,0.001893939393939394,6.577841251298354,False
npm::text-encoding,1,0.001893939393939394,6.577841251298354,False
npm::detect-conflict,1,0.001893939393939394,6.577841251298354,False
npm::minimatch-all,1,0.001893939393939394,6.577841251298354,False
npm::@types/fast-levenshtein,1,0.001893939393939394,6.577841251298354,False
npm::@types/html-minifier,1,0.001893939393939394,6.577841251298354,False
npm::@types/rx-lite-aggregates,1,0.001893939393939394,6.577841251298354,False
npm::sauce-connect-launcher,1,0.001893939393939394,6.577841251298354,False
npm::babel-plugin-minify-guarded-expressions,1,0.001893939393939394,6.577841251298354,False
npm::babel-plugin-transform-remove-debugger,1,0.001893939393939394,6.577841251298354,False
npm::@types/escape-html,1,0.001893939393939394,6.577841251298354,False
npm::vargs,1,0.001893939393939394,6.577841251298354,False
npm::binaryextensions,1,0.001893939393939394,6.577841251298354,False
npm::@types/rx-lite-joinpatterns,1,0.001893939393939394,6.577841251298354,False
npm::@types/opn,1,0.001893939393939394,6.577841251298354,False
npm::babel-helper-evaluate-path,1,0.001893939393939394,6.577841251298354,False
npm::requirejs,1,0.001893939393939394,6.577841251298354,False
npm::lit-element,1,0.001893939393939394,6.577841251298354,False
npm::samsam,1,0.001893939393939394,6.577841251298354,False
npm::babel-plugin-transform-simplify-comparison-operators,1,0.001893939393939394,6.577841251298354,False
npm::babel-plugin-transform-undefined-to-void,1,0.001893939393939394,6.577841251298354,False
npm::boostrap,1,0.001893939393939394,6.577841251298354,False
maven::org.springdoc/springdoc-openapi-ui,1,0.001893939393939394,6.577841251298354,False
npm::react-native-localize,1,0.001893939393939394,6.577841251298354,False
npm::@callstack/react-theme-provider,1,0.001893939393939394,6.577841251298354,False
npm::i18n-js,1,0.001893939393939394,6.577841251298354,False
npm::@types/styled-components,1,0.001893939393939394,6.577841251298354,False
npm::@react-navigation/material-top-tabs,1,0.001893939393939394,6.577841251298354,False
npm::@dooboo/eslint-config,1,0.001893939393939394,6.577841251298354,False
npm::@react-native-community/async-storage,1,0.001893939393939394,6.577841251298354,False
npm::@testing-library/react-native,1,0.001893939393939394,6.577841251298354,False
npm::@react-native-community/toolbar-android,1,0.001893939393939394,6.577841251298354,False
npm::argv,1,0.001893939393939394,6.577841251298354,False
npm::codecov,1,0.001893939393939394,6.577841251298354,False
npm::urlgrey,1,0.001893939393939394,6.577841251298354,False
npm::react-native-pager-view,1,0.001893939393939394,6.577841251298354,False
npm::mockdate,1,0.001893939393939394,6.577841251298354,False
npm::is_js,1,0.001893939393939394,6.577841251298354,False
npm::request-ip,1,0.001893939393939394,6.577841251298354,False
npm::traverse-chain,1,0.001893939393939394,6.577841251298354,False
npm::decache,1,0.001893939393939394,6.577841251298354,False
npm::rollbar,1,0.001893939393939394,6.577841251298354,False
npm::find,1,0.001893939393939394,6.577841251298354,False
npm::console-polyfill,1,0.001893939393939394,6.577841251298354,False
npm::alpinejs,1,0.001893939393939394,6.577841251298354,False
npm::react-native-gradle-plugin,1,0.001893939393939394,6.577841251298354,False
npm::@react-native-picker/picker,1,0.001893939393939394,6.577841251298354,False
npm::use-latest-callback,1,0.001893939393939394,6.577841251298354,False
npm::merge-options,1,0.001893939393939394,6.577841251298354,False
npm::@tsconfig/react-native,1,0.001893939393939394,6.577841251298354,False
npm::@types/react-native-vector-icons,1,0.001893939393939394,6.577841251298354,False
npm::@react-native-async-storage/async-storage,1,0.001893939393939394,6.577841251298354,False
npm::@react-native-masked-view/masked-view,1,0.001893939393939394,6.577841251298354,False
npm::eslint-plugin-ft-flow,1,0.001893939393939394,6.577841251298354,False
npm::@googlemaps/js-api-loader,1,0.001893939393939394,6.577841251298354,False
npm::@types/mapbox__vector-tile,1,0.001893939393939394,6.577841251298354,False
npm::lottie-web,1,0.001893939393939394,6.577841251298354,False
npm::json-stringify-pretty-compact,1,0.001893939393939394,6.577841251298354,False
npm::@types/supercluster,1,0.001893939393939394,6.577841251298354,False
npm::react-spinners,1,0.001893939393939394,6.577841251298354,False
npm::@types/pbf,1,0.001893939393939394,6.577841251298354,False
npm::@types/geojson-vt,1,0.001893939393939394,6.577841251298354,False
npm::@types/mapbox__point-geometry,1,0.001893939393939394,6.577841251298354,False
npm::@react-google-maps/infobox,1,0.001893939393939394,6.577841251298354,False
npm::@react-google-maps/marker-clusterer,1,0.001893939393939394,6.577841251298354,False
npm::@react-google-maps/api,1,0.001893939393939394,6.577841251298354,False
npm::@types/google.maps,1,0.001893939393939394,6.577841251298354,False
npm::browserify-transform-tools,1,0.001893939393939394,6.577841251298354,False
npm::react-google-button,1,0.001893939393939394,6.577841251298354,False
npm::@googlemaps/markerclusterer,1,0.001893939393939394,6.577841251298354,False
npm::@maplibre/maplibre-gl-style-spec,1,0.001893939393939394,6.577841251298354,False
npm::sort-desc,1,0.001893939393939394,6.577841251298354,False
npm::sort-asc,1,0.001893939393939394,6.577841251298354,False
npm::lottie-react,1,0.001893939393939394,6.577841251298354,False
npm::stringify,1,0.001893939393939394,6.577841251298354,False
npm::maplibre-gl,1,0.001893939393939394,6.577841251298354,False
npm::sort-object,1,0.001893939393939394,6.577841251298354,False
npm::is-proto-prop,1,0.001893939393939394,6.577841251298354,False
npm::enhance-visitors,1,0.001893939393939394,6.577841251298354,False
npm::core-assert,1,0.001893939393939394,6.577841251298354,False
npm::async-exit-hook,1,0.001893939393939394,6.577841251298354,False
npm::obj-props,1,0.001893939393939394,6.577841251298354,False
npm::is-get-set-prop,1,0.001893939393939394,6.577841251298354,False
npm::np,1,0.001893939393939394,6.577841251298354,False
npm::p-memoize,1,0.001893939393939394,6.577841251298354,False
npm::get-set-props,1,0.001893939393939394,6.577841251298354,False
npm::is-js-type,1,0.001893939393939394,6.577841251298354,False
npm::is-obj-prop,1,0.001893939393939394,6.577841251298354,False
npm::eslint-plugin-no-use-extend-native,1,0.001893939393939394,6.577841251298354,False
npm::micro-spelling-correcter,1,0.001893939393939394,6.577841251298354,False
npm::npm-name,1,0.001893939393939394,6.577841251298354,False
npm::deep-strict-equal,1,0.001893939393939394,6.577841251298354,False
npm::new-github-release-url,1,0.001893939393939394,6.577841251298354,False
npm::eslint-plugin-ava,1,0.001893939393939394,6.577841251298354,False
npm::org-regex,1,0.001893939393939394,6.577841251298354,False
npm::line-column-path,1,0.001893939393939394,6.577841251298354,False
npm::issue-regex,1,0.001893939393939394,6.577841251298354,False
npm::eslint-config-xo-typescript,1,0.001893939393939394,6.577841251298354,False
npm::open-editor,1,0.001893939393939394,6.577841251298354,False
npm::github-url-from-git,1,0.001893939393939394,6.577841251298354,False
npm::listr-input,1,0.001893939393939394,6.577841251298354,False
npm::inquirer-autosubmit-prompt,1,0.001893939393939394,6.577841251298354,False
npm::ow,1,0.001893939393939394,6.577841251298354,False
npm::xo,1,0.001893939393939394,6.577841251298354,False
npm::is-url-superb,1,0.001893939393939394,6.577841251298354,False
npm::proto-props,1,0.001893939393939394,6.577841251298354,False
npm::buf-compare,1,0.001893939393939394,6.577841251298354,False
npm::eslint-rule-docs,1,0.001893939393939394,6.577841251298354,False
npm::eslint-formatter-pretty,1,0.001893939393939394,6.577841251298354,False
npm::js-types,1,0.001893939393939394,6.577841251298354,False
npm::movie-trailer,1,0.001893939393939394,6.577841251298354,False
cargo::tiny-skia-path,1,0.001893939393939394,6.577841251298354,False
cargo::gio,1,0.001893939393939394,6.577841251298354,False
cargo::ansi_term,1,0.001893939393939394,6.577841251298354,False
cargo::libappindicator,1,0.001893939393939394,6.577841251298354,False
cargo::unic-char-property,1,0.001893939393939394,6.577841251298354,False
cargo::tiny-skia,1,0.001893939393939394,6.577841251298354,False
cargo::piet-web,1,0.001893939393939394,6.577841251298354,False
cargo::usvg,1,0.001893939393939394,6.577841251298354,False
cargo::unicode-bidi-mirroring,1,0.001893939393939394,6.577841251298354,False
cargo::pango,1,0.001893939393939394,6.577841251298354,False
cargo::fontconfig-parser,1,0.001893939393939394,6.577841251298354,False
cargo::unic-bidi,1,0.001893939393939394,6.577841251298354,False
cargo::tracing-subscriber,1,0.001893939393939394,6.577841251298354,False
cargo::ascii,1,0.001893939393939394,6.577841251298354,False
cargo::libappindicator-sys,1,0.001893939393939394,6.577841251298354,False
cargo::simplecss,1,0.001893939393939394,6.577841251298354,False
cargo::x11-dl,1,0.001893939393939394,6.577841251298354,False
cargo::fxhash,1,0.001893939393939394,6.577841251298354,False
cargo::adler32,1,0.001893939393939394,6.577841251298354,False
cargo::fontdb,1,0.001893939393939394,6.577841251298354,False
cargo::clipboard-win,1,0.001893939393939394,6.577841251298354,False
cargo::time,1,0.001893939393939394,6.577841251298354,False
cargo::weezl,1,0.001893939393939394,6.577841251298354,False
cargo::arboard,1,0.001893939393939394,6.577841251298354,False
cargo::png,1,0.001893939393939394,6.577841251298354,False
cargo::roxmltree,1,0.001893939393939394,6.577841251298354,False
cargo::matches,1,0.001893939393939394,6.577841251298354,False
cargo::display-info,1,0.001893939393939394,6.577841251298354,False
cargo::instant,1,0.001893939393939394,6.577841251298354,False
cargo::piet,1,0.001893939393939394,6.577841251298354,False
cargo::rustc-hash,1,0.001893939393939394,6.577841251298354,False
cargo::keyboard-types,1,0.001893939393939394,6.577841251298354,False
cargo::gdk,1,0.001893939393939394,6.577841251298354,False
cargo::glib-macros,1,0.001893939393939394,6.577841251298354,False
cargo::libdbus-sys,1,0.001893939393939394,6.577841251298354,False
cargo::strsim,1,0.001893939393939394,6.577841251298354,False
cargo::unicode-script,1,0.001893939393939394,6.577841251298354,False
cargo::gdk-sys,1,0.001893939393939394,6.577841251298354,False
cargo::fdeflate,1,0.001893939393939394,6.577841251298354,False
cargo::arrayvec,1,0.001893939393939394,6.577841251298354,False
cargo::associative-cache,1,0.001893939393939394,6.577841251298354,False
cargo::druid-derive,1,0.001893939393939394,6.577841251298354,False
cargo::rustybuzz,1,0.001893939393939394,6.577841251298354,False
cargo::quick-error,1,0.001893939393939394,6.577841251298354,False
cargo::resvg,1,0.001893939393939394,6.577841251298354,False
cargo::gif,1,0.001893939393939394,6.577841251298354,False
cargo::tracing-attributes,1,0.001893939393939394,6.577841251298354,False
cargo::overload,1,0.001893939393939394,6.577841251298354,False
cargo::toml_datetime,1,0.001893939393939394,6.577841251298354,False
cargo::unic-langid,1,0.001893939393939394,6.577841251298354,False
cargo::pango-sys,1,0.001893939393939394,6.577841251298354,False
cargo::scoped_threadpool,1,0.001893939393939394,6.577841251298354,False
cargo::unic-langid-impl,1,0.001893939393939394,6.577841251298354,False
cargo::clang-sys,1,0.001893939393939394,6.577841251298354,False
cargo::tiff,1,0.001893939393939394,6.577841251298354,False
cargo::kurbo,1,0.001893939393939394,6.577841251298354,False
cargo::gdk-pixbuf,1,0.001893939393939394,6.577841251298354,False
cargo::strict-num,1,0.001893939393939394,6.577841251298354,False
cargo::unicode-bidi,1,0.001893939393939394,6.577841251298354,False
cargo::float-cmp,1,0.001893939393939394,6.577841251298354,False
cargo::utf16_lit,1,0.001893939393939394,6.577841251298354,False
cargo::toml,1,0.001893939393939394,6.577841251298354,False
cargo::time-core,1,0.001893939393939394,6.577841251298354,False
cargo::ttf-parser,1,0.001893939393939394,6.577841251298354,False
cargo::str-buf,1,0.001893939393939394,6.577841251298354,False
cargo::error-code,1,0.001893939393939394,6.577841251298354,False
cargo::cty,1,0.001893939393939394,6.577841251298354,False
cargo::xmlparser,1,0.001893939393939394,6.577841251298354,False
cargo::powerfmt,1,0.001893939393939394,6.577841251298354,False
cargo::svgtypes,1,0.001893939393939394,6.577841251298354,False
cargo::xi-unicode,1,0.001893939393939394,6.577841251298354,False
cargo::serde_spanned,1,0.001893939393939394,6.577841251298354,False
cargo::piet-common,1,0.001893939393939394,6.577841251298354,False
cargo::raw-window-handle,1,0.001893939393939394,6.577841251298354,False
cargo::wio,1,0.001893939393939394,6.577841251298354,False
cargo::num-rational,1,0.001893939393939394,6.577841251298354,False
cargo::rctree,1,0.001893939393939394,6.577841251298354,False
cargo::objc,1,0.001893939393939394,6.577841251298354,False
cargo::rgb,1,0.001893939393939394,6.577841251298354,False
cargo::windows,1,0.001893939393939394,6.577841251298354,False
cargo::gobject-sys,1,0.001893939393939394,6.577841251298354,False
cargo::dwrote,1,0.001893939393939394,6.577841251298354,False
cargo::widestring,1,0.001893939393939394,6.577841251298354,False
cargo::intl_pluralrules,1,0.001893939393939394,6.577841251298354,False
cargo::unicode-ccc,1,0.001893939393939394,6.577841251298354,False
cargo::unic-ucd-bidi,1,0.001893939393939394,6.577841251298354,False
cargo::peeking_take_while,1,0.001893939393939394,6.577841251298354,False
cargo::xcb,1,0.001893939393939394,6.577841251298354,False
cargo::unicode-general-category,1,0.001893939393939394,6.577841251298354,False
cargo::core-text,1,0.001893939393939394,6.577841251298354,False
cargo::gtk3-macros,1,0.001893939393939394,6.577841251298354,False
cargo::screenshots,1,0.001893939393939394,6.577841251298354,False
cargo::global-hotkey,1,0.001893939393939394,6.577841251298354,False
cargo::native-dialog,1,0.001893939393939394,6.577841251298354,False
cargo::core-graphics-types,1,0.001893939393939394,6.577841251298354,False
cargo::cfg-expr,1,0.001893939393939394,6.577841251298354,False
cargo::type-map,1,0.001893939393939394,6.577841251298354,False
cargo::jpeg-decoder,1,0.001893939393939394,6.577841251298354,False
cargo::console_error_panic_hook,1,0.001893939393939394,6.577841251298354,False
cargo::fluent-bundle,1,0.001893939393939394,6.577841251298354,False
cargo::atk-sys,1,0.001893939393939394,6.577841251298354,False
cargo::which,1,0.001893939393939394,6.577841251298354,False
cargo::cocoa,1,0.001893939393939394,6.577841251298354,False
cargo::nom,1,0.001893939393939394,6.577841251298354,False
cargo::num-conv,1,0.001893939393939394,6.577841251298354,False
cargo::gio-sys,1,0.001893939393939394,6.577841251298354,False
cargo::self_cell,1,0.001893939393939394,6.577841251298354,False
cargo::objc-foundation,1,0.001893939393939394,6.577841251298354,False
cargo::termcolor,1,0.001893939393939394,6.577841251298354,False
cargo::quick-xml,1,0.001893939393939394,6.577841251298354,False
cargo::dbus,1,0.001893939393939394,6.577841251298354,False
cargo::deflate,1,0.001893939393939394,6.577841251298354,False
cargo::fluent-syntax,1,0.001893939393939394,6.577841251298354,False
cargo::unicode-segmentation,1,0.001893939393939394,6.577841251298354,False
cargo::pangocairo,1,0.001893939393939394,6.577841251298354,False
cargo::num-iter,1,0.001893939393939394,6.577841251298354,False
cargo::svgfilters,1,0.001893939393939394,6.577841251298354,False
cargo::bindgen,1,0.001893939393939394,6.577841251298354,False
cargo::tracing-wasm,1,0.001893939393939394,6.577841251298354,False
cargo::unic-ucd-version,1,0.001893939393939394,6.577841251298354,False
cargo::simd-adler32,1,0.001893939393939394,6.577841251298354,False
cargo::sharded-slab,1,0.001893939393939394,6.577841251298354,False
cargo::atk,1,0.001893939393939394,6.577841251298354,False
cargo::core-graphics,1,0.001893939393939394,6.577841251298354,False
cargo::vec_map,1,0.001893939393939394,6.577841251298354,False
cargo::x11rb-protocol,1,0.001893939393939394,6.577841251298354,False
cargo::druid,1,0.001893939393939394,6.577841251298354,False
cargo::cocoa-foundation,1,0.001893939393939394,6.577841251298354,False
cargo::druid-shell,1,0.001893939393939394,6.577841251298354,False
cargo::deranged,1,0.001893939393939394,6.577841251298354,False
cargo::proc-macro-error,1,0.001893939393939394,6.577841251298354,False
cargo::winnow,1,0.001893939393939394,6.577841251298354,False
cargo::lazycell,1,0.001893939393939394,6.577841251298354,False
cargo::glib-sys,1,0.001893939393939394,6.577841251298354,False
cargo::gtk-sys,1,0.001893939393939394,6.577841251298354,False
cargo::pangocairo-sys,1,0.001893939393939394,6.577841251298354,False
cargo::color_quant,1,0.001893939393939394,6.577841251298354,False
cargo::textwrap,1,0.001893939393939394,6.577841251298354,False
cargo::libloading,1,0.001893939393939394,6.577841251298354,False
cargo::num-integer,1,0.001893939393939394,6.577841251298354,False
cargo::piet-coregraphics,1,0.001893939393939394,6.577841251298354,False
cargo::atty,1,0.001893939393939394,6.577841251298354,False
cargo::winapi-wsapoll,1,0.001893939393939394,6.577841251298354,False
cargo::cairo-rs,1,0.001893939393939394,6.577841251298354,False
cargo::x11rb,1,0.001893939393939394,6.577841251298354,False
cargo::unicode-vo,1,0.001893939393939394,6.577841251298354,False
cargo::cairo-sys-rs,1,0.001893939393939394,6.577841251298354,False
cargo::env_logger,1,0.001893939393939394,6.577841251298354,False
cargo::arrayref,1,0.001893939393939394,6.577841251298354,False
cargo::gtk,1,0.001893939393939394,6.577841251298354,False
cargo::version-compare,1,0.001893939393939394,6.577841251298354,False
cargo::fluent-langneg,1,0.001893939393939394,6.577841251298354,False
cargo::image,1,0.001893939393939394,6.577841251298354,False
cargo::system-deps,1,0.001893939393939394,6.577841251298354,False
cargo::thread_local,1,0.001893939393939394,6.577841251298354,False
cargo::wfd,1,0.001893939393939394,6.577841251298354,False
cargo::piet-cairo,1,0.001893939393939394,6.577841251298354,False
cargo::gdk-pixbuf-sys,1,0.001893939393939394,6.577841251298354,False
cargo::proc-macro-crate,1,0.001893939393939394,6.577841251298354,False
cargo::glib,1,0.001893939393939394,6.577841251298354,False
cargo::intl-memoizer,1,0.001893939393939394,6.577841251298354,False
cargo::nu-ansi-term,1,0.001893939393939394,6.577841251298354,False
cargo::xmlwriter,1,0.001893939393939394,6.577841251298354,False
cargo::block,1,0.001893939393939394,6.577841251298354,False
cargo::objc_id,1,0.001893939393939394,6.577841251298354,False
cargo::toml_edit,1,0.001893939393939394,6.577841251298354,False
cargo::data-url,1,0.001893939393939394,6.577841251298354,False
cargo::systray,1,0.001893939393939394,6.577841251298354,False
cargo::malloc_buf,1,0.001893939393939394,6.577841251298354,False
cargo::piet-direct2d,1,0.001893939393939394,6.577841251298354,False
cargo::unic-common,1,0.001893939393939394,6.577841251298354,False
cargo::byteorder,1,0.001893939393939394,6.577841251298354,False
cargo::nix,1,0.001893939393939394,6.577841251298354,False
cargo::cexpr,1,0.001893939393939394,6.577841251298354,False
cargo::field-offset,1,0.001893939393939394,6.577841251298354,False
cargo::clap,1,0.001893939393939394,6.577841251298354,False
cargo::unic-char-range,1,0.001893939393939394,6.577841251298354,False
cargo::foreign-types-macros,1,0.001893939393939394,6.577841251298354,False
cargo::proc-macro-error-attr,1,0.001893939393939394,6.577841251298354,False
cargo::gethostname,1,0.001893939393939394,6.577841251298354,False
nuget::microsoft.entityframeworkcore.tools.dotnet,1,0.001893939393939394,6.577841251298354,False
nuget::microsoft.aspnetcore.mvc,1,0.001893939393939394,6.577841251298354,False
nuget::flunt,1,0.001893939393939394,6.577841251298354,False
pypi::pyinstaller,1,0.001893939393939394,6.577841251298354,False
pypi::loads,1,0.001893939393939394,6.577841251298354,False
pypi::pystyle,1,0.001893939393939394,6.577841251298354,False
pypi::aes,1,0.001893939393939394,6.577841251298354,False
pypi::discum,1,0.001893939393939394,6.577841251298354,False
pypi::fore,1,0.001893939393939394,6.577841251298354,False
pypi::keyboard,1,0.001893939393939394,6.577841251298354,False
pypi::colored,1,0.001893939393939394,6.577841251298354,False
pypi::colour,1,0.001893939393939394,6.577841251298354,False
pypi::pyautogui,1,0.001893939393939394,6.577841251298354,False
pypi::pipe,1,0.001893939393939394,6.577841251298354,False
pypi::urlopen,1,0.001893939393939394,6.577841251298354,False
pypi::emoji,1,0.001893939393939394,6.577841251298354,False
pypi::tasksio,1,0.001893939393939394,6.577841251298354,False
pypi::websocket,1,0.001893939393939394,6.577841251298354,False
pypi::discord,1,0.001893939393939394,6.577841251298354,False
pypi::popen,1,0.001893939393939394,6.577841251298354,False
pypi::asyncio,1,0.001893939393939394,6.577841251298354,False
pypi::selenium,1,0.001893939393939394,6.577841251298354,False
pypi::easygui,1,0.001893939393939394,6.577841251298354,False
pypi::pyperclip,1,0.001893939393939394,6.577841251298354,False
pypi::pyfadecolor,1,0.001893939393939394,6.577841251298354,False
pypi::2captcha-python,1,0.001893939393939394,6.577841251298354,False
pypi::pypiwin32,1,0.001893939393939394,6.577841251298354,False
pypi::pylibcheck,1,0.001893939393939394,6.577841251298354,False
pypi::login,1,0.001893939393939394,6.577841251298354,False
pypi::cipher,1,0.001893939393939394,6.577841251298354,False
gem::hashie,1,0.001893939393939394,6.577841251298354,False
gem::omniauth-twitter,1,0.001893939393939394,6.577841251298354,False
gem::babel-transpiler,1,0.001893939393939394,6.577841251298354,False
gem::marc,1,0.001893939393939394,6.577841251298354,False
gem::openurl,1,0.001893939393939394,6.577841251298354,False
gem::jquery-ui-rails,1,0.001893939393939394,6.577841251298354,False
gem::omniauth-oauth,1,0.001893939393939394,6.577841251298354,False
gem::babel-source,1,0.001893939393939394,6.577841251298354,False
gem::omniauth,1,0.001893939393939394,6.577841251298354,False
gem::scrub_rb,1,0.001893939393939394,6.577841251298354,False
gem::newrelic_rpm,1,0.001893939393939394,6.577841251298354,False
gem::foundation-rails,1,0.001893939393939394,6.577841251298354,False
gem::oauth,1,0.001893939393939394,6.577841251298354,False
gem::react-rails,1,0.001893939393939394,6.577841251298354,False
gem::figaro,1,0.001893939393939394,6.577841251298354,False
gem::connection_pool,1,0.001893939393939394,6.577841251298354,False
composer::tightenco/ziggy,1,0.001893939393939394,6.577841251298354,False
composer::bacon/bacon-qr-code,1,0.001893939393939394,6.577841251298354,False
composer::laravel/fortify,1,0.001893939393939394,6.577841251298354,False
npm::@inertiajs/vue3,1,0.001893939393939394,6.577841251298354,False
composer::pragmarx/google2fa,1,0.001893939393939394,6.577841251298354,False
composer::dasprid/enum,1,0.001893939393939394,6.577841251298354,False
composer::laravel/jetstream,1,0.001893939393939394,6.577841251298354,False
npm::@inertiajs/core,1,0.001893939393939394,6.577841251298354,False
composer::inertiajs/inertia-laravel,1,0.001893939393939394,6.577841251298354,False
npm::es-aggregate-error,1,0.001893939393939394,6.577841251298354,False
npm::@azure/keyvault-keys,1,0.001893939393939394,6.577841251298354,False
npm::@azure/msal-node,1,0.001893939393939394,6.577841251298354,False
npm::tedious,1,0.001893939393939394,6.577841251298354,False
npm::@azure/core-rest-pipeline,1,0.001893939393939394,6.577841251298354,False
npm::@azure/logger,1,0.001893939393939394,6.577841251298354,False
npm::@azure/core-http-compat,1,0.001893939393939394,6.577841251298354,False
npm::@js-joda/core,1,0.001893939393939394,6.577841251298354,False
npm::js-md4,1,0.001893939393939394,6.577841251298354,False
npm::@azure/core-client,1,0.001893939393939394,6.577841251298354,False
npm::mssql,1,0.001893939393939394,6.577841251298354,False
npm::@azure/core-tracing,1,0.001893939393939394,6.577841251298354,False
npm::jsbi,1,0.001893939393939394,6.577841251298354,False
npm::react-simple-chatbot,1,0.001893939393939394,6.577841251298354,False
npm::@azure/core-paging,1,0.001893939393939394,6.577841251298354,False
npm::@tediousjs/connection-string,1,0.001893939393939394,6.577841251298354,False
npm::merge-anything,1,0.001893939393939394,6.577841251298354,False
npm::native-duplexpair,1,0.001893939393939394,6.577841251298354,False
npm::random-id,1,0.001893939393939394,6.577841251298354,False
npm::@azure/core-util,1,0.001893939393939394,6.577841251298354,False
npm::@azure/msal-browser,1,0.001893939393939394,6.577841251298354,False
npm::@azure/identity,1,0.001893939393939394,6.577841251298354,False
npm::@azure/core-auth,1,0.001893939393939394,6.577841251298354,False
npm::@azure/core-lro,1,0.001893939393939394,6.577841251298354,False
npm::@azure/msal-common,1,0.001893939393939394,6.577841251298354,False
npm::@azure/abort-controller,1,0.001893939393939394,6.577841251298354,False
npm::merge-refs,1,0.001893939393939394,6.577841251298354,False
npm::@ux/label,1,0.001893939393939394,6.577841251298354,False
npm::try-require,1,0.001893939393939394,6.577841251298354,False
npm::@ux/text-entry,1,0.001893939393939394,6.577841251298354,False
npm::@ux/search,1,0.001893939393939394,6.577841251298354,False
npm::@ux/webpack-config,1,0.001893939393939394,6.577841251298354,False
npm::@ux/flyout,1,0.001893939393939394,6.577841251298354,False
npm::@ux/listbox,1,0.001893939393939394,6.577841251298354,False
npm::storage-engine,1,0.001893939393939394,6.577841251298354,False
npm::linaria,1,0.001893939393939394,6.577841251298354,False
npm::@ux/sibling-set,1,0.001893939393939394,6.577841251298354,False
npm::@ux/short-css-vars,1,0.001893939393939394,6.577841251298354,False
npm::@ux/button,1,0.001893939393939394,6.577841251298354,False
npm::@ux/icon,1,0.001893939393939394,6.577841251298354,False
npm::@ux/space,1,0.001893939393939394,6.577841251298354,False
npm::@ux/text,1,0.001893939393939394,6.577841251298354,False
npm::@ux/tag,1,0.001893939393939394,6.577841251298354,False
npm::@ux/field-frame,1,0.001893939393939394,6.577841251298354,False
npm::obj-dot-props,1,0.001893939393939394,6.577841251298354,False
npm::@ux/intents,1,0.001893939393939394,6.577841251298354,False
npm::@types/formidable,1,0.001893939393939394,6.577841251298354,False
npm::clean-yaml-object,1,0.001893939393939394,6.577841251298354,False
npm::co-body,1,0.001893939393939394,6.577841251298354,False
npm::cache-content-type,1,0.001893939393939394,6.577841251298354,False
npm::uid2,1,0.001893939393939394,6.577841251298354,False
npm::lodash.islength,1,0.001893939393939394,6.577841251298354,False
npm::empower-core,1,0.001893939393939394,6.577841251298354,False
npm::cookies,1,0.001893939393939394,6.577841251298354,False
npm::inflation,1,0.001893939393939394,6.577841251298354,False
npm::koa-is-json,1,0.001893939393939394,6.577841251298354,False
npm::concordance,1,0.001893939393939394,6.577841251298354,False
npm::babel-plugin-espower,1,0.001893939393939394,6.577841251298354,False
npm::well-known-symbols,1,0.001893939393939394,6.577841251298354,False
npm::require-precompiled,1,0.001893939393939394,6.577841251298354,False
npm::js-string-escape,1,0.001893939393939394,6.577841251298354,False
npm::chunkd,1,0.001893939393939394,6.577841251298354,False
npm::koa-body,1,0.001893939393939394,6.577841251298354,False
npm::observable-to-promise,1,0.001893939393939394,6.577841251298354,False
npm::md5-o-matic,1,0.001893939393939394,6.577841251298354,False
npm::call-signature,1,0.001893939393939394,6.577841251298354,False
npm::@ava/babel-plugin-throws-helper,1,0.001893939393939394,6.577841251298354,False
npm::md5-hex,1,0.001893939393939394,6.577841251298354,False
npm::equal-length,1,0.001893939393939394,6.577841251298354,False
npm::koa,1,0.001893939393939394,6.577841251298354,False
npm::time-zone,1,0.001893939393939394,6.577841251298354,False
npm::supertap,1,0.001893939393939394,6.577841251298354,False
npm::koa-convert,1,0.001893939393939394,6.577841251298354,False
npm::espower-location-detector,1,0.001893939393939394,6.577841251298354,False
npm::unique-temp-dir,1,0.001893939393939394,6.577841251298354,False
npm::ylru,1,0.001893939393939394,6.577841251298354,False
npm::error-inject,1,0.001893939393939394,6.577841251298354,False
npm::@0xadada/random-emoji,1,0.001893939393939394,6.577841251298354,False
npm::call-matcher,1,0.001893939393939394,6.577841251298354,False
npm::ci-parallel-vars,1,0.001893939393939394,6.577841251298354,False
npm::http-assert,1,0.001893939393939394,6.577841251298354,False
npm::@ava/babel-preset-transform-test-files,1,0.001893939393939394,6.577841251298354,False
npm::@concordance/react,1,0.001893939393939394,6.577841251298354,False
npm::@ava/babel-preset-stage-4,1,0.001893939393939394,6.577841251298354,False
npm::keygrip,1,0.001893939393939394,6.577841251298354,False
npm::strip-bom-buf,1,0.001893939393939394,6.577841251298354,False
npm::trim-off-newlines,1,0.001893939393939394,6.577841251298354,False
npm::only,1,0.001893939393939394,6.577841251298354,False
npm::koa-compose,1,0.001893939393939394,6.577841251298354,False
nuget::microsoft.net.test.sdk,1,0.001893939393939394,6.577841251298354,False
nuget::nunit,1,0.001893939393939394,6.577841251298354,False
nuget::nunit3testadapter,1,0.001893939393939394,6.577841251298354,False
gem::annotate,1,0.001893939393939394,6.577841251298354,False
gem::quiet_assets,1,0.001893939393939394,6.577841251298354,False
gem::pry-rails,1,0.001893939393939394,6.577841251298354,False
npm::react-sane-contenteditable,1,0.001893939393939394,6.577841251298354,False
npm::react-reveal,1,0.001893939393939394,6.577841251298354,False
npm::react-load-script,1,0.001893939393939394,6.577841251298354,False
npm::react-moment,1,0.001893939393939394,6.577841251298354,False
npm::react-plaid-link,1,0.001893939393939394,6.577841251298354,False
npm::react-loading,1,0.001893939393939394,6.577841251298354,False
npm::react-bootstrap-tabs,1,0.001893939393939394,6.577841251298354,False
npm::react-sidenav,1,0.001893939393939394,6.577841251298354,False
gem::simplecov_json_formatter,1,0.001893939393939394,6.577841251298354,False
gem::orderly,1,0.001893939393939394,6.577841251298354,False
gem::launchy,1,0.001893939393939394,6.577841251298354,False
npm::@sigstore/core,1,0.001893939393939394,6.577841251298354,False
npm::@sigstore/verify,1,0.001893939393939394,6.577841251298354,False
npm::@npmcli/agent,1,0.001893939393939394,6.577841251298354,False
npm::@ljharb/through,1,0.001893939393939394,6.577841251298354,False
npm::@npmcli/redact,1,0.001893939393939394,6.577841251298354,False
npm::ng-angular-popup,1,0.001893939393939394,6.577841251298354,False
npm::babel-plugin-transform-optional-catch-binding,1,0.001893939393939394,6.577841251298354,False
npm::babel-plugin-transform-unicode-property-regex,1,0.001893939393939394,6.577841251298354,False
npm::babel-helper-annotate-as-pure,1,0.001893939393939394,6.577841251298354,False
npm::babel-plugin-transform-new-target,1,0.001893939393939394,6.577841251298354,False
npm::babel-helper-module-transforms,1,0.001893939393939394,6.577841251298354,False
npm::peerjs-js-binarypack,1,0.001893939393939394,6.577841251298354,False
npm::babel-helper-simple-access,1,0.001893939393939394,6.577841251298354,False
npm::razorpay,1,0.001893939393939394,6.577841251298354,False
npm::react-webrtc,1,0.001893939393939394,6.577841251298354,False
npm::peer,1,0.001893939393939394,6.577841251298354,False
npm::peerjs,1,0.001893939393939394,6.577841251298354,False
npm::babel-helper-module-imports,1,0.001893939393939394,6.577841251298354,False
npm::webrtc-adapter,1,0.001893939393939394,6.577841251298354,False
npm::express.js,1,0.001893939393939394,6.577841251298354,False
npm::babel-helper-wrap-function,1,0.001893939393939394,6.577841251298354,False
npm::envconfig,1,0.001893939393939394,6.577841251298354,False
npm::express-async-handler,1,0.001893939393939394,6.577841251298354,False
npm::typescript-eslint,1,0.001893939393939394,6.577841251298354,False
npm::sdp,1,0.001893939393939394,6.577841251298354,False
npm::react-webcam,1,0.001893939393939394,6.577841251298354,False
npm::rtcpeerconnection-shim,1,0.001893939393939394,6.577841251298354,False
npm::babel-plugin-syntax-optional-catch-binding,1,0.001893939393939394,6.577841251298354,False
npm::@hint/hint-manifest-app-name,1,0.001893939393939394,6.577841251298354,False
npm::@hint/utils-css,1,0.001893939393939394,6.577841251298354,False
npm::@hint/hint-css-prefix-order,1,0.001893939393939394,6.577841251298354,False
npm::@mdn/browser-compat-data,1,0.001893939393939394,6.577841251298354,False
npm::hint,1,0.001893939393939394,6.577841251298354,False
npm::@hint/hint-http-compression,1,0.001893939393939394,6.577841251298354,False
npm::@hint/utils-compat-data,1,0.001893939393939394,6.577841251298354,False
npm::@hint/configuration-web-recommended,1,0.001893939393939394,6.577841251298354,False
npm::@hint/parser-webpack-config,1,0.001893939393939394,6.577841251298354,False
npm::js-library-detector,1,0.001893939393939394,6.577841251298354,False
npm::devtools-protocol,1,0.001893939393939394,6.577841251298354,False
npm::@hint/parser-css,1,0.001893939393939394,6.577841251298354,False
npm::@hint/hint-image-optimization-cloudinary,1,0.001893939393939394,6.577841251298354,False
npm::@hint/hint-no-bom,1,0.001893939393939394,6.577841251298354,False
npm::@hint/hint-no-vulnerable-javascript-libraries,1,0.001893939393939394,6.577841251298354,False
npm::@hint/utils,1,0.001893939393939394,6.577841251298354,False
npm::@hint/hint-disown-opener,1,0.001893939393939394,6.577841251298354,False
npm::@hint/hint-no-friendly-error-pages,1,0.001893939393939394,6.577841251298354,False
npm::@hint/utils-network,1,0.001893939393939394,6.577841251298354,False
npm::@hint/hint-x-content-type-options,1,0.001893939393939394,6.577841251298354,False
npm::@hint/hint-manifest-exists,1,0.001893939393939394,6.577841251298354,False
npm::@hint/parser-html,1,0.001893939393939394,6.577841251298354,False
npm::@hint/hint-scoped-svg-styles,1,0.001893939393939394,6.577841251298354,False
npm::@hint/configuration-progressive-web-apps,1,0.001893939393939394,6.577841251298354,False
npm::@hint/utils-json,1,0.001893939393939394,6.577841251298354,False
npm::puppeteer-core,1,0.001893939393939394,6.577841251298354,False
npm::@hint/hint-no-disallowed-headers,1,0.001893939393939394,6.577841251298354,False
npm::@hint/hint-no-inline-styles,1,0.001893939393939394,6.577841251298354,False
npm::@hint/parser-babel-config,1,0.001893939393939394,6.577841251298354,False
npm::@hint/hint-create-element-svg,1,0.001893939393939394,6.577841251298354,False
npm::@hint/formatter-json,1,0.001893939393939394,6.577841251298354,False
npm::@hint/parser-less,1,0.001893939393939394,6.577841251298354,False
npm::@hint/parser-jsx,1,0.001893939393939394,6.577841251298354,False
npm::@hint/hint-http-cache,1,0.001893939393939394,6.577841251298354,False
npm::@hint/hint-typescript-config,1,0.001893939393939394,6.577841251298354,False
npm::@hint/hint-babel-config,1,0.001893939393939394,6.577841251298354,False
npm::@hint/hint-meta-viewport,1,0.001893939393939394,6.577841251298354,False
npm::@hint/parser-sass,1,0.001893939393939394,6.577841251298354,False
npm::@hint/formatter-summary,1,0.001893939393939394,6.577841251298354,False
npm::@hint/hint-ssllabs,1,0.001893939393939394,6.577841251298354,False
npm::@hint/parser-typescript-config,1,0.001893939393939394,6.577841251298354,False
npm::@hint/hint-content-type,1,0.001893939393939394,6.577841251298354,False
npm::https,1,0.001893939393939394,6.577841251298354,False
npm::@hint/hint-detect-css-reflows,1,0.001893939393939394,6.577841251298354,False
npm::@hint/hint-no-protocol-relative-urls,1,0.001893939393939394,6.577841251298354,False
npm::@hint/configuration-accessibility,1,0.001893939393939394,6.577841251298354,False
npm::@hint/hint-manifest-file-extension,1,0.001893939393939394,6.577841251298354,False
npm::@hint/connector-jsdom,1,0.001893939393939394,6.577841251298354,False
npm::@hint/hint-highest-available-document-mode,1,0.001893939393939394,6.577841251298354,False
npm::@hint/hint-leading-dot-classlist,1,0.001893939393939394,6.577841251298354,False
npm::metaviewport-parser,1,0.001893939393939394,6.577841251298354,False
npm::@hint/hint-webpack-config,1,0.001893939393939394,6.577841251298354,False
npm::@hint/utils-string,1,0.001893939393939394,6.577841251298354,False
npm::@hint/connector-puppeteer,1,0.001893939393939394,6.577841251298354,False
npm::@hint/formatter-html,1,0.001893939393939394,6.577841251298354,False
npm::acorn-jsx-walk,1,0.001893939393939394,6.577841251298354,False
npm::@hint/hint-no-html-only-headers,1,0.001893939393939394,6.577841251298354,False
npm::vm2,1,0.001893939393939394,6.577841251298354,False
npm::@hint/hint-manifest-is-valid,1,0.001893939393939394,6.577841251298354,False
npm::@hint/hint-compat-api,1,0.001893939393939394,6.577841251298354,False
npm::@hint/hint-axe,1,0.001893939393939394,6.577841251298354,False
npm::stylelint-csstree-validator,1,0.001893939393939394,6.577841251298354,False
npm::@hint/hint-validate-set-cookie-header,1,0.001893939393939394,6.577841251298354,False
npm::@hint/connector-local,1,0.001893939393939394,6.577841251298354,False
npm::@hint/formatter-stylish,1,0.001893939393939394,6.577841251298354,False
npm::cloudinary-core,1,0.001893939393939394,6.577841251298354,False
npm::@hint/hint-apple-touch-icons,1,0.001893939393939394,6.577841251298354,False
npm::@hint/parser-javascript,1,0.001893939393939394,6.577841251298354,False
npm::@hint/hint-meta-charset-utf-8,1,0.001893939393939394,6.577841251298354,False
npm::@hint/utils-connector-tools,1,0.001893939393939394,6.577841251298354,False
npm::@hint/parser-manifest,1,0.001893939393939394,6.577841251298354,False
npm::@hint/configuration-development,1,0.001893939393939394,6.577841251298354,False
npm::@hint/utils-fs,1,0.001893939393939394,6.577841251298354,False
npm::@hint/parser-typescript,1,0.001893939393939394,6.577841251298354,False
npm::@hint/utils-debug,1,0.001893939393939394,6.577841251298354,False
npm::@hint/hint-html-checker,1,0.001893939393939394,6.577841251298354,False
npm::@hint/utils-dom,1,0.001893939393939394,6.577841251298354,False
npm::@hint/hint-sri,1,0.001893939393939394,6.577841251298354,False
npm::@hint/utils-i18n,1,0.001893939393939394,6.577841251298354,False
npm::@hint/hint-button-type,1,0.001893939393939394,6.577841251298354,False
npm::@hint/hint-strict-transport-security,1,0.001893939393939394,6.577841251298354,False
npm::@hint/hint-stylesheet-limits,1,0.001893939393939394,6.577841251298354,False
npm::@hint/utils-types,1,0.001893939393939394,6.577841251298354,False
npm::@hint/hint-no-http-redirects,1,0.001893939393939394,6.577841251298354,False
npm::passport-local-mongoose,1,0.001893939393939394,6.577841251298354,False
npm::token-stream,1,0.001893939393939394,6.577841251298354,False
npm::doctypes,1,0.001893939393939394,6.577841251298354,False
npm::pug-parser,1,0.001893939393939394,6.577841251298354,False
npm::html-to-text,1,0.001893939393939394,6.577841251298354,False
npm::pug-walk,1,0.001893939393939394,6.577841251298354,False
npm::pug-lexer,1,0.001893939393939394,6.577841251298354,False
npm::datauri,1,0.001893939393939394,6.577841251298354,False
npm::forever,1,0.001893939393939394,6.577841251298354,False
npm::juice,1,0.001893939393939394,6.577841251298354,False
npm::lazy,1,0.001893939393939394,6.577841251298354,False
npm::shush,1,0.001893939393939394,6.577841251298354,False
npm::flatiron,1,0.001893939393939394,6.577841251298354,False
npm::web-resource-inliner,1,0.001893939393939394,6.577841251298354,False
npm::pug-filters,1,0.001893939393939394,6.577841251298354,False
npm::character-parser,1,0.001893939393939394,6.577841251298354,False
npm::mensch,1,0.001893939393939394,6.577841251298354,False
npm::mongoose-mongodb-errors,1,0.001893939393939394,6.577841251298354,False
npm::connect-mongo,1,0.001893939393939394,6.577841251298354,False
npm::prettyjson,1,0.001893939393939394,6.577841251298354,False
npm::pug-runtime,1,0.001893939393939394,6.577841251298354,False
npm::pug-attrs,1,0.001893939393939394,6.577841251298354,False
npm::timespan,1,0.001893939393939394,6.577841251298354,False
npm::pug-error,1,0.001893939393939394,6.577841251298354,False
npm::mimer,1,0.001893939393939394,6.577841251298354,False
npm::constantinople,1,0.001893939393939394,6.577841251298354,False
npm::scmp,1,0.001893939393939394,6.577841251298354,False
npm::caller,1,0.001893939393939394,6.577841251298354,False
npm::with,1,0.001893939393939394,6.577841251298354,False
npm::forever-monitor,1,0.001893939393939394,6.577841251298354,False
npm::pug-strip-comments,1,0.001893939393939394,6.577841251298354,False
npm::pug-load,1,0.001893939393939394,6.577841251298354,False
npm::broadway,1,0.001893939393939394,6.577841251298354,False
npm::jstransformer,1,0.001893939393939394,6.577841251298354,False
npm::nssocket,1,0.001893939393939394,6.577841251298354,False
npm::infinity-agent,1,0.001893939393939394,6.577841251298354,False
npm::slick,1,0.001893939393939394,6.577841251298354,False
npm::pug-code-gen,1,0.001893939393939394,6.577841251298354,False
npm::now,1,0.001893939393939394,6.577841251298354,False
npm::ps-tree,1,0.001893939393939394,6.577841251298354,False
npm::pug-linker,1,0.001893939393939394,6.577841251298354,False
npm::generaterr,1,0.001893939393939394,6.577841251298354,False
npm::cliff,1,0.001893939393939394,6.577841251298354,False
npm::slugs,1,0.001893939393939394,6.577841251298354,False
npm::director,1,0.001893939393939394,6.577841251298354,False
npm::js-stringify,1,0.001893939393939394,6.577841251298354,False
npm::nconf,1,0.001893939393939394,6.577841251298354,False
npm::is-expression,1,0.001893939393939394,6.577841251298354,False
maven::at.favre.lib/bcrypt,1,0.001893939393939394,6.577841251298354,False
npm::aos,1,0.001893939393939394,6.577841251298354,False
npm::classlist-polyfill,1,0.001893939393939394,6.577841251298354,False
npm::@types/react-modal,1,0.001893939393939394,6.577841251298354,False
npm::@kurkle/color,1,0.001893939393939394,6.577841251298354,False
npm::mdb-react-ui-kit,1,0.001893939393939394,6.577841251298354,False
gem::strscan,1,0.001893939393939394,6.577841251298354,False
gem::io-wait,1,0.001893939393939394,6.577841251298354,False
gem::digest,1,0.001893939393939394,6.577841251298354,False
composer::seld/cli-prompt,1,0.001893939393939394,6.577841251298354,False
composer::cakephp/plugin-installer,1,0.001893939393939394,6.577841251298354,False
composer::cakephp/migrations,1,0.001893939393939394,6.577841251298354,False
composer::jdorn/sql-formatter,1,0.001893939393939394,6.577841251298354,False
composer::zendframework/zend-diactoros,1,0.001893939393939394,6.577841251298354,False
composer::twig/twig,1,0.001893939393939394,6.577841251298354,False
composer::m1/env,1,0.001893939393939394,6.577841251298354,False
composer::robmorgan/phinx,1,0.001893939393939394,6.577841251298354,False
composer::justinrainbow/json-schema,1,0.001893939393939394,6.577841251298354,False
composer::josegonzalez/dotenv,1,0.001893939393939394,6.577841251298354,False
composer::seld/jsonlint,1,0.001893939393939394,6.577841251298354,False
composer::wyrihaximus/twig-view,1,0.001893939393939394,6.577841251298354,False
composer::ajgl/breakpoint-twig-extension,1,0.001893939393939394,6.577841251298354,False
composer::umpirsky/twig-php-function,1,0.001893939393939394,6.577841251298354,False
composer::asm89/twig-cache-extension,1,0.001893939393939394,6.577841251298354,False
composer::aura/intl,1,0.001893939393939394,6.577841251298354,False
composer::seld/phar-utils,1,0.001893939393939394,6.577841251298354,False
composer::composer/spdx-licenses,1,0.001893939393939394,6.577841251298354,False
composer::cakephp/debug_kit,1,0.001893939393939394,6.577841251298354,False
composer::jasny/twig-extensions,1,0.001893939393939394,6.577841251298354,False
composer::cakephp/cakephp-codesniffer,1,0.001893939393939394,6.577841251298354,False
composer::cakephp/cakephp,1,0.001893939393939394,6.577841251298354,False
composer::cakephp/chronos,1,0.001893939393939394,6.577841251298354,False
composer::composer/semver,1,0.001893939393939394,6.577841251298354,False
composer::symfony/config,1,0.001893939393939394,6.577841251298354,False
composer::cakephp/bake,1,0.001893939393939394,6.577841251298354,False
composer::symfony/filesystem,1,0.001893939393939394,6.577841251298354,False
composer::aptoma/twig-markdown,1,0.001893939393939394,6.577841251298354,False
npm::microseconds,1,0.001893939393939394,6.577841251298354,False
npm::broadcast-channel,1,0.001893939393939394,6.577841251298354,False
npm::oblivious-set,1,0.001893939393939394,6.577841251298354,False
npm::express-async-errors,1,0.001893939393939394,6.577841251298354,False
npm::@nicolo-ribaudo/semver-v6,1,0.001893939393939394,6.577841251298354,False
npm::connect-pause,1,0.001893939393939394,6.577841251298354,False
npm::json-server,1,0.001893939393939394,6.577841251298354,False
npm::react-query,1,0.001893939393939394,6.577841251298354,False
npm::nano-time,1,0.001893939393939394,6.577841251298354,False
npm::response-iterator,1,0.001893939393939394,6.577841251298354,False
npm::jsdom-quokka-plugin,1,0.001893939393939394,6.577841251298354,False
npm::express-urlrewrite,1,0.001893939393939394,6.577841251298354,False
npm::unload,1,0.001893939393939394,6.577841251298354,False
gem::webdrivers,1,0.001893939393939394,6.577841251298354,False
gem::ruby-vips,1,0.001893939393939394,6.577841251298354,False
gem::semantic_range,1,0.001893939393939394,6.577841251298354,False
gem::sassc-rails,1,0.001893939393939394,6.577841251298354,False
gem::ssrf_filter,1,0.001893939393939394,6.577841251298354,False
gem::image_processing,1,0.001893939393939394,6.577841251298354,False
npm::ansi-magenta,1,0.001893939393939394,6.577841251298354,False
npm::log-utils,1,0.001893939393939394,6.577841251298354,False
npm::ansi-bgred,1,0.001893939393939394,6.577841251298354,False
npm::prompt-base,1,0.001893939393939394,6.577841251298354,False
npm::arr-swap,1,0.001893939393939394,6.577841251298354,False
npm::terminal-paginator,1,0.001893939393939394,6.577841251298354,False
npm::ansi-bggreen,1,0.001893939393939394,6.577841251298354,False
npm::toggle-array,1,0.001893939393939394,6.577841251298354,False
npm::ansi-strikethrough,1,0.001893939393939394,6.577841251298354,False
npm::ansi-dim,1,0.001893939393939394,6.577841251298354,False
npm::choices-separator,1,0.001893939393939394,6.577841251298354,False
npm::ansi-black,1,0.001893939393939394,6.577841251298354,False
npm::ansi-grey,1,0.001893939393939394,6.577841251298354,False
npm::readline-ui,1,0.001893939393939394,6.577841251298354,False
npm::info-symbol,1,0.001893939393939394,6.577841251298354,False
npm::ansi-green,1,0.001893939393939394,6.577841251298354,False
npm::ansi-italic,1,0.001893939393939394,6.577841251298354,False
npm::ansi-reset,1,0.001893939393939394,6.577841251298354,False
npm::prompt-actions,1,0.001893939393939394,6.577841251298354,False
npm::prompt-choices,1,0.001893939393939394,6.577841251298354,False
npm::ansi-bgblue,1,0.001893939393939394,6.577841251298354,False
npm::prompt-checkbox,1,0.001893939393939394,6.577841251298354,False
npm::ansi-bgblack,1,0.001893939393939394,6.577841251298354,False
npm::pointer-symbol,1,0.001893939393939394,6.577841251298354,False
npm::ansi-bgcyan,1,0.001893939393939394,6.577841251298354,False
npm::ansi-blue,1,0.001893939393939394,6.577841251298354,False
npm::ansi-bgwhite,1,0.001893939393939394,6.577841251298354,False
npm::error-symbol,1,0.001893939393939394,6.577841251298354,False
npm::ansi-bgmagenta,1,0.001893939393939394,6.577841251298354,False
npm::ansi-hidden,1,0.001893939393939394,6.577841251298354,False
npm::log-ok,1,0.001893939393939394,6.577841251298354,False
npm::success-symbol,1,0.001893939393939394,6.577841251298354,False
npm::prompt-question,1,0.001893939393939394,6.577841251298354,False
npm::readline-utils,1,0.001893939393939394,6.577841251298354,False
npm::cli-spinner,1,0.001893939393939394,6.577841251298354,False
npm::ansi-underline,1,0.001893939393939394,6.577841251298354,False
npm::ansi-bold,1,0.001893939393939394,6.577841251298354,False
npm::radio-symbol,1,0.001893939393939394,6.577841251298354,False
npm::ansi-bgyellow,1,0.001893939393939394,6.577841251298354,False
npm::ansi-yellow,1,0.001893939393939394,6.577841251298354,False
npm::koalas,1,0.001893939393939394,6.577841251298354,False
npm::warning-symbol,1,0.001893939393939394,6.577841251298354,False
npm::strip-color,1,0.001893939393939394,6.577841251298354,False
npm::ansi-inverse,1,0.001893939393939394,6.577841251298354,False
npm::ansi-white,1,0.001893939393939394,6.577841251298354,False
npm::loadjs,1,0.001893939393939394,6.577841251298354,False
npm::install,1,0.001893939393939394,6.577841251298354,False
npm::react-twitter-widgets,1,0.001893939393939394,6.577841251298354,False
npm::mini-store,1,0.001893939393939394,6.577841251298354,False
maven::org.codehaus.janino/janino,1,0.001893939393939394,6.577841251298354,False
maven::com.jayway.jsonpath/json-path-assert,1,0.001893939393939394,6.577841251298354,False
maven::de.codeboje.springbootbook/logging,1,0.001893939393939394,6.577841251298354,False
maven::com.heroku.sdk/heroku-maven-plugin,1,0.001893939393939394,6.577841251298354,False
maven::de.codeboje.springbootbook/commons,1,0.001893939393939394,6.577841251298354,False
maven::de.codeboje.springbootbook/spam-detection,1,0.001893939393939394,6.577841251298354,False
npm::catharsis,1,0.001893939393939394,6.577841251298354,False
npm::node-glfw-3,1,0.001893939393939394,6.577841251298354,False
npm::jsdoc,1,0.001893939393939394,6.577841251298354,False
npm::requizzle,1,0.001893939393939394,6.577841251298354,False
npm::stampit,1,0.001893939393939394,6.577841251298354,False
npm::eslint-plugin-header,1,0.001893939393939394,6.577841251298354,False
npm::underscore-contrib,1,0.001893939393939394,6.577841251298354,False
npm::node-librealsense,1,0.001893939393939394,6.577841251298354,False
npm::fs-compare,1,0.001893939393939394,6.577841251298354,False
nuget::stylecop.analyzers,1,0.001893939393939394,6.577841251298354,False
npm::input,1,0.001893939393939394,6.577841251298354,False
pypi::wheel,1,0.001893939393939394,6.577841251298354,False
npm::fsm-as-promised,1,0.001893939393939394,6.577841251298354,False
pub::file_picker,1,0.001893939393939394,6.577841251298354,False
pub::quiver,1,0.001893939393939394,6.577841251298354,False
npm::@tomphttp/bare-server-node,1,0.001893939393939394,6.577841251298354,False
npm::@titaniumnetwork-dev/ultraviolet,1,0.001893939393939394,6.577841251298354,False
npm::umzug,1,0.001893939393939394,6.577841251298354,False
npm::express-promise-router,1,0.001893939393939394,6.577841251298354,False
npm::sequelize-cli,1,0.001893939393939394,6.577841251298354,False
maven::org.apache.rocketmq/rocketmq-namesrv,1,0.001893939393939394,6.577841251298354,False
maven::commons-collections/commons-collections,1,0.001893939393939394,6.577841251298354,False
maven::cglib/cglib,1,0.001893939393939394,6.577841251298354,False
maven::io.springfox/springfox-swagger2,1,0.001893939393939394,6.577841251298354,False
maven::org.apache.rocketmq/rocketmq-broker,1,0.001893939393939394,6.577841251298354,False
maven::com.ctrip.framework.apollo/apollo-client,1,0.001893939393939394,6.577841251298354,False
maven::org.apache.rocketmq/rocketmq-tools,1,0.001893939393939394,6.577841251298354,False
maven::io.springfox/springfox-swagger-ui,1,0.001893939393939394,6.577841251298354,False
maven::com.spotify/docker-maven-plugin,1,0.001893939393939394,6.577841251298354,False
maven::org.jooq/joor,1,0.001893939393939394,6.577841251298354,False
pypi::aiogram,1,0.001893939393939394,6.577841251298354,False
npm::react-i18next,1,0.001893939393939394,6.577841251298354,False
npm::html-parse-stringify,1,0.001893939393939394,6.577841251298354,False
npm::i18next,1,0.001893939393939394,6.577841251298354,False
npm::tingodb,1,0.001893939393939394,6.577841251298354,False
npm::password-hash,1,0.001893939393939394,6.577841251298354,False
maven::com.github.spotbugs/spotbugs-maven-plugin,1,0.001893939393939394,6.577841251298354,False
maven::com.puppycrawl.tools/checkstyle,1,0.001893939393939394,6.577841251298354,False
maven::jakarta.validation/jakarta.validation-api,1,0.001893939393939394,6.577841251298354,False
github_actions::yandex-praktikum/java-shareit/.github/workflows/api-tests.yml,1,0.001893939393939394,6.577841251298354,False
maven::org.hibernate.validator/hibernate-validator,1,0.001893939393939394,6.577841251298354,False
maven::org.springframework.boot/spring-boot-configuration-processor,1,0.001893939393939394,6.577841251298354,False
npm::graphql-compose,1,0.001893939393939394,6.577841251298354,False
npm::@pieh/friendly-errors-webpack-plugin,1,0.001893939393939394,6.577841251298354,False
npm::physical-cpu-count,1,0.001893939393939394,6.577841251298354,False
npm::@reach/router,1,0.001893939393939394,6.577841251298354,False
npm::@types/reach__router,1,0.001893939393939394,6.577841251298354,False
npm::babel-preset-gatsby,1,0.001893939393939394,6.577841251298354,False
npm::cache-manager-fs-hash,1,0.001893939393939394,6.577841251298354,False
npm::@stefanprobst/lokijs,1,0.001893939393939394,6.577841251298354,False
npm::kebab-hash,1,0.001893939393939394,6.577841251298354,False
npm::@types/get-port,1,0.001893939393939394,6.577841251298354,False
npm::cache-manager,1,0.001893939393939394,6.577841251298354,False
npm::@gatsbyjs/relay-compiler,1,0.001893939393939394,6.577841251298354,False
npm::devcert-san,1,0.001893939393939394,6.577841251298354,False
npm::graphql-playground-middleware-express,1,0.001893939393939394,6.577841251298354,False
npm::lodash.every,1,0.001893939393939394,6.577841251298354,False
npm::event-source-polyfill,1,0.001893939393939394,6.577841251298354,False
npm::graphql-playground-html,1,0.001893939393939394,6.577841251298354,False
npm::opentracing,1,0.001893939393939394,6.577841251298354,False
npm::@types/tmp,1,0.001893939393939394,6.577841251298354,False
npm::graphql-import,1,0.001893939393939394,6.577841251298354,False
npm::@mikaelkristiansson/domready,1,0.001893939393939394,6.577841251298354,False
npm::@types/configstore,1,0.001893939393939394,6.577841251298354,False
npm::gatsby-plugin-page-creator,1,0.001893939393939394,6.577841251298354,False
npm::name-all-modules-plugin,1,0.001893939393939394,6.577841251298354,False
npm::babel-plugin-remove-graphql-queries,1,0.001893939393939394,6.577841251298354,False
npm::hash-mod,1,0.001893939393939394,6.577841251298354,False
npm::eslint-plugin-graphql,1,0.001893939393939394,6.577841251298354,False
npm::gatsby-telemetry,1,0.001893939393939394,6.577841251298354,False
npm::xstate,1,0.001893939393939394,6.577841251298354,False
npm::lodash.maxby,1,0.001893939393939394,6.577841251298354,False
maven::com.zaxxer/HikariCP,1,0.001893939393939394,6.577841251298354,False
maven::org.springframework.boot/spring-boot-starter-batch,1,0.001893939393939394,6.577841251298354,False
npm::fetch-blob,1,0.001893939393939394,6.577841251298354,False
npm::@node-minify/clean-css,1,0.001893939393939394,6.577841251298354,False
npm::@node-minify/terser,1,0.001893939393939394,6.577841251298354,False
npm::@node-minify/utils,1,0.001893939393939394,6.577841251298354,False
npm::@jkeesee/json-db,1,0.001893939393939394,6.577841251298354,False
npm::formdata-polyfill,1,0.001893939393939394,6.577841251298354,False
npm::@node-minify/core,1,0.001893939393939394,6.577841251298354,False
pypi::mako,1,0.001893939393939394,6.577841251298354,False
pypi::asyncpg,1,0.001893939393939394,6.577841251298354,False
maven::com.sourabh/scribe,1,0.001893939393939394,6.577841251298354,False
npm::uuidv4,1,0.001893939393939394,6.577841251298354,False
npm::react-to-print,1,0.001893939393939394,6.577841251298354,False
npm::react-otp-input,1,0.001893939393939394,6.577841251298354,False
npm::react-number-format,1,0.001893939393939394,6.577841251298354,False
npm::react-multi-carousel,1,0.001893939393939394,6.577841251298354,False
nuget::fsharp.core,1,0.001893939393939394,6.577841251298354,False
npm::@types/http-proxy-middleware,1,0.001893939393939394,6.577841251298354,False
npm::amazon-cognito-identity-js,1,0.001893939393939394,6.577841251298354,False
npm::jwk-to-pem,1,0.001893939393939394,6.577841251298354,False
npm::aws-sdk,1,0.001893939393939394,6.577841251298354,False
npm::@capacitor/app,1,0.001893939393939394,6.577841251298354,False
npm::extract-from-css,1,0.001893939393939394,6.577841251298354,False
npm::jest-transform-stub,1,0.001893939393939394,6.577841251298354,False
npm::@capacitor/haptics,1,0.001893939393939394,6.577841251298354,False
npm::generic-names,1,0.001893939393939394,6.577841251298354,False
npm::@ionic/utils-array,1,0.001893939393939394,6.577841251298354,False
npm::@ionic/utils-stream,1,0.001893939393939394,6.577841251298354,False
npm::@ionic/utils-object,1,0.001893939393939394,6.577841251298354,False
npm::@ionic/utils-subprocess,1,0.001893939393939394,6.577841251298354,False
npm::native-run,1,0.001893939393939394,6.577841251298354,False
npm::fork-ts-checker-webpack-plugin-v5,1,0.001893939393939394,6.577841251298354,False
npm::vue-loader-v16,1,0.001893939393939394,6.577841251298354,False
npm::@vue/cli-plugin-unit-jest,1,0.001893939393939394,6.577841251298354,False
npm::@ionic/utils-terminal,1,0.001893939393939394,6.577841251298354,False
npm::elementtree,1,0.001893939393939394,6.577841251298354,False
npm::@stencil/core,1,0.001893939393939394,6.577841251298354,False
npm::jest-environment-jsdom-fifteen,1,0.001893939393939394,6.577841251298354,False
npm::postcss-modules,1,0.001893939393939394,6.577841251298354,False
npm::@ionic/utils-process,1,0.001893939393939394,6.577841251298354,False
npm::@capacitor/keyboard,1,0.001893939393939394,6.577841251298354,False
npm::@ionic/cli-framework-output,1,0.001893939393939394,6.577841251298354,False
npm::@ionic/vue-router,1,0.001893939393939394,6.577841251298354,False
npm::@ionic/vue,1,0.001893939393939394,6.577841251298354,False
npm::@ionic/utils-fs,1,0.001893939393939394,6.577841251298354,False
gem::popper_js,1,0.001893939393939394,6.577841251298354,False
gem::font-awesome-rails,1,0.001893939393939394,6.577841251298354,False
gem::bootstrap,1,0.001893939393939394,6.577841251298354,False
gem::bootswatch,1,0.001893939393939394,6.577841251298354,False
pypi::rpi-gpio,1,0.001893939393939394,6.577841251298354,False
npm::module-alias,1,0.001893939393939394,6.577841251298354,False
npm::validate-target,1,0.001893939393939394,6.577841251298354,False
npm::vlitejs,1,0.001893939393939394,6.577841251298354,False
npm::@vue/vue-loader-v15,1,0.001893939393939394,6.577841251298354,False
npm::progress-webpack-plugin,1,0.001893939393939394,6.577841251298354,False
npm::is-file-esm,1,0.001893939393939394,6.577841251298354,False
npm::three,1,0.001893939393939394,6.577841251298354,False
npm::random-spherical,1,0.001893939393939394,6.577841251298354,False
npm::base64-inline-loader,1,0.001893939393939394,6.577841251298354,False
npm::blessed,1,0.001893939393939394,6.577841251298354,False
npm::webpack-cleanup-plugin,1,0.001893939393939394,6.577841251298354,False
npm::recursive-readdir-sync,1,0.001893939393939394,6.577841251298354,False
npm::webpack-dashboard,1,0.001893939393939394,6.577841251298354,False
npm::unist-util-position-from-estree,1,0.001893939393939394,6.577841251298354,False
npm::@remix-run/express,1,0.001893939393939394,6.577841251298354,False
npm::mdast-util-mdx-expression,1,0.001893939393939394,6.577841251298354,False
npm::remove-trailing-spaces,1,0.001893939393939394,6.577841251298354,False
npm::replaceall,1,0.001893939393939394,6.577841251298354,False
npm::esbuild-jest,1,0.001893939393939394,6.577841251298354,False
npm::cosmiconfig-toml-loader,1,0.001893939393939394,6.577841251298354,False
npm::remark-frontmatter,1,0.001893939393939394,6.577841251298354,False
npm::@n1ru4l/graphql-live-query,1,0.001893939393939394,6.577841251298354,False
npm::@remix-run/web-stream,1,0.001893939393939394,6.577841251298354,False
npm::@graphql-codegen/typescript-operations,1,0.001893939393939394,6.577841251298354,False
npm::periscopic,1,0.001893939393939394,6.577841251298354,False
npm::micromark-extension-frontmatter,1,0.001893939393939394,6.577841251298354,False
npm::@zxing/text-encoding,1,0.001893939393939394,6.577841251298354,False
npm::@graphql-tools/prisma-loader,1,0.001893939393939394,6.577841251298354,False
npm::@web3-storage/multipart-parser,1,0.001893939393939394,6.577841251298354,False
npm::@graphql-codegen/core,1,0.001893939393939394,6.577841251298354,False
npm::scuid,1,0.001893939393939394,6.577841251298354,False
npm::@remix-run/server-runtime,1,0.001893939393939394,6.577841251298354,False
npm::micromark-util-events-to-acorn,1,0.001893939393939394,6.577841251298354,False
npm::rollup-plugin-node-polyfills,1,0.001893939393939394,6.577841251298354,False
npm::meros,1,0.001893939393939394,6.577841251298354,False
npm::style-to-object,1,0.001893939393939394,6.577841251298354,False
npm::web-encoding,1,0.001893939393939394,6.577841251298354,False
npm::estree-util-value-to-estree,1,0.001893939393939394,6.577841251298354,False
npm::remix,1,0.001893939393939394,6.577841251298354,False
npm::@graphql-tools/apollo-engine-loader,1,0.001893939393939394,6.577841251298354,False
npm::@graphql-codegen/schema-ast,1,0.001893939393939394,6.577841251298354,False
npm::format,1,0.001893939393939394,6.577841251298354,False
npm::@graphql-tools/optimize,1,0.001893939393939394,6.577841251298354,False
npm::@types/mdurl,1,0.001893939393939394,6.577841251298354,False
npm::micromark-factory-mdx-expression,1,0.001893939393939394,6.577841251298354,False
npm::mdast-util-mdxjs-esm,1,0.001893939393939394,6.577841251298354,False
npm::micromark-extension-mdxjs,1,0.001893939393939394,6.577841251298354,False
npm::@remix-run/web-blob,1,0.001893939393939394,6.577841251298354,False
npm::json-to-pretty-yaml,1,0.001893939393939394,6.577841251298354,False
npm::xdm,1,0.001893939393939394,6.577841251298354,False
npm::@remix-run/serve,1,0.001893939393939394,6.577841251298354,False
npm::graphql-sse,1,0.001893939393939394,6.577841251298354,False
npm::stream-slice,1,0.001893939393939394,6.577841251298354,False
npm::@esbuild-plugins/node-modules-polyfill,1,0.001893939393939394,6.577841251298354,False
npm::sort-object-keys,1,0.001893939393939394,6.577841251298354,False
npm::toml,1,0.001893939393939394,6.577841251298354,False
npm::git-hooks-list,1,0.001893939393939394,6.577841251298354,False
npm::micromark-extension-mdx-jsx,1,0.001893939393939394,6.577841251298354,False
npm::@remix-run/vercel,1,0.001893939393939394,6.577841251298354,False
npm::inline-style-parser,1,0.001893939393939394,6.577841251298354,False
npm::sponge-case,1,0.001893939393939394,6.577841251298354,False
npm::estree-util-is-identifier-name,1,0.001893939393939394,6.577841251298354,False
npm::blob-stream,1,0.001893939393939394,6.577841251298354,False
npm::mdast-util-mdx-jsx,1,0.001893939393939394,6.577841251298354,False
npm::markdown-extensions,1,0.001893939393939394,6.577841251298354,False
npm::micromark-extension-mdx-md,1,0.001893939393939394,6.577841251298354,False
npm::@graphql-codegen/typescript,1,0.001893939393939394,6.577841251298354,False
npm::remedial,1,0.001893939393939394,6.577841251298354,False
npm::ts-log,1,0.001893939393939394,6.577841251298354,False
npm::micromark-extension-mdxjs-esm,1,0.001893939393939394,6.577841251298354,False
npm::@graphql-codegen/cli,1,0.001893939393939394,6.577841251298354,False
npm::eslint-plugin-tailwindcss,1,0.001893939393939394,6.577841251298354,False
npm::hast-util-to-estree,1,0.001893939393939394,6.577841251298354,False
npm::micromark-extension-mdx-expression,1,0.001893939393939394,6.577841251298354,False
npm::@graphql-codegen/add,1,0.001893939393939394,6.577841251298354,False
npm::@remix-run/web-form-data,1,0.001893939393939394,6.577841251298354,False
npm::sort-package-json,1,0.001893939393939394,6.577841251298354,False
npm::string-env-interpolation,1,0.001893939393939394,6.577841251298354,False
npm::@graphql-codegen/plugin-helpers,1,0.001893939393939394,6.577841251298354,False
npm::@iarna/toml,1,0.001893939393939394,6.577841251298354,False
npm::mdast-util-frontmatter,1,0.001893939393939394,6.577841251298354,False
npm::@ardatan/relay-compiler,1,0.001893939393939394,6.577841251298354,False
npm::fault,1,0.001893939393939394,6.577841251298354,False
npm::estree-util-attach-comments,1,0.001893939393939394,6.577841251298354,False
npm::@remix-run/dev,1,0.001893939393939394,6.577841251298354,False
npm::astring,1,0.001893939393939394,6.577841251298354,False
npm::@web-std/blob,1,0.001893939393939394,6.577841251298354,False
npm::@endemolshinegroup/cosmiconfig-typescript-loader,1,0.001893939393939394,6.577841251298354,False
npm::@graphql-codegen/visitor-plugin-common,1,0.001893939393939394,6.577841251298354,False
npm::cross-undici-fetch,1,0.001893939393939394,6.577841251298354,False
npm::@remix-run/react,1,0.001893939393939394,6.577841251298354,False
npm::@types/json-stable-stringify,1,0.001893939393939394,6.577841251298354,False
npm::@remix-run/web-file,1,0.001893939393939394,6.577841251298354,False
npm::rollup-plugin-inject,1,0.001893939393939394,6.577841251298354,False
npm::@remix-run/web-fetch,1,0.001893939393939394,6.577841251298354,False
npm::change-case-all,1,0.001893939393939394,6.577841251298354,False
npm::mdast-util-mdx,1,0.001893939393939394,6.577841251298354,False
npm::estree-util-build-jsx,1,0.001893939393939394,6.577841251298354,False
npm::estree-util-visit,1,0.001893939393939394,6.577841251298354,False
npm::remark-mdx-frontmatter,1,0.001893939393939394,6.577841251298354,False
npm::@remix-run/node,1,0.001893939393939394,6.577841251298354,False
npm::@web-std/stream,1,0.001893939393939394,6.577841251298354,False
npm::@web-std/file,1,0.001893939393939394,6.577841251298354,False
npm::lodash._baseisequal,1,0.001893939393939394,6.577841251298354,False
npm::deep-equal-ident,1,0.001893939393939394,6.577841251298354,False
npm::rosie,1,0.001893939393939394,6.577841251298354,False
npm::enzyme-matchers,1,0.001893939393939394,6.577841251298354,False
npm::circular-json-es6,1,0.001893939393939394,6.577841251298354,False
npm::jest-environment-enzyme,1,0.001893939393939394,6.577841251298354,False
nuget::microsoft.owin.security.twitter,1,0.001893939393939394,6.577841251298354,False
nuget::microsoft.owin.security.google,1,0.001893939393939394,6.577841251298354,False
nuget::font-awesome,1,0.001893939393939394,6.577841251298354,False
nuget::microsoft.owin.security.oauth,1,0.001893939393939394,6.577841251298354,False
nuget::owin,1,0.001893939393939394,6.577841251298354,False
nuget::microsoft.owin.security.cookies,1,0.001893939393939394,6.577841251298354,False
nuget::microsoft.owin.security,1,0.001893939393939394,6.577841251298354,False
nuget::microsoft.aspnet.identity.entityframework,1,0.001893939393939394,6.577841251298354,False
nuget::microsoft.owin.security.facebook,1,0.001893939393939394,6.577841251298354,False
nuget::microsoft.owin.host.systemweb,1,0.001893939393939394,6.577841251298354,False
nuget::fontawesome,1,0.001893939393939394,6.577841251298354,False
nuget::microsoft.owin,1,0.001893939393939394,6.577841251298354,False
nuget::microsoft.owin.security.microsoftaccount,1,0.001893939393939394,6.577841251298354,False
nuget::microsoft.aspnet.identity.owin,1,0.001893939393939394,6.577841251298354,False
npm::corser,1,0.001893939393939394,6.577841251298354,False
npm::union,1,0.001893939393939394,6.577841251298354,False
npm::http-server,1,0.001893939393939394,6.577841251298354,False
npm::ecstatic,1,0.001893939393939394,6.577841251298354,False
github_actions::danysk/action-checkout,1,0.001893939393939394,6.577841251298354,False
github_actions::DanySK/build-check-deploy-gradle-action,1,0.001893939393939394,6.577841251298354,False
npm::datatables.net-responsive,1,0.001893939393939394,6.577841251298354,False
npm::flag-icon-css,1,0.001893939393939394,6.577841251298354,False
npm::shallow-copy,1,0.001893939393939394,6.577841251298354,False
npm::bootstrap-switch,1,0.001893939393939394,6.577841251298354,False
composer::infyomlabs/laravel-ui-adminlte,1,0.001893939393939394,6.577841251298354,False
npm::css-node-extract,1,0.001893939393939394,6.577841251298354,False
npm::fontkit,1,0.001893939393939394,6.577841251298354,False
npm::jqvmap-novulnerability,1,0.001893939393939394,6.577841251298354,False
npm::grunt-contrib-requirejs,1,0.001893939393939394,6.577841251298354,False
npm::ast-metadata-inferer,1,0.001893939393939394,6.577841251298354,False
npm::jsonpack,1,0.001893939393939394,6.577841251298354,False
npm::bs-stepper,1,0.001893939393939394,6.577841251298354,False
npm::datatables.net-scroller,1,0.001893939393939394,6.577841251298354,False
npm::filterizr,1,0.001893939393939394,6.577841251298354,False
npm::scope-analyzer,1,0.001893939393939394,6.577841251298354,False
npm::ast-transform,1,0.001893939393939394,6.577841251298354,False
npm::@ttskch/select2-bootstrap4-theme,1,0.001893939393939394,6.577841251298354,False
npm::datatables.net-select-bs4,1,0.001893939393939394,6.577841251298354,False
npm::pdfmake,1,0.001893939393939394,6.577841251298354,False
npm::datatables.net-searchpanes-bs4,1,0.001893939393939394,6.577841251298354,False
npm::node-sass-magic-importer,1,0.001893939393939394,6.577841251298354,False
npm::jsgrid,1,0.001893939393939394,6.577841251298354,False
composer::twbs/bootstrap,1,0.001893939393939394,6.577841251298354,False
npm::node-sass-package-importer,1,0.001893939393939394,6.577841251298354,False
npm::ci-env,1,0.001893939393939394,6.577841251298354,False
npm::datatables.net-bs4,1,0.001893939393939394,6.577841251298354,False
npm::fast-memoize,1,0.001893939393939394,6.577841251298354,False
npm::@sweetalert2/theme-bootstrap-4,1,0.001893939393939394,6.577841251298354,False
npm::datatables.net-searchpanes,1,0.001893939393939394,6.577841251298354,False
npm::datatables.net-select,1,0.001893939393939394,6.577841251298354,False
npm::get-assigned-identifiers,1,0.001893939393939394,6.577841251298354,False
npm::dash-ast,1,0.001893939393939394,6.577841251298354,False
npm::jquery-ui-dist,1,0.001893939393939394,6.577841251298354,False
npm::datatables.net-fixedheader-bs4,1,0.001893939393939394,6.577841251298354,False
npm::jquery-validation,1,0.001893939393939394,6.577841251298354,False
npm::datatables.net-buttons-bs4,1,0.001893939393939394,6.577841251298354,False
npm::bs-custom-file-input,1,0.001893939393939394,6.577841251298354,False
npm::imagesloaded,1,0.001893939393939394,6.577841251298354,False
npm::browserify-optional,1,0.001893939393939394,6.577841251298354,False
npm::pdfkit,1,0.001893939393939394,6.577841251298354,False
npm::datatables.net-fixedcolumns,1,0.001893939393939394,6.577841251298354,False
npm::tiny-inflate,1,0.001893939393939394,6.577841251298354,False
npm::datatables.net-autofill,1,0.001893939393939394,6.577841251298354,False
composer::infyomlabs/laravel-generator-helpers,1,0.001893939393939394,6.577841251298354,False
npm::bundlewatch,1,0.001893939393939394,6.577841251298354,False
npm::brotli,1,0.001893939393939394,6.577841251298354,False
npm::vnu-jar,1,0.001893939393939394,6.577841251298354,False
npm::css-selector-extract,1,0.001893939393939394,6.577841251298354,False
npm::quote-stream,1,0.001893939393939394,6.577841251298354,False
npm::eslint-plugin-compat,1,0.001893939393939394,6.577841251298354,False
npm::datatables.net-colreorder,1,0.001893939393939394,6.577841251298354,False
npm::estree-is-function,1,0.001893939393939394,6.577841251298354,False
npm::summernote,1,0.001893939393939394,6.577841251298354,False
npm::dfa,1,0.001893939393939394,6.577841251298354,False
npm::svg-to-pdfkit,1,0.001893939393939394,6.577841251298354,False
npm::grunt-gh-pages,1,0.001893939393939394,6.577841251298354,False
npm::datatables.net-keytable,1,0.001893939393939394,6.577841251298354,False
npm::@lgaitan/pace-progress,1,0.001893939393939394,6.577841251298354,False
npm::datatables.net-buttons,1,0.001893939393939394,6.577841251298354,False
npm::datatables.net-rowgroup,1,0.001893939393939394,6.577841251298354,False
npm::datatables.net-fixedheader,1,0.001893939393939394,6.577841251298354,False
npm::commitplease,1,0.001893939393939394,6.577841251298354,False
npm::unicode-properties,1,0.001893939393939394,6.577841251298354,False
npm::mdn-browser-compat-data,1,0.001893939393939394,6.577841251298354,False
npm::jquery-mapael,1,0.001893939393939394,6.577841251298354,False
npm::dropzone,1,0.001893939393939394,6.577841251298354,False
npm::bootstrap4-duallistbox,1,0.001893939393939394,6.577841251298354,False
npm::datatables.net-keytable-bs4,1,0.001893939393939394,6.577841251298354,False
npm::uplot,1,0.001893939393939394,6.577841251298354,False
npm::png-js,1,0.001893939393939394,6.577841251298354,False
npm::datatables.net-scroller-bs4,1,0.001893939393939394,6.577841251298354,False
npm::datatables.net-rowreorder,1,0.001893939393939394,6.577841251298354,False
npm::datatables.net-fixedcolumns-bs4,1,0.001893939393939394,6.577841251298354,False
npm::array-from,1,0.001893939393939394,6.577841251298354,False
npm::restructure,1,0.001893939393939394,6.577841251298354,False
npm::grunt-bowercopy,1,0.001893939393939394,6.577841251298354,False
npm::linebreak,1,0.001893939393939394,6.577841251298354,False
npm::jquery-knob-chif,1,0.001893939393939394,6.577841251298354,False
npm::static-module,1,0.001893939393939394,6.577841251298354,False
npm::daterangepicker,1,0.001893939393939394,6.577841251298354,False
npm::datatables.net-autofill-bs4,1,0.001893939393939394,6.577841251298354,False
npm::stylelint-config-twbs-bootstrap,1,0.001893939393939394,6.577841251298354,False
npm::unicode-trie,1,0.001893939393939394,6.577841251298354,False
npm::ekko-lightbox,1,0.001893939393939394,6.577841251298354,False
npm::ev-emitter,1,0.001893939393939394,6.577841251298354,False
npm::datatables.net-responsive-bs4,1,0.001893939393939394,6.577841251298354,False
npm::clean-css-cli,1,0.001893939393939394,6.577841251298354,False
npm::datatables.net-colreorder-bs4,1,0.001893939393939394,6.577841251298354,False
npm::datatables.net-rowreorder-bs4,1,0.001893939393939394,6.577841251298354,False
npm::datatables.net-rowgroup-bs4,1,0.001893939393939394,6.577841251298354,False
npm::sparklines,1,0.001893939393939394,6.577841251298354,False
npm::brfs,1,0.001893939393939394,6.577841251298354,False
npm::vue-property-decorator,1,0.001893939393939394,6.577841251298354,False
npm::prettier-eslint,1,0.001893939393939394,6.577841251298354,False
npm::vue-class-component,1,0.001893939393939394,6.577841251298354,False
npm::@types/inputmask,1,0.001893939393939394,6.577841251298354,False
npm::loglevel-colored-level-prefix,1,0.001893939393939394,6.577841251298354,False
npm::mobx,1,0.001893939393939394,6.577841251298354,False
npm::mobx-react,1,0.001893939393939394,6.577841251298354,False
npm::mobx-react-lite,1,0.001893939393939394,6.577841251298354,False
pypi::phonenumbers,1,0.001893939393939394,6.577841251298354,False
pypi::django-phonenumber-field,1,0.001893939393939394,6.577841251298354,False
npm::connect-memcached,1,0.001893939393939394,6.577841251298354,False
npm::nodeunit,1,0.001893939393939394,6.577841251298354,False
npm::generic-pool,1,0.001893939393939394,6.577841251298354,False
npm::express-vhost,1,0.001893939393939394,6.577841251298354,False
npm::n,1,0.001893939393939394,6.577841251298354,False
npm::microbuffer,1,0.001893939393939394,6.577841251298354,False
npm::pg-cloudflare,1,0.001893939393939394,6.577841251298354,False
npm::ttf2eot,1,0.001893939393939394,6.577841251298354,False
npm::use-composed-ref,1,0.001893939393939394,6.577841251298354,False
npm::@radix-ui/react-primitive,1,0.001893939393939394,6.577841251298354,False
npm::@radix-ui/number,1,0.001893939393939394,6.577841251298354,False
npm::@radix-ui/react-scroll-area,1,0.001893939393939394,6.577841251298354,False
npm::@radix-ui/react-presence,1,0.001893939393939394,6.577841251298354,False
npm::@supabase/postgrest-js,1,0.001893939393939394,6.577841251298354,False
npm::generate-password,1,0.001893939393939394,6.577841251298354,False
npm::@mantine/hooks,1,0.001893939393939394,6.577841251298354,False
npm::@radix-ui/react-use-callback-ref,1,0.001893939393939394,6.577841251298354,False
npm::json5-loader,1,0.001893939393939394,6.577841251298354,False
npm::@radix-ui/react-compose-refs,1,0.001893939393939394,6.577841251298354,False
npm::@supabase/supabase-js,1,0.001893939393939394,6.577841251298354,False
npm::svgpath,1,0.001893939393939394,6.577841251298354,False
npm::@supabase/functions-js,1,0.001893939393939394,6.577841251298354,False
npm::@radix-ui/primitive,1,0.001893939393939394,6.577841251298354,False
npm::svg2ttf,1,0.001893939393939394,6.577841251298354,False
npm::@radix-ui/react-use-layout-effect,1,0.001893939393939394,6.577841251298354,False
npm::@supabase/realtime-js,1,0.001893939393939394,6.577841251298354,False
npm::@mantine/styles,1,0.001893939393939394,6.577841251298354,False
npm::ttf2woff,1,0.001893939393939394,6.577841251298354,False
npm::@radix-ui/react-context,1,0.001893939393939394,6.577841251298354,False
npm::svgicons2svgfont,1,0.001893939393939394,6.577841251298354,False
npm::string.prototype.codepointat,1,0.001893939393939394,6.577841251298354,False
npm::neatequal,1,0.001893939393939394,6.577841251298354,False
npm::@radix-ui/react-direction,1,0.001893939393939394,6.577841251298354,False
npm::use-isomorphic-layout-effect,1,0.001893939393939394,6.577841251298354,False
npm::unique-names-generator,1,0.001893939393939394,6.577841251298354,False
npm::node-process,1,0.001893939393939394,6.577841251298354,False
npm::varstream,1,0.001893939393939394,6.577841251298354,False
npm::@mantine/carousel,1,0.001893939393939394,6.577841251298354,False
npm::@types/phoenix,1,0.001893939393939394,6.577841251298354,False
npm::webfonts-generator,1,0.001893939393939394,6.577841251298354,False
npm::icon-maker,1,0.001893939393939394,6.577841251298354,False
npm::@supabase/storage-js,1,0.001893939393939394,6.577841251298354,False
npm::@supabase/node-fetch,1,0.001893939393939394,6.577841251298354,False
npm::cubic2quad,1,0.001893939393939394,6.577841251298354,False
npm::use-latest,1,0.001893939393939394,6.577841251298354,False
npm::@types/nodemailer,1,0.001893939393939394,6.577841251298354,False
npm::@mantine/utils,1,0.001893939393939394,6.577841251298354,False
npm::embla-carousel,1,0.001893939393939394,6.577841251298354,False
npm::@mantine/core,1,0.001893939393939394,6.577841251298354,False
npm::string.fromcodepoint,1,0.001893939393939394,6.577841251298354,False
npm::@supabase/gotrue-js,1,0.001893939393939394,6.577841251298354,False
npm::svg-pathdata,1,0.001893939393939394,6.577841251298354,False
npm::onoff,1,0.001893939393939394,6.577841251298354,False
npm::react-smooth,1,0.001893939393939394,6.577841251298354,False
npm::decimal.js-light,1,0.001893939393939394,6.577841251298354,False
npm::@heroicons/react,1,0.001893939393939394,6.577841251298354,False
npm::victory-vendor,1,0.001893939393939394,6.577841251298354,False
npm::recharts-scale,1,0.001893939393939394,6.577841251298354,False
npm::fast-equals,1,0.001893939393939394,6.577841251298354,False
npm::recharts,1,0.001893939393939394,6.577841251298354,False
gem::psych,1,0.001893939393939394,6.577841251298354,False
gem::stringio,1,0.001893939393939394,6.577841251298354,False
npm::sqlite,1,0.001893939393939394,6.577841251298354,False
npm::string-repeat,1,0.001893939393939394,6.577841251298354,False
npm::eslint-config-vgno,1,0.001893939393939394,6.577841251298354,False
npm::tachyons,1,0.001893939393939394,6.577841251298354,False
npm::p-sleep,1,0.001893939393939394,6.577841251298354,False
npm::react-tinder-card,1,0.001893939393939394,6.577841251298354,False
golang::github.com/gorilla/mux,1,0.001893939393939394,6.577841251298354,False
golang::github.com/bwmarrin/snowflake,1,0.001893939393939394,6.577841251298354,False
npm::@trpc/next,1,0.001893939393939394,6.577841251298354,False
npm::@trpc/react-query,1,0.001893939393939394,6.577841251298354,False
npm::prisma,1,0.001893939393939394,6.577841251298354,False
npm::@trpc/server,1,0.001893939393939394,6.577841251298354,False
npm::@trpc/client,1,0.001893939393939394,6.577841251298354,False
npm::@prisma/client,1,0.001893939393939394,6.577841251298354,False
npm::react-ssr-prepass,1,0.001893939393939394,6.577841251298354,False
npm::@prisma/engines,1,0.001893939393939394,6.577841251298354,False
npm::@prisma/engines-version,1,0.001893939393939394,6.577841251298354,False
cargo::windows-implement,1,0.001893939393939394,6.577841251298354,False
cargo::tiny-keccak,1,0.001893939393939394,6.577841251298354,False
cargo::async-process,1,0.001893939393939394,6.577841251298354,False
cargo::icu_locid,1,0.001893939393939394,6.577841251298354,False
cargo::icu_normalizer_data,1,0.001893939393939394,6.577841251298354,False
cargo::assert-json-diff,1,0.001893939393939394,6.577841251298354,False
cargo::parking,1,0.001893939393939394,6.577841251298354,False
cargo::yoke-derive,1,0.001893939393939394,6.577841251298354,False
cargo::async-task,1,0.001893939393939394,6.577841251298354,False
cargo::same-file,1,0.001893939393939394,6.577841251298354,False
cargo::tower-layer,1,0.001893939393939394,6.577841251298354,False
cargo::icu_locid_transform,1,0.001893939393939394,6.577841251298354,False
cargo::event-listener-strategy,1,0.001893939393939394,6.577841251298354,False
cargo::ascii-canvas,1,0.001893939393939394,6.577841251298354,False
cargo::string_cache,1,0.001893939393939394,6.577841251298354,False
cargo::zerofrom-derive,1,0.001893939393939394,6.577841251298354,False
cargo::untrusted,1,0.001893939393939394,6.577841251298354,False
cargo::lalrpop-util,1,0.001893939393939394,6.577841251298354,False
cargo::sdd,1,0.001893939393939394,6.577841251298354,False
cargo::windows-interface,1,0.001893939393939394,6.577841251298354,False
cargo::openssl-macros,1,0.001893939393939394,6.577841251298354,False
cargo::form_urlencoded,1,0.001893939393939394,6.577841251298354,False
cargo::url,1,0.001893939393939394,6.577841251298354,False
cargo::adler2,1,0.001893939393939394,6.577841251298354,False
cargo::derivative,1,0.001893939393939394,6.577841251298354,False
cargo::tower,1,0.001893939393939394,6.577841251298354,False
cargo::utf16_iter,1,0.001893939393939394,6.577841251298354,False
cargo::thread-id,1,0.001893939393939394,6.577841251298354,False
cargo::zeroize,1,0.001893939393939394,6.577841251298354,False
cargo::windows-registry,1,0.001893939393939394,6.577841251298354,False
cargo::log-mdc,1,0.001893939393939394,6.577841251298354,False
cargo::write16,1,0.001893939393939394,6.577841251298354,False
cargo::windows-strings,1,0.001893939393939394,6.577841251298354,False
cargo::fixedbitset,1,0.001893939393939394,6.577841251298354,False
cargo::httpdate,1,0.001893939393939394,6.577841251298354,False
cargo::litemap,1,0.001893939393939394,6.577841251298354,False
cargo::gloo-timers,1,0.001893939393939394,6.577841251298354,False
cargo::polling,1,0.001893939393939394,6.577841251298354,False
cargo::serde_regex,1,0.001893939393939394,6.577841251298354,False
cargo::hyper-tls,1,0.001893939393939394,6.577841251298354,False
cargo::async-std,1,0.001893939393939394,6.577841251298354,False
cargo::concurrent-queue,1,0.001893939393939394,6.577841251298354,False
cargo::petgraph,1,0.001893939393939394,6.577841251298354,False
cargo::rustls-webpki,1,0.001893939393939394,6.577841251298354,False
cargo::rustls-pki-types,1,0.001893939393939394,6.577841251298354,False
cargo::subtle,1,0.001893939393939394,6.577841251298354,False
cargo::unsafe-any-ors,1,0.001893939393939394,6.577841251298354,False
cargo::r-efi,1,0.001893939393939394,6.577841251298354,False
cargo::precomputed-hash,1,0.001893939393939394,6.577841251298354,False
cargo::rustls-pemfile,1,0.001893939393939394,6.577841251298354,False
cargo::httpmock,1,0.001893939393939394,6.577841251298354,False
cargo::blocking,1,0.001893939393939394,6.577841251298354,False
cargo::rustls,1,0.001893939393939394,6.577841251298354,False
cargo::yoke,1,0.001893939393939394,6.577841251298354,False
cargo::schannel,1,0.001893939393939394,6.577841251298354,False
cargo::zerovec,1,0.001893939393939394,6.577841251298354,False
cargo::security-framework-sys,1,0.001893939393939394,6.577841251298354,False
cargo::encoding_rs,1,0.001893939393939394,6.577841251298354,False
cargo::writeable,1,0.001893939393939394,6.577841251298354,False
cargo::wit-bindgen-rt,1,0.001893939393939394,6.577841251298354,False
cargo::signal-hook-registry,1,0.001893939393939394,6.577841251298354,False
cargo::lalrpop,1,0.001893939393939394,6.577841251298354,False
cargo::walkdir,1,0.001893939393939394,6.577841251298354,False
cargo::serde_yaml,1,0.001893939393939394,6.577841251298354,False
cargo::wasm-bindgen-futures,1,0.001893939393939394,6.577841251298354,False
cargo::hyper,1,0.001893939393939394,6.577841251298354,False
cargo::ordered-float,1,0.001893939393939394,6.577841251298354,False
cargo::icu_provider_macros,1,0.001893939393939394,6.577841251298354,False
cargo::levenshtein,1,0.001893939393939394,6.577841251298354,False
cargo::async-lock,1,0.001893939393939394,6.577841251298354,False
cargo::async-global-executor,1,0.001893939393939394,6.577841251298354,False
cargo::synstructure,1,0.001893939393939394,6.577841251298354,False
cargo::icu_collections,1,0.001893939393939394,6.577841251298354,False
cargo::tempfile,1,0.001893939393939394,6.577841251298354,False
cargo::async-attributes,1,0.001893939393939394,6.577841251298354,False
cargo::piper,1,0.001893939393939394,6.577841251298354,False
cargo::ring,1,0.001893939393939394,6.577841251298354,False
cargo::httparse,1,0.001893939393939394,6.577841251298354,False
cargo::serial_test_derive,1,0.001893939393939394,6.577841251298354,False
cargo::windows-result,1,0.001893939393939394,6.577841251298354,False
cargo::typemap-ors,1,0.001893939393939394,6.577841251298354,False
cargo::term,1,0.001893939393939394,6.577841251298354,False
cargo::serde-value,1,0.001893939393939394,6.577841251298354,False
cargo::ipnet,1,0.001893939393939394,6.577841251298354,False
cargo::ena,1,0.001893939393939394,6.577841251298354,False
cargo::openssl,1,0.001893939393939394,6.577841251298354,False
cargo::scc,1,0.001893939393939394,6.577841251298354,False
cargo::phf_shared,1,0.001893939393939394,6.577841251298354,False
cargo::windows-link,1,0.001893939393939394,6.577841251298354,False
cargo::mime,1,0.001893939393939394,6.577841251298354,False
cargo::sync_wrapper,1,0.001893939393939394,6.577841251298354,False
cargo::async-executor,1,0.001893939393939394,6.577841251298354,False
cargo::similar,1,0.001893939393939394,6.577841251298354,False
cargo::openssl-probe,1,0.001893939393939394,6.577841251298354,False
cargo::try-lock,1,0.001893939393939394,6.577841251298354,False
cargo::dotenv,1,0.001893939393939394,6.577841251298354,False
cargo::system-configuration-sys,1,0.001893939393939394,6.577841251298354,False
cargo::unsafe-libyaml,1,0.001893939393939394,6.577841251298354,False
cargo::async-channel,1,0.001893939393939394,6.577841251298354,False
cargo::bit-vec,1,0.001893939393939394,6.577841251298354,False
cargo::system-configuration,1,0.001893939393939394,6.577841251298354,False
cargo::native-tls,1,0.001893939393939394,6.577841251298354,False
cargo::itertools,1,0.001893939393939394,6.577841251298354,False
cargo::vcpkg,1,0.001893939393939394,6.577841251298354,False
cargo::want,1,0.001893939393939394,6.577841251298354,False
cargo::async-object-pool,1,0.001893939393939394,6.577841251298354,False
cargo::event-listener,1,0.001893939393939394,6.577841251298354,False
cargo::icu_normalizer,1,0.001893939393939394,6.577841251298354,False
cargo::arc-swap,1,0.001893939393939394,6.577841251298354,False
cargo::serde_urlencoded,1,0.001893939393939394,6.577841251298354,False
cargo::log4rs,1,0.001893939393939394,6.577841251298354,False
cargo::http,1,0.001893939393939394,6.577841251298354,False
cargo::value-bag,1,0.001893939393939394,6.577841251298354,False
cargo::hyper-rustls,1,0.001893939393939394,6.577841251298354,False
cargo::unicode-xid,1,0.001893939393939394,6.577841251298354,False
cargo::async-signal,1,0.001893939393939394,6.577841251298354,False
cargo::reqwest,1,0.001893939393939394,6.577841251298354,False
cargo::icu_properties,1,0.001893939393939394,6.577841251298354,False
cargo::fastrand,1,0.001893939393939394,6.577841251298354,False
cargo::atomic-waker,1,0.001893939393939394,6.577841251298354,False
cargo::crunchy,1,0.001893939393939394,6.577841251298354,False
cargo::http-body-util,1,0.001893939393939394,6.577841251298354,False
cargo::security-framework,1,0.001893939393939394,6.577841251298354,False
cargo::icu_provider,1,0.001893939393939394,6.577841251298354,False
cargo::zerofrom,1,0.001893939393939394,6.577841251298354,False
cargo::destructure_traitobject,1,0.001893939393939394,6.577841251298354,False
cargo::tokio-rustls,1,0.001893939393939394,6.577841251298354,False
cargo::bit-set,1,0.001893939393939394,6.577841251298354,False
cargo::icu_properties_data,1,0.001893939393939394,6.577841251298354,False
cargo::zerovec-derive,1,0.001893939393939394,6.577841251298354,False
cargo::futures-lite,1,0.001893939393939394,6.577841251298354,False
cargo::async-io,1,0.001893939393939394,6.577841251298354,False
cargo::serial_test,1,0.001893939393939394,6.577841251298354,False
cargo::new_debug_unreachable,1,0.001893939393939394,6.577841251298354,False
cargo::tokio-macros,1,0.001893939393939394,6.577841251298354,False
cargo::windows_i686_gnullvm,1,0.001893939393939394,6.577841251298354,False
cargo::stable_deref_trait,1,0.001893939393939394,6.577841251298354,False
cargo::tower-service,1,0.001893939393939394,6.577841251298354,False
cargo::icu_locid_transform_data,1,0.001893939393939394,6.577841251298354,False
cargo::http-body,1,0.001893939393939394,6.577841251298354,False
cargo::basic-cookies,1,0.001893939393939394,6.577841251298354,False
cargo::h2,1,0.001893939393939394,6.577841251298354,False
cargo::hyper-util,1,0.001893939393939394,6.577841251298354,False
cargo::utf8_iter,1,0.001893939393939394,6.577841251298354,False
cargo::openssl-sys,1,0.001893939393939394,6.577841251298354,False
cargo::idna_adapter,1,0.001893939393939394,6.577841251298354,False
cargo::tokio-native-tls,1,0.001893939393939394,6.577841251298354,False
cargo::idna,1,0.001893939393939394,6.577841251298354,False
cargo::kv-log-macro,1,0.001893939393939394,6.577841251298354,False
maven::commons-httpclient/commons-httpclient,1,0.001893939393939394,6.577841251298354,False
github_actions::reitermarkus/.github/.github/workflows/cargo-build-publish.yml,1,0.001893939393939394,6.577841251298354,False
npm::fs.extra,1,0.001893939393939394,6.577841251298354,False
npm::gulp-angular-templatecache,1,0.001893939393939394,6.577841251298354,False
npm::node-watch,1,0.001893939393939394,6.577841251298354,False
npm::gulp-clean-css,1,0.001893939393939394,6.577841251298354,False
npm::ssr-window,1,0.001893939393939394,6.577841251298354,False
npm::dom7,1,0.001893939393939394,6.577841251298354,False
gem::io-like,1,0.001893939393939394,6.577841251298354,False
gem::archive-zip,1,0.001893939393939394,6.577841251298354,False
gem::chromedriver-helper,1,0.001893939393939394,6.577841251298354,False
npm::attr-accept,1,0.001893939393939394,6.577841251298354,False
npm::react-dropzone,1,0.001893939393939394,6.577841251298354,False
npm::connect-multiparty,1,0.001893939393939394,6.577841251298354,False
npm::bcrypt-node,1,0.001893939393939394,6.577841251298354,False
npm::file-selector,1,0.001893939393939394,6.577841251298354,False
github_actions::ShiftLeftSecurity/scan-action,1,0.001893939393939394,6.577841251298354,False
github_actions::github/codeql-action/upload-sarif,1,0.001893939393939394,6.577841251298354,False
npm::imagemin-jpegtran,1,0.001893939393939394,6.577841251298354,False
npm::concat-with-sourcemaps,1,0.001893939393939394,6.577841251298354,False
npm::gulp-less,1,0.001893939393939394,6.577841251298354,False
npm::make-error-cause,1,0.001893939393939394,6.577841251298354,False
npm::vinyl-named,1,0.001893939393939394,6.577841251298354,False
npm::jpegtran-bin,1,0.001893939393939394,6.577841251298354,False
npm::mustache-loader,1,0.001893939393939394,6.577841251298354,False
npm::hogan.js,1,0.001893939393939394,6.577841251298354,False
npm::vinyl-bufferstream,1,0.001893939393939394,6.577841251298354,False
npm::indx,1,0.001893939393939394,6.577841251298354,False
npm::lodash.partialright,1,0.001893939393939394,6.577841251298354,False
npm::gulp-minify-css,1,0.001893939393939394,6.577841251298354,False
npm::through2-concurrent,1,0.001893939393939394,6.577841251298354,False
npm::gulp-connect,1,0.001893939393939394,6.577841251298354,False
npm::gulp-json,1,0.001893939393939394,6.577841251298354,False
npm::connect-livereload,1,0.001893939393939394,6.577841251298354,False
npm::accord,1,0.001893939393939394,6.577841251298354,False
npm::gulp-imagemin,1,0.001893939393939394,6.577841251298354,False
npm::web3-provider-engine,1,0.001893939393939394,6.577841251298354,False
npm::ky,1,0.001893939393939394,6.577841251298354,False
npm::ethashjs,1,0.001893939393939394,6.577841251298354,False
npm::is-electron,1,0.001893939393939394,6.577841251298354,False
npm::pull-level,1,0.001893939393939394,6.577841251298354,False
npm::test-value,1,0.001893939393939394,6.577841251298354,False
npm::is-ipfs,1,0.001893939393939394,6.577841251298354,False
npm::dockerode,1,0.001893939393939394,6.577841251298354,False
npm::peer-info,1,0.001893939393939394,6.577841251298354,False
npm::ramdasauce,1,0.001893939393939394,6.577841251298354,False
npm::libp2p-crypto-secp256k1,1,0.001893939393939394,6.577841251298354,False
npm::ethereumjs-blockchain,1,0.001893939393939394,6.577841251298354,False
npm::@chainlink/contracts,1,0.001893939393939394,6.577841251298354,False
npm::checkpoint-store,1,0.001893939393939394,6.577841251298354,False
npm::klaw-sync,1,0.001893939393939394,6.577841251298354,False
npm::ipld-dag-cbor,1,0.001893939393939394,6.577841251298354,False
npm::eth-query,1,0.001893939393939394,6.577841251298354,False
npm::@ethereum-waffle/compiler,1,0.001893939393939394,6.577841251298354,False
npm::eth-sig-util,1,0.001893939393939394,6.577841251298354,False
npm::ipld-dag-pb,1,0.001893939393939394,6.577841251298354,False
npm::json-text-sequence,1,0.001893939393939394,6.577841251298354,False
npm::libp2p-crypto,1,0.001893939393939394,6.577841251298354,False
npm::borc,1,0.001893939393939394,6.577841251298354,False
npm::scryptsy,1,0.001893939393939394,6.577841251298354,False
npm::flatmap,1,0.001893939393939394,6.577841251298354,False
npm::level-sublevel,1,0.001893939393939394,6.577841251298354,False
npm::json-rpc-error,1,0.001893939393939394,6.577841251298354,False
npm::bip39,1,0.001893939393939394,6.577841251298354,False
npm::precond,1,0.001893939393939394,6.577841251298354,False
npm::just-map-keys,1,0.001893939393939394,6.577841251298354,False
npm::is-fn,1,0.001893939393939394,6.577841251298354,False
npm::lodash.repeat,1,0.001893939393939394,6.577841251298354,False
npm::@ensdomains/ens,1,0.001893939393939394,6.577841251298354,False
npm::nodeify,1,0.001893939393939394,6.577841251298354,False
npm::@ethereumjs/ethash,1,0.001893939393939394,6.577841251298354,False
npm::async-eventemitter,1,0.001893939393939394,6.577841251298354,False
npm::unorm,1,0.001893939393939394,6.577841251298354,False
npm::@nomiclabs/hardhat-waffle,1,0.001893939393939394,6.577841251298354,False
npm::@types/levelup,1,0.001893939393939394,6.577841251298354,False
npm::hi-base32,1,0.001893939393939394,6.577841251298354,False
npm::ipfs-block,1,0.001893939393939394,6.577841251298354,False
npm::just-kebab-case,1,0.001893939393939394,6.577841251298354,False
npm::is-circular,1,0.001893939393939394,6.577841251298354,False
npm::@resolver-engine/fs,1,0.001893939393939394,6.577841251298354,False
npm::ipfs-utils,1,0.001893939393939394,6.577841251298354,False
npm::apisauce,1,0.001893939393939394,6.577841251298354,False
npm::typewiselite,1,0.001893939393939394,6.577841251298354,False
npm::rsa-unpack,1,0.001893939393939394,6.577841251298354,False
npm::iso-random-stream,1,0.001893939393939394,6.577841251298354,False
npm::iso-url,1,0.001893939393939394,6.577841251298354,False
npm::level-mem,1,0.001893939393939394,6.577841251298354,False
npm::@ethereum-waffle/mock-contract,1,0.001893939393939394,6.577841251298354,False
npm::@types/web3,1,0.001893939393939394,6.577841251298354,False
npm::tmp-promise,1,0.001893939393939394,6.577841251298354,False
npm::@nomiclabs/hardhat-ethers,1,0.001893939393939394,6.577841251298354,False
npm::ky-universal,1,0.001893939393939394,6.577841251298354,False
npm::ethereum-common,1,0.001893939393939394,6.577841251298354,False
npm::fs-jetpack,1,0.001893939393939394,6.577841251298354,False
npm::pull-window,1,0.001893939393939394,6.577841251298354,False
npm::binary-install-raw,1,0.001893939393939394,6.577841251298354,False
npm::safe-event-emitter,1,0.001893939393939394,6.577841251298354,False
npm::unique-by,1,0.001893939393939394,6.577841251298354,False
npm::split-ca,1,0.001893939393939394,6.577841251298354,False
npm::level-post,1,0.001893939393939394,6.577841251298354,False
npm::babelify,1,0.001893939393939394,6.577841251298354,False
npm::pull-live,1,0.001893939393939394,6.577841251298354,False
npm::rsa-pem-to-jwk,1,0.001893939393939394,6.577841251298354,False
npm::mafmt,1,0.001893939393939394,6.577841251298354,False
npm::lodash.lowercase,1,0.001893939393939394,6.577841251298354,False
npm::docker-modem,1,0.001893939393939394,6.577841251298354,False
npm::ipld-raw,1,0.001893939393939394,6.577841251298354,False
npm::cachedown,1,0.001893939393939394,6.577841251298354,False
npm::patch-package,1,0.001893939393939394,6.577841251298354,False
npm::eth-block-tracker,1,0.001893939393939394,6.577841251298354,False
npm::ursa-optional,1,0.001893939393939394,6.577841251298354,False
npm::postinstall-postinstall,1,0.001893939393939394,6.577841251298354,False
npm::iterable-ndjson,1,0.001893939393939394,6.577841251298354,False
npm::backoff,1,0.001893939393939394,6.577841251298354,False
npm::@types/level-errors,1,0.001893939393939394,6.577841251298354,False
npm::semaphore-async-await,1,0.001893939393939394,6.577841251298354,False
npm::jayson,1,0.001893939393939394,6.577841251298354,False
npm::ethereumjs-account,1,0.001893939393939394,6.577841251298354,False
npm::ethereumjs-wallet,1,0.001893939393939394,6.577841251298354,False
npm::assemblyscript,1,0.001893939393939394,6.577841251298354,False
npm::delimit-stream,1,0.001893939393939394,6.577841251298354,False
npm::@resolver-engine/imports,1,0.001893939393939394,6.577841251298354,False
npm::binaryen,1,0.001893939393939394,6.577841251298354,False
npm::json-rpc-engine,1,0.001893939393939394,6.577841251298354,False
npm::iso-stream-http,1,0.001893939393939394,6.577841251298354,False
npm::pull-cat,1,0.001893939393939394,6.577841251298354,False
npm::lodash.trim,1,0.001893939393939394,6.577841251298354,False
npm::@resolver-engine/core,1,0.001893939393939394,6.577841251298354,False
npm::pull-to-stream,1,0.001893939393939394,6.577841251298354,False
npm::@typechain/ethers-v5,1,0.001893939393939394,6.577841251298354,False
npm::pem-jwk,1,0.001893939393939394,6.577841251298354,False
npm::eth-json-rpc-infura,1,0.001893939393939394,6.577841251298354,False
npm::@graphprotocol/graph-cli,1,0.001893939393939394,6.577841251298354,False
npm::stream-to-pull-stream,1,0.001893939393939394,6.577841251298354,False
npm::@graphprotocol/graph-ts,1,0.001893939393939394,6.577841251298354,False
npm::lodash.startcase,1,0.001893939393939394,6.577841251298354,False
npm::murmurhash3js,1,0.001893939393939394,6.577841251298354,False
npm::seedrandom,1,0.001893939393939394,6.577841251298354,False
npm::@ethereumjs/common,1,0.001893939393939394,6.577841251298354,False
npm::@types/underscore,1,0.001893939393939394,6.577841251298354,False
npm::@ethereum-waffle/chai,1,0.001893939393939394,6.577841251298354,False
npm::promise-nodeify,1,0.001893939393939394,6.577841251298354,False
npm::@ethereum-waffle/ens,1,0.001893939393939394,6.577841251298354,False
npm::@nomiclabs/hardhat-etherscan,1,0.001893939393939394,6.577841251298354,False
npm::looper,1,0.001893939393939394,6.577841251298354,False
npm::@ethereumjs/blockchain,1,0.001893939393939394,6.577841251298354,False
npm::ts-generator,1,0.001893939393939394,6.577841251298354,False
npm::level-ws,1,0.001893939393939394,6.577841251298354,False
npm::merkle-patricia-tree,1,0.001893939393939394,6.577841251298354,False
npm::docker-compose,1,0.001893939393939394,6.577841251298354,False
npm::testrpc,1,0.001893939393939394,6.577841251298354,False
npm::@types/abstract-leveldown,1,0.001893939393939394,6.577841251298354,False
npm::@ensdomains/resolver,1,0.001893939393939394,6.577841251298354,False
npm::@ethereum-waffle/provider,1,0.001893939393939394,6.577841251298354,False
npm::ethereum-waffle,1,0.001893939393939394,6.577841251298354,False
npm::json-rpc-random-id,1,0.001893939393939394,6.577841251298354,False
npm::is-pull-stream,1,0.001893939393939394,6.577841251298354,False
npm::pull-stream,1,0.001893939393939394,6.577841251298354,False
npm::peer-id,1,0.001893939393939394,6.577841251298354,False
npm::@resolver-engine/imports-fs,1,0.001893939393939394,6.577841251298354,False
npm::signed-varint,1,0.001893939393939394,6.577841251298354,False
npm::@ethereumjs/vm,1,0.001893939393939394,6.577841251298354,False
npm::pull-defer,1,0.001893939393939394,6.577841251298354,False
npm::promisify-es6,1,0.001893939393939394,6.577841251298354,False
npm::eth-tx-summary,1,0.001893939393939394,6.577841251298354,False
npm::@ethereumjs/block,1,0.001893939393939394,6.577841251298354,False
npm::murmurhash3js-revisited,1,0.001893939393939394,6.577841251298354,False
npm::web3modal,1,0.001893939393939394,6.577841251298354,False
npm::eth-json-rpc-middleware,1,0.001893939393939394,6.577841251298354,False
npm::pull-pushable,1,0.001893939393939394,6.577841251298354,False
npm::multihashing-async,1,0.001893939393939394,6.577841251298354,False
npm::multiaddr,1,0.001893939393939394,6.577841251298354,False
npm::asmcrypto.js,1,0.001893939393939394,6.577841251298354,False
npm::lodash.trimend,1,0.001893939393939394,6.577841251298354,False
npm::@types/sinon-chai,1,0.001893939393939394,6.577841251298354,False
npm::fetch-ponyfill,1,0.001893939393939394,6.577841251298354,False
npm::promise-to-callback,1,0.001893939393939394,6.577841251298354,False
npm::ethereumjs-block,1,0.001893939393939394,6.577841251298354,False
npm::flow-stoplight,1,0.001893939393939394,6.577841251298354,False
npm::ipfs-http-client,1,0.001893939393939394,6.577841251298354,False
npm::lodash.trimstart,1,0.001893939393939394,6.577841251298354,False
npm::fake-merkle-patricia-tree,1,0.001893939393939394,6.577841251298354,False
npm::protons,1,0.001893939393939394,6.577841251298354,False
npm::lodash.lowerfirst,1,0.001893939393939394,6.577841251298354,False
npm::@ethereumjs/tx,1,0.001893939393939394,6.577841251298354,False
npm::ganache-core,1,0.001893939393939394,6.577841251298354,False
npm::ethereumjs-vm,1,0.001893939393939394,6.577841251298354,False
npm::lodash.uppercase,1,0.001893939393939394,6.577841251298354,False
npm::explain-error,1,0.001893939393939394,6.577841251298354,False
nuget::microsoft.entityframeworkcore.inmemory,1,0.001893939393939394,6.577841251298354,False
npm::@capacitor/ios,1,0.001893939393939394,6.577841251298354,False
npm::@ionic/pwa-elements,1,0.001893939393939394,6.577841251298354,False
npm::split-array-stream,1,0.001893939393939394,6.577841251298354,False
npm::@types/caseless,1,0.001893939393939394,6.577841251298354,False
npm::@angular/service-worker,1,0.001893939393939394,6.577841251298354,False
npm::move-file,1,0.001893939393939394,6.577841251298354,False
npm::@vue/cli-plugin-unit-mocha,1,0.001893939393939394,6.577841251298354,False
npm::@babel/runtime-corejs2,1,0.001893939393939394,6.577841251298354,False
npm::jsdom-global,1,0.001893939393939394,6.577841251298354,False
npm::current-script-polyfill,1,0.001893939393939394,6.577841251298354,False
npm::dom-event-types,1,0.001893939393939394,6.577841251298354,False
npm::string.prototype.padstart,1,0.001893939393939394,6.577841251298354,False
npm::mocha-webpack,1,0.001893939393939394,6.577841251298354,False
npm::nodent-runtime,1,0.001893939393939394,6.577841251298354,False
composer::biscolab/laravel-recaptcha,1,0.001893939393939394,6.577841251298354,False
composer::spatie/laravel-query-builder,1,0.001893939393939394,6.577841251298354,False
composer::paypal/rest-api-sdk-php,1,0.001893939393939394,6.577841251298354,False
composer::spatie/laravel-activitylog,1,0.001893939393939394,6.577841251298354,False
composer::aws/aws-sdk-php,1,0.001893939393939394,6.577841251298354,False
composer::kkomelin/laravel-translatable-string-exporter,1,0.001893939393939394,6.577841251298354,False
composer::maximebf/debugbar,1,0.001893939393939394,6.577841251298354,False
composer::laraveldaily/laravel-invoices,1,0.001893939393939394,6.577841251298354,False
composer::hidehalo/nanoid-php,1,0.001893939393939394,6.577841251298354,False
composer::symfony/http-client-contracts,1,0.001893939393939394,6.577841251298354,False
composer::symfony/http-client,1,0.001893939393939394,6.577841251298354,False
composer::spatie/laravel-validation-rules,1,0.001893939393939394,6.577841251298354,False
composer::masterminds/html5,1,0.001893939393939394,6.577841251298354,False
composer::aws/aws-crt-php,1,0.001893939393939394,6.577841251298354,False
composer::paypal/paypalhttp,1,0.001893939393939394,6.577841251298354,False
composer::yajra/laravel-datatables-oracle,1,0.001893939393939394,6.577841251298354,False
composer::socialiteproviders/discord,1,0.001893939393939394,6.577841251298354,False
composer::stripe/stripe-php,1,0.001893939393939394,6.577841251298354,False
composer::symfony/mailgun-mailer,1,0.001893939393939394,6.577841251298354,False
composer::socialiteproviders/manager,1,0.001893939393939394,6.577841251298354,False
composer::qirolab/laravel-themer,1,0.001893939393939394,6.577841251298354,False
npm::tinymce,1,0.001893939393939394,6.577841251298354,False
composer::paypal/paypal-checkout-sdk,1,0.001893939393939394,6.577841251298354,False
composer::spatie/laravel-package-tools,1,0.001893939393939394,6.577841251298354,False
composer::symfony/intl,1,0.001893939393939394,6.577841251298354,False
composer::mtdowling/jmespath.php,1,0.001893939393939394,6.577841251298354,False
maven::com.google.gwt.inject/gin,1,0.001893939393939394,6.577841251298354,False
maven::com.gwtplatform/gwtp-mvp-client,1,0.001893939393939394,6.577841251298354,False
maven::org.codehaus.mojo/gwt-maven-plugin,1,0.001893939393939394,6.577841251298354,False
maven::com.github.gwtmaterialdesign/gwt-material-addins,1,0.001893939393939394,6.577841251298354,False
maven::com.github.gwtmaterialdesign/gwt-material,1,0.001893939393939394,6.577841251298354,False
maven::com.github.gwtmaterialdesign/gwt-material-themes,1,0.001893939393939394,6.577841251298354,False
maven::com.google.gwt/gwt-user,1,0.001893939393939394,6.577841251298354,False
npm::nanocolors,1,0.001893939393939394,6.577841251298354,False
github_actions::Homebrew/actions/setup-homebrew,1,0.001893939393939394,6.577841251298354,False
github_actions::Homebrew/actions/git-try-push,1,0.001893939393939394,6.577841251298354,False
github_actions::Homebrew/actions/git-user-config,1,0.001893939393939394,6.577841251298354,False
gem::celluloid-io,1,0.001893939393939394,6.577841251298354,False
gem::lumberjack,1,0.001893939393939394,6.577841251298354,False
gem::celluloid,1,0.001893939393939394,6.577841251298354,False
gem::growl,1,0.001893939393939394,6.577841251298354,False
gem::spork-rails,1,0.001893939393939394,6.577841251298354,False
gem::spork,1,0.001893939393939394,6.577841251298354,False
gem::guard-spork,1,0.001893939393939394,6.577841251298354,False
gem::formatador,1,0.001893939393939394,6.577841251298354,False
gem::timers,1,0.001893939393939394,6.577841251298354,False
gem::websocket,1,0.001893939393939394,6.577841251298354,False
gem::guard-bundler,1,0.001893939393939394,6.577841251298354,False
gem::debugger,1,0.001893939393939394,6.577841251298354,False
gem::debugger-ruby_core_source,1,0.001893939393939394,6.577841251298354,False
npm::create-jest,1,0.001893939393939394,6.577841251298354,False
npm::jest-babel,1,0.001893939393939394,6.577841251298354,False
pub::flutter_app_name,1,0.001893939393939394,6.577841251298354,False
pub::get,1,0.001893939393939394,6.577841251298354,False
pub::rxdart,1,0.001893939393939394,6.577841251298354,False
maven::org.apache.jackrabbit/jackrabbit-core,1,0.001893939393939394,6.577841251298354,False
maven::org.apache/jackrabbit-ocm,1,0.001893939393939394,6.577841251298354,False
maven::javax.jcr/jcr,1,0.001893939393939394,6.577841251298354,False
maven::org.mongodb/mongo-java-driver,1,0.001893939393939394,6.577841251298354,False
maven::org.apache.jackrabbit/jackrabbit-jcr2dav,1,0.001893939393939394,6.577841251298354,False
maven::org.javers/javers-spring,1,0.001893939393939394,6.577841251298354,False
maven::org.javers/javers-persistence-mongo,1,0.001893939393939394,6.577841251298354,False
pypi::itypes,1,0.001893939393939394,6.577841251298354,False
pypi::openapi-codec,1,0.001893939393939394,6.577841251298354,False
pypi::coreschema,1,0.001893939393939394,6.577841251298354,False
pypi::coreapi,1,0.001893939393939394,6.577841251298354,False
pypi::simplejson,1,0.001893939393939394,6.577841251298354,False
pypi::djangorestframework-simplejwt,1,0.001893939393939394,6.577841251298354,False
npm::gsap,1,0.001893939393939394,6.577841251298354,False
npm::leaflet-ant-path,1,0.001893939393939394,6.577841251298354,False
composer::hacoidev/laravel-caching-model,1,0.001893939393939394,6.577841251298354,False
composer::hacoidev/settings,1,0.001893939393939394,6.577841251298354,False
composer::hacoidev/permissionmanager,1,0.001893939393939394,6.577841251298354,False
composer::artesaos/seotools,1,0.001893939393939394,6.577841251298354,False
composer::hacoidev/crud,1,0.001893939393939394,6.577841251298354,False
composer::ckfinder/ckfinder-laravel-package,1,0.001893939393939394,6.577841251298354,False
composer::spatie/laravel-sitemap,1,0.001893939393939394,6.577841251298354,False
maven::jstl/jstl,1,0.001893939393939394,6.577841251298354,False
maven::jakarta.servlet/jakarta.servlet-api,1,0.001893939393939394,6.577841251298354,False
npm::@react-native/virtualized-lists,1,0.001893939393939394,6.577841251298354,False
npm::@expo/devcert,1,0.001893939393939394,6.577841251298354,False
npm::@expo/spawn-async,1,0.001893939393939394,6.577841251298354,False
npm::@segment/loosely-validate-event,1,0.001893939393939394,6.577841251298354,False
npm::@react-native/normalize-colors,1,0.001893939393939394,6.577841251298354,False
npm::lightningcss-linux-arm64-musl,1,0.001893939393939394,6.577841251298354,False
npm::@expo/cli,1,0.001893939393939394,6.577841251298354,False
npm::babel-plugin-transform-flow-enums,1,0.001893939393939394,6.577841251298354,False
npm::@expo/package-manager,1,0.001893939393939394,6.577841251298354,False
npm::parse-png,1,0.001893939393939394,6.577841251298354,False
npm::requireg,1,0.001893939393939394,6.577841251298354,False
npm::@expo/rudder-sdk-node,1,0.001893939393939394,6.577841251298354,False
npm::memory-cache,1,0.001893939393939394,6.577841251298354,False
npm::@urql/exchange-retry,1,0.001893939393939394,6.577841251298354,False
npm::@react-native/gradle-plugin,1,0.001893939393939394,6.577841251298354,False
npm::is-valid-path,1,0.001893939393939394,6.577841251298354,False
npm::json-schema-deref-sync,1,0.001893939393939394,6.577841251298354,False
npm::lightningcss-linux-arm64-gnu,1,0.001893939393939394,6.577841251298354,False
npm::@expo/image-utils,1,0.001893939393939394,6.577841251298354,False
npm::fetch-retry,1,0.001893939393939394,6.577841251298354,False
npm::flow-enums-runtime,1,0.001893939393939394,6.577841251298354,False
npm::@react-native/codegen,1,0.001893939393939394,6.577841251298354,False
npm::join-component,1,0.001893939393939394,6.577841251298354,False
npm::exec-async,1,0.001893939393939394,6.577841251298354,False
npm::component-type,1,0.001893939393939394,6.577841251298354,False
npm::lightningcss-darwin-arm64,1,0.001893939393939394,6.577841251298354,False
npm::lightningcss-linux-arm-gnueabihf,1,0.001893939393939394,6.577841251298354,False
npm::lightningcss-linux-x64-gnu,1,0.001893939393939394,6.577841251298354,False
npm::lightningcss,1,0.001893939393939394,6.577841251298354,False
npm::@expo/prebuild-config,1,0.001893939393939394,6.577841251298354,False
npm::structured-headers,1,0.001893939393939394,6.577841251298354,False
npm::jsc-safe-url,1,0.001893939393939394,6.577841251298354,False
npm::is-invalid-path,1,0.001893939393939394,6.577841251298354,False
npm::@expo/osascript,1,0.001893939393939394,6.577841251298354,False
npm::@expo/bunyan,1,0.001893939393939394,6.577841251298354,False
npm::@expo/env,1,0.001893939393939394,6.577841251298354,False
npm::@react-native/js-polyfills,1,0.001893939393939394,6.577841251298354,False
npm::@expo/dev-server,1,0.001893939393939394,6.577841251298354,False
npm::@expo/code-signing-certificates,1,0.001893939393939394,6.577841251298354,False
npm::application-config-path,1,0.001893939393939394,6.577841251298354,False
npm::@urql/core,1,0.001893939393939394,6.577841251298354,False
npm::remove-trailing-slash,1,0.001893939393939394,6.577841251298354,False
npm::lightningcss-darwin-x64,1,0.001893939393939394,6.577841251298354,False
npm::@expo/xcpretty,1,0.001893939393939394,6.577841251298354,False
npm::freeport-async,1,0.001893939393939394,6.577841251298354,False
npm::dag-map,1,0.001893939393939394,6.577841251298354,False
npm::lightningcss-win32-x64-msvc,1,0.001893939393939394,6.577841251298354,False
npm::@react-native/assets-registry,1,0.001893939393939394,6.577841251298354,False
npm::wonka,1,0.001893939393939394,6.577841251298354,False
npm::md5hex,1,0.001893939393939394,6.577841251298354,False
npm::lightningcss-linux-x64-musl,1,0.001893939393939394,6.577841251298354,False
npm::jimp-compact,1,0.001893939393939394,6.577841251298354,False
npm::ag-grid-react,1,0.001893939393939394,6.577841251298354,False
npm::ag-grid-community,1,0.001893939393939394,6.577841251298354,False
npm::ag-grid-enterprise,1,0.001893939393939394,6.577841251298354,False
pypi::passlib,1,0.001893939393939394,6.577841251298354,False
github_actions::pyupio/safety-action,1,0.001893939393939394,6.577841251298354,False
pypi::prometheus-fastapi-instrumentator,1,0.001893939393939394,6.577841251298354,False
pypi::sentry-sdk,1,0.001893939393939394,6.577841251298354,False
composer::phpmd/phpmd,1,0.001893939393939394,6.577841251298354,False
composer::sebastian/phpcpd,1,0.001893939393939394,6.577841251298354,False
composer::sjparkinson/static-review,1,0.001893939393939394,6.577841251298354,False
composer::lusitanian/oauth,1,0.001893939393939394,6.577841251298354,False
composer::magento/product-enterprise-edition,1,0.001893939393939394,6.577841251298354,False
composer::pdepend/pdepend,1,0.001893939393939394,6.577841251298354,False
npm::text-to-mp3,1,0.001893939393939394,6.577841251298354,False
npm::fake-useragent,1,0.001893939393939394,6.577841251298354,False
npm::futoin-hkdf,1,0.001893939393939394,6.577841251298354,False
npm::miniget,1,0.001893939393939394,6.577841251298354,False
npm::quick-format-unescaped,1,0.001893939393939394,6.577841251298354,False
npm::atomic-sleep,1,0.001893939393939394,6.577841251298354,False
npm::webp-simple-converter,1,0.001893939393939394,6.577841251298354,False
npm::node-gtts,1,0.001893939393939394,6.577841251298354,False
npm::image-to-base64,1,0.001893939393939394,6.577841251298354,False
npm::urlencode,1,0.001893939393939394,6.577841251298354,False
npm::curve25519-js,1,0.001893939393939394,6.577841251298354,False
npm::ytdl-core,1,0.001893939393939394,6.577841251298354,False
npm::brainly-scraper,1,0.001893939393939394,6.577841251298354,False
npm::fast-redact,1,0.001893939393939394,6.577841251298354,False
npm::cloudconvert,1,0.001893939393939394,6.577841251298354,False
npm::pino-std-serializers,1,0.001893939393939394,6.577841251298354,False
npm::pino,1,0.001893939393939394,6.577841251298354,False
npm::@adiwajshing/keyed-db,1,0.001893939393939394,6.577841251298354,False
npm::flatstr,1,0.001893939393939394,6.577841251298354,False
npm::joycon,1,0.001893939393939394,6.577841251298354,False
npm::music-metadata,1,0.001893939393939394,6.577841251298354,False
npm::pino-pretty,1,0.001893939393939394,6.577841251298354,False
npm::@adiwajshing/baileys,1,0.001893939393939394,6.577841251298354,False
npm::m3u8stream,1,0.001893939393939394,6.577841251298354,False
npm::sonic-boom,1,0.001893939393939394,6.577841251298354,False
npm::gulp-webp,1,0.001893939393939394,6.577841251298354,False
npm::hexo-util,1,0.001893939393939394,6.577841251298354,False
npm::grunt-git,1,0.001893939393939394,6.577841251298354,False
npm::hexo-log,1,0.001893939393939394,6.577841251298354,False
npm::hexo-generator-category,1,0.001893939393939394,6.577841251298354,False
npm::a-sync-waterfall,1,0.001893939393939394,6.577841251298354,False
npm::hexo-fs,1,0.001893939393939394,6.577841251298354,False
npm::hexo-renderer-marked,1,0.001893939393939394,6.577841251298354,False
npm::cuid,1,0.001893939393939394,6.577841251298354,False
npm::hexo-renderer-stylus,1,0.001893939393939394,6.577841251298354,False
npm::titlecase,1,0.001893939393939394,6.577841251298354,False
npm::hexo-generator-index,1,0.001893939393939394,6.577841251298354,False
npm::nunjucks,1,0.001893939393939394,6.577841251298354,False
npm::hexo,1,0.001893939393939394,6.577841251298354,False
npm::hexo-renderer-ejs,1,0.001893939393939394,6.577841251298354,False
npm::hexo-generator-tag,1,0.001893939393939394,6.577841251298354,False
npm::hexo-front-matter,1,0.001893939393939394,6.577841251298354,False
npm::hexo-theme-landscape,1,0.001893939393939394,6.577841251298354,False
npm::hexo-cli,1,0.001893939393939394,6.577841251298354,False
npm::hexo-server,1,0.001893939393939394,6.577841251298354,False
npm::nib,1,0.001893939393939394,6.577841251298354,False
npm::warehouse,1,0.001893939393939394,6.577841251298354,False
npm::hexo-generator-archive,1,0.001893939393939394,6.577841251298354,False
npm::hexo-pagination,1,0.001893939393939394,6.577841251298354,False
npm::hexo-i18n,1,0.001893939393939394,6.577841251298354,False
npm::node-bin-setup,1,0.001893939393939394,6.577841251298354,False
npm::node,1,0.001893939393939394,6.577841251298354,False
npm::benchmark,1,0.001893939393939394,6.577841251298354,False
github_actions::samin/mysql-action,1,0.001893939393939394,6.577841251298354,False
github_actions::szenius/set-timezone,1,0.001893939393939394,6.577841251298354,False
github_actions::EnricoMi/publish-unit-test-result-action,1,0.001893939393939394,6.577841251298354,False
npm::@types/swagger-ui-express,1,0.001893939393939394,6.577841251298354,False
npm::eslint-plugin-import-helpers,1,0.001893939393939394,6.577841251298354,False
npm::swagger-ui-express,1,0.001893939393939394,6.577841251298354,False
maven::guru.springframework/pet-clinic-data,1,0.001893939393939394,6.577841251298354,False
maven::org.mockito/mockito-junit-jupiter,1,0.001893939393939394,6.577841251298354,False
maven::com.sun.xml.bind/jaxb-core,1,0.001893939393939394,6.577841251298354,False
npm::purgecss,1,0.001893939393939394,6.577841251298354,False
npm::lodash.topath,1,0.001893939393939394,6.577841251298354,False
npm::@types/react-icons,1,0.001893939393939394,6.577841251298354,False
npm::@motionone/types,1,0.001893939393939394,6.577841251298354,False
npm::@motionone/utils,1,0.001893939393939394,6.577841251298354,False
npm::@motionone/dom,1,0.001893939393939394,6.577841251298354,False
npm::@motionone/generators,1,0.001893939393939394,6.577841251298354,False
npm::@motionone/easing,1,0.001893939393939394,6.577841251298354,False
npm::@zag-js/focus-visible,1,0.001893939393939394,6.577841251298354,False
npm::@motionone/animation,1,0.001893939393939394,6.577841251298354,False
npm::use-axios-react,1,0.001893939393939394,6.577841251298354,False
npm::react-uuid,1,0.001893939393939394,6.577841251298354,False
npm::@fluentui/react-component-ref,1,0.001893939393939394,6.577841251298354,False
npm::semantic-ui-react,1,0.001893939393939394,6.577841251298354,False
npm::@types/classnames,1,0.001893939393939394,6.577841251298354,False
npm::@semantic-ui-react/event-stack,1,0.001893939393939394,6.577841251298354,False
npm::semantic-ui-css,1,0.001893939393939394,6.577841251298354,False
npm::keyboard-key,1,0.001893939393939394,6.577841251298354,False
npm::@fluentui/react-component-event-listener,1,0.001893939393939394,6.577841251298354,False
npm::msgpackr-extract,1,0.001893939393939394,6.577841251298354,False
npm::lmdb,1,0.001893939393939394,6.577841251298354,False
npm::xxhash-wasm,1,0.001893939393939394,6.577841251298354,False
npm::@parcel/optimizer-htmlnano,1,0.001893939393939394,6.577841251298354,False
npm::@parcel/transformer-raw,1,0.001893939393939394,6.577841251298354,False
npm::lmdb-darwin-x64,1,0.001893939393939394,6.577841251298354,False
npm::@parcel/transformer-css,1,0.001893939393939394,6.577841251298354,False
npm::@parcel/transformer-image,1,0.001893939393939394,6.577841251298354,False
npm::@msgpackr-extract/msgpackr-extract-win32-x64,1,0.001893939393939394,6.577841251298354,False
npm::@parcel/optimizer-svgo,1,0.001893939393939394,6.577841251298354,False
npm::@parcel/optimizer-image,1,0.001893939393939394,6.577841251298354,False
npm::@parcel/runtime-browser-hmr,1,0.001893939393939394,6.577841251298354,False
npm::@parcel/transformer-postcss,1,0.001893939393939394,6.577841251298354,False
npm::@parcel/events,1,0.001893939393939394,6.577841251298354,False
npm::htmlnano,1,0.001893939393939394,6.577841251298354,False
npm::@parcel/css-darwin-arm64,1,0.001893939393939394,6.577841251298354,False
npm::@msgpackr-extract/msgpackr-extract-darwin-x64,1,0.001893939393939394,6.577841251298354,False
npm::@parcel/plugin,1,0.001893939393939394,6.577841251298354,False
npm::@parcel/css-linux-x64-musl,1,0.001893939393939394,6.577841251298354,False
npm::@parcel/transformer-svg,1,0.001893939393939394,6.577841251298354,False
npm::@parcel/types,1,0.001893939393939394,6.577841251298354,False
npm::node-gyp-build-optional-packages,1,0.001893939393939394,6.577841251298354,False
npm::@parcel/packager-js,1,0.001893939393939394,6.577841251298354,False
npm::posthtml-parser,1,0.001893939393939394,6.577841251298354,False
npm::@msgpackr-extract/msgpackr-extract-darwin-arm64,1,0.001893939393939394,6.577841251298354,False
npm::@parcel/runtime-react-refresh,1,0.001893939393939394,6.577841251298354,False
npm::@parcel/transformer-react-refresh-wrap,1,0.001893939393939394,6.577841251298354,False
npm::is-json,1,0.001893939393939394,6.577841251298354,False
npm::@parcel/fs-search,1,0.001893939393939394,6.577841251298354,False
npm::@parcel/transformer-html,1,0.001893939393939394,6.577841251298354,False
npm::@parcel/packager-html,1,0.001893939393939394,6.577841251298354,False
npm::@parcel/transformer-posthtml,1,0.001893939393939394,6.577841251298354,False
npm::@parcel/transformer-babel,1,0.001893939393939394,6.577841251298354,False
npm::@parcel/package-manager,1,0.001893939393939394,6.577841251298354,False
npm::@parcel/logger,1,0.001893939393939394,6.577841251298354,False
npm::@parcel/core,1,0.001893939393939394,6.577841251298354,False
npm::@parcel/css-linux-x64-gnu,1,0.001893939393939394,6.577841251298354,False
npm::@parcel/css-win32-x64-msvc,1,0.001893939393939394,6.577841251298354,False
npm::ordered-binary,1,0.001893939393939394,6.577841251298354,False
npm::notiflix,1,0.001893939393939394,6.577841251298354,False
npm::msgpackr,1,0.001893939393939394,6.577841251298354,False
npm::@parcel/css-linux-arm64-gnu,1,0.001893939393939394,6.577841251298354,False
npm::@msgpackr-extract/msgpackr-extract-linux-arm,1,0.001893939393939394,6.577841251298354,False
npm::@parcel/namer-default,1,0.001893939393939394,6.577841251298354,False
npm::@parcel/diagnostic,1,0.001893939393939394,6.577841251298354,False
npm::@parcel/hash,1,0.001893939393939394,6.577841251298354,False
npm::@parcel/resolver-default,1,0.001893939393939394,6.577841251298354,False
npm::@parcel/css-darwin-x64,1,0.001893939393939394,6.577841251298354,False
npm::@parcel/config-default,1,0.001893939393939394,6.577841251298354,False
npm::@parcel/fs,1,0.001893939393939394,6.577841251298354,False
npm::@parcel/transformer-sass,1,0.001893939393939394,6.577841251298354,False
npm::@parcel/reporter-dev-server,1,0.001893939393939394,6.577841251298354,False
npm::@parcel/packager-raw,1,0.001893939393939394,6.577841251298354,False
npm::@parcel/runtime-service-worker,1,0.001893939393939394,6.577841251298354,False
npm::@parcel/transformer-js,1,0.001893939393939394,6.577841251298354,False
npm::@parcel/packager-svg,1,0.001893939393939394,6.577841251298354,False
npm::@parcel/cache,1,0.001893939393939394,6.577841251298354,False
npm::@parcel/transformer-json,1,0.001893939393939394,6.577841251298354,False
npm::parcel,1,0.001893939393939394,6.577841251298354,False
npm::lmdb-linux-arm,1,0.001893939393939394,6.577841251298354,False
npm::@mischnic/json-sourcemap,1,0.001893939393939394,6.577841251298354,False
npm::@parcel/graph,1,0.001893939393939394,6.577841251298354,False
npm::@parcel/bundler-default,1,0.001893939393939394,6.577841251298354,False
npm::posthtml-include,1,0.001893939393939394,6.577841251298354,False
npm::posthtml-match-helper,1,0.001893939393939394,6.577841251298354,False
npm::@parcel/node-resolver-core,1,0.001893939393939394,6.577841251298354,False
npm::@parcel/css,1,0.001893939393939394,6.577841251298354,False
npm::@parcel/markdown-ansi,1,0.001893939393939394,6.577841251298354,False
npm::@parcel/compressor-raw,1,0.001893939393939394,6.577841251298354,False
npm::parcel-reporter-clean-dist,1,0.001893939393939394,6.577841251298354,False
npm::fclone,1,0.001893939393939394,6.577841251298354,False
npm::@parcel/optimizer-terser,1,0.001893939393939394,6.577841251298354,False
npm::@parcel/codeframe,1,0.001893939393939394,6.577841251298354,False
npm::@parcel/utils,1,0.001893939393939394,6.577841251298354,False
npm::lmdb-linux-arm64,1,0.001893939393939394,6.577841251298354,False
npm::@msgpackr-extract/msgpackr-extract-linux-arm64,1,0.001893939393939394,6.577841251298354,False
npm::lmdb-win32-x64,1,0.001893939393939394,6.577841251298354,False
npm::lmdb-darwin-arm64,1,0.001893939393939394,6.577841251298354,False
npm::@parcel/runtime-js,1,0.001893939393939394,6.577841251298354,False
npm::@parcel/source-map,1,0.001893939393939394,6.577841251298354,False
npm::@parcel/workers,1,0.001893939393939394,6.577841251298354,False
npm::lmdb-linux-x64,1,0.001893939393939394,6.577841251298354,False
npm::@parcel/css-linux-arm64-musl,1,0.001893939393939394,6.577841251298354,False
npm::posthtml,1,0.001893939393939394,6.577841251298354,False
npm::weak-lru-cache,1,0.001893939393939394,6.577841251298354,False
npm::@parcel/reporter-cli,1,0.001893939393939394,6.577841251298354,False
npm::posthtml-expressions,1,0.001893939393939394,6.577841251298354,False
npm::@parcel/css-linux-arm-gnueabihf,1,0.001893939393939394,6.577841251298354,False
npm::@msgpackr-extract/msgpackr-extract-linux-x64,1,0.001893939393939394,6.577841251298354,False
npm::@parcel/packager-css,1,0.001893939393939394,6.577841251298354,False
npm::@parcel/optimizer-css,1,0.001893939393939394,6.577841251298354,False
npm::posthtml-render,1,0.001893939393939394,6.577841251298354,False
npm::abortcontroller-polyfill,1,0.001893939393939394,6.577841251298354,False
npm::cra-template,1,0.001893939393939394,6.577841251298354,False
github_actions::skills/action-check-file,1,0.001893939393939394,6.577841251298354,False
pypi::collections-extended,1,0.001893939393939394,6.577841251298354,False
pypi::pkg-resources,1,0.001893939393939394,6.577841251298354,False
pypi::funcsigs,1,0.001893939393939394,6.577841251298354,False
gem::bcrypt-ruby,1,0.001893939393939394,6.577841251298354,False
gem::atomic,1,0.001893939393939394,6.577841251298354,False
gem::protected_attributes,1,0.001893939393939394,6.577841251298354,False
composer::nyholm/psr7,1,0.001893939393939394,6.577841251298354,False
composer::league/oauth2-server,1,0.001893939393939394,6.577841251298354,False
composer::league/uri,1,0.001893939393939394,6.577841251298354,False
composer::symfony/psr-http-message-bridge,1,0.001893939393939394,6.577841251298354,False
composer::firebase/php-jwt,1,0.001893939393939394,6.577841251298354,False
composer::laravel/passport,1,0.001893939393939394,6.577841251298354,False
composer::php-http/message-factory,1,0.001893939393939394,6.577841251298354,False
composer::phpseclib/phpseclib,1,0.001893939393939394,6.577841251298354,False
composer::league/event,1,0.001893939393939394,6.577841251298354,False
composer::league/uri-interfaces,1,0.001893939393939394,6.577841251298354,False
composer::defuse/php-encryption,1,0.001893939393939394,6.577841251298354,False
npm::@babel/plugin-bugfix-firefox-class-in-computed-class-key,1,0.001893939393939394,6.577841251298354,False
npm::@antv/geo-coord,1,0.001893939393939394,6.577841251298354,False
npm::rc-queue-anim,1,0.001893939393939394,6.577841251298354,False
npm::@umijs/route-utils,1,0.001893939393939394,6.577841251298354,False
npm::@antv/x6-react-components,1,0.001893939393939394,6.577841251298354,False
npm::@antv/l7plot,1,0.001893939393939394,6.577841251298354,False
npm::use-json-comparison,1,0.001893939393939394,6.577841251298354,False
npm::@antv/async-hook,1,0.001893939393939394,6.577841251298354,False
npm::react-universal-interface,1,0.001893939393939394,6.577841251298354,False
npm::stacktrace-gps,1,0.001893939393939394,6.577841251298354,False
npm::@ant-design/pro-utils,1,0.001893939393939394,6.577841251298354,False
composer::maxmind-db/reader,1,0.001893939393939394,6.577841251298354,False
npm::@antv/xflow,1,0.001893939393939394,6.577841251298354,False
npm::stacktrace-js,1,0.001893939393939394,6.577841251298354,False
npm::mini-dynamic-antd-theme,1,0.001893939393939394,6.577841251298354,False
npm::@ant-design/maps,1,0.001893939393939394,6.577841251298354,False
npm::@antv/l7-utils,1,0.001893939393939394,6.577841251298354,False
npm::mana-common,1,0.001893939393939394,6.577841251298354,False
npm::filepond-plugin-image-preview,1,0.001893939393939394,6.577841251298354,False
npm::screenfull,1,0.001893939393939394,6.577841251298354,False
npm::fast-shallow-equal,1,0.001893939393939394,6.577841251298354,False
npm::l7-tiny-sdf,1,0.001893939393939394,6.577841251298354,False
npm::filepond-plugin-file-encode,1,0.001893939393939394,6.577841251298354,False
npm::extrude-polyline,1,0.001893939393939394,6.577841251298354,False
npm::@ant-design/pro-table,1,0.001893939393939394,6.577841251298354,False
npm::@antv/l7,1,0.001893939393939394,6.577841251298354,False
npm::react-use,1,0.001893939393939394,6.577841251298354,False
composer::barryvdh/reflection-docblock,1,0.001893939393939394,6.577841251298354,False
composer::namshi/jose,1,0.001893939393939394,6.577841251298354,False
npm::add-dom-event-listener,1,0.001893939393939394,6.577841251298354,False
npm::filepond-plugin-file-validate-type,1,0.001893939393939394,6.577841251298354,False
npm::@ant-design/pro-form,1,0.001893939393939394,6.577841251298354,False
npm::@probe.gl/log,1,0.001893939393939394,6.577841251298354,False
composer::lcobucci/clock,1,0.001893939393939394,6.577841251298354,False
composer::composer/pcre,1,0.001893939393939394,6.577841251298354,False
npm::unstated-next,1,0.001893939393939394,6.577841251298354,False
composer::stevebauman/location,1,0.001893939393939394,6.577841251298354,False
npm::@ant-design/flowchart,1,0.001893939393939394,6.577841251298354,False
npm::viewport-mercator-project,1,0.001893939393939394,6.577841251298354,False
npm::@antv/l7-map,1,0.001893939393939394,6.577841251298354,False
npm::l7hammerjs,1,0.001893939393939394,6.577841251298354,False
npm::merge-json-schemas,1,0.001893939393939394,6.577841251298354,False
npm::@amap/amap-jsapi-loader,1,0.001893939393939394,6.577841251298354,False
npm::nano-css,1,0.001893939393939394,6.577841251298354,False
npm::set-harmonic-interval,1,0.001893939393939394,6.577841251298354,False
npm::@turf/meta,1,0.001893939393939394,6.577841251298354,False
npm::@turf/helpers,1,0.001893939393939394,6.577841251298354,False
npm::csscolorparser,1,0.001893939393939394,6.577841251298354,False
npm::lodash.tonumber,1,0.001893939393939394,6.577841251298354,False
npm::@qixian.cs/path-to-regexp,1,0.001893939393939394,6.577841251298354,False
npm::@antv/l7-layers,1,0.001893939393939394,6.577841251298354,False
composer::maxmind/web-service-common,1,0.001893939393939394,6.577841251298354,False
npm::@dagrejs/graphlib,1,0.001893939393939394,6.577841251298354,False
npm::@ant-design/pro-layout,1,0.001893939393939394,6.577841251298354,False
npm::@antv/l7-scene,1,0.001893939393939394,6.577841251298354,False
npm::mana-syringe,1,0.001893939393939394,6.577841251298354,False
npm::@ant-design/graphs,1,0.001893939393939394,6.577841251298354,False
npm::fastest-stable-stringify,1,0.001893939393939394,6.577841251298354,False
npm::rc-tween-one,1,0.001893939393939394,6.577841251298354,False
npm::@types/amap-js-api,1,0.001893939393939394,6.577841251298354,False
npm::@antv/xflow-core,1,0.001893939393939394,6.577841251298354,False
npm::stack-generator,1,0.001893939393939394,6.577841251298354,False
composer::alrik11es/cowsayphp,1,0.001893939393939394,6.577841251298354,False
npm::@antv/l7-maps,1,0.001893939393939394,6.577841251298354,False
npm::shuffle-array,1,0.001893939393939394,6.577841251298354,False
npm::@loadable/component,1,0.001893939393939394,6.577841251298354,False
npm::element-resize-event,1,0.001893939393939394,6.577841251298354,False
npm::omit.js,1,0.001893939393939394,6.577841251298354,False
npm::mousetrap,1,0.001893939393939394,6.577841251298354,False
npm::use-media-antd-query,1,0.001893939393939394,6.577841251298354,False
npm::d3-hexbin,1,0.001893939393939394,6.577841251298354,False
npm::@types/js-cookie,1,0.001893939393939394,6.577841251298354,False
npm::react-countup,1,0.001893939393939394,6.577841251298354,False
composer::barryvdh/laravel-ide-helper,1,0.001893939393939394,6.577841251298354,False
npm::l7eval5,1,0.001893939393939394,6.577841251298354,False
npm::@probe.gl/env,1,0.001893939393939394,6.577841251298354,False
npm::@ant-design/pro-field,1,0.001893939393939394,6.577841251298354,False
npm::@antv/l7-core,1,0.001893939393939394,6.577841251298354,False
npm::swr,1,0.001893939393939394,6.577841251298354,False
npm::@antv/l7plot-component,1,0.001893939393939394,6.577841251298354,False
npm::@mapbox/martini,1,0.001893939393939394,6.577841251298354,False
npm::@antv/l7-source,1,0.001893939393939394,6.577841251298354,False
npm::as-number,1,0.001893939393939394,6.577841251298354,False
npm::@icons/material,1,0.001893939393939394,6.577841251298354,False
npm::rtl-css-js,1,0.001893939393939394,6.577841251298354,False
npm::@umijs/ssr-darkreader,1,0.001893939393939394,6.577841251298354,False
npm::@types/mapbox-gl,1,0.001893939393939394,6.577841251298354,False
npm::web-worker-helper,1,0.001893939393939394,6.577841251298354,False
npm::ts-easing,1,0.001893939393939394,6.577841251298354,False
npm::grid-index,1,0.001893939393939394,6.577841251298354,False
npm::@turf/bbox-polygon,1,0.001893939393939394,6.577841251298354,False
composer::jackiedo/dotenv-editor,1,0.001893939393939394,6.577841251298354,False
npm::d3-collection,1,0.001893939393939394,6.577841251298354,False
npm::@antv/xflow-extension,1,0.001893939393939394,6.577841251298354,False
composer::stella-maris/clock,1,0.001893939393939394,6.577841251298354,False
npm::mapbox-gl,1,0.001893939393939394,6.577841251298354,False
npm::@ant-design/pro-provider,1,0.001893939393939394,6.577841251298354,False
npm::@antv/xflow-hook,1,0.001893939393939394,6.577841251298354,False
npm::@antv/l7-component,1,0.001893939393939394,6.577841251298354,False
npm::@umijs/use-params,1,0.001893939393939394,6.577841251298354,False
npm::@xobotyi/scrollbar-width,1,0.001893939393939394,6.577841251298354,False
npm::@types/resize-observer-browser,1,0.001893939393939394,6.577841251298354,False
npm::l7regl,1,0.001893939393939394,6.577841251298354,False
npm::@antv/x6-react-shape,1,0.001893939393939394,6.577841251298354,False
npm::@antv/gl-matrix,1,0.001893939393939394,6.577841251298354,False
npm::topojson-client,1,0.001893939393939394,6.577841251298354,False
composer::geoip2/geoip2,1,0.001893939393939394,6.577841251298354,False
npm::@mapbox/geojson-types,1,0.001893939393939394,6.577841251298354,False
npm::material-colors,1,0.001893939393939394,6.577841251298354,False
npm::@antv/l7-renderer,1,0.001893939393939394,6.577841251298354,False
npm::@ant-design/plots,1,0.001893939393939394,6.577841251298354,False
npm::style-utils,1,0.001893939393939394,6.577841251298354,False
npm::countup.js,1,0.001893939393939394,6.577841251298354,False
npm::filepond,1,0.001893939393939394,6.577841251298354,False
npm::typed.js,1,0.001893939393939394,6.577841251298354,False
npm::@turf/invariant,1,0.001893939393939394,6.577841251298354,False
npm::reddit-image-fetcher,1,0.001893939393939394,6.577841251298354,False
npm::@antv/x6,1,0.001893939393939394,6.577841251298354,False
npm::react-filepond,1,0.001893939393939394,6.577841251298354,False
npm::filepond-plugin-file-validate-size,1,0.001893939393939394,6.577841251298354,False
npm::@mapbox/mapbox-gl-supported,1,0.001893939393939394,6.577841251298354,False
npm::reactcss,1,0.001893939393939394,6.577841251298354,False
npm::react-color,1,0.001893939393939394,6.577841251298354,False
gem::nap,1,0.001893939393939394,6.577841251298354,False
gem::molinillo,1,0.001893939393939394,6.577841251298354,False
gem::fuzzy_match,1,0.001893939393939394,6.577841251298354,False
gem::fourflusher,1,0.001893939393939394,6.577841251298354,False
gem::cocoapods-deintegrate,1,0.001893939393939394,6.577841251298354,False
gem::cocoapods-try,1,0.001893939393939394,6.577841251298354,False
gem::escape,1,0.001893939393939394,6.577841251298354,False
gem::cocoapods-core,1,0.001893939393939394,6.577841251298354,False
gem::ruby-macho,1,0.001893939393939394,6.577841251298354,False
gem::cocoapods-search,1,0.001893939393939394,6.577841251298354,False
gem::algoliasearch,1,0.001893939393939394,6.577841251298354,False
gem::cocoapods-plugins,1,0.001893939393939394,6.577841251298354,False
gem::cocoapods-downloader,1,0.001893939393939394,6.577841251298354,False
gem::cocoapods-trunk,1,0.001893939393939394,6.577841251298354,False
gem::foreman,1,0.001893939393939394,6.577841251298354,False
npm::gulp-css-globbing,1,0.001893939393939394,6.577841251298354,False
gem::extras,1,0.001893939393939394,6.577841251298354,False
gem::jekyll-assets,1,0.001893939393939394,6.577841251298354,False
npm::vinyl-map,1,0.001893939393939394,6.577841251298354,False
npm::grunt-contrib-sass,1,0.001893939393939394,6.577841251298354,False
npm::new-from,1,0.001893939393939394,6.577841251298354,False
maven::org.json/json,1,0.001893939393939394,6.577841251298354,False
maven::org.seleniumhq.selenium/selenium-chrome-driver,1,0.001893939393939394,6.577841251298354,False
maven::info.cukes/cucumber-junit,1,0.001893939393939394,6.577841251298354,False
maven::org.seleniumhq.selenium/selenium-firefox-driver,1,0.001893939393939394,6.577841251298354,False
maven::info.cukes/cucumber-java,1,0.001893939393939394,6.577841251298354,False
maven::io.appium/java-client,1,0.001893939393939394,6.577841251298354,False
maven::org.springframework.boot/spring-boot-starter-jersey,1,0.001893939393939394,6.577841251298354,False
pypi::leafmap,1,0.001893939393939394,6.577841251298354,False
pypi::stmol,1,0.001893939393939394,6.577841251298354,False
pypi::rdkit-pypi,1,0.001893939393939394,6.577841251298354,False
npm::tinyspy,1,0.001893939393939394,6.577841251298354,False
npm::vite-plugin-pwa,1,0.001893939393939394,6.577841251298354,False
npm::vitest,1,0.001893939393939394,6.577841251298354,False
npm::@microsoft/api-extractor,1,0.001893939393939394,6.577841251298354,False
npm::@rushstack/ts-command-line,1,0.001893939393939394,6.577841251298354,False
npm::idb-keyval,1,0.001893939393939394,6.577841251298354,False
npm::@vueuse/integrations,1,0.001893939393939394,6.577841251298354,False
npm::dexie,1,0.001893939393939394,6.577841251298354,False
npm::@vueuse/rxjs,1,0.001893939393939394,6.577841251298354,False
npm::@vueuse/shared,1,0.001893939393939394,6.577841251298354,False
npm::code-block-writer,1,0.001893939393939394,6.577841251298354,False
npm::@volar/vue-typescript,1,0.001893939393939394,6.577841251298354,False
npm::focus-trap,1,0.001893939393939394,6.577841251298354,False
npm::safari-14-idb-fix,1,0.001893939393939394,6.577841251298354,False
npm::vuetify,1,0.001893939393939394,6.577841251298354,False
npm::@microsoft/tsdoc-config,1,0.001893939393939394,6.577841251298354,False
npm::@types/argparse,1,0.001893939393939394,6.577841251298354,False
npm::vite-plugin-dts,1,0.001893939393939394,6.577841251298354,False
npm::z-schema,1,0.001893939393939394,6.577841251298354,False
nuget::cake.frosting,1,0.001893939393939394,6.577841251298354,False
github_actions::gittools/actions/gitversion/setup,1,0.001893939393939394,6.577841251298354,False
npm::@vueuse/metadata,1,0.001893939393939394,6.577841251298354,False
npm::tinybench,1,0.001893939393939394,6.577841251298354,False
npm::@playwright/test,1,0.001893939393939394,6.577841251298354,False
nuget::cake.npm,1,0.001893939393939394,6.577841251298354,False
npm::playwright-core,1,0.001893939393939394,6.577841251298354,False
npm::mumrich-vue-memoire,1,0.001893939393939394,6.577841251298354,False
npm::@mdi/font,1,0.001893939393939394,6.577841251298354,False
npm::@ts-morph/common,1,0.001893939393939394,6.577841251298354,False
npm::@microsoft/tsdoc,1,0.001893939393939394,6.577841251298354,False
npm::@types/jsdom,1,0.001893939393939394,6.577841251298354,False
npm::@rushstack/rig-package,1,0.001893939393939394,6.577841251298354,False
npm::ts-morph,1,0.001893939393939394,6.577841251298354,False
nuget::cake.yarn,1,0.001893939393939394,6.577841251298354,False
npm::@microsoft/api-extractor-model,1,0.001893939393939394,6.577841251298354,False
npm::tinypool,1,0.001893939393939394,6.577841251298354,False
npm::@types/web-bluetooth,1,0.001893939393939394,6.577841251298354,False
npm::@vueuse/core,1,0.001893939393939394,6.577841251298354,False
npm::@volar/vue-language-core,1,0.001893939393939394,6.577841251298354,False
npm::@rushstack/node-core-library,1,0.001893939393939394,6.577841251298354,False
npm::eslint-plugin-simple-import-sort,1,0.001893939393939394,6.577841251298354,False
npm::babel-plugin-root-import,1,0.001893939393939394,6.577841251298354,False
npm::react-native-eject,1,0.001893939393939394,6.577841251298354,False
npm::node-qunit,1,0.001893939393939394,6.577841251298354,False
maven::org.ops4j.pax.logging/pax-logging-api,1,0.001893939393939394,6.577841251298354,False
maven::org.codehaus.mojo/properties-maven-plugin,1,0.001893939393939394,6.577841251298354,False
maven::org.apache.karaf.log/org.apache.karaf.log.core,1,0.001893939393939394,6.577841251298354,False
maven::com.googlecode.cmake-maven-project/cmake-maven-plugin,1,0.001893939393939394,6.577841251298354,False
maven::org.apache.maven.plugins/maven-clean-plugin,1,0.001893939393939394,6.577841251298354,False
maven::org.osgi/org.osgi.core,1,0.001893939393939394,6.577841251298354,False
maven::org.ops4j.pax.exam/pax-exam-container-karaf,1,0.001893939393939394,6.577841251298354,False
maven::org.ops4j.pax.url/pax-url-aether,1,0.001893939393939394,6.577841251298354,False
maven::org.apache.felix/maven-bundle-plugin,1,0.001893939393939394,6.577841251298354,False
maven::org.ops4j.pax.exam/pax-exam-junit4,1,0.001893939393939394,6.577841251298354,False
maven::org.apache.geronimo.specs/geronimo-atinject_1.0_spec,1,0.001893939393939394,6.577841251298354,False
maven::org.osgi/org.osgi.compendium,1,0.001893939393939394,6.577841251298354,False
maven::org.apache.servicemix.tooling/depends-maven-plugin,1,0.001893939393939394,6.577841251298354,False
nuget::microsoft.applicationinsights.windowsserver,1,0.001893939393939394,6.577841251298354,False
nuget::microsoft.applicationinsights.dependencycollector,1,0.001893939393939394,6.577841251298354,False
nuget::microsoft.applicationinsights.agent.intercept,1,0.001893939393939394,6.577841251298354,False
nuget::microsoft.applicationinsights.perfcountercollector,1,0.001893939393939394,6.577841251298354,False
nuget::microsoft.applicationinsights,1,0.001893939393939394,6.577841251298354,False
nuget::microsoft.applicationinsights.web,1,0.001893939393939394,6.577841251298354,False
nuget::microsoft.applicationinsights.windowsserver.telemetrychannel,1,0.001893939393939394,6.577841251298354,False
nuget::sharphash,1,0.001893939393939394,6.577841251298354,False
maven::com.jayway.maven.plugins.android.generation2/android-maven-plugin,1,0.001893939393939394,6.577841251298354,False
maven::com.google.android/android,1,0.001893939393939394,6.577841251298354,False
npm::react-native-radio-buttons-group,1,0.001893939393939394,6.577841251298354,False
npm::react-feather,1,0.001893939393939394,6.577841251298354,False
npm::typewriter-effect,1,0.001893939393939394,6.577841251298354,False
nuget::steam.models,1,0.001893939393939394,6.577841251298354,False
nuget::automapper,1,0.001893939393939394,6.577841251298354,False
npm::lodash.chunk,1,0.001893939393939394,6.577841251298354,False
npm::fuse.js,1,0.001893939393939394,6.577841251298354,False
npm::@11ty/eleventy-img,1,0.001893939393939394,6.577841251298354,False
npm::@11ty/eleventy,1,0.001893939393939394,6.577841251298354,False
pub::zoom_widget,1,0.001893939393939394,6.577841251298354,False
gem::webmock,1,0.001893939393939394,6.577841251298354,False
gem::ffaker,1,0.001893939393939394,6.577841251298354,False
gem::rubocop,1,0.001893939393939394,6.577841251298354,False
gem::kaminari,1,0.001893939393939394,6.577841251298354,False
gem::factory_girl_rails,1,0.001893939393939394,6.577841251298354,False
gem::database_cleaner,1,0.001893939393939394,6.577841251298354,False
gem::sidekiq,1,0.001893939393939394,6.577841251298354,False
gem::bullet,1,0.001893939393939394,6.577841251298354,False
gem::active_model_serializers,1,0.001893939393939394,6.577841251298354,False
maven::com.opencsv/opencsv,1,0.001893939393939394,6.577841251298354,False
npm::babel-preset-latest,1,0.001893939393939394,6.577841251298354,False
npm::autoprefixer-loader,1,0.001893939393939394,6.577841251298354,False
npm::svg.easing.js,1,0.001893939393939394,6.577841251298354,False
npm::@date-io/core,1,0.001893939393939394,6.577841251298354,False
npm::svg.pathmorphing.js,1,0.001893939393939394,6.577841251298354,False
npm::react-perfect-scrollbar,1,0.001893939393939394,6.577841251298354,False
npm::svg.resize.js,1,0.001893939393939394,6.577841251298354,False
npm::@material-ui/codemod,1,0.001893939393939394,6.577841251298354,False
npm::material-ui-popup-state,1,0.001893939393939394,6.577841251298354,False
npm::@date-io/luxon,1,0.001893939393939394,6.577841251298354,False
npm::@material-ui/styled-engine,1,0.001893939393939394,6.577841251298354,False
npm::perfect-scrollbar,1,0.001893939393939394,6.577841251298354,False
npm::@date-io/moment,1,0.001893939393939394,6.577841251298354,False
npm::rifm,1,0.001893939393939394,6.577841251298354,False
npm::svg.select.js,1,0.001893939393939394,6.577841251298354,False
npm::@date-io/date-fns,1,0.001893939393939394,6.577841251298354,False
npm::react-apexcharts,1,0.001893939393939394,6.577841251298354,False
npm::@material-ui/data-grid,1,0.001893939393939394,6.577841251298354,False
npm::@tabler/icons,1,0.001893939393939394,6.577841251298354,False
npm::react-device-detect,1,0.001893939393939394,6.577841251298354,False
npm::@material-ui/private-theming,1,0.001893939393939394,6.577841251298354,False
npm::svg.filter.js,1,0.001893939393939394,6.577841251298354,False
npm::apexcharts,1,0.001893939393939394,6.577841251298354,False
npm::@material-ui/unstyled,1,0.001893939393939394,6.577841251298354,False
npm::svg.draggable.js,1,0.001893939393939394,6.577841251298354,False
npm::@date-io/dayjs,1,0.001893939393939394,6.577841251298354,False
npm::svg.js,1,0.001893939393939394,6.577841251298354,False
npm::jscodeshift-find-imports,1,0.001893939393939394,6.577841251298354,False
npm::jscodeshift-add-imports,1,0.001893939393939394,6.577841251298354,False
npm::@react-aria/menu,1,0.001893939393939394,6.577841251298354,False
npm::@nextui-org/react,1,0.001893939393939394,6.577841251298354,False
npm::@formatjs/icu-messageformat-parser,1,0.001893939393939394,6.577841251298354,False
npm::@react-aria/link,1,0.001893939393939394,6.577841251298354,False
npm::@formatjs/intl-localematcher,1,0.001893939393939394,6.577841251298354,False
npm::@react-types/checkbox,1,0.001893939393939394,6.577841251298354,False
npm::@react-aria/toggle,1,0.001893939393939394,6.577841251298354,False
npm::@react-stately/grid,1,0.001893939393939394,6.577841251298354,False
npm::@react-stately/data,1,0.001893939393939394,6.577841251298354,False
npm::@react-stately/radio,1,0.001893939393939394,6.577841251298354,False
npm::@formatjs/fast-memoize,1,0.001893939393939394,6.577841251298354,False
npm::@react-aria/button,1,0.001893939393939394,6.577841251298354,False
npm::@react-types/radio,1,0.001893939393939394,6.577841251298354,False
npm::@formatjs/icu-skeleton-parser,1,0.001893939393939394,6.577841251298354,False
npm::@react-aria/selection,1,0.001893939393939394,6.577841251298354,False
npm::global-object,1,0.001893939393939394,6.577841251298354,False
npm::@react-stately/checkbox,1,0.001893939393939394,6.577841251298354,False
npm::@internationalized/message,1,0.001893939393939394,6.577841251298354,False
npm::@react-aria/dialog,1,0.001893939393939394,6.577841251298354,False
npm::@react-aria/interactions,1,0.001893939393939394,6.577841251298354,False
npm::@react-types/button,1,0.001893939393939394,6.577841251298354,False
npm::@react-aria/grid,1,0.001893939393939394,6.577841251298354,False
npm::@react-stately/collections,1,0.001893939393939394,6.577841251298354,False
npm::@react-aria/visually-hidden,1,0.001893939393939394,6.577841251298354,False
npm::@react-aria/checkbox,1,0.001893939393939394,6.577841251298354,False
npm::component-event,1,0.001893939393939394,6.577841251298354,False
npm::@react-aria/overlays,1,0.001893939393939394,6.577841251298354,False
npm::@react-aria/table,1,0.001893939393939394,6.577841251298354,False
npm::@react-aria/live-announcer,1,0.001893939393939394,6.577841251298354,False
npm::@react-types/shared,1,0.001893939393939394,6.577841251298354,False
npm::component-delegate,1,0.001893939393939394,6.577841251298354,False
npm::@react-types/label,1,0.001893939393939394,6.577841251298354,False
npm::@react-stately/overlays,1,0.001893939393939394,6.577841251298354,False
npm::@react-types/table,1,0.001893939393939394,6.577841251298354,False
npm::@react-stately/utils,1,0.001893939393939394,6.577841251298354,False
npm::@react-stately/menu,1,0.001893939393939394,6.577841251298354,False
npm::@internationalized/date,1,0.001893939393939394,6.577841251298354,False
npm::@react-aria/utils,1,0.001893939393939394,6.577841251298354,False
npm::@react-aria/i18n,1,0.001893939393939394,6.577841251298354,False
npm::@react-types/overlays,1,0.001893939393939394,6.577841251298354,False
npm::component-query,1,0.001893939393939394,6.577841251298354,False
npm::component-closest,1,0.001893939393939394,6.577841251298354,False
npm::@react-stately/toggle,1,0.001893939393939394,6.577841251298354,False
npm::@react-stately/selection,1,0.001893939393939394,6.577841251298354,False
npm::@react-stately/tree,1,0.001893939393939394,6.577841251298354,False
npm::@react-types/dialog,1,0.001893939393939394,6.577841251298354,False
npm::@react-types/grid,1,0.001893939393939394,6.577841251298354,False
npm::@formatjs/ecma402-abstract,1,0.001893939393939394,6.577841251298354,False
npm::form-serialize,1,0.001893939393939394,6.577841251298354,False
npm::@stitches/react,1,0.001893939393939394,6.577841251298354,False
npm::@react-stately/virtualizer,1,0.001893939393939394,6.577841251298354,False
npm::@react-types/menu,1,0.001893939393939394,6.577841251298354,False
npm::@internationalized/number,1,0.001893939393939394,6.577841251298354,False
npm::@react-aria/label,1,0.001893939393939394,6.577841251298354,False
npm::@internationalized/string,1,0.001893939393939394,6.577841251298354,False
npm::@react-types/link,1,0.001893939393939394,6.577841251298354,False
npm::@react-aria/focus,1,0.001893939393939394,6.577841251298354,False
npm::component-matches-selector,1,0.001893939393939394,6.577841251298354,False
npm::express-client,1,0.001893939393939394,6.577841251298354,False
npm::detect-dom-ready,1,0.001893939393939394,6.577841251298354,False
npm::@react-aria/radio,1,0.001893939393939394,6.577841251298354,False
npm::@react-types/switch,1,0.001893939393939394,6.577841251298354,False
npm::@react-stately/table,1,0.001893939393939394,6.577841251298354,False
npm::lodash._stack,1,0.001893939393939394,6.577841251298354,False
npm::babel-preset-vue,1,0.001893939393939394,6.577841251298354,False
npm::selenium-server,1,0.001893939393939394,6.577841251298354,False
npm::thunkify,1,0.001893939393939394,6.577841251298354,False
npm::@baidu/jimu-vue,1,0.001893939393939394,6.577841251298354,False
npm::mocha-nightwatch,1,0.001893939393939394,6.577841251298354,False
npm::nightwatch,1,0.001893939393939394,6.577841251298354,False
npm::babel-plugin-jsx-event-modifiers,1,0.001893939393939394,6.577841251298354,False
npm::babel-plugin-jsx-vue-functional,1,0.001893939393939394,6.577841251298354,False
npm::lodash.create,1,0.001893939393939394,6.577841251298354,False
npm::babel-preset-vue-app,1,0.001893939393939394,6.577841251298354,False
npm::babel-plugin-jsx-v-model,1,0.001893939393939394,6.577841251298354,False
npm::lodash._basecreate,1,0.001893939393939394,6.577841251298354,False
npm::chai-nightwatch,1,0.001893939393939394,6.577841251298354,False
golang::github.com/alecthomas/jsonschema,1,0.001893939393939394,6.577841251298354,False
npm::@monax/burrow,1,0.001893939393939394,6.577841251298354,False
github_actions::goreleaser/goreleaser-action,1,0.001893939393939394,6.577841251298354,False
npm::es6-denodeify,1,0.001893939393939394,6.577841251298354,False
golang::github.com/tmthrgd/go-byte-test,1,0.001893939393939394,6.577841251298354,False
npm::module,1,0.001893939393939394,6.577841251298354,False
golang::github.com/oneofone/xxhash,1,0.001893939393939394,6.577841251298354,False
npm::pouchdb-binary-utils,1,0.001893939393939394,6.577841251298354,False
npm::@graphql-tools/links,1,0.001893939393939394,6.577841251298354,False
npm::pouchdb-fetch,1,0.001893939393939394,6.577841251298354,False
npm::iterate-iterator,1,0.001893939393939394,6.577841251298354,False
npm::end-stream,1,0.001893939393939394,6.577841251298354,False
npm::level-js,1,0.001893939393939394,6.577841251298354,False
npm::color-logger,1,0.001893939393939394,6.577841251298354,False
npm::truffle,1,0.001893939393939394,6.577841251298354,False
golang::github.com/tmthrgd/go-bitset,1,0.001893939393939394,6.577841251298354,False
npm::pouchdb-adapter-memory,1,0.001893939393939394,6.577841251298354,False
npm::pouchdb-abstract-mapreduce,1,0.001893939393939394,6.577841251298354,False
npm::redux-cli-logger,1,0.001893939393939394,6.577841251298354,False
golang::github.com/eapache/channels,1,0.001893939393939394,6.577841251298354,False
golang::github.com/lib/pq,1,0.001893939393939394,6.577841251298354,False
npm::fast-future,1,0.001893939393939394,6.577841251298354,False
npm::lodash.partition,1,0.001893939393939394,6.577841251298354,False
npm::lodash.assigninwith,1,0.001893939393939394,6.577841251298354,False
golang::github.com/tmthrgd/atomics,1,0.001893939393939394,6.577841251298354,False
npm::@truffle/interface-adapter,1,0.001893939393939394,6.577841251298354,False
golang::github.com/syndtr/goleveldb,1,0.001893939393939394,6.577841251298354,False
npm::pouchdb-adapter-node-websql,1,0.001893939393939394,6.577841251298354,False
npm::vuvuzela,1,0.001893939393939394,6.577841251298354,False
npm::esdoc,1,0.001893939393939394,6.577841251298354,False
npm::promise.allsettled,1,0.001893939393939394,6.577841251298354,False
npm::pouchdb-merge,1,0.001893939393939394,6.577841251298354,False
golang::github.com/test-go/testify,1,0.001893939393939394,6.577841251298354,False
npm::sse-z,1,0.001893939393939394,6.577841251298354,False
npm::@graphql-tools/stitch,1,0.001893939393939394,6.577841251298354,False
npm::reselect-tree,1,0.001893939393939394,6.577841251298354,False
npm::whatwg-url-compat,1,0.001893939393939394,6.577841251298354,False
golang::github.com/tmthrgd/go-bitwise,1,0.001893939393939394,6.577841251298354,False
npm::@graphql-tools/resolvers-composition,1,0.001893939393939394,6.577841251298354,False
npm::@apollographql/graphql-upload-8-fork,1,0.001893939393939394,6.577841251298354,False
npm::pouchdb-adapter-utils,1,0.001893939393939394,6.577841251298354,False
golang::github.com/perlin-network/life,1,0.001893939393939394,6.577841251298354,False
npm::@truffle/events,1,0.001893939393939394,6.577841251298354,False
npm::pouchdb-mapreduce-utils,1,0.001893939393939394,6.577841251298354,False
npm::@graphql-tools/load-files,1,0.001893939393939394,6.577841251298354,False
npm::@truffle/provider,1,0.001893939393939394,6.577841251298354,False
npm::sha3,1,0.001893939393939394,6.577841251298354,False
golang::github.com/jawher/mow.cli,1,0.001893939393939394,6.577841251298354,False
golang::github.com/btcsuite/btcd,1,0.001893939393939394,6.577841251298354,False
npm::@types/ungap__global-this,1,0.001893939393939394,6.577841251298354,False
golang::github.com/iancoleman/strcase,1,0.001893939393939394,6.577841251298354,False
npm::@types/google-protobuf,1,0.001893939393939394,6.577841251298354,False
npm::pouchdb-collate,1,0.001893939393939394,6.577841251298354,False
npm::pouchdb-errors,1,0.001893939393939394,6.577841251298354,False
npm::pouchdb-md5,1,0.001893939393939394,6.577841251298354,False
npm::prettier-plugin-organize-imports,1,0.001893939393939394,6.577841251298354,False
npm::@truffle/abi-utils,1,0.001893939393939394,6.577841251298354,False
npm::grpc-tools,1,0.001893939393939394,6.577841251298354,False
npm::@graphql-tools/batch-delegate,1,0.001893939393939394,6.577841251298354,False
npm::@truffle/debugger,1,0.001893939393939394,6.577841251298354,False
npm::grpc_tools_node_protoc_ts,1,0.001893939393939394,6.577841251298354,False
npm::apollo-upload-client,1,0.001893939393939394,6.577841251298354,False
npm::@ungap/global-this,1,0.001893939393939394,6.577841251298354,False
golang::github.com/tendermint/tendermint,1,0.001893939393939394,6.577841251298354,False
npm::iterate-value,1,0.001893939393939394,6.577841251298354,False
npm::array.prototype.map,1,0.001893939393939394,6.577841251298354,False
golang::github.com/tmthrgd/go-hex,1,0.001893939393939394,6.577841251298354,False
npm::fetch-cookie,1,0.001893939393939394,6.577841251298354,False
npm::@truffle/config,1,0.001893939393939394,6.577841251298354,False
golang::github.com/cosmos/iavl,1,0.001893939393939394,6.577841251298354,False
golang::github.com/xeipuuv/gojsonschema,1,0.001893939393939394,6.577841251298354,False
golang::github.com/howeyc/gopass,1,0.001893939393939394,6.577841251298354,False
npm::lodash.tostring,1,0.001893939393939394,6.577841251298354,False
npm::node-interval-tree,1,0.001893939393939394,6.577841251298354,False
npm::ganache-cli,1,0.001893939393939394,6.577841251298354,False
npm::ice-cap,1,0.001893939393939394,6.577841251298354,False
npm::pouchdb,1,0.001893939393939394,6.577841251298354,False
npm::level-write-stream,1,0.001893939393939394,6.577841251298354,False
golang::github.com/tendermint/tm-db,1,0.001893939393939394,6.577841251298354,False
npm::@truffle/codec,1,0.001893939393939394,6.577841251298354,False
npm::google-protobuf,1,0.001893939393939394,6.577841251298354,False
npm::@truffle/db,1,0.001893939393939394,6.577841251298354,False
golang::github.com/elgs/gojq,1,0.001893939393939394,6.577841251298354,False
npm::@truffle/code-utils,1,0.001893939393939394,6.577841251298354,False
npm::json-pointer,1,0.001893939393939394,6.577841251298354,False
golang::github.com/go-ozzo/ozzo-validation,1,0.001893939393939394,6.577841251298354,False
golang::github.com/go-interpreter/wagon,1,0.001893939393939394,6.577841251298354,False
golang::github.com/elgs/gosplitargs,1,0.001893939393939394,6.577841251298354,False
npm::pouchdb-debug,1,0.001893939393939394,6.577841251298354,False
golang::github.com/rcrowley/go-metrics,1,0.001893939393939394,6.577841251298354,False
npm::pouchdb-selector-core,1,0.001893939393939394,6.577841251298354,False
npm::ganache,1,0.001893939393939394,6.577841251298354,False
golang::github.com/jmoiron/sqlx,1,0.001893939393939394,6.577841251298354,False
npm::@types/bytebuffer,1,0.001893939393939394,6.577841251298354,False
npm::redux-devtools-core,1,0.001893939393939394,6.577841251298354,False
npm::@ardatan/aggregate-error,1,0.001893939393939394,6.577841251298354,False
golang::github.com/xlab/treeprint,1,0.001893939393939394,6.577841251298354,False
npm::jsondown,1,0.001893939393939394,6.577841251298354,False
npm::lodash.zipwith,1,0.001893939393939394,6.577841251298354,False
npm::lodash.sum,1,0.001893939393939394,6.577841251298354,False
npm::pouchdb-adapter-leveldb-core,1,0.001893939393939394,6.577841251298354,False
golang::github.com/streadway/simpleuuid,1,0.001893939393939394,6.577841251298354,False
npm::@truffle/error,1,0.001893939393939394,6.577841251298354,False
golang::github.com/tmthrgd/go-popcount,1,0.001893939393939394,6.577841251298354,False
npm::pouchdb-json,1,0.001893939393939394,6.577841251298354,False
golang::github.com/monax/relic,1,0.001893939393939394,6.577841251298354,False
npm::pouchdb-adapter-websql-core,1,0.001893939393939394,6.577841251298354,False
npm::pouchdb-utils,1,0.001893939393939394,6.577841251298354,False
npm::leveldown,1,0.001893939393939394,6.577841251298354,False
golang::github.com/cep21/xdgbasedir,1,0.001893939393939394,6.577841251298354,False
npm::@types/content-disposition,1,0.001893939393939394,6.577841251298354,False
npm::original-require,1,0.001893939393939394,6.577841251298354,False
npm::sublevel-pouchdb,1,0.001893939393939394,6.577841251298354,False
golang::github.com/tmthrgd/go-memset,1,0.001893939393939394,6.577841251298354,False
npm::@truffle/source-map-utils,1,0.001893939393939394,6.577841251298354,False
npm::write-stream,1,0.001893939393939394,6.577841251298354,False
npm::@graphql-tools/module-loader,1,0.001893939393939394,6.577841251298354,False
npm::pouchdb-find,1,0.001893939393939394,6.577841251298354,False
npm::websql,1,0.001893939393939394,6.577841251298354,False
npm::eslint-plugin-truffle,1,0.001893939393939394,6.577841251298354,False
pypi::streamlit-option-menu,1,0.001893939393939394,6.577841251298354,False
pypi::pickle-mixin,1,0.001893939393939394,6.577841251298354,False
pypi::xgboost,1,0.001893939393939394,6.577841251298354,False
pypi::streamlit,1,0.001893939393939394,6.577841251298354,False
composer::danielstjules/stringy,1,0.001893939393939394,6.577841251298354,False
composer::phpspec/phpspec,1,0.001893939393939394,6.577841251298354,False
composer::laravelcollective/html,1,0.001893939393939394,6.577841251298354,False
golang::google.golang.org/genproto/googleapis/rpc,1,0.001893939393939394,6.577841251298354,False
golang::github.com/hashicorp/golang-lru/v2,1,0.001893939393939394,6.577841251298354,False
golang::github.com/typesense/typesense-go,1,0.001893939393939394,6.577841251298354,False
golang::github.com/apapsch/go-jsonmerge/v2,1,0.001893939393939394,6.577841251298354,False
npm::@apollo/composition,1,0.001893939393939394,6.577841251298354,False
golang::github.com/deepmap/oapi-codegen,1,0.001893939393939394,6.577841251298354,False
npm::@apollo/query-planner,1,0.001893939393939394,6.577841251298354,False
npm::lru-memoizer,1,0.001893939393939394,6.577841251298354,False
golang::github.com/chenzhuoyu/base64x,1,0.001893939393939394,6.577841251298354,False
golang::github.com/onsi/gomega,1,0.001893939393939394,6.577841251298354,False
golang::github.com/xdg-go/pbkdf2,1,0.001893939393939394,6.577841251298354,False
npm::ts-graphviz,1,0.001893939393939394,6.577841251298354,False
golang::github.com/google/s2a-go,1,0.001893939393939394,6.577841251298354,False
golang::github.com/gosimple/unidecode,1,0.001893939393939394,6.577841251298354,False
golang::github.com/cpuguy83/go-md2man/v2,1,0.001893939393939394,6.577841251298354,False
golang::github.com/rabbitmq/amqp091-go,1,0.001893939393939394,6.577841251298354,False
golang::github.com/gin-contrib/cors,1,0.001893939393939394,6.577841251298354,False
golang::github.com/klauspost/compress,1,0.001893939393939394,6.577841251298354,False
golang::github.com/robfig/cron,1,0.001893939393939394,6.577841251298354,False
golang::github.com/dgryski/go-rendezvous,1,0.001893939393939394,6.577841251298354,False
golang::github.com/gosimple/slug,1,0.001893939393939394,6.577841251298354,False
npm::@apollo/query-graphs,1,0.001893939393939394,6.577841251298354,False
golang::github.com/agnivade/levenshtein,1,0.001893939393939394,6.577841251298354,False
golang::github.com/xrash/smetrics,1,0.001893939393939394,6.577841251298354,False
golang::github.com/montanaflynn/stats,1,0.001893939393939394,6.577841251298354,False
golang::github.com/urfave/cli/v2,1,0.001893939393939394,6.577841251298354,False
npm::@apollo/gateway,1,0.001893939393939394,6.577841251298354,False
npm::@apollo/federation-internals,1,0.001893939393939394,6.577841251298354,False
npm::express-unless,1,0.001893939393939394,6.577841251298354,False
npm::@types/object-path,1,0.001893939393939394,6.577841251298354,False
golang::github.com/99designs/gqlgen,1,0.001893939393939394,6.577841251298354,False
npm::@profusion/apollo-federation-upload,1,0.001893939393939394,6.577841251298354,False
npm::jwks-rsa,1,0.001893939393939394,6.577841251298354,False
golang::github.com/xdg-go/stringprep,1,0.001893939393939394,6.577841251298354,False
golang::github.com/vektah/gqlparser/v2,1,0.001893939393939394,6.577841251298354,False
npm::express-jwt,1,0.001893939393939394,6.577841251298354,False
golang::github.com/russross/blackfriday/v2,1,0.001893939393939394,6.577841251298354,False
golang::github.com/youmark/pkcs8,1,0.001893939393939394,6.577841251298354,False
golang::github.com/xdg-go/scram,1,0.001893939393939394,6.577841251298354,False
golang::github.com/sony/gobreaker,1,0.001893939393939394,6.577841251298354,False
golang::github.com/micahparks/keyfunc,1,0.001893939393939394,6.577841251298354,False
golang::github.com/go-redis/redis,1,0.001893939393939394,6.577841251298354,False
npm::expo-structured-headers,1,0.001893939393939394,6.577841251298354,False
npm::expo-json-utils,1,0.001893939393939394,6.577841251298354,False
npm::expo-manifests,1,0.001893939393939394,6.577841251298354,False
npm::expo-updates,1,0.001893939393939394,6.577841251298354,False
npm::expo-updates-interface,1,0.001893939393939394,6.577841251298354,False
maven::org.springframework.boot/spring-boot-starter-oauth2-resource-server,1,0.001893939393939394,6.577841251298354,False
maven::org.modelmapper/modelmapper,1,0.001893939393939394,6.577841251298354,False
maven::org.springframework.cloud/spring-cloud-starter-gateway-mvc,1,0.001893939393939394,6.577841251298354,False
maven::org.springframework.cloud/spring-cloud-starter-openfeign,1,0.001893939393939394,6.577841251298354,False
npm::react-parallax,1,0.001893939393939394,6.577841251298354,False
npm::easy-bem,1,0.001893939393939394,6.577841251298354,False
npm::react-simple-captcha,1,0.001893939393939394,6.577841251298354,False
npm::react-indiana-drag-scroll,1,0.001893939393939394,6.577841251298354,False
npm::react-tabs,1,0.001893939393939394,6.577841251298354,False
npm::flowbite,1,0.001893939393939394,6.577841251298354,False
npm::flowbite-react,1,0.001893939393939394,6.577841251298354,False
npm::@smastrom/react-rating,1,0.001893939393939394,6.577841251298354,False
npm::react-helmet-async,1,0.001893939393939394,6.577841251298354,False
npm::react-html-parser,1,0.001893939393939394,6.577841251298354,False
npm::opencollective,1,0.001893939393939394,6.577841251298354,False
npm::bootstrap-grid,1,0.001893939393939394,6.577841251298354,False
npm::vuejs,1,0.001893939393939394,6.577841251298354,False
npm::zerver,1,0.001893939393939394,6.577841251298354,False
npm::react-swipe,1,0.001893939393939394,6.577841251298354,False
npm::swipe-js-iso,1,0.001893939393939394,6.577841251298354,False
composer::vayes/str,1,0.001893939393939394,6.577841251298354,False
composer::vayes/enum,1,0.001893939393939394,6.577841251298354,False
github_actions::mxschmitt/action-tmate,1,0.001893939393939394,6.577841251298354,False
composer::ext-pdo,1,0.001893939393939394,6.577841251298354,False
gem::http-accept,1,0.001893939393939394,6.577841251298354,False
npm::@types/moment,1,0.001893939393939394,6.577841251298354,False
npm::react-app-rewired,1,0.001893939393939394,6.577841251298354,False
npm::keccak256,1,0.001893939393939394,6.577841251298354,False
npm::ethereum-checksum-address,1,0.001893939393939394,6.577841251298354,False
npm::@types/ethereum-checksum-address,1,0.001893939393939394,6.577841251298354,False
npm::@types/elliptic,1,0.001893939393939394,6.577841251298354,False
npm::@types/keccak,1,0.001893939393939394,6.577841251298354,False
pypi::yamllint,1,0.001893939393939394,6.577841251298354,False
pypi::gitdb,1,0.001893939393939394,6.577841251298354,False
pypi::genie-libs-sdk,1,0.001893939393939394,6.577841251298354,False
pypi::pyftpdlib,1,0.001893939393939394,6.577841251298354,False
pypi::aiofiles,1,0.001893939393939394,6.577841251298354,False
pypi::async-lru,1,0.001893939393939394,6.577841251298354,False
pypi::pyats-aetest,1,0.001893939393939394,6.577841251298354,False
pypi::jsonpickle,1,0.001893939393939394,6.577841251298354,False
pypi::ruamel-yaml,1,0.001893939393939394,6.577841251298354,False
pypi::smmap,1,0.001893939393939394,6.577841251298354,False
pypi::genie-libs-filetransferutils,1,0.001893939393939394,6.577841251298354,False
pypi::bcrypt,1,0.001893939393939394,6.577841251298354,False
pypi::genie-libs-clean,1,0.001893939393939394,6.577841251298354,False
pypi::prettytable,1,0.001893939393939394,6.577841251298354,False
pypi::pyats-topology,1,0.001893939393939394,6.577841251298354,False
pypi::fire,1,0.001893939393939394,6.577841251298354,False
pypi::aiohttp-swagger,1,0.001893939393939394,6.577841251298354,False
pypi::pyats,1,0.001893939393939394,6.577841251298354,False
pypi::pyats-datastructures,1,0.001893939393939394,6.577841251298354,False
pypi::pyats-aereport,1,0.001893939393939394,6.577841251298354,False
pypi::junit-xml,1,0.001893939393939394,6.577841251298354,False
pypi::pyats-easypy,1,0.001893939393939394,6.577841251298354,False
pypi::ncclient,1,0.001893939393939394,6.577841251298354,False
pypi::dill,1,0.001893939393939394,6.577841251298354,False
pypi::xlrd,1,0.001893939393939394,6.577841251298354,False
pypi::pyats-kleenex,1,0.001893939393939394,6.577841251298354,False
pypi::python-socketio,1,0.001893939393939394,6.577841251298354,False
pypi::pyats-reporter,1,0.001893939393939394,6.577841251298354,False
pypi::tftpy,1,0.001893939393939394,6.577841251298354,False
pypi::unicon,1,0.001893939393939394,6.577841251298354,False
pypi::distro,1,0.001893939393939394,6.577841251298354,False
pypi::python-engineio,1,0.001893939393939394,6.577841251298354,False
pypi::genie,1,0.001893939393939394,6.577841251298354,False
pypi::pyats-utils,1,0.001893939393939394,6.577841251298354,False
pypi::ruamel-yaml-clib,1,0.001893939393939394,6.577841251298354,False
pypi::pyats-contrib,1,0.001893939393939394,6.577841251298354,False
pypi::pyats-results,1,0.001893939393939394,6.577841251298354,False
pypi::pyats-log,1,0.001893939393939394,6.577841251298354,False
pypi::gitpython,1,0.001893939393939394,6.577841251298354,False
pypi::pyats-connections,1,0.001893939393939394,6.577841251298354,False
pypi::yang-connector,1,0.001893939393939394,6.577841251298354,False
pypi::genie-libs-health,1,0.001893939393939394,6.577841251298354,False
pypi::pyats-genie-command-parse,1,0.001893939393939394,6.577841251298354,False
pypi::unicon-plugins,1,0.001893939393939394,6.577841251298354,False
pypi::genie-libs-conf,1,0.001893939393939394,6.577841251298354,False
pypi::xlwt,1,0.001893939393939394,6.577841251298354,False
pypi::genie-libs-ops,1,0.001893939393939394,6.577841251298354,False
pypi::paramiko,1,0.001893939393939394,6.577841251298354,False
pypi::genie-libs-parser,1,0.001893939393939394,6.577841251298354,False
pypi::pyats-async,1,0.001893939393939394,6.577841251298354,False
pypi::pyats-tcl,1,0.001893939393939394,6.577841251298354,False
npm::react-alert-template-basic,1,0.001893939393939394,6.577841251298354,False
npm::overlay-navbar,1,0.001893939393939394,6.577841251298354,False
npm::react-alert,1,0.001893939393939394,6.577841251298354,False
npm::@types/webfontloader,1,0.001893939393939394,6.577841251298354,False
npm::react-material-ui-carousel,1,0.001893939393939394,6.577841251298354,False
npm::react-rating-stars-component,1,0.001893939393939394,6.577841251298354,False
npm::redux-devtools-extension,1,0.001893939393939394,6.577841251298354,False
npm::webfontloader,1,0.001893939393939394,6.577841251298354,False
pypi::pyrsistent,1,0.001893939393939394,6.577841251298354,False
pypi::google-auth-httplib2,1,0.001893939393939394,6.577841251298354,False
pypi::rpds-py,1,0.001893939393939394,6.577841251298354,False
pypi::azure-mgmt-cognitiveservices,1,0.001893939393939394,6.577841251298354,False
golang::github.com/go-ole/go-ole,1,0.001893939393939394,6.577841251298354,False
pypi::azure-mgmt-datafactory,1,0.001893939393939394,6.577841251298354,False
pypi::jaraco-classes,1,0.001893939393939394,6.577841251298354,False
pypi::google-api-python-client,1,0.001893939393939394,6.577841251298354,False
pypi::azure-keyvault,1,0.001893939393939394,6.577841251298354,False
pypi::azure-mgmt-keyvault,1,0.001893939393939394,6.577841251298354,False
golang::github.com/shirou/w32,1,0.001893939393939394,6.577841251298354,False
golang::github.com/aws/aws-xray-sdk-go,1,0.001893939393939394,6.577841251298354,False
pypi::sortedcontainers,1,0.001893939393939394,6.577841251298354,False
pypi::argparse,1,0.001893939393939394,6.577841251298354,False
pypi::awslogs,1,0.001893939393939394,6.577841251298354,False
pypi::grpcio-status,1,0.001893939393939394,6.577841251298354,False
pypi::google-cloud-audit-log,1,0.001893939393939394,6.577841251298354,False
pypi::azure-keyvault-certificates,1,0.001893939393939394,6.577841251298354,False
golang::github.com/stackexchange/wmi,1,0.001893939393939394,6.577841251298354,False
pypi::sendgrid,1,0.001893939393939394,6.577841251298354,False
pypi::azure-mgmt-costmanagement,1,0.001893939393939394,6.577841251298354,False
pypi::httplib2,1,0.001893939393939394,6.577841251298354,False
pypi::azure-mgmt-databricks,1,0.001893939393939394,6.577841251298354,False
pypi::botocore,1,0.001893939393939394,6.577841251298354,False
pypi::azure-mgmt-datalake-store,1,0.001893939393939394,6.577841251298354,False
github_actions::ravsamhq/notify-slack-action,1,0.001893939393939394,6.577841251298354,False
pypi::pytest-recording,1,0.001893939393939394,6.577841251298354,False
pypi::applicationinsights,1,0.001893939393939394,6.577841251298354,False
pypi::myst-parser,1,0.001893939393939394,6.577841251298354,False
pypi::mdurl,1,0.001893939393939394,6.577841251298354,False
pypi::cachetools,1,0.001893939393939394,6.577841251298354,False
pypi::google-cloud-logging,1,0.001893939393939394,6.577841251298354,False
pypi::readme-renderer,1,0.001893939393939394,6.577841251298354,False
pypi::azure-mgmt-containerinstance,1,0.001893939393939394,6.577841251298354,False
pypi::kubernetes,1,0.001893939393939394,6.577841251298354,False
pypi::azure-storage-file,1,0.001893939393939394,6.577841251298354,False
pypi::freezegun,1,0.001893939393939394,6.577841251298354,False
golang::github.com/spf13/afero,1,0.001893939393939394,6.577841251298354,False
pypi::tencentcloud-sdk-python,1,0.001893939393939394,6.577841251298354,False
pypi::functools32,1,0.001893939393939394,6.577841251298354,False
pypi::tfparse,1,0.001893939393939394,6.577841251298354,False
pypi::azure-mgmt-containerregistry,1,0.001893939393939394,6.577841251298354,False
pypi::pytest-sugar,1,0.001893939393939394,6.577841251298354,False
pypi::pytest-xdist,1,0.001893939393939394,6.577841251298354,False
pypi::google-cloud-appengine-logging,1,0.001893939393939394,6.577841251298354,False
pypi::proto-plus,1,0.001893939393939394,6.577841251298354,False
pypi::azure-mgmt-eventhub,1,0.001893939393939394,6.577841251298354,False
pypi::starkbank-ecdsa,1,0.001893939393939394,6.577841251298354,False
golang::github.com/aws/amazon-ssm-agent,1,0.001893939393939394,6.577841251298354,False
pypi::azure-mgmt-servicebus,1,0.001893939393939394,6.577841251298354,False
pypi::mdit-py-plugins,1,0.001893939393939394,6.577841251298354,False
pypi::os-service-types,1,0.001893939393939394,6.577841251298354,False
pypi::influxdb,1,0.001893939393939394,6.577841251298354,False
golang::github.com/thoas/go-funk,1,0.001893939393939394,6.577841251298354,False
golang::github.com/magiconair/properties,1,0.001893939393939394,6.577841251298354,False
pypi::azure-mgmt-apimanagement,1,0.001893939393939394,6.577841251298354,False
pypi::azure-mgmt-sql,1,0.001893939393939394,6.577841251298354,False
pypi::azure-mgmt-search,1,0.001893939393939394,6.577841251298354,False
pypi::azure-identity,1,0.001893939393939394,6.577841251298354,False
pypi::fakeredis,1,0.001893939393939394,6.577841251298354,False
pypi::azure-mgmt-web,1,0.001893939393939394,6.577841251298354,False
pypi::keystoneauth1,1,0.001893939393939394,6.577841251298354,False
pypi::azure-mgmt-trafficmanager,1,0.001893939393939394,6.577841251298354,False
pypi::c7n-org,1,0.001893939393939394,6.577841251298354,False
pypi::awscli,1,0.001893939393939394,6.577841251298354,False
pypi::azure-mgmt-resource,1,0.001893939393939394,6.577841251298354,False
pypi::azure-mgmt-batch,1,0.001893939393939394,6.577841251298354,False
pypi::python-hcl2,1,0.001893939393939394,6.577841251298354,False
pypi::azure-mgmt-appplatform,1,0.001893939393939394,6.577841251298354,False
pypi::azure-cosmosdb-table,1,0.001893939393939394,6.577841251298354,False
pypi::azure-mgmt-core,1,0.001893939393939394,6.577841251298354,False
pypi::retrying,1,0.001893939393939394,6.577841251298354,False
pypi::sphinx,1,0.001893939393939394,6.577841251298354,False
golang::github.com/smartystreets/assertions,1,0.001893939393939394,6.577841251298354,False
pypi::azure-cosmos,1,0.001893939393939394,6.577841251298354,False
pypi::tomli,1,0.001893939393939394,6.577841251298354,False
pypi::secretstorage,1,0.001893939393939394,6.577841251298354,False
pypi::azure-mgmt-network,1,0.001893939393939394,6.577841251298354,False
github_actions::ncipollo/release-action,1,0.001893939393939394,6.577841251298354,False
golang::gopkg.in/check.v1,1,0.001893939393939394,6.577841251298354,False
pypi::azure-common,1,0.001893939393939394,6.577841251298354,False
pypi::websocket-client,1,0.001893939393939394,6.577841251298354,False
pypi::oci,1,0.001893939393939394,6.577841251298354,False
pypi::azure-mgmt-containerservice,1,0.001893939393939394,6.577841251298354,False
pypi::keyring,1,0.001893939393939394,6.577841251298354,False
pypi::pytest-terraform,1,0.001893939393939394,6.577841251298354,False
pypi::jsonpatch,1,0.001893939393939394,6.577841251298354,False
pypi::google-crc32c,1,0.001893939393939394,6.577841251298354,False
pypi::vcrpy-unittest,1,0.001893939393939394,6.577841251298354,False
pypi::googleapis-common-protos,1,0.001893939393939394,6.577841251298354,False
pypi::grpc-google-iam-v1,1,0.001893939393939394,6.577841251298354,False
pypi::google-cloud-storage,1,0.001893939393939394,6.577841251298354,False
github_actions::aws-actions/configure-aws-credentials,1,0.001893939393939394,6.577841251298354,False
pypi::azure-mgmt-resourcegraph,1,0.001893939393939394,6.577841251298354,False
pypi::mypy,1,0.001893939393939394,6.577841251298354,False
pypi::sphinx-markdown-tables,1,0.001893939393939394,6.577841251298354,False
pypi::requestsexceptions,1,0.001893939393939394,6.577841251298354,False
golang::github.com/aws/aws-lambda-go,1,0.001893939393939394,6.577841251298354,False
golang::github.com/gopherjs/gopherjs,1,0.001893939393939394,6.577841251298354,False
golang::github.com/jtolds/gls,1,0.001893939393939394,6.577841251298354,False
golang::github.com/spf13/jwalterweatherman,1,0.001893939393939394,6.577841251298354,False
pypi::azure-mgmt-eventgrid,1,0.001893939393939394,6.577841251298354,False
pypi::azure-mgmt-recoveryservices,1,0.001893939393939394,6.577841251298354,False
pypi::jeepney,1,0.001893939393939394,6.577841251298354,False
pypi::msal,1,0.001893939393939394,6.577841251298354,False
pypi::azure-mgmt-cosmosdb,1,0.001893939393939394,6.577841251298354,False
pypi::elasticsearch,1,0.001893939393939394,6.577841251298354,False
pypi::sphinxcontrib-jquery,1,0.001893939393939394,6.577841251298354,False
pypi::msgpack-python,1,0.001893939393939394,6.577841251298354,False
pypi::azure-mgmt-compute,1,0.001893939393939394,6.577841251298354,False
golang::github.com/kr/text,1,0.001893939393939394,6.577841251298354,False
pypi::markdown-it-py,1,0.001893939393939394,6.577841251298354,False
pypi::azure-mgmt-rdbms,1,0.001893939393939394,6.577841251298354,False
pypi::rq,1,0.001893939393939394,6.577841251298354,False
pypi::azure-mgmt-policyinsights,1,0.001893939393939394,6.577841251298354,False
pypi::azure-mgmt-redhatopenshift,1,0.001893939393939394,6.577841251298354,False
pypi::stevedore,1,0.001893939393939394,6.577841251298354,False
pypi::azure-mgmt-msi,1,0.001893939393939394,6.577841251298354,False
pypi::pygit2,1,0.001893939393939394,6.577841251298354,False
golang::github.com/cihub/seelog,1,0.001893939393939394,6.577841251298354,False
pypi::cos-python-sdk-v5,1,0.001893939393939394,6.577841251298354,False
pypi::lark-parser,1,0.001893939393939394,6.577841251298354,False
pypi::dogpile-cache,1,0.001893939393939394,6.577841251298354,False
pypi::azure-cosmosdb-nspkg,1,0.001893939393939394,6.577841251298354,False
pypi::parameterized,1,0.001893939393939394,6.577841251298354,False
pypi::pyasn1-modules,1,0.001893939393939394,6.577841251298354,False
pypi::futures,1,0.001893939393939394,6.577841251298354,False
pypi::portalocker,1,0.001893939393939394,6.577841251298354,False
pypi::azure-mgmt-dns,1,0.001893939393939394,6.577841251298354,False
pypi::jsonschema,1,0.001893939393939394,6.577841251298354,False
pypi::backports-zoneinfo,1,0.001893939393939394,6.577841251298354,False
golang::github.com/spf13/cobra,1,0.001893939393939394,6.577841251298354,False
pypi::jmespath,1,0.001893939393939394,6.577841251298354,False
golang::github.com/sha1sum/aws_signing_client,1,0.001893939393939394,6.577841251298354,False
pypi::msrestazure,1,0.001893939393939394,6.577841251298354,False
pypi::sphinxcontrib-qthelp,1,0.001893939393939394,6.577841251298354,False
pypi::pyrate-limiter,1,0.001893939393939394,6.577841251298354,False
pypi::azure-nspkg,1,0.001893939393939394,6.577841251298354,False
pypi::azure-functions,1,0.001893939393939394,6.577841251298354,False
golang::github.com/hashicorp/go-version,1,0.001893939393939394,6.577841251298354,False
pypi::netifaces,1,0.001893939393939394,6.577841251298354,False
pypi::pyopenssl,1,0.001893939393939394,6.577841251298354,False
pypi::pywin32-ctypes,1,0.001893939393939394,6.577841251298354,False
pypi::pkgutil-resolve-name,1,0.001893939393939394,6.577841251298354,False
pypi::types-six,1,0.001893939393939394,6.577841251298354,False
pypi::referencing,1,0.001893939393939394,6.577841251298354,False
golang::github.com/data-dog/go-sqlmock,1,0.001893939393939394,6.577841251298354,False
pypi::crcmod,1,0.001893939393939394,6.577841251298354,False
pypi::alabaster,1,0.001893939393939394,6.577841251298354,False
pypi::imagesize,1,0.001893939393939394,6.577841251298354,False
pypi::azure-mgmt-advisor,1,0.001893939393939394,6.577841251298354,False
pypi::pkginfo,1,0.001893939393939394,6.577841251298354,False
pypi::docutils,1,0.001893939393939394,6.577841251298354,False
pypi::arrow,1,0.001893939393939394,6.577841251298354,False
pypi::azure-mgmt-datalake-nspkg,1,0.001893939393939394,6.577841251298354,False
pypi::azure-mgmt-storage,1,0.001893939393939394,6.577841251298354,False
pypi::procname,1,0.001893939393939394,6.577841251298354,False
pypi::munch,1,0.001893939393939394,6.577841251298354,False
pypi::sphinxcontrib-devhelp,1,0.001893939393939394,6.577841251298354,False
pypi::azure-mgmt-redis,1,0.001893939393939394,6.577841251298354,False
pypi::sphinx-rtd-theme,1,0.001893939393939394,6.577841251298354,False
pypi::adal,1,0.001893939393939394,6.577841251298354,False
github_actions::actions/cache/save,1,0.001893939393939394,6.577841251298354,False
pypi::azure-mgmt-nspkg,1,0.001893939393939394,6.577841251298354,False
pypi::black,1,0.001893939393939394,6.577841251298354,False
pypi::openstacksdk,1,0.001893939393939394,6.577841251298354,False
pypi::s3transfer,1,0.001893939393939394,6.577841251298354,False
pypi::sphinxcontrib-jsmath,1,0.001893939393939394,6.577841251298354,False
pypi::sphinxcontrib-htmlhelp,1,0.001893939393939394,6.577841251298354,False
pypi::msal-extensions,1,0.001893939393939394,6.577841251298354,False
pypi::azure-keyvault-secrets,1,0.001893939393939394,6.577841251298354,False
pypi::google-cloud-core,1,0.001893939393939394,6.577841251298354,False
pypi::iniconfig,1,0.001893939393939394,6.577841251298354,False
pypi::iso8601,1,0.001893939393939394,6.577841251298354,False
pypi::supervisor,1,0.001893939393939394,6.577841251298354,False
pypi::jsonpointer,1,0.001893939393939394,6.577841251298354,False
pypi::azure-mgmt-security,1,0.001893939393939394,6.577841251298354,False
pypi::google-cloud-monitoring,1,0.001893939393939394,6.577841251298354,False
pypi::recommonmark,1,0.001893939393939394,6.577841251298354,False
pypi::sphinxcontrib-applehelp,1,0.001893939393939394,6.577841251298354,False
pypi::google-resumable-media,1,0.001893939393939394,6.577841251298354,False
pypi::azure-mgmt-managementgroups,1,0.001893939393939394,6.577841251298354,False
pypi::azure-mgmt-authorization,1,0.001893939393939394,6.577841251298354,False
golang::github.com/spf13/cast,1,0.001893939393939394,6.577841251298354,False
pypi::azure-mgmt-servicefabric,1,0.001893939393939394,6.577841251298354,False
pypi::ruff,1,0.001893939393939394,6.577841251298354,False
pypi::snowballstemmer,1,0.001893939393939394,6.577841251298354,False
pypi::azure-mgmt-logic,1,0.001893939393939394,6.577841251298354,False
pypi::ldap3,1,0.001893939393939394,6.577841251298354,False
pypi::rq-dashboard,1,0.001893939393939394,6.577841251298354,False
pypi::azure-keyvault-keys,1,0.001893939393939394,6.577841251298354,False
pypi::ipaddress,1,0.001893939393939394,6.577841251298354,False
pypi::circuitbreaker,1,0.001893939393939394,6.577841251298354,False
pypi::wsgiref,1,0.001893939393939394,6.577841251298354,False
pypi::azure-storage-file-share,1,0.001893939393939394,6.577841251298354,False
pypi::azure-graphrbac,1,0.001893939393939394,6.577841251298354,False
github_actions::hashicorp/setup-terraform,1,0.001893939393939394,6.577841251298354,False
pypi::azure-mgmt-applicationinsights,1,0.001893939393939394,6.577841251298354,False
pypi::execnet,1,0.001893939393939394,6.577841251298354,False
golang::github.com/hashicorp/hcl,1,0.001893939393939394,6.577841251298354,False
pypi::azure-mgmt-hdinsight,1,0.001893939393939394,6.577841251298354,False
pypi::sphinxcontrib-serializinghtml,1,0.001893939393939394,6.577841251298354,False
pypi::datadog,1,0.001893939393939394,6.577841251298354,False
pypi::vcrpy,1,0.001893939393939394,6.577841251298354,False
pypi::placebo,1,0.001893939393939394,6.577841251298354,False
golang::github.com/shirou/gopsutil,1,0.001893939393939394,6.577841251298354,False
pypi::azure-mgmt-frontdoor,1,0.001893939393939394,6.577841251298354,False
pypi::azure-storage-common,1,0.001893939393939394,6.577841251298354,False
pypi::humanize,1,0.001893939393939394,6.577841251298354,False
golang::github.com/olivere/elastic,1,0.001893939393939394,6.577841251298354,False
golang::github.com/smartystreets/goconvey,1,0.001893939393939394,6.577841251298354,False
pypi::docker,1,0.001893939393939394,6.577841251298354,False
golang::github.com/fortytw2/leaktest,1,0.001893939393939394,6.577841251298354,False
pypi::c7n,1,0.001893939393939394,6.577841251298354,False
pypi::setuptools-scm,1,0.001893939393939394,6.577841251298354,False
pypi::azure-mgmt-iothub,1,0.001893939393939394,6.577841251298354,False
golang::github.com/azure/go-ansiterm,1,0.001893939393939394,6.577841251298354,False
pypi::argcomplete,1,0.001893939393939394,6.577841251298354,False
pypi::bleach,1,0.001893939393939394,6.577841251298354,False
golang::github.com/golang/time,1,0.001893939393939394,6.577841251298354,False
pypi::azure-mgmt-monitor,1,0.001893939393939394,6.577841251298354,False
pypi::azure-storage-queue,1,0.001893939393939394,6.577841251298354,False
pypi::azure-mgmt-subscription,1,0.001893939393939394,6.577841251298354,False
pypi::importlib-resources,1,0.001893939393939394,6.577841251298354,False
golang::github.com/inconshreveable/mousetrap,1,0.001893939393939394,6.577841251298354,False
pypi::azure-mgmt-cdn,1,0.001893939393939394,6.577841251298354,False
pypi::jsonschema-specifications,1,0.001893939393939394,6.577841251298354,False
pypi::aws-xray-sdk,1,0.001893939393939394,6.577841251298354,False
pypi::pywin32,1,0.001893939393939394,6.577841251298354,False
golang::github.com/pelletier/go-toml,1,0.001893939393939394,6.577841251298354,False
pypi::google-cloud-secret-manager,1,0.001893939393939394,6.577841251298354,False
pypi::google-auth,1,0.001893939393939394,6.577841251298354,False
npm::react-qr-code,1,0.001893939393939394,6.577841251298354,False
npm::image-webpack-loader,1,0.001893939393939394,6.577841251298354,False
npm::babel-plugin-lodash,1,0.001893939393939394,6.577841251298354,False
npm::webpack-pwa-manifest,1,0.001893939393939394,6.577841251298354,False
npm::is-supported-regexp-flag,1,0.001893939393939394,6.577841251298354,False
npm::offline-plugin,1,0.001893939393939394,6.577841251298354,False
npm::react-intl,1,0.001893939393939394,6.577841251298354,False
npm::jest-dom,1,0.001893939393939394,6.577841251298354,False
npm::stylelint-processor-styled-components,1,0.001893939393939394,6.577841251298354,False
npm::jest-styled-components,1,0.001893939393939394,6.577841251298354,False
npm::@react-native-community/art,1,0.001893939393939394,6.577841251298354,False
npm::qr.js,1,0.001893939393939394,6.577841251298354,False
npm::dom-testing-library,1,0.001893939393939394,6.577841251298354,False
npm::intl-relativeformat,1,0.001893939393939394,6.577841251298354,False
npm::intl-format-cache,1,0.001893939393939394,6.577841251298354,False
npm::@babel/plugin-transform-react-inline-elements,1,0.001893939393939394,6.577841251298354,False
npm::svg-url-loader,1,0.001893939393939394,6.577841251298354,False
npm::imagemin-mozjpeg,1,0.001893939393939394,6.577841251298354,False
npm::intl,1,0.001893939393939394,6.577841251298354,False
npm::plop,1,0.001893939393939394,6.577841251298354,False
npm::add-asset-html-webpack-plugin,1,0.001893939393939394,6.577841251298354,False
npm::node-plop,1,0.001893939393939394,6.577841251298354,False
npm::react-testing-library,1,0.001893939393939394,6.577841251298354,False
npm::stylelint-config-styled-components,1,0.001893939393939394,6.577841251298354,False
npm::pre-commit,1,0.001893939393939394,6.577841251298354,False
npm::ngrok,1,0.001893939393939394,6.577841251298354,False
npm::seamless-immutable,1,0.001893939393939394,6.577841251298354,False
npm::decompress-zip,1,0.001893939393939394,6.577841251298354,False
npm::babel-plugin-react-intl,1,0.001893939393939394,6.577841251298354,False
npm::eslint-plugin-redux-saga,1,0.001893939393939394,6.577841251298354,False
npm::require-package-name,1,0.001893939393939394,6.577841251298354,False
npm::connected-react-router,1,0.001893939393939394,6.577841251298354,False
npm::intl-messageformat-parser,1,0.001893939393939394,6.577841251298354,False
npm::postcss-jsx,1,0.001893939393939394,6.577841251298354,False
npm::postcss-markdown,1,0.001893939393939394,6.577841251298354,False
npm::stream-meter,1,0.001893939393939394,6.577841251298354,False
npm::pkg,1,0.001893939393939394,6.577841251298354,False
npm::pkg-fetch,1,0.001893939393939394,6.577841251298354,False
github_actions::actions/upload-release-asset,1,0.001893939393939394,6.577841251298354,False
npm::ng2-file-upload,1,0.001893939393939394,6.577841251298354,False
npm::grunt-contrib-jade,1,0.001893939393939394,6.577841251298354,False
npm::grunt-saucelabs,1,0.001893939393939394,6.577841251298354,False
npm::rand-token,1,0.001893939393939394,6.577841251298354,False
npm::mix,1,0.001893939393939394,6.577841251298354,False
npm::lodash.isundefined,1,0.001893939393939394,6.577841251298354,False
npm::grunt-exec,1,0.001893939393939394,6.577841251298354,False
npm::npm-shrinkwrap,1,0.001893939393939394,6.577841251298354,False
npm::grunt-sed,1,0.001893939393939394,6.577841251298354,False
npm::grunt-csscomb,1,0.001893939393939394,6.577841251298354,False
npm::csvtojson,1,0.001893939393939394,6.577841251298354,False
npm::time-grunt,1,0.001893939393939394,6.577841251298354,False
npm::grunt-autoprefixer,1,0.001893939393939394,6.577841251298354,False
npm::json2csv,1,0.001893939393939394,6.577841251298354,False
npm::lodash.groupby,1,0.001893939393939394,6.577841251298354,False
npm::@fast-csv/format,1,0.001893939393939394,6.577841251298354,False
npm::fast-csv,1,0.001893939393939394,6.577841251298354,False
npm::grunt-jekyll,1,0.001893939393939394,6.577841251298354,False
npm::grunt-contrib-htmlmin,1,0.001893939393939394,6.577841251298354,False
npm::@fast-csv/parse,1,0.001893939393939394,6.577841251298354,False
npm::angular8-yandex-maps,1,0.001893939393939394,6.577841251298354,False
maven::com.qulice/qulice-maven-plugin,1,0.001893939393939394,6.577841251298354,False
npm::readline-sync,1,0.001893939393939394,6.577841251298354,False
pypi::xhtml2pdf,1,0.001893939393939394,6.577841251298354,False
pypi::python-bidi,1,0.001893939393939394,6.577841251298354,False
pypi::reportlab,1,0.001893939393939394,6.577841251298354,False
pypi::arabic-reshaper,1,0.001893939393939394,6.577841251298354,False
pypi::django-xhtml2pdf,1,0.001893939393939394,6.577841251298354,False
maven::org.slf4j/jcl-over-slf4j,1,0.001893939393939394,6.577841251298354,False
maven::commons-logging/commons-logging-api,1,0.001893939393939394,6.577841251298354,False
maven::javax.inject/javax.inject,1,0.001893939393939394,6.577841251298354,False
pypi::calendar,1,0.001893939393939394,6.577841251298354,False
npm::twit,1,0.001893939393939394,6.577841251298354,False
npm::node-base64-image,1,0.001893939393939394,6.577841251298354,False
npm::slackbots,1,0.001893939393939394,6.577841251298354,False
gem::importmap-rails,1,0.001893939393939394,6.577841251298354,False
gem::stimulus-rails,1,0.001893939393939394,6.577841251298354,False
gem::turbo-rails,1,0.001893939393939394,6.577841251298354,False
npm::grunt-checktextdomain,1,0.001893939393939394,6.577841251298354,False
npm::grunt-wp-i18n,1,0.001893939393939394,6.577841251298354,False
pypi::django-environ,1,0.001893939393939394,6.577841251298354,False
pypi::praw,1,0.001893939393939394,6.577841251298354,False
pypi::celery,1,0.001893939393939394,6.577841251298354,False
maven::com.amalgamasimulation/com.amalgamasimulation.engine,1,0.001893939393939394,6.577841251298354,False
npm::@xboxreplay/errors,1,0.001893939393939394,6.577841251298354,False
npm::prismarine-recipe,1,0.001893939393939394,6.577841251298354,False
npm::prismarine-nbt,1,0.001893939393939394,6.577841251298354,False
npm::mineflayer-blockfinder,1,0.001893939393939394,6.577841251298354,False
npm::event-promise,1,0.001893939393939394,6.577841251298354,False
npm::protodef,1,0.001893939393939394,6.577841251298354,False
npm::minecraft-data,1,0.001893939393939394,6.577841251298354,False
npm::uuid-1345,1,0.001893939393939394,6.577841251298354,False
npm::prismarine-world,1,0.001893939393939394,6.577841251298354,False
npm::mineflayer,1,0.001893939393939394,6.577841251298354,False
npm::centra,1,0.001893939393939394,6.577841251298354,False
npm::protodef-validator,1,0.001893939393939394,6.577841251298354,False
npm::prismarine-entity,1,0.001893939393939394,6.577841251298354,False
npm::prismarine-biome,1,0.001893939393939394,6.577841251298354,False
npm::@xboxreplay/xboxlive-auth,1,0.001893939393939394,6.577841251298354,False
npm::minecraft-protocol,1,0.001893939393939394,6.577841251298354,False
npm::typed-emitter,1,0.001893939393939394,6.577841251298354,False
npm::prismarine-windows,1,0.001893939393939394,6.577841251298354,False
npm::mineflayer-cmd,1,0.001893939393939394,6.577841251298354,False
npm::config,1,0.001893939393939394,6.577841251298354,False
npm::node-rsa,1,0.001893939393939394,6.577841251298354,False
npm::prismarine-block,1,0.001893939393939394,6.577841251298354,False
npm::prismarine-chunk,1,0.001893939393939394,6.577841251298354,False
npm::vec3,1,0.001893939393939394,6.577841251298354,False
npm::yggdrasil,1,0.001893939393939394,6.577841251298354,False
npm::endian-toggle,1,0.001893939393939394,6.577841251298354,False
npm::user-settings-dir,1,0.001893939393939394,6.577841251298354,False
npm::prismarine-chat,1,0.001893939393939394,6.577841251298354,False
npm::mojangson,1,0.001893939393939394,6.577841251298354,False
npm::uint4,1,0.001893939393939394,6.577841251298354,False
npm::minecraft-folder-path,1,0.001893939393939394,6.577841251298354,False
npm::prismarine-physics,1,0.001893939393939394,6.577841251298354,False
npm::prismarine-item,1,0.001893939393939394,6.577841251298354,False
pypi::lightning,1,0.001893939393939394,6.577841251298354,False
pypi::codecov,1,0.001893939393939394,6.577841251298354,False
pypi::pytorch-lightning,1,0.001893939393939394,6.577841251298354,False
pypi::fiftyone,1,0.001893939393939394,6.577841251298354,False
pypi::lightning-flash,1,0.001893939393939394,6.577841251298354,False
pypi::torchmetrics,1,0.001893939393939394,6.577841251298354,False
npm::@parcel/watcher-win32-ia32,1,0.001893939393939394,6.577841251298354,False
npm::confbox,1,0.001893939393939394,6.577841251298354,False
npm::unctx,1,0.001893939393939394,6.577841251298354,False
npm::hookable,1,0.001893939393939394,6.577841251298354,False
npm::uri-js-replace,1,0.001893939393939394,6.577841251298354,False
npm::urlpattern-polyfill,1,0.001893939393939394,6.577841251298354,False
npm::@parcel/watcher-freebsd-x64,1,0.001893939393939394,6.577841251298354,False
npm::untun,1,0.001893939393939394,6.577841251298354,False
npm::@parcel/watcher-linux-arm64-musl,1,0.001893939393939394,6.577841251298354,False
npm::httpxy,1,0.001893939393939394,6.577841251298354,False
npm::perfect-debounce,1,0.001893939393939394,6.577841251298354,False
npm::@parcel/watcher-linux-arm-glibc,1,0.001893939393939394,6.577841251298354,False
npm::c12,1,0.001893939393939394,6.577841251298354,False
npm::mlly,1,0.001893939393939394,6.577841251298354,False
npm::unimport,1,0.001893939393939394,6.577841251298354,False
npm::@parcel/watcher-win32-arm64,1,0.001893939393939394,6.577841251298354,False
npm::cookie-es,1,0.001893939393939394,6.577841251298354,False
npm::crossws,1,0.001893939393939394,6.577841251298354,False
npm::@cloudflare/kv-asset-handler,1,0.001893939393939394,6.577841251298354,False
npm::unwasm,1,0.001893939393939394,6.577841251298354,False
npm::@babel/standalone,1,0.001893939393939394,6.577841251298354,False
npm::@esbuild/openbsd-arm64,1,0.001893939393939394,6.577841251298354,False
npm::untyped,1,0.001893939393939394,6.577841251298354,False
npm::node-fetch-native,1,0.001893939393939394,6.577841251298354,False
npm::queue-tick,1,0.001893939393939394,6.577841251298354,False
npm::nypm,1,0.001893939393939394,6.577841251298354,False
npm::@rollup/rollup-freebsd-x64,1,0.001893939393939394,6.577841251298354,False
npm::b4a,1,0.001893939393939394,6.577841251298354,False
npm::index-to-position,1,0.001893939393939394,6.577841251298354,False
npm::knitwork,1,0.001893939393939394,6.577841251298354,False
npm::@rollup/plugin-alias,1,0.001893939393939394,6.577841251298354,False
npm::http-shutdown,1,0.001893939393939394,6.577841251298354,False
npm::iron-webcrypto,1,0.001893939393939394,6.577841251298354,False
npm::@netlify/functions,1,0.001893939393939394,6.577841251298354,False
npm::@rollup/plugin-commonjs,1,0.001893939393939394,6.577841251298354,False
npm::system-architecture,1,0.001893939393939394,6.577841251298354,False
npm::@netlify/serverless-functions-api,1,0.001893939393939394,6.577841251298354,False
npm::@rollup/plugin-inject,1,0.001893939393939394,6.577841251298354,False
npm::nitropack,1,0.001893939393939394,6.577841251298354,False
npm::@redocly/openapi-core,1,0.001893939393939394,6.577841251298354,False
npm::unstorage,1,0.001893939393939394,6.577841251298354,False
npm::giget,1,0.001893939393939394,6.577841251298354,False
npm::compatx,1,0.001893939393939394,6.577841251298354,False
npm::fast-fifo,1,0.001893939393939394,6.577841251298354,False
npm::h3,1,0.001893939393939394,6.577841251298354,False
npm::package-json-from-dist,1,0.001893939393939394,6.577841251298354,False
npm::listhen,1,0.001893939393939394,6.577841251298354,False
npm::@parcel/watcher-linux-arm-musl,1,0.001893939393939394,6.577841251298354,False
npm::@parcel/watcher-win32-x64,1,0.001893939393939394,6.577841251298354,False
npm::@redocly/ajv,1,0.001893939393939394,6.577841251298354,False
npm::unplugin,1,0.001893939393939394,6.577841251298354,False
npm::fdir,1,0.001893939393939394,6.577841251298354,False
npm::@rollup/plugin-terser,1,0.001893939393939394,6.577841251298354,False
npm::db0,1,0.001893939393939394,6.577841251298354,False
npm::@parcel/watcher-linux-arm64-glibc,1,0.001893939393939394,6.577841251298354,False
npm::uncrypto,1,0.001893939393939394,6.577841251298354,False
npm::@parcel/watcher-linux-x64-musl,1,0.001893939393939394,6.577841251298354,False
npm::pathe,1,0.001893939393939394,6.577841251298354,False
npm::@ioredis/commands,1,0.001893939393939394,6.577841251298354,False
npm::openapi-typescript,1,0.001893939393939394,6.577841251298354,False
npm::@parcel/watcher-wasm,1,0.001893939393939394,6.577841251298354,False
npm::acorn-import-attributes,1,0.001893939393939394,6.577841251298354,False
npm::streamx,1,0.001893939393939394,6.577841251298354,False
npm::radix3,1,0.001893939393939394,6.577841251298354,False
npm::async-sema,1,0.001893939393939394,6.577841251298354,False
npm::@vercel/nft,1,0.001893939393939394,6.577841251298354,False
npm::rollup-plugin-visualizer,1,0.001893939393939394,6.577841251298354,False
npm::citty,1,0.001893939393939394,6.577841251298354,False
npm::@parcel/watcher-android-arm64,1,0.001893939393939394,6.577841251298354,False
npm::bare-events,1,0.001893939393939394,6.577841251298354,False
npm::is64bit,1,0.001893939393939394,6.577841251298354,False
npm::uqr,1,0.001893939393939394,6.577841251298354,False
npm::@rollup/plugin-json,1,0.001893939393939394,6.577841251298354,False
npm::@parcel/watcher-darwin-x64,1,0.001893939393939394,6.577841251298354,False
npm::@rollup/rollup-freebsd-arm64,1,0.001893939393939394,6.577841251298354,False
npm::@redocly/config,1,0.001893939393939394,6.577841251298354,False
npm::magicast,1,0.001893939393939394,6.577841251298354,False
npm::@parcel/watcher-linux-x64-glibc,1,0.001893939393939394,6.577841251298354,False
npm::unenv,1,0.001893939393939394,6.577841251298354,False
npm::ofetch,1,0.001893939393939394,6.577841251298354,False
npm::croner,1,0.001893939393939394,6.577841251298354,False
npm::pkg-types,1,0.001893939393939394,6.577841251298354,False
npm::text-decoder,1,0.001893939393939394,6.577841251298354,False
npm::@parcel/watcher-darwin-arm64,1,0.001893939393939394,6.577841251298354,False
npm::ohash,1,0.001893939393939394,6.577841251298354,False
npm::@netlify/node-cookies,1,0.001893939393939394,6.577841251298354,False
npm::smob,1,0.001893939393939394,6.577841251298354,False
npm::babel-preset-airbnb,1,0.001893939393939394,6.577841251298354,False
pypi::networkx,1,0.001893939393939394,6.577841251298354,False
pypi::faiss-cpu,1,0.001893939393939394,6.577841251298354,False
pypi::openapi-schema-pydantic,1,0.001893939393939394,6.577841251298354,False
pypi::marshmallow,1,0.001893939393939394,6.577841251298354,False
pypi::clickhouse-connect,1,0.001893939393939394,6.577841251298354,False
pypi::posthog,1,0.001893939393939394,6.577841251298354,False
pypi::fsspec,1,0.001893939393939394,6.577841251298354,False
pypi::mpmath,1,0.001893939393939394,6.577841251298354,False
pypi::argilla,1,0.001893939393939394,6.577841251298354,False
pypi::typing-inspect,1,0.001893939393939394,6.577841251298354,False
pypi::joblib,1,0.001893939393939394,6.577841251298354,False
pypi::sentence-transformers,1,0.001893939393939394,6.577841251298354,False
pypi::sympy,1,0.001893939393939394,6.577841251298354,False
pypi::watchfiles,1,0.001893939393939394,6.577841251298354,False
pypi::regex,1,0.001893939393939394,6.577841251298354,False
pypi::olefile,1,0.001893939393939394,6.577841251298354,False
pypi::openai,1,0.001893939393939394,6.577841251298354,False
pypi::tokenizers,1,0.001893939393939394,6.577841251298354,False
github_actions::pypa/gh-action-pypi-publish,1,0.001893939393939394,6.577841251298354,False
pypi::hnswlib,1,0.001893939393939394,6.577841251298354,False
pypi::sentencepiece,1,0.001893939393939394,6.577841251298354,False
pypi::duckdb,1,0.001893939393939394,6.577841251298354,False
pypi::pypdf,1,0.001893939393939394,6.577841251298354,False
pypi::huggingface-hub,1,0.001893939393939394,6.577841251298354,False
pypi::langchain,1,0.001893939393939394,6.577841251298354,False
pypi::dataclasses-json,1,0.001893939393939394,6.577841251298354,False
pypi::chromadb,1,0.001893939393939394,6.577841251298354,False
pypi::monotonic,1,0.001893939393939394,6.577841251298354,False
pypi::deprecated,1,0.001893939393939394,6.577841251298354,False
pypi::threadpoolctl,1,0.001893939393939394,6.577841251298354,False
pypi::pypandoc,1,0.001893939393939394,6.577841251298354,False
pypi::msg-parser,1,0.001893939393939394,6.577841251298354,False
pypi::pdfminer-six,1,0.001893939393939394,6.577841251298354,False
pypi::et-xmlfile,1,0.001893939393939394,6.577841251298354,False
pypi::backoff,1,0.001893939393939394,6.577841251298354,False
pypi::pypdfium2,1,0.001893939393939394,6.577841251298354,False
pypi::python-magic,1,0.001893939393939394,6.577841251298354,False
pypi::openpyxl,1,0.001893939393939394,6.577841251298354,False
pypi::numexpr,1,0.001893939393939394,6.577841251298354,False
pypi::tenacity,1,0.001893939393939394,6.577841251298354,False
pypi::unstructured,1,0.001893939393939394,6.577841251298354,False
pypi::tiktoken,1,0.001893939393939394,6.577841251298354,False
pypi::httptools,1,0.001893939393939394,6.577841251298354,False
pypi::python-docx,1,0.001893939393939394,6.577841251298354,False
pypi::marshmallow-enum,1,0.001893939393939394,6.577841251298354,False
pypi::zstandard,1,0.001893939393939394,6.577841251298354,False
pypi::python-pptx,1,0.001893939393939394,6.577841251298354,False
pypi::httpcore,1,0.001893939393939394,6.577841251298354,False
maven::org.eclipse.jetty/jetty-maven-plugin,1,0.001893939393939394,6.577841251298354,False
maven::org.apache.maven.plugins/maven-war-plugin,1,0.001893939393939394,6.577841251298354,False
maven::javax.servlet.jsp/javax.servlet.jsp-api,1,0.001893939393939394,6.577841251298354,False
npm::hang,1,0.001893939393939394,6.577841251298354,False
npm::xhr-response,1,0.001893939393939394,6.577841251298354,False
npm::xhr-status,1,0.001893939393939394,6.577841251298354,False
npm::failure,1,0.001893939393939394,6.577841251298354,False
npm::@discordjs/collection,1,0.001893939393939394,6.577841251298354,False
npm::extendible,1,0.001893939393939394,6.577841251298354,False
npm::axo,1,0.001893939393939394,6.577841251298354,False
npm::node-http-xhr,1,0.001893939393939394,6.577841251298354,False
npm::prism-media,1,0.001893939393939394,6.577841251298354,False
npm::requests,1,0.001893939393939394,6.577841251298354,False
npm::loads,1,0.001893939393939394,6.577841251298354,False
npm::xhr-send,1,0.001893939393939394,6.577841251298354,False
npm::@discordjs/form-data,1,0.001893939393939394,6.577841251298354,False
npm::grunt-simple-mocha,1,0.001893939393939394,6.577841251298354,False
npm::spec-xunit-file,1,0.001893939393939394,6.577841251298354,False
npm::grunt-env,1,0.001893939393939394,6.577841251298354,False
npm::grunt-concurrent,1,0.001893939393939394,6.577841251298354,False
npm::ml-tree-similarity,1,0.001893939393939394,6.577841251298354,False
npm::p-queue,1,0.001893939393939394,6.577841251298354,False
npm::ml-distance,1,0.001893939393939394,6.577841251298354,False
npm::openapi-types,1,0.001893939393939394,6.577841251298354,False
npm::num-sort,1,0.001893939393939394,6.577841251298354,False
npm::langchainplus-sdk,1,0.001893939393939394,6.577841251298354,False
npm::zod-to-json-schema,1,0.001893939393939394,6.577841251298354,False
npm::langchain,1,0.001893939393939394,6.577841251298354,False
npm::@fortaine/fetch-event-source,1,0.001893939393939394,6.577841251298354,False
npm::ml-array-mean,1,0.001893939393939394,6.577841251298354,False
npm::ml-array-sum,1,0.001893939393939394,6.577841251298354,False
npm::@anthropic-ai/sdk,1,0.001893939393939394,6.577841251298354,False
npm::hnswlib-node,1,0.001893939393939394,6.577841251298354,False
npm::js-tiktoken,1,0.001893939393939394,6.577841251298354,False
npm::expr-eval,1,0.001893939393939394,6.577841251298354,False
npm::ml-distance-euclidean,1,0.001893939393939394,6.577841251298354,False
golang::github.com/go-openapi/loads,1,0.001893939393939394,6.577841251298354,False
golang::github.com/jpillora/backoff,1,0.001893939393939394,6.577841251298354,False
github_actions::bufbuild/buf-setup-action,1,0.001893939393939394,6.577841251298354,False
golang::github.com/alecthomas/units,1,0.001893939393939394,6.577841251298354,False
github_actions::bufbuild/buf-breaking-action,1,0.001893939393939394,6.577841251298354,False
github_actions::google/oss-fuzz/infra/cifuzz/actions/run_fuzzers,1,0.001893939393939394,6.577841251298354,False
golang::github.com/cncf/xds/go,1,0.001893939393939394,6.577841251298354,False
golang::golang.org/x/exp,1,0.001893939393939394,6.577841251298354,False
npm::@codemirror/lint,1,0.001893939393939394,6.577841251298354,False
golang::github.com/go-resty/resty/v2,1,0.001893939393939394,6.577841251298354,False
npm::downshift,1,0.001893939393939394,6.577841251298354,False
golang::github.com/google/pprof,1,0.001893939393939394,6.577841251298354,False
golang::github.com/ovh/go-ovh,1,0.001893939393939394,6.577841251298354,False
golang::github.com/go-openapi/validate,1,0.001893939393939394,6.577841251298354,False
npm::@codemirror/search,1,0.001893939393939394,6.577841251298354,False
golang::github.com/prometheus/common/sigv4,1,0.001893939393939394,6.577841251298354,False
github_actions::npm/action-deploy,1,0.001893939393939394,6.577841251298354,False
golang::github.com/mwitkow/go-conntrack,1,0.001893939393939394,6.577841251298354,False
npm::cssfontparser,1,0.001893939393939394,6.577841251298354,False
golang::go.opentelemetry.io/otel/trace,1,0.001893939393939394,6.577841251298354,False
npm::@wojtekmaj/enzyme-adapter-utils,1,0.001893939393939394,6.577841251298354,False
golang::go.uber.org/automaxprocs,1,0.001893939393939394,6.577841251298354,False
github_actions::google/oss-fuzz/infra/cifuzz/actions/build_fuzzers,1,0.001893939393939394,6.577841251298354,False
npm::array.prototype.filter,1,0.001893939393939394,6.577841251298354,False
golang::github.com/azure/go-autorest/autorest,1,0.001893939393939394,6.577841251298354,False
golang::github.com/go-openapi/swag,1,0.001893939393939394,6.577841251298354,False
golang::github.com/google/go-querystring,1,0.001893939393939394,6.577841251298354,False
golang::go.uber.org/goleak,1,0.001893939393939394,6.577841251298354,False
golang::github.com/grafana/regexp,1,0.001893939393939394,6.577841251298354,False
golang::github.com/xhit/go-str2duration/v2,1,0.001893939393939394,6.577841251298354,False
npm::crelt,1,0.001893939393939394,6.577841251298354,False
golang::github.com/go-openapi/errors,1,0.001893939393939394,6.577841251298354,False
npm::@prometheus-io/codemirror-promql,1,0.001893939393939394,6.577841251298354,False
golang::github.com/hashicorp/serf,1,0.001893939393939394,6.577841251298354,False
golang::k8s.io/klog,1,0.001893939393939394,6.577841251298354,False
npm::@prometheus-io/lezer-promql,1,0.001893939393939394,6.577841251298354,False
github_actions::prometheus/promci,1,0.001893939393939394,6.577841251298354,False
golang::github.com/go-openapi/strfmt,1,0.001893939393939394,6.577841251298354,False
golang::github.com/azure/go-autorest,1,0.001893939393939394,6.577841251298354,False
npm::@types/flot,1,0.001893939393939394,6.577841251298354,False
npm::@codemirror/view,1,0.001893939393939394,6.577841251298354,False
golang::github.com/hashicorp/go-immutable-radix,1,0.001893939393939394,6.577841251298354,False
npm::moo-color,1,0.001893939393939394,6.577841251298354,False
npm::react-copy-to-clipboard,1,0.001893939393939394,6.577841251298354,False
npm::@codemirror/commands,1,0.001893939393939394,6.577841251298354,False
golang::go.opentelemetry.io/otel,1,0.001893939393939394,6.577841251298354,False
golang::github.com/influxdata/influxdb,1,0.001893939393939394,6.577841251298354,False
golang::github.com/envoyproxy/protoc-gen-validate,1,0.001893939393939394,6.577841251298354,False
npm::@types/sanitize-html,1,0.001893939393939394,6.577841251298354,False
golang::github.com/vultr/govultr/v2,1,0.001893939393939394,6.577841251298354,False
golang::github.com/hashicorp/go-hclog,1,0.001893939393939394,6.577841251298354,False
golang::github.com/cenkalti/backoff/v4,1,0.001893939393939394,6.577841251298354,False
golang::github.com/digitalocean/godo,1,0.001893939393939394,6.577841251298354,False
golang::github.com/oklog/run,1,0.001893939393939394,6.577841251298354,False
golang::github.com/edsrzf/mmap-go,1,0.001893939393939394,6.577841251298354,False
golang::github.com/prometheus/exporter-toolkit,1,0.001893939393939394,6.577841251298354,False
golang::github.com/felixge/httpsnoop,1,0.001893939393939394,6.577841251298354,False
golang::go.opentelemetry.io/contrib/instrumentation/net/http/otelhttp,1,0.001893939393939394,6.577841251298354,False
golang::github.com/ghodss/yaml,1,0.001893939393939394,6.577841251298354,False
github_actions::bufbuild/buf-lint-action,1,0.001893939393939394,6.577841251298354,False
golang::github.com/scaleway/scaleway-sdk-go,1,0.001893939393939394,6.577841251298354,False
golang::go.opentelemetry.io/otel/exporters/otlp/otlptrace,1,0.001893939393939394,6.577841251298354,False
golang::go.opentelemetry.io/otel/exporters/otlp/otlptrace/otlptracegrpc,1,0.001893939393939394,6.577841251298354,False
npm::w3c-keyname,1,0.001893939393939394,6.577841251298354,False
golang::github.com/google/gnostic,1,0.001893939393939394,6.577841251298354,False
golang::github.com/hashicorp/nomad/api,1,0.001893939393939394,6.577841251298354,False
golang::github.com/prometheus/prometheus,1,0.001893939393939394,6.577841251298354,False
golang::github.com/hashicorp/go-retryablehttp,1,0.001893939393939394,6.577841251298354,False
golang::github.com/julienschmidt/httprouter,1,0.001893939393939394,6.577841251298354,False
golang::github.com/googleapis/gax-go/v2,1,0.001893939393939394,6.577841251298354,False
golang::go.opentelemetry.io/otel/exporters/otlp/otlptrace/otlptracehttp,1,0.001893939393939394,6.577841251298354,False
golang::github.com/grpc-ecosystem/grpc-gateway/v2,1,0.001893939393939394,6.577841251298354,False
golang::github.com/armon/go-metrics,1,0.001893939393939394,6.577841251298354,False
golang::github.com/go-zookeeper/zk,1,0.001893939393939394,6.577841251298354,False
npm::parse-srcset,1,0.001893939393939394,6.577841251298354,False
golang::github.com/envoyproxy/go-control-plane,1,0.001893939393939394,6.577841251298354,False
npm::@nexucis/kvsearch,1,0.001893939393939394,6.577841251298354,False
npm::@types/jquery,1,0.001893939393939394,6.577841251298354,False
golang::github.com/josharian/intern,1,0.001893939393939394,6.577841251298354,False
golang::github.com/gophercloud/gophercloud,1,0.001893939393939394,6.577841251298354,False
golang::go.opentelemetry.io/otel/metric,1,0.001893939393939394,6.577841251298354,False
golang::github.com/shurcool/httpfs,1,0.001893939393939394,6.577841251298354,False
golang::github.com/go-openapi/jsonreference,1,0.001893939393939394,6.577841251298354,False
golang::github.com/prometheus/alertmanager,1,0.001893939393939394,6.577841251298354,False
golang::github.com/grpc-ecosystem/grpc-gateway,1,0.001893939393939394,6.577841251298354,False
golang::github.com/hashicorp/cronexpr,1,0.001893939393939394,6.577841251298354,False
npm::@types/react-copy-to-clipboard,1,0.001893939393939394,6.577841251298354,False
golang::github.com/go-openapi/jsonpointer,1,0.001893939393939394,6.577841251298354,False
golang::github.com/azure/go-autorest/tracing,1,0.001893939393939394,6.577841251298354,False
npm::react-error-boundary,1,0.001893939393939394,6.577841251298354,False
golang::github.com/linode/linodego,1,0.001893939393939394,6.577841251298354,False
golang::github.com/munnerz/goautoneg,1,0.001893939393939394,6.577841251298354,False
npm::@forevolve/bootstrap-dark,1,0.001893939393939394,6.577841251298354,False
npm::@codemirror/language,1,0.001893939393939394,6.577841251298354,False
github_actions::golangci/golangci-lint-action,1,0.001893939393939394,6.577841251298354,False
golang::github.com/rogpeppe/go-internal,1,0.001893939393939394,6.577841251298354,False
npm::tempusdominus-core,1,0.001893939393939394,6.577841251298354,False
npm::@lezer/generator,1,0.001893939393939394,6.577841251298354,False
npm::@wojtekmaj/enzyme-adapter-react-17,1,0.001893939393939394,6.577841251298354,False
golang::go.opentelemetry.io/otel/exporters/otlp/internal/retry,1,0.001893939393939394,6.577841251298354,False
golang::github.com/prometheus/common/assets,1,0.001893939393939394,6.577841251298354,False
npm::jquery.flot.tooltip,1,0.001893939393939394,6.577841251298354,False
github_actions::bufbuild/buf-push-action,1,0.001893939393939394,6.577841251298354,False
golang::go.uber.org/atomic,1,0.001893939393939394,6.577841251298354,False
golang::github.com/oklog/ulid,1,0.001893939393939394,6.577841251298354,False
github_actions::dessant/lock-threads,1,0.001893939393939394,6.577841251298354,False
golang::github.com/azure/azure-sdk-for-go,1,0.001893939393939394,6.577841251298354,False
npm::style-mod,1,0.001893939393939394,6.577841251298354,False
golang::github.com/mitchellh/go-homedir,1,0.001893939393939394,6.577841251298354,False
golang::github.com/hashicorp/consul/api,1,0.001893939393939394,6.577841251298354,False
npm::@codemirror/autocomplete,1,0.001893939393939394,6.577841251298354,False
npm::@types/enzyme,1,0.001893939393939394,6.577841251298354,False
npm::@types/cheerio,1,0.001893939393939394,6.577841251298354,False
golang::github.com/kolo/xmlrpc,1,0.001893939393939394,6.577841251298354,False
npm::@nexucis/fuzzy,1,0.001893939393939394,6.577841251298354,False
golang::github.com/azure/go-autorest/autorest/date,1,0.001893939393939394,6.577841251298354,False
golang::github.com/go-openapi/spec,1,0.001893939393939394,6.577841251298354,False
npm::@codemirror/state,1,0.001893939393939394,6.577841251298354,False
npm::@lezer/highlight,1,0.001893939393939394,6.577841251298354,False
npm::@testing-library/react-hooks,1,0.001893939393939394,6.577841251298354,False
golang::github.com/hashicorp/go-cleanhttp,1,0.001893939393939394,6.577841251298354,False
golang::github.com/go-logr/stdr,1,0.001893939393939394,6.577841251298354,False
golang::github.com/miekg/dns,1,0.001893939393939394,6.577841251298354,False
golang::github.com/azure/go-autorest/logger,1,0.001893939393939394,6.577841251298354,False
golang::github.com/azure/go-autorest/autorest/validation,1,0.001893939393939394,6.577841251298354,False
golang::github.com/go-logfmt/logfmt,1,0.001893939393939394,6.577841251298354,False
golang::go.opentelemetry.io/proto/otlp,1,0.001893939393939394,6.577841251298354,False
golang::github.com/dennwc/varint,1,0.001893939393939394,6.577841251298354,False
golang::github.com/coreos/go-systemd/v22,1,0.001893939393939394,6.577841251298354,False
golang::github.com/go-kit/log,1,0.001893939393939394,6.577841251298354,False
golang::gopkg.in/ini.v1,1,0.001893939393939394,6.577841251298354,False
golang::github.com/alecthomas/kingpin/v2,1,0.001893939393939394,6.577841251298354,False
golang::github.com/hetznercloud/hcloud-go,1,0.001893939393939394,6.577841251298354,False
golang::github.com/hashicorp/go-rootcerts,1,0.001893939393939394,6.577841251298354,False
golang::github.com/azure/go-autorest/autorest/adal,1,0.001893939393939394,6.577841251298354,False
golang::google.golang.org/genproto,1,0.001893939393939394,6.577841251298354,False
golang::go.opentelemetry.io/otel/sdk,1,0.001893939393939394,6.577841251298354,False
golang::github.com/azure/go-autorest/autorest/to,1,0.001893939393939394,6.577841251298354,False
npm::react-infinite-scroll-component,1,0.001893939393939394,6.577841251298354,False
npm::jest-canvas-mock,1,0.001893939393939394,6.577841251298354,False
golang::github.com/go-openapi/analysis,1,0.001893939393939394,6.577841251298354,False
golang::github.com/ionos-cloud/sdk-go/v6,1,0.001893939393939394,6.577841251298354,False
maven::org.springframework.boot/spring-boot-starter-data-cassandra,1,0.001893939393939394,6.577841251298354,False
maven::org.springframework.boot/spring-boot-starter-log4j2,1,0.001893939393939394,6.577841251298354,False
maven::org.springframework.boot/spring-boot-starter-jetty,1,0.001893939393939394,6.577841251298354,False
maven::io.micrometer/micrometer-registry-prometheus,1,0.001893939393939394,6.577841251298354,False
maven::com.lmax/disruptor,1,0.001893939393939394,6.577841251298354,False
maven::org.mindrot/jbcrypt,1,0.001893939393939394,6.577841251298354,False
maven::org.springframework.security/spring-security-web,1,0.001893939393939394,6.577841251298354,False
maven::io.dropwizard.metrics/metrics-core,1,0.001893939393939394,6.577841251298354,False
maven::io.jaegertracing/jaeger-client,1,0.001893939393939394,6.577841251298354,False
maven::org.springframework.cloud/spring-cloud-starter-netflix-ribbon,1,0.001893939393939394,6.577841251298354,False
maven::org.springframework.cloud/spring-cloud-starter-netflix-zuul,1,0.001893939393939394,6.577841251298354,False
maven::com.rabbitmq/amqp-client,1,0.001893939393939394,6.577841251298354,False
maven::com.google.code.gson/gson,1,0.001893939393939394,6.577841251298354,False
maven::org.apache.commons/commons-dbcp2,1,0.001893939393939394,6.577841251298354,False
maven::org.springframework.ldap/spring-ldap-core,1,0.001893939393939394,6.577841251298354,False
maven::com.ntw.common/CommonLib,1,0.001893939393939394,6.577841251298354,False
maven::com.squareup.okhttp3/okhttp,1,0.001893939393939394,6.577841251298354,False
maven::io.opentracing.contrib/opentracing-spring-jaeger-cloud-starter,1,0.001893939393939394,6.577841251298354,False
npm::noop-logger,1,0.001893939393939394,6.577841251298354,False
npm::walkdir,1,0.001893939393939394,6.577841251298354,False
npm::grunt-banner,1,0.001893939393939394,6.577841251298354,False
npm::iltorb,1,0.001893939393939394,6.577841251298354,False
npm::grunt-version,1,0.001893939393939394,6.577841251298354,False
npm::coffeescript,1,0.001893939393939394,6.577841251298354,False
npm::apollo-engine-reporting-protobuf,1,0.001893939393939394,6.577841251298354,False
npm::apollo-engine-reporting,1,0.001893939393939394,6.577841251298354,False
npm::@types/graphql-upload,1,0.001893939393939394,6.577841251298354,False
nuget::system.runtime.serialization.json,1,0.001893939393939394,6.577841251298354,False
nuget::microsoft.aspnetcore.authentication.google,1,0.001893939393939394,6.577841251298354,False
nuget::identityserver4.accesstokenvalidation,1,0.001893939393939394,6.577841251298354,False
nuget::identityserver4.aspnetidentity,1,0.001893939393939394,6.577841251298354,False
nuget::microsoft.aspnetcore.identity.ui,1,0.001893939393939394,6.577841251298354,False
nuget::microsoft.aspnetcore.cors,1,0.001893939393939394,6.577841251298354,False
npm::npm-run-all2,1,0.001893939393939394,6.577841251298354,False
npm::@tsconfig/node20,1,0.001893939393939394,6.577841251298354,False
npm::computeds,1,0.001893939393939394,6.577841251298354,False
npm::@vue/babel-plugin-resolve-type,1,0.001893939393939394,6.577841251298354,False
npm::@vue/language-core,1,0.001893939393939394,6.577841251298354,False
npm::@pkgr/core,1,0.001893939393939394,6.577841251298354,False
npm::nodelist-foreach-polyfill,1,0.001893939393939394,6.577841251298354,False
npm::airbnb-prop-types,1,0.001893939393939394,6.577841251298354,False
npm::jest-junit,1,0.001893939393939394,6.577841251298354,False
npm::xml,1,0.001893939393939394,6.577841251298354,False
npm::array.prototype.find,1,0.001893939393939394,6.577841251298354,False
npm::reflect.ownkeys,1,0.001893939393939394,6.577841251298354,False
npm::prop-types-exact,1,0.001893939393939394,6.577841251298354,False
pub::tflite,1,0.001893939393939394,6.577841251298354,False
pub::webview_flutter,1,0.001893939393939394,6.577841251298354,False
pub::audioplayers,1,0.001893939393939394,6.577841251298354,False
pub::uuid,1,0.001893939393939394,6.577841251298354,False
pub::fluttertoast,1,0.001893939393939394,6.577841251298354,False
pub::rflutter_alert,1,0.001893939393939394,6.577841251298354,False
github_actions::peaceiris/actions-gh-pages,1,0.001893939393939394,6.577841251298354,False
github_actions::ndeloof/install-compose-action,1,0.001893939393939394,6.577841251298354,False
maven::io.qameta.allure/allure-rest-assured,1,0.001893939393939394,6.577841251298354,False
maven::io.qameta.allure/allure-junit5,1,0.001893939393939394,6.577841251298354,False
github_actions::simple-elf/allure-report-action,1,0.001893939393939394,6.577841251298354,False
maven::com.github.javafaker/javafaker,1,0.001893939393939394,6.577841251298354,False
npm::jest-react-native,1,0.001893939393939394,6.577841251298354,False
npm::unimodules-task-manager-interface,1,0.001893939393939394,6.577841251298354,False
npm::react-native-drawer,1,0.001893939393939394,6.577841251298354,False
npm::@codler/react-native-keyboard-aware-scroll-view,1,0.001893939393939394,6.577841251298354,False
npm::react-tween-state,1,0.001893939393939394,6.577841251298354,False
npm::unimodules-app-loader,1,0.001893939393939394,6.577841251298354,False
npm::native-base-shoutem-theme,1,0.001893939393939394,6.577841251298354,False
npm::native-base,1,0.001893939393939394,6.577841251298354,False
npm::expo-splash-screen,1,0.001893939393939394,6.577841251298354,False
npm::print-message,1,0.001893939393939394,6.577841251298354,False
npm::react-native-easy-grid,1,0.001893939393939394,6.577841251298354,False
npm::@expo/configure-splash-screen,1,0.001893939393939394,6.577841251298354,False
npm::expo-linking,1,0.001893939393939394,6.577841251298354,False
npm::badgin,1,0.001893939393939394,6.577841251298354,False
composer::yiisoft/yii2-swiftmailer,1,0.001893939393939394,6.577841251298354,False
composer::codeception/stub,1,0.001893939393939394,6.577841251298354,False
composer::fortawesome/font-awesome,1,0.001893939393939394,6.577841251298354,False
composer::yiisoft/yii2,1,0.001893939393939394,6.577841251298354,False
composer::behat/gherkin,1,0.001893939393939394,6.577841251298354,False
composer::yiisoft/yii2-sphinx,1,0.001893939393939394,6.577841251298354,False
composer::codeception/verify,1,0.001893939393939394,6.577841251298354,False
composer::symfony/browser-kit,1,0.001893939393939394,6.577841251298354,False
composer::bower-asset/inputmask,1,0.001893939393939394,6.577841251298354,False
composer::rmrevin/yii2-fontawesome,1,0.001893939393939394,6.577841251298354,False
composer::bower-asset/gentelella,1,0.001893939393939394,6.577841251298354,False
composer::codeception/phpunit-wrapper,1,0.001893939393939394,6.577841251298354,False
composer::codeception/base,1,0.001893939393939394,6.577841251298354,False
composer::yiisoft/yii2-bootstrap,1,0.001893939393939394,6.577841251298354,False
composer::yiisoft/yii2-debug,1,0.001893939393939394,6.577841251298354,False
composer::yiisoft/yii2-gii,1,0.001893939393939394,6.577841251298354,False
composer::yiisoft/yii2-elasticsearch,1,0.001893939393939394,6.577841251298354,False
composer::bower-asset/bootstrap,1,0.001893939393939394,6.577841251298354,False
composer::cebe/markdown,1,0.001893939393939394,6.577841251298354,False
composer::bower-asset/yii2-pjax,1,0.001893939393939394,6.577841251298354,False
composer::bower-asset/typeahead.js,1,0.001893939393939394,6.577841251298354,False
composer::yiister/yii2-gentelella,1,0.001893939393939394,6.577841251298354,False
composer::yiisoft/yii2-faker,1,0.001893939393939394,6.577841251298354,False
composer::yiisoft/yii2-composer,1,0.001893939393939394,6.577841251298354,False
composer::2amigos/yii2-ckeditor-widget,1,0.001893939393939394,6.577841251298354,False
composer::2amigos/yii2-transliterator-helper,1,0.001893939393939394,6.577841251298354,False
composer::bower-asset/punycode,1,0.001893939393939394,6.577841251298354,False
composer::ckeditor/ckeditor,1,0.001893939393939394,6.577841251298354,False
composer::creocoder/yii2-flysystem,1,0.001893939393939394,6.577841251298354,False
composer::ezyang/htmlpurifier,1,0.001893939393939394,6.577841251298354,False
pypi::postgres,1,0.001893939393939394,6.577841251298354,False
pypi::django-widget-tweaks,1,0.001893939393939394,6.577841251298354,False
pypi::dj-static,1,0.001893939393939394,6.577841251298354,False
pypi::static3,1,0.001893939393939394,6.577841251298354,False
pypi::django-storages,1,0.001893939393939394,6.577841251298354,False
pypi::boto,1,0.001893939393939394,6.577841251298354,False
pypi::mysqlclient,1,0.001893939393939394,6.577841251298354,False
pypi::dj-database-url,1,0.001893939393939394,6.577841251298354,False
npm::jspdf,1,0.001893939393939394,6.577841251298354,False
npm::react-stripe-checkout,1,0.001893939393939394,6.577841251298354,False
npm::@mirohq/websdk-types,1,0.001893939393939394,6.577841251298354,False
npm::sorcery,1,0.001893939393939394,6.577841251298354,False
npm::svelte-preprocess,1,0.001893939393939394,6.577841251298354,False
npm::@sveltejs/adapter-auto,1,0.001893939393939394,6.577841251298354,False
npm::@types/pug,1,0.001893939393939394,6.577841251298354,False
npm::@sveltejs/vite-plugin-svelte,1,0.001893939393939394,6.577841251298354,False
npm::sander,1,0.001893939393939394,6.577841251298354,False
npm::esm-env,1,0.001893939393939394,6.577841251298354,False
npm::svelte-hmr,1,0.001893939393939394,6.577841251298354,False
npm::prettier-plugin-svelte,1,0.001893939393939394,6.577841251298354,False
npm::@sveltejs/kit,1,0.001893939393939394,6.577841251298354,False
npm::svelte-check,1,0.001893939393939394,6.577841251298354,False
npm::@byteatatime/prettier-config,1,0.001893939393939394,6.577841251298354,False
npm::svelte,1,0.001893939393939394,6.577841251298354,False
github_actions::crazy-max/ghaction-github-labeler,1,0.001893939393939394,6.577841251298354,False
npm::expo-secure-store,1,0.001893939393939394,6.577841251298354,False
npm::expo-media-library,1,0.001893939393939394,6.577841251298354,False
npm::expo-print,1,0.001893939393939394,6.577841251298354,False
npm::rtl-detect,1,0.001893939393939394,6.577841251298354,False
npm::expo-analytics-segment,1,0.001893939393939394,6.577841251298354,False
npm::expo-document-picker,1,0.001893939393939394,6.577841251298354,False
npm::lottie-react-native,1,0.001893939393939394,6.577841251298354,False
npm::@react-native-community/netinfo,1,0.001893939393939394,6.577841251298354,False
npm::react-native-branch,1,0.001893939393939394,6.577841251298354,False
npm::expo-image-picker,1,0.001893939393939394,6.577841251298354,False
npm::expo-local-authentication,1,0.001893939393939394,6.577841251298354,False
npm::expo-blur,1,0.001893939393939394,6.577841251298354,False
npm::expo-gl-cpp,1,0.001893939393939394,6.577841251298354,False
npm::expo-app-loader-provider,1,0.001893939393939394,6.577841251298354,False
npm::expo-sensors,1,0.001893939393939394,6.577841251298354,False
npm::expo-task-manager,1,0.001893939393939394,6.577841251298354,False
npm::expo-av,1,0.001893939393939394,6.577841251298354,False
npm::expo-intent-launcher,1,0.001893939393939394,6.577841251298354,False
npm::expo-sharing,1,0.001893939393939394,6.577841251298354,False
npm::expo-background-fetch,1,0.001893939393939394,6.577841251298354,False
npm::expo-calendar,1,0.001893939393939394,6.577841251298354,False
npm::expo-brightness,1,0.001893939393939394,6.577841251298354,False
npm::@types/fbemitter,1,0.001893939393939394,6.577841251298354,False
npm::expo-face-detector,1,0.001893939393939394,6.577841251298354,False
npm::react-native-view-shot,1,0.001893939393939394,6.577841251298354,False
npm::@types/uuid-js,1,0.001893939393939394,6.577841251298354,False
npm::@types/websql,1,0.001893939393939394,6.577841251298354,False
npm::@types/lodash.zipobject,1,0.001893939393939394,6.577841251298354,False
npm::expo-crypto,1,0.001893939393939394,6.577841251298354,False
npm::expo-haptics,1,0.001893939393939394,6.577841251298354,False
npm::markerwithlabel,1,0.001893939393939394,6.577841251298354,False
npm::expo-localization,1,0.001893939393939394,6.577841251298354,False
npm::expo-ads-facebook,1,0.001893939393939394,6.577841251298354,False
npm::expo-payments-stripe,1,0.001893939393939394,6.577841251298354,False
npm::lottie-ios,1,0.001893939393939394,6.577841251298354,False
npm::expo-analytics-amplitude,1,0.001893939393939394,6.577841251298354,False
npm::expo-barcode-scanner,1,0.001893939393939394,6.577841251298354,False
npm::can-use-dom,1,0.001893939393939394,6.577841251298354,False
npm::expo-camera,1,0.001893939393939394,6.577841251298354,False
npm::react-native-webview,1,0.001893939393939394,6.577841251298354,False
npm::uuid-js,1,0.001893939393939394,6.577841251298354,False
npm::expo-google-sign-in,1,0.001893939393939394,6.577841251298354,False
npm::expo-mail-composer,1,0.001893939393939394,6.577841251298354,False
npm::expo-contacts,1,0.001893939393939394,6.577841251298354,False
npm::expo-image-manipulator,1,0.001893939393939394,6.577841251298354,False
npm::expo-sms,1,0.001893939393939394,6.577841251298354,False
npm::expo-facebook,1,0.001893939393939394,6.577841251298354,False
npm::expo-ads-admob,1,0.001893939393939394,6.577841251298354,False
npm::google-maps-infobox,1,0.001893939393939394,6.577841251298354,False
npm::react-google-maps,1,0.001893939393939394,6.577841251298354,False
npm::expo-web-browser,1,0.001893939393939394,6.577841251298354,False
npm::react-native-safe-module,1,0.001893939393939394,6.577841251298354,False
npm::expo-gl,1,0.001893939393939394,6.577841251298354,False
npm::marker-clusterer-plus,1,0.001893939393939394,6.577841251298354,False
npm::expo-random,1,0.001893939393939394,6.577841251298354,False
maven::org.yaml/snakeyaml,1,0.001893939393939394,6.577841251298354,False
maven::com.auth0/java-jwt,1,0.001893939393939394,6.577841251298354,False
npm::@types/core-js,1,0.001893939393939394,6.577841251298354,False
npm::react-currency-format,1,0.001893939393939394,6.577841251298354,False
npm::react-native-shadow,1,0.001893939393939394,6.577841251298354,False
npm::react-native-keyboard-aware-scroll-view,1,0.001893939393939394,6.577841251298354,False
npm::react-native-cardview,1,0.001893939393939394,6.577841251298354,False
npm::react-native-snap-carousel,1,0.001893939393939394,6.577841251298354,False
npm::react-navigation-tabs,1,0.001893939393939394,6.577841251298354,False
npm::react-navigation-drawer,1,0.001893939393939394,6.577841251298354,False
npm::react-navigation-stack,1,0.001893939393939394,6.577841251298354,False
npm::react-native-looped-carousel,1,0.001893939393939394,6.577841251298354,False
npm::react-native-safe-area-view,1,0.001893939393939394,6.577841251298354,False
npm::react-addons-shallow-compare,1,0.001893939393939394,6.577841251298354,False
npm::eslint-etc,1,0.001893939393939394,6.577841251298354,False
golang::k8s.io/apiextensions-apiserver,1,0.001893939393939394,6.577841251298354,False
npm::rxjs-compat,1,0.001893939393939394,6.577841251298354,False
npm::@types/d3-quadtree,1,0.001893939393939394,6.577841251298354,False
npm::d3-contour,1,0.001893939393939394,6.577841251298354,False
npm::@types/d3-delaunay,1,0.001893939393939394,6.577841251298354,False
npm::@types/d3-scale-chromatic,1,0.001893939393939394,6.577841251298354,False
npm::@types/d3-dispatch,1,0.001893939393939394,6.577841251298354,False
npm::ngx-i18nsupport,1,0.001893939393939394,6.577841251298354,False
npm::@angular/localize,1,0.001893939393939394,6.577841251298354,False
npm::@types/xmldom,1,0.001893939393939394,6.577841251298354,False
github_actions::helm/kind-action,1,0.001893939393939394,6.577841251298354,False
npm::ngx-pipes,1,0.001893939393939394,6.577841251298354,False
npm::wait-on,1,0.001893939393939394,6.577841251298354,False
golang::k8s.io/heapster,1,0.001893939393939394,6.577841251298354,False
npm::gts,1,0.001893939393939394,6.577841251298354,False
npm::d3-brush,1,0.001893939393939394,6.577841251298354,False
npm::@types/d3-axis,1,0.001893939393939394,6.577841251298354,False
npm::ace-builds,1,0.001893939393939394,6.577841251298354,False
github_actions::repo-sync/pull-request,1,0.001893939393939394,6.577841251298354,False
npm::@types/d3-format,1,0.001893939393939394,6.577841251298354,False
npm::d3-axis,1,0.001893939393939394,6.577841251298354,False
npm::stylelint-config-standard-scss,1,0.001893939393939394,6.577841251298354,False
github_actions::helm/chart-testing-action,1,0.001893939393939394,6.577841251298354,False
npm::@types/d3-force,1,0.001893939393939394,6.577841251298354,False
npm::@cypress/webpack-preprocessor,1,0.001893939393939394,6.577841251298354,False
npm::d3-transition,1,0.001893939393939394,6.577841251298354,False
npm::@types/d3-chord,1,0.001893939393939394,6.577841251298354,False
npm::@types/d3-drag,1,0.001893939393939394,6.577841251298354,False
npm::@types/d3-hierarchy,1,0.001893939393939394,6.577841251298354,False
npm::@types/d3-polygon,1,0.001893939393939394,6.577841251298354,False
npm::d3-delaunay,1,0.001893939393939394,6.577841251298354,False
npm::source-map-explorer,1,0.001893939393939394,6.577841251298354,False
npm::@types/d3-time-format,1,0.001893939393939394,6.577841251298354,False
npm::@types/file-saver,1,0.001893939393939394,6.577841251298354,False
github_actions::wiremind/helm-kubeval-action,1,0.001893939393939394,6.577841251298354,False
npm::cypress-fail-fast,1,0.001893939393939394,6.577841251298354,False
npm::css-functions-list,1,0.001893939393939394,6.577841251298354,False
npm::d3-fetch,1,0.001893939393939394,6.577841251298354,False
npm::bytesish,1,0.001893939393939394,6.577841251298354,False
npm::xterm-addon-fit,1,0.001893939393939394,6.577841251298354,False
npm::xterm,1,0.001893939393939394,6.577841251298354,False
npm::eslint-plugin-rxjs,1,0.001893939393939394,6.577841251298354,False
npm::@types/d3-brush,1,0.001893939393939394,6.577841251298354,False
npm::@types/d3-dsv,1,0.001893939393939394,6.577841251298354,False
golang::gopkg.in/square/go-jose.v2,1,0.001893939393939394,6.577841251298354,False
npm::jest-preset-angular,1,0.001893939393939394,6.577841251298354,False
npm::stylelint-no-unsupported-browser-features,1,0.001893939393939394,6.577841251298354,False
npm::@types/d3-zoom,1,0.001893939393939394,6.577841251298354,False
npm::git-describe,1,0.001893939393939394,6.577841251298354,False
npm::tsutils-etc,1,0.001893939393939394,6.577841251298354,False
npm::@types/d3-random,1,0.001893939393939394,6.577841251298354,False
npm::d3-zoom,1,0.001893939393939394,6.577841251298354,False
npm::delaunator,1,0.001893939393939394,6.577841251298354,False
npm::roboto-fontface,1,0.001893939393939394,6.577841251298354,False
npm::d3-scale-chromatic,1,0.001893939393939394,6.577841251298354,False
npm::license-check-and-add,1,0.001893939393939394,6.577841251298354,False
npm::@types/d3-contour,1,0.001893939393939394,6.577841251298354,False
npm::@types/d3,1,0.001893939393939394,6.577841251298354,False
npm::web-animations-js,1,0.001893939393939394,6.577841251298354,False
npm::d3-chord,1,0.001893939393939394,6.577841251298354,False
npm::@types/d3-geo,1,0.001893939393939394,6.577841251298354,False
npm::@types/d3-selection,1,0.001893939393939394,6.577841251298354,False
npm::d3-random,1,0.001893939393939394,6.577841251298354,False
npm::d3-polygon,1,0.001893939393939394,6.577841251298354,False
npm::tokenizr,1,0.001893939393939394,6.577841251298354,False
npm::ngx-i18nsupport-lib,1,0.001893939393939394,6.577841251298354,False
npm::@cspotcode/source-map-consumer,1,0.001893939393939394,6.577841251298354,False
npm::d3,1,0.001893939393939394,6.577841251298354,False
npm::material-design-icons,1,0.001893939393939394,6.577841251298354,False
npm::bent,1,0.001893939393939394,6.577841251298354,False
npm::truncate-url,1,0.001893939393939394,6.577841251298354,False
npm::@swimlane/ngx-charts,1,0.001893939393939394,6.577841251298354,False
npm::ng-in-viewport,1,0.001893939393939394,6.577841251298354,False
npm::@types/d3-transition,1,0.001893939393939394,6.577841251298354,False
npm::d3-drag,1,0.001893939393939394,6.577841251298354,False
npm::rxjs-report-usage,1,0.001893939393939394,6.577841251298354,False
golang::github.com/googleapis/gnostic,1,0.001893939393939394,6.577841251298354,False
npm::d3-geo,1,0.001893939393939394,6.577841251298354,False
npm::d3-selection,1,0.001893939393939394,6.577841251298354,False
npm::@types/d3-fetch,1,0.001893939393939394,6.577841251298354,False
npm::gitignore-to-glob,1,0.001893939393939394,6.577841251298354,False
golang::github.com/moby/spdystream,1,0.001893939393939394,6.577841251298354,False
golang::gopkg.in/igm/sockjs-go.v2,1,0.001893939393939394,6.577841251298354,False
npm::gulp-ruby-sass,1,0.001893939393939394,6.577841251298354,False
nuget::serilog.sinks.console,1,0.001893939393939394,6.577841251298354,False
nuget::system.linq.dynamic,1,0.001893939393939394,6.577841251298354,False
npm::expo-google-app-auth,1,0.001893939393939394,6.577841251298354,False
npm::expo-app-loading,1,0.001893939393939394,6.577841251298354,False
npm::react-native-dropdown-picker,1,0.001893939393939394,6.577841251298354,False
npm::react-native-responsive-fontsize,1,0.001893939393939394,6.577841251298354,False
npm::fn.name,1,0.001893939393939394,6.577841251298354,False
npm::exit-code,1,0.001893939393939394,6.577841251298354,False
npm::firebase-tools,1,0.001893939393939394,6.577841251298354,False
npm::fast-url-parser,1,0.001893939393939394,6.577841251298354,False
npm::@types/archiver,1,0.001893939393939394,6.577841251298354,False
npm::tweetsodium,1,0.001893939393939394,6.577841251298354,False
npm::printj,1,0.001893939393939394,6.577841251298354,False
npm::exegesis,1,0.001893939393939394,6.577841251298354,False
npm::unzipper,1,0.001893939393939394,6.577841251298354,False
npm::promise-breaker,1,0.001893939393939394,6.577841251298354,False
npm::@angular/fire,1,0.001893939393939394,6.577841251298354,False
npm::is2,1,0.001893939393939394,6.577841251298354,False
npm::csv-streamify,1,0.001893939393939394,6.577841251298354,False
npm::superstatic,1,0.001893939393939394,6.577841251298354,False
npm::join-path,1,0.001893939393939394,6.577841251298354,False
npm::re2,1,0.001893939393939394,6.577841251298354,False
npm::as-array,1,0.001893939393939394,6.577841251298354,False
npm::toxic,1,0.001893939393939394,6.577841251298354,False
npm::@jsdevtools/ono,1,0.001893939393939394,6.577841251298354,False
npm::proto3-json-serializer,1,0.001893939393939394,6.577841251298354,False
npm::@dabh/diagnostics,1,0.001893939393939394,6.577841251298354,False
npm::events-listener,1,0.001893939393939394,6.577841251298354,False
npm::nash,1,0.001893939393939394,6.577841251298354,False
npm::glob-slasher,1,0.001893939393939394,6.577841251298354,False
npm::glob-slash,1,0.001893939393939394,6.577841251298354,False
npm::exegesis-express,1,0.001893939393939394,6.577841251298354,False
npm::home-dir,1,0.001893939393939394,6.577841251298354,False
npm::@apidevtools/json-schema-ref-parser,1,0.001893939393939394,6.577841251298354,False
npm::buffer-indexof-polyfill,1,0.001893939393939394,6.577841251298354,False
npm::compare-semver,1,0.001893939393939394,6.577841251298354,False
npm::install-artifact-from-github,1,0.001893939393939394,6.577841251298354,False
npm::exit-on-epipe,1,0.001893939393939394,6.577841251298354,False
npm::cjson,1,0.001893939393939394,6.577841251298354,False
npm::@opentelemetry/semantic-conventions,1,0.001893939393939394,6.577841251298354,False
npm::highcharts,1,0.001893939393939394,6.577841251298354,False
npm::highcharts-angular,1,0.001893939393939394,6.577841251298354,False
npm::flat-arguments,1,0.001893939393939394,6.577841251298354,False
npm::@google-cloud/pubsub,1,0.001893939393939394,6.577841251298354,False
npm::json-ptr,1,0.001893939393939394,6.577841251298354,False
npm::lodash.difference,1,0.001893939393939394,6.577841251298354,False
npm::@types/duplexify,1,0.001893939393939394,6.577841251298354,False
npm::listenercount,1,0.001893939393939394,6.577841251298354,False
npm::tcp-port-used,1,0.001893939393939394,6.577841251298354,False
npm::@google-cloud/precise-date,1,0.001893939393939394,6.577841251298354,False
npm::inquirer-autocomplete-prompt,1,0.001893939393939394,6.577841251298354,False
pypi::gym,1,0.001893939393939394,6.577841251298354,False
maven::org.bukkit/bukkit,1,0.001893939393939394,6.577841251298354,False
maven::com.earth2me/essentials,1,0.001893939393939394,6.577841251298354,False
maven::com.sk89q/worldedit,1,0.001893939393939394,6.577841251298354,False
maven::net.milkbowl/Vault,1,0.001893939393939394,6.577841251298354,False
maven::com.flobi/WhatIsIt,1,0.001893939393939394,6.577841251298354,False
npm::@vscode/emmet-helper,1,0.001893939393939394,6.577841251298354,False
npm::@astrojs/markdown-remark,1,0.001893939393939394,6.577841251298354,False
npm::@emmetio/abbreviation,1,0.001893939393939394,6.577841251298354,False
npm::suf-log,1,0.001893939393939394,6.577841251298354,False
npm::tsconfig-resolver,1,0.001893939393939394,6.577841251298354,False
npm::mdast-util-gfm-strikethrough,1,0.001893939393939394,6.577841251298354,False
npm::vscode-languageserver-protocol,1,0.001893939393939394,6.577841251298354,False
npm::@astrojs/webapi,1,0.001893939393939394,6.577841251298354,False
npm::rehype-raw,1,0.001893939393939394,6.577841251298354,False
npm::@vscode/l10n,1,0.001893939393939394,6.577841251298354,False
npm::micromark-extension-gfm-autolink-literal,1,0.001893939393939394,6.577841251298354,False
npm::network-information-types,1,0.001893939393939394,6.577841251298354,False
npm::retext,1,0.001893939393939394,6.577841251298354,False
npm::remark-smartypants,1,0.001893939393939394,6.577841251298354,False
npm::load-yaml-file,1,0.001893939393939394,6.577841251298354,False
npm::mdast-util-gfm-table,1,0.001893939393939394,6.577841251298354,False
npm::vscode-jsonrpc,1,0.001893939393939394,6.577841251298354,False
npm::emmet,1,0.001893939393939394,6.577841251298354,False
npm::section-matter,1,0.001893939393939394,6.577841251298354,False
npm::which-pm,1,0.001893939393939394,6.577841251298354,False
npm::stdin-discarder,1,0.001893939393939394,6.577841251298354,False
npm::bundle-name,1,0.001893939393939394,6.577841251298354,False
npm::micromark-extension-gfm-footnote,1,0.001893939393939394,6.577841251298354,False
npm::vscode-languageserver-textdocument,1,0.001893939393939394,6.577841251298354,False
npm::default-browser-id,1,0.001893939393939394,6.577841251298354,False
npm::ansi-sequence-parser,1,0.001893939393939394,6.577841251298354,False
npm::preferred-pm,1,0.001893939393939394,6.577841251298354,False
npm::sass-formatter,1,0.001893939393939394,6.577841251298354,False
npm::retext-smartypants,1,0.001893939393939394,6.577841251298354,False
npm::micromark-extension-gfm-tagfilter,1,0.001893939393939394,6.577841251298354,False
npm::mdast-util-find-and-replace,1,0.001893939393939394,6.577841251298354,False
npm::@astrojs/telemetry,1,0.001893939393939394,6.577841251298354,False
npm::@astrojs/tailwind,1,0.001893939393939394,6.577841251298354,False
npm::shiki,1,0.001893939393939394,6.577841251298354,False
npm::@emmetio/css-abbreviation,1,0.001893939393939394,6.577841251298354,False
npm::micromark-extension-gfm-task-list-item,1,0.001893939393939394,6.577841251298354,False
npm::remark-gfm,1,0.001893939393939394,6.577841251298354,False
npm::mdast-util-gfm-autolink-literal,1,0.001893939393939394,6.577841251298354,False
npm::vscode-html-languageservice,1,0.001893939393939394,6.577841251298354,False
npm::s.color,1,0.001893939393939394,6.577841251298354,False
npm::@emmetio/scanner,1,0.001893939393939394,6.577841251298354,False
npm::@astrojs/internal-helpers,1,0.001893939393939394,6.577841251298354,False
npm::micromark-extension-gfm-table,1,0.001893939393939394,6.577841251298354,False
npm::vscode-languageserver-types,1,0.001893939393939394,6.577841251298354,False
npm::eslint-plugin-astro,1,0.001893939393939394,6.577841251298354,False
npm::astrojs-compiler-sync,1,0.001893939393939394,6.577841251298354,False
npm::retext-stringify,1,0.001893939393939394,6.577841251298354,False
npm::mdast-util-gfm,1,0.001893939393939394,6.577841251298354,False
npm::find-yarn-workspace-root2,1,0.001893939393939394,6.577841251298354,False
npm::@astrojs/prism,1,0.001893939393939394,6.577841251298354,False
npm::astro,1,0.001893939393939394,6.577841251298354,False
npm::@astrojs/language-server,1,0.001893939393939394,6.577841251298354,False
npm::retext-latin,1,0.001893939393939394,6.577841251298354,False
npm::mdast-util-gfm-task-list-item,1,0.001893939393939394,6.577841251298354,False
npm::run-applescript,1,0.001893939393939394,6.577841251298354,False
npm::default-browser,1,0.001893939393939394,6.577841251298354,False
npm::vscode-languageserver,1,0.001893939393939394,6.577841251298354,False
npm::@types/dom-view-transitions,1,0.001893939393939394,6.577841251298354,False
npm::vscode-textmate,1,0.001893939393939394,6.577841251298354,False
npm::mdast-util-phrasing,1,0.001893939393939394,6.577841251298354,False
npm::common-ancestor-path,1,0.001893939393939394,6.577841251298354,False
npm::deepmerge-ts,1,0.001893939393939394,6.577841251298354,False
npm::vscode-css-languageservice,1,0.001893939393939394,6.577841251298354,False
npm::@types/nlcst,1,0.001893939393939394,6.577841251298354,False
npm::vscode-oniguruma,1,0.001893939393939394,6.577841251298354,False
npm::micromark-extension-gfm,1,0.001893939393939394,6.577841251298354,False
npm::@astrojs/compiler,1,0.001893939393939394,6.577841251298354,False
npm::rehype,1,0.001893939393939394,6.577841251298354,False
npm::micromark-extension-gfm-strikethrough,1,0.001893939393939394,6.577841251298354,False
npm::titleize,1,0.001893939393939394,6.577841251298354,False
npm::astro-eslint-parser,1,0.001893939393939394,6.577841251298354,False
npm::prettier-plugin-astro,1,0.001893939393939394,6.577841251298354,False
npm::mdast-util-gfm-footnote,1,0.001893939393939394,6.577841251298354,False
npm::strict-event-emitter,1,0.001893939393939394,6.577841251298354,False
npm::@open-draft/until,1,0.001893939393939394,6.577841251298354,False
npm::node-match-path,1,0.001893939393939394,6.577841251298354,False
npm::string,1,0.001893939393939394,6.577841251298354,False
npm::msw,1,0.001893939393939394,6.577841251298354,False
npm::evp,1,0.001893939393939394,6.577841251298354,False
npm::@types/babel,1,0.001893939393939394,6.577841251298354,False
npm::headers-utils,1,0.001893939393939394,6.577841251298354,False
npm::@types/js-levenshtein,1,0.001893939393939394,6.577841251298354,False
npm::react-loader-spinner,1,0.001893939393939394,6.577841251298354,False
npm::@types/testing-library,1,0.001893939393939394,6.577841251298354,False
npm::lodash.,1,0.001893939393939394,6.577841251298354,False
npm::@mswjs/cookies,1,0.001893939393939394,6.577841251298354,False
npm::@mswjs/interceptors,1,0.001893939393939394,6.577841251298354,False
npm::@types/set-cookie-parser,1,0.001893939393939394,6.577841251298354,False
gem::google-cloud-env,1,0.001893939393939394,6.577841251298354,False
gem::colored,1,0.001893939393939394,6.577841251298354,False
gem::security,1,0.001893939393939394,6.577841251298354,False
gem::babosa,1,0.001893939393939394,6.577841251298354,False
gem::retriable,1,0.001893939393939394,6.577841251298354,False
gem::faraday_middleware,1,0.001893939393939394,6.577841251298354,False
gem::os,1,0.001893939393939394,6.577841251298354,False
gem::google-cloud-core,1,0.001893939393939394,6.577841251298354,False
gem::multi_xml,1,0.001893939393939394,6.577841251298354,False
gem::signet,1,0.001893939393939394,6.577841251298354,False
gem::tty-spinner,1,0.001893939393939394,6.577841251298354,False
gem::word_wrap,1,0.001893939393939394,6.577841251298354,False
gem::naturally,1,0.001893939393939394,6.577841251298354,False
gem::xcpretty-travis-formatter,1,0.001893939393939394,6.577841251298354,False
gem::slack-notifier,1,0.001893939393939394,6.577841251298354,False
gem::google-api-client,1,0.001893939393939394,6.577841251298354,False
gem::faraday-cookie_jar,1,0.001893939393939394,6.577841251298354,False
gem::terminal-notifier,1,0.001893939393939394,6.577841251298354,False
gem::xcpretty,1,0.001893939393939394,6.577841251298354,False
gem::fastlane,1,0.001893939393939394,6.577841251298354,False
gem::jwt,1,0.001893939393939394,6.577841251298354,False
gem::commander-fastlane,1,0.001893939393939394,6.577841251298354,False
gem::declarative-option,1,0.001893939393939394,6.577841251298354,False
gem::tty-screen,1,0.001893939393939394,6.577841251298354,False
gem::declarative,1,0.001893939393939394,6.577841251298354,False
gem::representable,1,0.001893939393939394,6.577841251298354,False
gem::excon,1,0.001893939393939394,6.577841251298354,False
gem::simctl,1,0.001893939393939394,6.577841251298354,False
gem::memoist,1,0.001893939393939394,6.577841251298354,False
gem::highline,1,0.001893939393939394,6.577841251298354,False
gem::google-cloud-storage,1,0.001893939393939394,6.577841251298354,False
gem::emoji_regex,1,0.001893939393939394,6.577841251298354,False
gem::tty-cursor,1,0.001893939393939394,6.577841251298354,False
gem::googleauth,1,0.001893939393939394,6.577841251298354,False
gem::digest-crc,1,0.001893939393939394,6.577841251298354,False
gem::uber,1,0.001893939393939394,6.577841251298354,False
gem::plist,1,0.001893939393939394,6.577841251298354,False
composer::symfony/polyfill-util,1,0.001893939393939394,6.577841251298354,False
composer::guzzle/guzzle,1,0.001893939393939394,6.577841251298354,False
composer::laminas/laminas-development-mode,1,0.001893939393939394,6.577841251298354,False
composer::laminas/laminas-captcha,1,0.001893939393939394,6.577841251298354,False
composer::laminas/laminas-component-installer,1,0.001893939393939394,6.577841251298354,False
composer::laminas/laminas-dependency-plugin,1,0.001893939393939394,6.577841251298354,False
composer::laminas/laminas-json,1,0.001893939393939394,6.577841251298354,False
composer::laminas/laminas-view,1,0.001893939393939394,6.577841251298354,False
composer::laminas/laminas-mime,1,0.001893939393939394,6.577841251298354,False
composer::fightbulc/moment,1,0.001893939393939394,6.577841251298354,False
composer::laminas/laminas-config,1,0.001893939393939394,6.577841251298354,False
composer::laminas/laminas-session,1,0.001893939393939394,6.577841251298354,False
composer::laminas/laminas-servicemanager,1,0.001893939393939394,6.577841251298354,False
composer::laminas/laminas-mvc-plugin-identity,1,0.001893939393939394,6.577841251298354,False
composer::laminas/laminas-cache,1,0.001893939393939394,6.577841251298354,False
composer::container-interop/container-interop,1,0.001893939393939394,6.577841251298354,False
composer::laminas/laminas-file,1,0.001893939393939394,6.577841251298354,False
composer::zendframework/zend-debug,1,0.001893939393939394,6.577841251298354,False
composer::laminas/laminas-form,1,0.001893939393939394,6.577841251298354,False
composer::laminas/laminas-math,1,0.001893939393939394,6.577841251298354,False
composer::laminas/laminas-stdlib,1,0.001893939393939394,6.577841251298354,False
composer::laminas/laminas-validator,1,0.001893939393939394,6.577841251298354,False
composer::laminas/laminas-navigation,1,0.001893939393939394,6.577841251298354,False
composer::laminas/laminas-zendframework-bridge,1,0.001893939393939394,6.577841251298354,False
composer::marceltk/unisoft-dompdf-module,1,0.001893939393939394,6.577841251298354,False
composer::laminas/laminas-eventmanager,1,0.001893939393939394,6.577841251298354,False
composer::laminas/laminas-loader,1,0.001893939393939394,6.577841251298354,False
composer::laminas/laminas-inputfilter,1,0.001893939393939394,6.577841251298354,False
composer::laminas/laminas-mvc,1,0.001893939393939394,6.577841251298354,False
composer::google/recaptcha,1,0.001893939393939394,6.577841251298354,False
composer::laminas/laminas-paginator,1,0.001893939393939394,6.577841251298354,False
composer::laminas/laminas-db,1,0.001893939393939394,6.577841251298354,False
composer::laminas/laminas-hydrator,1,0.001893939393939394,6.577841251298354,False
composer::laminas/laminas-authentication,1,0.001893939393939394,6.577841251298354,False
composer::laminas/laminas-filter,1,0.001893939393939394,6.577841251298354,False
composer::laminas/laminas-mvc-plugin-prg,1,0.001893939393939394,6.577841251298354,False
composer::laminas/laminas-mvc-plugin-fileprg,1,0.001893939393939394,6.577841251298354,False
composer::laminas/laminas-modulemanager,1,0.001893939393939394,6.577841251298354,False
composer::laminas/laminas-mvc-plugin-flashmessenger,1,0.001893939393939394,6.577841251298354,False
composer::laminas/laminas-mail,1,0.001893939393939394,6.577841251298354,False
composer::laminas/laminas-router,1,0.001893939393939394,6.577841251298354,False
composer::laminas/laminas-uri,1,0.001893939393939394,6.577841251298354,False
composer::true/punycode,1,0.001893939393939394,6.577841251298354,False
composer::laminas/laminas-permissions-acl,1,0.001893939393939394,6.577841251298354,False
composer::laminas/laminas-http,1,0.001893939393939394,6.577841251298354,False
composer::laminas/laminas-i18n,1,0.001893939393939394,6.577841251298354,False
pub::flutter_secure_storage,1,0.001893939393939394,6.577841251298354,False
pub::simple_gravatar,1,0.001893939393939394,6.577841251298354,False
pub::flutter_appauth,1,0.001893939393939394,6.577841251298354,False
pub::flutter_appauth_platform_interface,1,0.001893939393939394,6.577841251298354,False
nuget::microsoft.aspnet.friendlyurls,1,0.001893939393939394,6.577841251298354,False
nuget::mimekit,1,0.001893939393939394,6.577841251298354,False
nuget::system.valuetuple,1,0.001893939393939394,6.577841251298354,False
nuget::system.buffers,1,0.001893939393939394,6.577841251298354,False
nuget::microsoft.aspnet.webapi.webhost,1,0.001893939393939394,6.577841251298354,False
nuget::newtonsoft.json.bson,1,0.001893939393939394,6.577841251298354,False
nuget::system.runtime.compilerservices.unsafe,1,0.001893939393939394,6.577841251298354,False
nuget::system.threading.tasks.extensions,1,0.001893939393939394,6.577841251298354,False
nuget::microsoft.aspnet.friendlyurls.core,1,0.001893939393939394,6.577841251298354,False
nuget::system.formats.asn1,1,0.001893939393939394,6.577841251298354,False
nuget::microsoft.aspnet.webapi.core,1,0.001893939393939394,6.577841251298354,False
nuget::mailkit,1,0.001893939393939394,6.577841251298354,False
nuget::bouncycastle.cryptography,1,0.001893939393939394,6.577841251298354,False
nuget::system.numerics.vectors,1,0.001893939393939394,6.577841251298354,False
nuget::system.memory,1,0.001893939393939394,6.577841251298354,False
nuget::microsoft.aspnet.webapi,1,0.001893939393939394,6.577841251298354,False
maven::net.masterthought/cucumber-reporting,1,0.001893939393939394,6.577841251298354,False
maven::io.cucumber/cucumber-junit,1,0.001893939393939394,6.577841251298354,False
maven::io.cucumber/cucumber-java,1,0.001893939393939394,6.577841251298354,False
maven::com.mchange/c3p0,1,0.001893939393939394,6.577841251298354,False
npm::expres,1,0.001893939393939394,6.577841251298354,False
pypi::flask-wtf,1,0.001893939393939394,6.577841251298354,False
pypi::flask-bcrypt,1,0.001893939393939394,6.577841251298354,False
pypi::flask-login,1,0.001893939393939394,6.577841251298354,False
maven::com.alibaba.cloud/spring-cloud-alibaba-dependencies,1,0.001893939393939394,6.577841251298354,False
maven::org.apache.maven.plugins/maven-source-plugin,1,0.001893939393939394,6.577841251298354,False
maven::org.springframework.cloud/spring-cloud-starter,1,0.001893939393939394,6.577841251298354,False
npm::react-dnd,1,0.001893939393939394,6.577841251298354,False
npm::hast-util-to-mdast,1,0.001893939393939394,6.577841251298354,False
npm::bowser,1,0.001893939393939394,6.577841251298354,False
npm::gotrue-js,1,0.001893939393939394,6.577841251298354,False
npm::babel-plugin-syntax-function-bind,1,0.001893939393939394,6.577841251298354,False
npm::babel-plugin-transform-amd-system-wrapper,1,0.001893939393939394,6.577841251298354,False
npm::slate-react,1,0.001893939393939394,6.577841251298354,False
npm::react-autosuggest,1,0.001893939393939394,6.577841251298354,False
npm::bash-glob,1,0.001893939393939394,6.577841251298354,False
npm::probe-image-size,1,0.001893939393939394,6.577841251298354,False
npm::electron-releases,1,0.001893939393939394,6.577841251298354,False
npm::is-empty,1,0.001893939393939394,6.577841251298354,False
npm::@zeit/check-updates,1,0.001893939393939394,6.577841251298354,False
npm::gatsby-plugin-sass,1,0.001893939393939394,6.577841251298354,False
npm::remotedev-utils,1,0.001893939393939394,6.577841251298354,False
npm::dnd-core,1,0.001893939393939394,6.577841251298354,False
npm::readdir-enhanced,1,0.001893939393939394,6.577841251298354,False
npm::x-is-array,1,0.001893939393939394,6.577841251298354,False
npm::react-topbar-progress-indicator,1,0.001893939393939394,6.577841251298354,False
npm::gatsby-1-config-css-modules,1,0.001893939393939394,6.577841251298354,False
npm::detab,1,0.001893939393939394,6.577841251298354,False
npm::esrever,1,0.001893939393939394,6.577841251298354,False
npm::slate-soft-break,1,0.001893939393939394,6.577841251298354,False
npm::react-aria-menubutton,1,0.001893939393939394,6.577841251298354,False
npm::react-style-proptype,1,0.001893939393939394,6.577841251298354,False
npm::unist-util-select,1,0.001893939393939394,6.577841251298354,False
npm::graphql-skip-limit,1,0.001893939393939394,6.577841251298354,False
npm::get-window,1,0.001893939393939394,6.577841251298354,False
npm::netlify-cms,1,0.001893939393939394,6.577841251298354,False
npm::chain-function,1,0.001893939393939394,6.577841251298354,False
npm::gatsby-transformer-remark,1,0.001893939393939394,6.577841251298354,False
npm::sanitize-filename,1,0.001893939393939394,6.577841251298354,False
npm::rehype-minify-whitespace,1,0.001893939393939394,6.577841251298354,False
npm::gatsby-plugin-sharp,1,0.001893939393939394,6.577841251298354,False
npm::topbar,1,0.001893939393939394,6.577841251298354,False
npm::items,1,0.001893939393939394,6.577841251298354,False
npm::disposables,1,0.001893939393939394,6.577841251298354,False
npm::parse-english,1,0.001893939393939394,6.577841251298354,False
npm::babel-plugin-transform-function-bind,1,0.001893939393939394,6.577841251298354,False
npm::react-split-pane,1,0.001893939393939394,6.577841251298354,False
npm::sc-emitter,1,0.001893939393939394,6.577841251298354,False
npm::pkg-resolve,1,0.001893939393939394,6.577841251298354,False
npm::hast-util-is-element,1,0.001893939393939394,6.577841251298354,False
npm::react-portal,1,0.001893939393939394,6.577841251298354,False
npm::react-toggled,1,0.001893939393939394,6.577841251298354,False
npm::openssl-self-signed-certificate,1,0.001893939393939394,6.577841251298354,False
npm::micro-compress,1,0.001893939393939394,6.577841251298354,False
npm::react-immutable-proptypes,1,0.001893939393939394,6.577841251298354,False
npm::webpack-configurator,1,0.001893939393939394,6.577841251298354,False
npm::relay-debugger-react-native-runtime,1,0.001893939393939394,6.577841251298354,False
npm::tomlify-j0.4,1,0.001893939393939394,6.577841251298354,False
npm::react-scroll-sync,1,0.001893939393939394,6.577841251298354,False
npm::truncate-utf8-bytes,1,0.001893939393939394,6.577841251298354,False
npm::postcss-browser-reporter,1,0.001893939393939394,6.577841251298354,False
npm::is-window,1,0.001893939393939394,6.577841251298354,False
npm::babel-plugin-syntax-do-expressions,1,0.001893939393939394,6.577841251298354,False
npm::chunk-manifest-webpack-plugin,1,0.001893939393939394,6.577841251298354,False
npm::lodash-webpack-plugin,1,0.001893939393939394,6.577841251298354,False
npm::gatsby-source-filesystem,1,0.001893939393939394,6.577841251298354,False
npm::is-nan,1,0.001893939393939394,6.577841251298354,False
npm::netlify-identity-widget,1,0.001893939393939394,6.577841251298354,False
npm::direction,1,0.001893939393939394,6.577841251298354,False
npm::html-whitespace-sensitive-tag-names,1,0.001893939393939394,6.577841251298354,False
npm::node-version,1,0.001893939393939394,6.577841251298354,False
npm::react-themeable,1,0.001893939393939394,6.577841251298354,False
npm::stream-cache,1,0.001893939393939394,6.577841251298354,False
npm::retext-english,1,0.001893939393939394,6.577841251298354,False
npm::selection-is-backward,1,0.001893939393939394,6.577841251298354,False
npm::html-webpack-include-assets-plugin,1,0.001893939393939394,6.577841251298354,False
npm::rehype-remark,1,0.001893939393939394,6.577841251298354,False
npm::slate-edit-table,1,0.001893939393939394,6.577841251298354,False
npm::find-node-modules,1,0.001893939393939394,6.577841251298354,False
npm::micro,1,0.001893939393939394,6.577841251298354,False
npm::what-input,1,0.001893939393939394,6.577841251298354,False
npm::gatsby-plugin-netlify-cms,1,0.001893939393939394,6.577841251298354,False
npm::ric,1,0.001893939393939394,6.577841251298354,False
npm::srcset,1,0.001893939393939394,6.577841251298354,False
npm::gatsby-transformer-sharp,1,0.001893939393939394,6.577841251298354,False
npm::slate-base64-serializer,1,0.001893939393939394,6.577841251298354,False
npm::react-waypoint,1,0.001893939393939394,6.577841251298354,False
npm::utf8-byte-length,1,0.001893939393939394,6.577841251298354,False
npm::slate-dev-logger,1,0.001893939393939394,6.577841251298354,False
npm::slate-prop-types,1,0.001893939393939394,6.577841251298354,False
npm::hast-to-hyperscript,1,0.001893939393939394,6.577841251298354,False
npm::domready,1,0.001893939393939394,6.577841251298354,False
npm::slate-plain-serializer,1,0.001893939393939394,6.577841251298354,False
npm::focus-group,1,0.001893939393939394,6.577841251298354,False
npm::kebab-case,1,0.001893939393939394,6.577841251298354,False
npm::mdast-util-toc,1,0.001893939393939394,6.577841251298354,False
npm::teeny-tap,1,0.001893939393939394,6.577841251298354,False
npm::bulma,1,0.001893939393939394,6.577841251298354,False
npm::mapz,1,0.001893939393939394,6.577841251298354,False
npm::redux-notifications,1,0.001893939393939394,6.577841251298354,False
npm::hast-util-to-string,1,0.001893939393939394,6.577841251298354,False
npm::section-iterator,1,0.001893939393939394,6.577841251298354,False
npm::is-hotkey,1,0.001893939393939394,6.577841251298354,False
npm::gatsby-remark-images,1,0.001893939393939394,6.577841251298354,False
npm::micro-api-client,1,0.001893939393939394,6.577841251298354,False
npm::webpack-md5-hash,1,0.001893939393939394,6.577841251298354,False
npm::stream-parser,1,0.001893939393939394,6.577841251298354,False
npm::get-document,1,0.001893939393939394,6.577841251298354,False
npm::serve,1,0.001893939393939394,6.577841251298354,False
npm::react-autowhatever,1,0.001893939393939394,6.577841251298354,False
npm::shallow-equal,1,0.001893939393939394,6.577841251298354,False
npm::toml-j0.4,1,0.001893939393939394,6.577841251298354,False
npm::hast-util-embedded,1,0.001893939393939394,6.577841251298354,False
npm::gatsby-plugin-react-helmet,1,0.001893939393939394,6.577841251298354,False
npm::react-dnd-html5-backend,1,0.001893939393939394,6.577841251298354,False
npm::babel-plugin-transform-do-expressions,1,0.001893939393939394,6.577841251298354,False
npm::promise-each,1,0.001893939393939394,6.577841251298354,False
npm::css-selector-parser,1,0.001893939393939394,6.577841251298354,False
npm::slate-edit-list,1,0.001893939393939394,6.577841251298354,False
npm::hast-util-has-property,1,0.001893939393939394,6.577841251298354,False
npm::basename,1,0.001893939393939394,6.577841251298354,False
npm::redux-optimist,1,0.001893939393939394,6.577841251298354,False
npm::x-is-function,1,0.001893939393939394,6.577841251298354,False
npm::gatsby-module-loader,1,0.001893939393939394,6.577841251298354,False
npm::react-frame-component,1,0.001893939393939394,6.577841251298354,False
npm::static-site-generator-webpack-plugin,1,0.001893939393939394,6.577841251298354,False
npm::isomorphic-base64,1,0.001893939393939394,6.577841251298354,False
npm::webpack-validator,1,0.001893939393939394,6.577841251298354,False
npm::potrace,1,0.001893939393939394,6.577841251298354,False
npm::remark-retext,1,0.001893939393939394,6.577841251298354,False
npm::hast-util-is-body-ok-link,1,0.001893939393939394,6.577841251298354,False
npm::slate,1,0.001893939393939394,6.577841251298354,False
npm::mdast-util-to-nlcst,1,0.001893939393939394,6.577841251298354,False
npm::bash-path,1,0.001893939393939394,6.577841251298354,False
npm::consolidated-events,1,0.001893939393939394,6.577841251298354,False
npm::ncc,1,0.001893939393939394,6.577841251298354,False
npm::@actions/core,1,0.001893939393939394,6.577841251298354,False
pypi::dialogflow,1,0.001893939393939394,6.577841251298354,False
pypi::geopy,1,0.001893939393939394,6.577841251298354,False
npm::lodash.toplainobject,1,0.001893939393939394,6.577841251298354,False
npm::lodash._baseindexof,1,0.001893939393939394,6.577841251298354,False
npm::grunt-scss-lint,1,0.001893939393939394,6.577841251298354,False
npm::lodash._arraymap,1,0.001893939393939394,6.577841251298354,False
npm::lodash._baseflatten,1,0.001893939393939394,6.577841251298354,False
npm::lodash._pickbyarray,1,0.001893939393939394,6.577841251298354,False
npm::xml-escape,1,0.001893939393939394,6.577841251298354,False
npm::path-array,1,0.001893939393939394,6.577841251298354,False
npm::babel-jscs,1,0.001893939393939394,6.577841251298354,False
npm::estraverse-fb,1,0.001893939393939394,6.577841251298354,False
npm::array-index,1,0.001893939393939394,6.577841251298354,False
npm::lodash._basedifference,1,0.001893939393939394,6.577841251298354,False
npm::lodash._createcache,1,0.001893939393939394,6.577841251298354,False
npm::lodash._pickbycallback,1,0.001893939393939394,6.577841251298354,False
npm::acorn-to-esprima,1,0.001893939393939394,6.577841251298354,False
npm::lpad,1,0.001893939393939394,6.577841251298354,False
npm::lodash._cacheindexof,1,0.001893939393939394,6.577841251298354,False
maven::io.qameta.allure/allure-testng,1,0.001893939393939394,6.577841251298354,False
maven::io.github.bonigarcia/webdrivermanager,1,0.001893939393939394,6.577841251298354,False
composer::illuminate/contracts,1,0.001893939393939394,6.577841251298354,False
composer::illuminate/container,1,0.001893939393939394,6.577841251298354,False
composer::illuminate/support,1,0.001893939393939394,6.577841251298354,False
composer::illuminate/database,1,0.001893939393939394,6.577841251298354,False
pub::firebase_auth_web,1,0.001893939393939394,6.577841251298354,False
pub::firebase_auth_platform_interface,1,0.001893939393939394,6.577841251298354,False
pub::firebase_auth,1,0.001893939393939394,6.577841251298354,False
golang::github.com/wowchemy/wowchemy-hugo-themes/modules/wowchemy-plugin-netlify-cms,1,0.001893939393939394,6.577841251298354,False
golang::github.com/wowchemy/wowchemy-hugo-themes/modules/wowchemy-plugin-netlify,1,0.001893939393939394,6.577841251298354,False
github_actions::wowchemy/gh-action-updater,1,0.001893939393939394,6.577841251298354,False
golang::github.com/wowchemy/wowchemy-hugo-themes/modules/wowchemy-plugin-reveal,1,0.001893939393939394,6.577841251298354,False
golang::github.com/wowchemy/wowchemy-hugo-themes/modules/wowchemy/v5,1,0.001893939393939394,6.577841251298354,False
npm::inline-source-map,1,0.001893939393939394,6.577841251298354,False
npm::jquery-ui,1,0.001893939393939394,6.577841251298354,False
npm::insert-module-globals,1,0.001893939393939394,6.577841251298354,False
npm::ckeditor,1,0.001893939393939394,6.577841251298354,False
npm::bootstrap-daterangepicker,1,0.001893939393939394,6.577841251298354,False
npm::cst,1,0.001893939393939394,6.577841251298354,False
npm::slimscroll,1,0.001893939393939394,6.577841251298354,False
npm::morris.js,1,0.001893939393939394,6.577841251298354,False
npm::syntax-error,1,0.001893939393939394,6.577841251298354,False
npm::stream-splicer,1,0.001893939393939394,6.577841251298354,False
npm::parents,1,0.001893939393939394,6.577841251298354,False
npm::deps-sort,1,0.001893939393939394,6.577841251298354,False
npm::browser-pack,1,0.001893939393939394,6.577841251298354,False
npm::module-deps,1,0.001893939393939394,6.577841251298354,False
npm::jvectormap,1,0.001893939393939394,6.577841251298354,False
npm::charm,1,0.001893939393939394,6.577841251298354,False
npm::cached-path-relative,1,0.001893939393939394,6.577841251298354,False
npm::subarg,1,0.001893939393939394,6.577841251298354,False
npm::jquery-sparkline,1,0.001893939393939394,6.577841251298354,False
npm::ycssmin,1,0.001893939393939394,6.577841251298354,False
npm::read-only-stream,1,0.001893939393939394,6.577841251298354,False
npm::almond,1,0.001893939393939394,6.577841251298354,False
npm::domhelper,1,0.001893939393939394,6.577841251298354,False
npm::umd,1,0.001893939393939394,6.577841251298354,False
npm::grunt-less,1,0.001893939393939394,6.577841251298354,False
npm::bootstrap-timepicker,1,0.001893939393939394,6.577841251298354,False
composer::codeigniter4/codeigniter4-standard,1,0.001893939393939394,6.577841251298354,False
npm::classie,1,0.001893939393939394,6.577841251298354,False
composer::zendframework/zend-escaper,1,0.001893939393939394,6.577841251298354,False
npm::labeled-stream-splicer,1,0.001893939393939394,6.577841251298354,False
npm::path-platform,1,0.001893939393939394,6.577841251298354,False
npm::astw,1,0.001893939393939394,6.577841251298354,False
npm::lexical-scope,1,0.001893939393939394,6.577841251298354,False
npm::combine-source-map,1,0.001893939393939394,6.577841251298354,False
npm::jquery-knob,1,0.001893939393939394,6.577841251298354,False
npm::datatables.net-bs,1,0.001893939393939394,6.577841251298354,False
npm::pace,1,0.001893939393939394,6.577841251298354,False
npm::htmlescape,1,0.001893939393939394,6.577841251298354,False
npm::r2,1,0.001893939393939394,6.577841251298354,False
npm::shasum,1,0.001893939393939394,6.577841251298354,False
cargo::criterion,1,0.001893939393939394,6.577841251298354,False
cargo::fuel-types,1,0.001893939393939394,6.577841251298354,False
cargo::fuel-merkle,1,0.001893939393939394,6.577841251298354,False
cargo::fuel-crypto,1,0.001893939393939394,6.577841251298354,False
github_actions::advanced-security/maven-dependency-submission-action,1,0.001893939393939394,6.577841251298354,False
github_actions::microsoft/setup-msbuild,1,0.001893939393939394,6.577841251298354,False
npm::modify-filename,1,0.001893939393939394,6.577841251298354,False
npm::rev-hash,1,0.001893939393939394,6.577841251298354,False
npm::vinyl-paths,1,0.001893939393939394,6.577841251298354,False
npm::jasminewd,1,0.001893939393939394,6.577841251298354,False
npm::weinre,1,0.001893939393939394,6.577841251298354,False
npm::lodash._reunescapedhtml,1,0.001893939393939394,6.577841251298354,False
npm::rcloader,1,0.001893939393939394,6.577841251298354,False
npm::lodash._escapestringchar,1,0.001893939393939394,6.577841251298354,False
npm::lodash._escapehtmlchar,1,0.001893939393939394,6.577841251298354,False
npm::aws-sign,1,0.001893939393939394,6.577841251298354,False
npm::rev-path,1,0.001893939393939394,6.577841251298354,False
npm::run-sequence,1,0.001893939393939394,6.577841251298354,False
npm::breeze-nexttick,1,0.001893939393939394,6.577841251298354,False
npm::yui,1,0.001893939393939394,6.577841251298354,False
npm::yuidocjs,1,0.001893939393939394,6.577841251298354,False
npm::cookie-jar,1,0.001893939393939394,6.577841251298354,False
npm::gulp-htmlmin,1,0.001893939393939394,6.577841251298354,False
npm::gulp-protractor,1,0.001893939393939394,6.577841251298354,False
npm::gulp-changed,1,0.001893939393939394,6.577841251298354,False
npm::modify-babel-preset,1,0.001893939393939394,6.577841251298354,False
npm::babel-preset-es2015-loose,1,0.001893939393939394,6.577841251298354,False
npm::breeze-queue,1,0.001893939393939394,6.577841251298354,False
npm::lodash.pickby,1,0.001893939393939394,6.577841251298354,False
npm::gulp-babel,1,0.001893939393939394,6.577841251298354,False
npm::minijasminenode,1,0.001893939393939394,6.577841251298354,False
npm::tinycolor,1,0.001893939393939394,6.577841251298354,False
npm::active-x-obfuscator,1,0.001893939393939394,6.577841251298354,False
npm::aurelia-tools,1,0.001893939393939394,6.577841251298354,False
npm::karma-babel-preprocessor,1,0.001893939393939394,6.577841251298354,False
npm::gaia-tsort,1,0.001893939393939394,6.577841251298354,False
npm::breeze-dag,1,0.001893939393939394,6.577841251298354,False
npm::karma-jspm,1,0.001893939393939394,6.577841251298354,False
npm::gulp-bump,1,0.001893939393939394,6.577841251298354,False
npm::gulp-yuidoc,1,0.001893939393939394,6.577841251298354,False
npm::policyfile,1,0.001893939393939394,6.577841251298354,False
npm::aurelia-bundler,1,0.001893939393939394,6.577841251298354,False
npm::lodash._htmlescapes,1,0.001893939393939394,6.577841251298354,False
npm::zeparser,1,0.001893939393939394,6.577841251298354,False
npm::rcfinder,1,0.001893939393939394,6.577841251298354,False
npm::whacko,1,0.001893939393939394,6.577841251298354,False
npm::require-dir,1,0.001893939393939394,6.577841251298354,False
npm::@prefresh/utils,1,0.001893939393939394,6.577841251298354,False
npm::babel-plugin-transform-hook-names,1,0.001893939393939394,6.577841251298354,False
npm::@preact/preset-vite,1,0.001893939393939394,6.577841251298354,False
npm::@reach/visually-hidden,1,0.001893939393939394,6.577841251298354,False
npm::preact-router,1,0.001893939393939394,6.577841251298354,False
npm::@reach/alert,1,0.001893939393939394,6.577841251298354,False
npm::@prefresh/vite,1,0.001893939393939394,6.577841251298354,False
npm::@prefresh/core,1,0.001893939393939394,6.577841251298354,False
npm::@reach/utils,1,0.001893939393939394,6.577841251298354,False
npm::@prefresh/babel-plugin,1,0.001893939393939394,6.577841251298354,False
npm::@nestjs/apollo,1,0.001893939393939394,6.577841251298354,False
github_actions::PaulHatch/semantic-version,1,0.001893939393939394,6.577841251298354,False
npm::@nestjs/graphql,1,0.001893939393939394,6.577841251298354,False
cargo::zstd,1,0.001893939393939394,6.577841251298354,False
cargo::indoc,1,0.001893939393939394,6.577841251298354,False
pypi::jupyter-client,1,0.001893939393939394,6.577841251298354,False
cargo::planus,1,0.001893939393939394,6.577841251298354,False
cargo::ntapi,1,0.001893939393939394,6.577841251298354,False
cargo::array-init-cursor,1,0.001893939393939394,6.577841251298354,False
cargo::pyo3-ffi,1,0.001893939393939394,6.577841251298354,False
cargo::lz4-sys,1,0.001893939393939394,6.577841251298354,False
cargo::comfy-table,1,0.001893939393939394,6.577841251298354,False
cargo::jobserver,1,0.001893939393939394,6.577841251298354,False
cargo::dyn-clone,1,0.001893939393939394,6.577841251298354,False
cargo::lz4,1,0.001893939393939394,6.577841251298354,False
pypi::ipython,1,0.001893939393939394,6.577841251298354,False
cargo::polars-plan,1,0.001893939393939394,6.577841251298354,False
pypi::jedi,1,0.001893939393939394,6.577841251298354,False
cargo::foreign_vec,1,0.001893939393939394,6.577841251298354,False
cargo::multiversion-macros,1,0.001893939393939394,6.577841251298354,False
pypi::contourpy,1,0.001893939393939394,6.577841251298354,False
pypi::cycler,1,0.001893939393939394,6.577841251298354,False
cargo::zstd-sys,1,0.001893939393939394,6.577841251298354,False
cargo::polars-parquet,1,0.001893939393939394,6.577841251298354,False
cargo::bytemuck_derive,1,0.001893939393939394,6.577841251298354,False
cargo::sysinfo,1,0.001893939393939394,6.577841251298354,False
pypi::nest-asyncio,1,0.001893939393939394,6.577841251298354,False
cargo::unindent,1,0.001893939393939394,6.577841251298354,False
pypi::comm,1,0.001893939393939394,6.577841251298354,False
pypi::ptyprocess,1,0.001893939393939394,6.577841251298354,False
cargo::pyo3,1,0.001893939393939394,6.577841251298354,False
cargo::pyo3-build-config,1,0.001893939393939394,6.577841251298354,False
pypi::pexpect,1,0.001893939393939394,6.577841251298354,False
pypi::pyarrow,1,0.001893939393939394,6.577841251298354,False
cargo::enum_dispatch,1,0.001893939393939394,6.577841251298354,False
cargo::allocator-api2,1,0.001893939393939394,6.577841251298354,False
cargo::async-stream,1,0.001893939393939394,6.577841251298354,False
cargo::target-features,1,0.001893939393939394,6.577841251298354,False
cargo::brotli-decompressor,1,0.001893939393939394,6.577841251298354,False
cargo::simdutf8,1,0.001893939393939394,6.577841251298354,False
cargo::strum_macros,1,0.001893939393939394,6.577841251298354,False
pypi::pure-eval,1,0.001893939393939394,6.577841251298354,False
pypi::tornado,1,0.001893939393939394,6.577841251298354,False
cargo::pyo3-macros,1,0.001893939393939394,6.577841251298354,False
cargo::crossbeam-queue,1,0.001893939393939394,6.577841251298354,False
cargo::alloc-stdlib,1,0.001893939393939394,6.577841251298354,False
cargo::polars-time,1,0.001893939393939394,6.577841251298354,False
cargo::polars,1,0.001893939393939394,6.577841251298354,False
cargo::atoi_simd,1,0.001893939393939394,6.577841251298354,False
cargo::pyo3-macros-backend,1,0.001893939393939394,6.577841251298354,False
cargo::arrow-format,1,0.001893939393939394,6.577841251298354,False
cargo::polars-row,1,0.001893939393939394,6.577841251298354,False
cargo::ethnum,1,0.001893939393939394,6.577841251298354,False
pypi::matplotlib-inline,1,0.001893939393939394,6.577841251298354,False
pypi::jupyter-core,1,0.001893939393939394,6.577841251298354,False
cargo::atoi,1,0.001893939393939394,6.577841251298354,False
cargo::fallible-streaming-iterator,1,0.001893939393939394,6.577841251298354,False
cargo::smartstring,1,0.001893939393939394,6.577841251298354,False
cargo::xxhash-rust,1,0.001893939393939394,6.577841251298354,False
cargo::libm,1,0.001893939393939394,6.577841251298354,False
pypi::kiwisolver,1,0.001893939393939394,6.577841251298354,False
cargo::sqlparser,1,0.001893939393939394,6.577841251298354,False
cargo::now,1,0.001893939393939394,6.577841251298354,False
cargo::polars-io,1,0.001893939393939394,6.577841251298354,False
cargo::rand_distr,1,0.001893939393939394,6.577841251298354,False
cargo::polars-utils,1,0.001893939393939394,6.577841251298354,False
cargo::snap,1,0.001893939393939394,6.577841251298354,False
cargo::brotli,1,0.001893939393939394,6.577841251298354,False
cargo::polars-core,1,0.001893939393939394,6.577841251298354,False
cargo::polars-sql,1,0.001893939393939394,6.577841251298354,False
cargo::streaming-iterator,1,0.001893939393939394,6.577841251298354,False
cargo::strength_reduce,1,0.001893939393939394,6.577841251298354,False
pypi::ipykernel,1,0.001893939393939394,6.577841251298354,False
cargo::static_assertions,1,0.001893939393939394,6.577841251298354,False
pypi::prompt-toolkit,1,0.001893939393939394,6.577841251298354,False
cargo::polars-ops,1,0.001893939393939394,6.577841251298354,False
cargo::alloc-no-stdlib,1,0.001893939393939394,6.577841251298354,False
pypi::traitlets,1,0.001893939393939394,6.577841251298354,False
pypi::pyzmq,1,0.001893939393939394,6.577841251298354,False
cargo::parquet-format-safe,1,0.001893939393939394,6.577841251298354,False
cargo::crossterm_winapi,1,0.001893939393939394,6.577841251298354,False
cargo::streaming-decompression,1,0.001893939393939394,6.577841251298354,False
pypi::parso,1,0.001893939393939394,6.577841251298354,False
cargo::ahash,1,0.001893939393939394,6.577841251298354,False
cargo::crossterm,1,0.001893939393939394,6.577841251298354,False
cargo::polars-arrow,1,0.001893939393939394,6.577841251298354,False
pypi::asttokens,1,0.001893939393939394,6.577841251298354,False
pypi::debugpy,1,0.001893939393939394,6.577841251298354,False
cargo::polars-lazy,1,0.001893939393939394,6.577841251298354,False
cargo::zstd-safe,1,0.001893939393939394,6.577841251298354,False
pypi::stack-data,1,0.001893939393939394,6.577841251298354,False
cargo::multiversion,1,0.001893939393939394,6.577841251298354,False
pypi::fonttools,1,0.001893939393939394,6.577841251298354,False
cargo::argminmax,1,0.001893939393939394,6.577841251298354,False
cargo::strum,1,0.001893939393939394,6.577841251298354,False
cargo::polars-error,1,0.001893939393939394,6.577841251298354,False
cargo::async-stream-impl,1,0.001893939393939394,6.577841251298354,False
cargo::seq-macro,1,0.001893939393939394,6.577841251298354,False
cargo::fast-float,1,0.001893939393939394,6.577841251298354,False
pypi::polars,1,0.001893939393939394,6.577841251298354,False
cargo::polars-pipe,1,0.001893939393939394,6.577841251298354,False
pypi::executing,1,0.001893939393939394,6.577841251298354,False
nuget::system.security.cryptography.x509certificates,1,0.001893939393939394,6.577841251298354,False
nuget::system.security.cryptography.encoding,1,0.001893939393939394,6.577841251298354,False
nuget::system.security.cryptography.algorithms,1,0.001893939393939394,6.577841251298354,False
nuget::system.io,1,0.001893939393939394,6.577841251298354,False
nuget::system.security.cryptography.primitives,1,0.001893939393939394,6.577841251298354,False
nuget::system.net.http,1,0.001893939393939394,6.577841251298354,False
nuget::system.runtime,1,0.001893939393939394,6.577841251298354,False
gem::minimal-mistakes-jekyll,1,0.001893939393939394,6.577841251298354,False
gem::jekyll-include-cache,1,0.001893939393939394,6.577841251298354,False
maven::com.google.protobuf/protobuf-java,1,0.001893939393939394,6.577841251298354,False
maven::com.barchart.feed/barchart-feed-ddf-assembly,1,0.001893939393939394,6.577841251298354,False
maven::io.netty/netty,1,0.001893939393939394,6.577841251298354,False
npm::@types/morgan,1,0.001893939393939394,6.577841251298354,False
pypi::flask-pymongo,1,0.001893939393939394,6.577841251298354,False
npm::vue-form-generator,1,0.001893939393939394,6.577841251298354,False
npm::@ckeditor/ckeditor5-clipboard,1,0.001893939393939394,6.577841251298354,False
npm::@types/cssnano,1,0.001893939393939394,6.577841251298354,False
npm::@ckeditor/ckeditor5-list,1,0.001893939393939394,6.577841251298354,False
composer::mews/purifier,1,0.001893939393939394,6.577841251298354,False
composer::omnipay/stripe,1,0.001893939393939394,6.577841251298354,False
npm::@ckeditor/ckeditor5-dev-utils,1,0.001893939393939394,6.577841251298354,False
npm::@ckeditor/ckeditor5-image,1,0.001893939393939394,6.577841251298354,False
npm::he-tree-vue,1,0.001893939393939394,6.577841251298354,False
npm::pofile,1,0.001893939393939394,6.577841251298354,False
composer::kalnoy/nestedset,1,0.001893939393939394,6.577841251298354,False
composer::league/omnipay,1,0.001893939393939394,6.577841251298354,False
npm::@ckeditor/ckeditor5-block-quote,1,0.001893939393939394,6.577841251298354,False
npm::@types/babel-template,1,0.001893939393939394,6.577841251298354,False
composer::propaganistas/laravel-phone,1,0.001893939393939394,6.577841251298354,False
npm::draggable-helper,1,0.001893939393939394,6.577841251298354,False
npm::drag-event-service,1,0.001893939393939394,6.577841251298354,False
npm::@types/browser-sync,1,0.001893939393939394,6.577841251298354,False
composer::rachidlaasri/laravel-installer,1,0.001893939393939394,6.577841251298354,False
npm::postcss-mixins,1,0.001893939393939394,6.577841251298354,False
composer::omnipay/paypal,1,0.001893939393939394,6.577841251298354,False
composer::bavix/laravel-wallet,1,0.001893939393939394,6.577841251298354,False
npm::@ckeditor/ckeditor5-engine,1,0.001893939393939394,6.577841251298354,False
npm::@ckeditor/ckeditor5-media-embed,1,0.001893939393939394,6.577841251298354,False
npm::@tinymce/tinymce-vue,1,0.001893939393939394,6.577841251298354,False
composer::eluceo/ical,1,0.001893939393939394,6.577841251298354,False
npm::vue-functions,1,0.001893939393939394,6.577841251298354,False
npm::@ckeditor/ckeditor5-paste-from-office,1,0.001893939393939394,6.577841251298354,False
npm::@types/babel-core,1,0.001893939393939394,6.577841251298354,False
composer::beyondcode/laravel-dump-server,1,0.001893939393939394,6.577841251298354,False
npm::@ckeditor/ckeditor5-ckfinder,1,0.001893939393939394,6.577841251298354,False
npm::@ckeditor/ckeditor5-basic-styles,1,0.001893939393939394,6.577841251298354,False
npm::@ckeditor/ckeditor5-editor-classic,1,0.001893939393939394,6.577841251298354,False
npm::@ckeditor/ckeditor5-cloud-services,1,0.001893939393939394,6.577841251298354,False
composer::johngrogg/ics-parser,1,0.001893939393939394,6.577841251298354,False
npm::vuedraggable,1,0.001893939393939394,6.577841251298354,False
npm::@ckeditor/ckeditor5-autoformat,1,0.001893939393939394,6.577841251298354,False
npm::@ckeditor/ckeditor5-heading,1,0.001893939393939394,6.577841251298354,False
npm::@types/micromatch,1,0.001893939393939394,6.577841251298354,False
npm::eslint-plugin-ckeditor5-rules,1,0.001893939393939394,6.577841251298354,False
npm::@ckeditor/ckeditor5-easy-image,1,0.001893939393939394,6.577841251298354,False
npm::@ckeditor/ckeditor5-upload,1,0.001893939393939394,6.577841251298354,False
npm::@ckeditor/ckeditor5-ui,1,0.001893939393939394,6.577841251298354,False
npm::@types/parse-glob,1,0.001893939393939394,6.577841251298354,False
npm::@ckeditor/ckeditor5-link,1,0.001893939393939394,6.577841251298354,False
npm::yazl,1,0.001893939393939394,6.577841251298354,False
npm::sortablejs,1,0.001893939393939394,6.577841251298354,False
npm::vue-runtime-helpers,1,0.001893939393939394,6.577841251298354,False
npm::@ckeditor/ckeditor5-typing,1,0.001893939393939394,6.577841251298354,False
composer::maatwebsite/excel,1,0.001893939393939394,6.577841251298354,False
npm::@ckeditor/ckeditor5-widget,1,0.001893939393939394,6.577841251298354,False
npm::gulp-zip,1,0.001893939393939394,6.577841251298354,False
npm::eslint-config-ckeditor5,1,0.001893939393939394,6.577841251298354,False
npm::@ckeditor/ckeditor5-theme-lark,1,0.001893939393939394,6.577841251298354,False
npm::ckeditor5,1,0.001893939393939394,6.577841251298354,False
npm::@ckeditor/ckeditor5-paragraph,1,0.001893939393939394,6.577841251298354,False
composer::spatie/laravel-image-optimizer,1,0.001893939393939394,6.577841251298354,False
npm::@ckeditor/ckeditor5-core,1,0.001893939393939394,6.577841251298354,False
npm::@ckeditor/ckeditor5-enter,1,0.001893939393939394,6.577841251298354,False
npm::@ckeditor/ckeditor5-essentials,1,0.001893939393939394,6.577841251298354,False
npm::helper-js,1,0.001893939393939394,6.577841251298354,False
composer::simplesoftwareio/simple-qrcode,1,0.001893939393939394,6.577841251298354,False
composer::munafio/chatify,1,0.001893939393939394,6.577841251298354,False
composer::omnipay/migs,1,0.001893939393939394,6.577841251298354,False
npm::bootbox,1,0.001893939393939394,6.577841251298354,False
npm::@ckeditor/ckeditor5-adapter-ckfinder,1,0.001893939393939394,6.577841251298354,False
npm::@ckeditor/ckeditor-cloud-services-core,1,0.001893939393939394,6.577841251298354,False
npm::@ckeditor/ckeditor5-dev-webpack-plugin,1,0.001893939393939394,6.577841251298354,False
npm::@ckeditor/ckeditor5-undo,1,0.001893939393939394,6.577841251298354,False
npm::@ckeditor/ckeditor5-utils,1,0.001893939393939394,6.577841251298354,False
npm::postcss-simple-vars,1,0.001893939393939394,6.577841251298354,False
npm::@ckeditor/ckeditor5-table,1,0.001893939393939394,6.577841251298354,False
maven::me.paulschwarz/spring-dotenv,1,0.001893939393939394,6.577841251298354,False
maven::org.jdom/jdom,1,0.001893939393939394,6.577841251298354,False
maven::jaxen/jaxen,1,0.001893939393939394,6.577841251298354,False
maven::org.apache.maven.plugins/maven-assembly-plugin,1,0.001893939393939394,6.577841251298354,False
maven::net.java.dev.rome/rome,1,0.001893939393939394,6.577841251298354,False
npm::dmd-plugin-cordova-plugin,1,0.001893939393939394,6.577841251298354,False
npm::cordova-ios,1,0.001893939393939394,6.577841251298354,False
npm::cordova-plugin-camera,1,0.001893939393939394,6.577841251298354,False
npm::eslint-config-semistandard,1,0.001893939393939394,6.577841251298354,False
npm::cordova-android,1,0.001893939393939394,6.577841251298354,False
npm::cordova-plugin-whitelist,1,0.001893939393939394,6.577841251298354,False
npm::jsdoc-to-markdown,1,0.001893939393939394,6.577841251298354,False
npm::cordova-plugin-contacts-phonenumbers,1,0.001893939393939394,6.577841251298354,False
npm::init-package-json,1,0.001893939393939394,6.577841251298354,False
npm::patch-console,1,0.001893939393939394,6.577841251298354,False
npm::grunt-contrib-nodeunit,1,0.001893939393939394,6.577841251298354,False
npm::grunt-bower-concat,1,0.001893939393939394,6.577841251298354,False
npm::fs-vacuum,1,0.001893939393939394,6.577841251298354,False
npm::libnpmconfig,1,0.001893939393939394,6.577841251298354,False
npm::svg-modify,1,0.001893939393939394,6.577841251298354,False
npm::ink,1,0.001893939393939394,6.577841251298354,False
npm::npm-audit-report,1,0.001893939393939394,6.577841251298354,False
npm::libnpmpublish,1,0.001893939393939394,6.577841251298354,False
npm::bind-obj-methods,1,0.001893939393939394,6.577841251298354,False
npm::react-reconciler,1,0.001893939393939394,6.577841251298354,False
npm::grunt-fcoo-grunt-plugin,1,0.001893939393939394,6.577841251298354,False
npm::@hapi/b64,1,0.001893939393939394,6.577841251298354,False
npm::grunt-terser,1,0.001893939393939394,6.577841251298354,False
npm::sorted-union-stream,1,0.001893939393939394,6.577841251298354,False
npm::bin-links,1,0.001893939393939394,6.577841251298354,False
npm::guetzli,1,0.001893939393939394,6.577841251298354,False
npm::columnify,1,0.001893939393939394,6.577841251298354,False
npm::libnpmsearch,1,0.001893939393939394,6.577841251298354,False
npm::qw,1,0.001893939393939394,6.577841251298354,False
npm::gentle-fs,1,0.001893939393939394,6.577841251298354,False
npm::lock-verify,1,0.001893939393939394,6.577841251298354,False
npm::grunt-prompt,1,0.001893939393939394,6.577841251298354,False
npm::round10,1,0.001893939393939394,6.577841251298354,False
npm::@hapi/boom,1,0.001893939393939394,6.577841251298354,False
npm::@hapi/bounce,1,0.001893939393939394,6.577841251298354,False
npm::tcompare,1,0.001893939393939394,6.577841251298354,False
npm::@types/yoga-layout,1,0.001893939393939394,6.577841251298354,False
npm::@hapi/hawk,1,0.001893939393939394,6.577841251298354,False
npm::lodash._createset,1,0.001893939393939394,6.577841251298354,False
npm::grunt-curl,1,0.001893939393939394,6.577841251298354,False
npm::own-or-env,1,0.001893939393939394,6.577841251298354,False
npm::node-units,1,0.001893939393939394,6.577841251298354,False
npm::liftup,1,0.001893939393939394,6.577841251298354,False
npm::pullstream,1,0.001893939393939394,6.577841251298354,False
npm::slice-stream,1,0.001893939393939394,6.577841251298354,False
npm::metaparser,1,0.001893939393939394,6.577841251298354,False
npm::scp2,1,0.001893939393939394,6.577841251298354,False
npm::tap,1,0.001893939393939394,6.577841251298354,False
npm::@hapi/cryptiles,1,0.001893939393939394,6.577841251298354,False
npm::sha,1,0.001893939393939394,6.577841251298354,False
npm::tap-parser,1,0.001893939393939394,6.577841251298354,False
npm::grunt-retro,1,0.001893939393939394,6.577841251298354,False
npm::editor,1,0.001893939393939394,6.577841251298354,False
npm::mmmagic,1,0.001893939393939394,6.577841251298354,False
npm::npm-lifecycle,1,0.001893939393939394,6.577841251298354,False
npm::tap-yaml,1,0.001893939393939394,6.577841251298354,False
npm::curl,1,0.001893939393939394,6.577841251298354,False
npm::@isaacs/import-jsx,1,0.001893939393939394,6.577841251298354,False
npm::libnpmaccess,1,0.001893939393939394,6.577841251298354,False
npm::is-cidr,1,0.001893939393939394,6.577841251298354,False
npm::numerizer,1,0.001893939393939394,6.577841251298354,False
npm::function-loop,1,0.001893939393939394,6.577841251298354,False
npm::grunt-real-favicon,1,0.001893939393939394,6.577841251298354,False
npm::wiredep-cli,1,0.001893939393939394,6.577841251298354,False
npm::umask,1,0.001893939393939394,6.577841251298354,False
npm::match-stream,1,0.001893939393939394,6.577841251298354,False
npm::read-installed,1,0.001893939393939394,6.577841251298354,False
npm::main-bower-files,1,0.001893939393939394,6.577841251298354,False
npm::nodeunit-x,1,0.001893939393939394,6.577841251298354,False
npm::over,1,0.001893939393939394,6.577841251298354,False
npm::grunt-shell,1,0.001893939393939394,6.577841251298354,False
npm::lazy-property,1,0.001893939393939394,6.577841251298354,False
npm::call-limit,1,0.001893939393939394,6.577841251298354,False
npm::rfg-api,1,0.001893939393939394,6.577841251298354,False
npm::grunt-rename-util,1,0.001893939393939394,6.577841251298354,False
npm::grunt-svg-modify,1,0.001893939393939394,6.577841251298354,False
npm::events-to-array,1,0.001893939393939394,6.577841251298354,False
npm::treport,1,0.001893939393939394,6.577841251298354,False
npm::libcipm,1,0.001893939393939394,6.577841251298354,False
npm::libnpmhook,1,0.001893939393939394,6.577841251298354,False
npm::promzard,1,0.001893939393939394,6.577841251298354,False
npm::sorted-object,1,0.001893939393939394,6.577841251298354,False
npm::stringify-package,1,0.001893939393939394,6.577841251298354,False
npm::byte-size,1,0.001893939393939394,6.577841251298354,False
npm::lodash._baseuniq,1,0.001893939393939394,6.577841251298354,False
npm::grunt-css-url-embed,1,0.001893939393939394,6.577841251298354,False
npm::npm-cache-filename,1,0.001893939393939394,6.577841251298354,False
npm::ansistyles,1,0.001893939393939394,6.577841251298354,False
npm::find-npm-prefix,1,0.001893939393939394,6.577841251298354,False
npm::grunt-wiredep,1,0.001893939393939394,6.577841251298354,False
npm::findit,1,0.001893939393939394,6.577841251298354,False
npm::libnpmteam,1,0.001893939393939394,6.577841251298354,False
npm::libtap,1,0.001893939393939394,6.577841251298354,False
npm::read-cmd-shim,1,0.001893939393939394,6.577841251298354,False
npm::npm,1,0.001893939393939394,6.577841251298354,False
npm::lodash.without,1,0.001893939393939394,6.577841251298354,False
npm::grunt-gitinfo,1,0.001893939393939394,6.577841251298354,False
npm::wiredep,1,0.001893939393939394,6.577841251298354,False
npm::cli-columns,1,0.001893939393939394,6.577841251298354,False
npm::tiny-relative-date,1,0.001893939393939394,6.577841251298354,False
npm::grunt-auto-install,1,0.001893939393939394,6.577841251298354,False
npm::@hapi/sntp,1,0.001893939393939394,6.577841251298354,False
npm::propprop,1,0.001893939393939394,6.577841251298354,False
npm::unicode-length,1,0.001893939393939394,6.577841251298354,False
npm::cmd-shim,1,0.001893939393939394,6.577841251298354,False
npm::grunt-continue,1,0.001893939393939394,6.577841251298354,False
npm::libnpm,1,0.001893939393939394,6.577841251298354,False
npm::npm-user-validate,1,0.001893939393939394,6.577841251298354,False
npm::libnpx,1,0.001893939393939394,6.577841251298354,False
npm::npm-profile,1,0.001893939393939394,6.577841251298354,False
npm::libnpmorg,1,0.001893939393939394,6.577841251298354,False
npm::async-hook-domain,1,0.001893939393939394,6.577841251298354,False
npm::node-unzip-2,1,0.001893939393939394,6.577841251298354,False
npm::stream-iterate,1,0.001893939393939394,6.577841251298354,False
npm::tap-mocha-reporter,1,0.001893939393939394,6.577841251298354,False
npm::grunt-bower,1,0.001893939393939394,6.577841251298354,False
npm::trivial-deferred,1,0.001893939393939394,6.577841251298354,False
npm::own-or,1,0.001893939393939394,6.577841251298354,False
npm::npm-logical-tree,1,0.001893939393939394,6.577841251298354,False
npm::yoga-layout-prebuilt,1,0.001893939393939394,6.577841251298354,False
npm::cidr-regex,1,0.001893939393939394,6.577841251298354,False
npm::@iarna/cli,1,0.001893939393939394,6.577841251298354,False
npm::@hapi/teamwork,1,0.001893939393939394,6.577841251298354,False
composer::predis/predis,1,0.001893939393939394,6.577841251298354,False
composer::codeigniter/coding-standard,1,0.001893939393939394,6.577841251298354,False
composer::nexusphp/cs-config,1,0.001893939393939394,6.577841251298354,False
composer::ext-json,1,0.001893939393939394,6.577841251298354,False
gem::rugged,1,0.001893939393939394,6.577841251298354,False
npm::uc.micro,1,0.001893939393939394,6.577841251298354,False
npm::webpack-external-import,1,0.001893939393939394,6.577841251298354,False
npm::lodash.uniqueid,1,0.001893939393939394,6.577841251298354,False
npm::lodash.topairs,1,0.001893939393939394,6.577841251298354,False
npm::frontmatter-markdown-loader,1,0.001893939393939394,6.577841251298354,False
npm::linkify-it,1,0.001893939393939394,6.577841251298354,False
npm::@npmcli/ci-detect,1,0.001893939393939394,6.577841251298354,False
pypi::flask-marshmallow,1,0.001893939393939394,6.577841251298354,False
pypi::marshmallow-sqlalchemy,1,0.001893939393939394,6.577841251298354,False
npm::dtrace-provider,1,0.001893939393939394,6.577841251298354,False
npm::bunyan,1,0.001893939393939394,6.577841251298354,False
npm::es6-object-assign,1,0.001893939393939394,6.577841251298354,False
npm::@react-icons/all-files,1,0.001893939393939394,6.577841251298354,False
npm::sweetalert,1,0.001893939393939394,6.577841251298354,False
npm::babel-plugin-transform-honey-jsx,1,0.001893939393939394,6.577841251298354,False
npm::packages/honey-chrometools,1,0.001893939393939394,6.577841251298354,False
npm::honey-js-core,1,0.001893939393939394,6.577841251298354,False
npm::packages/create-honey-app,1,0.001893939393939394,6.577841251298354,False
npm::@types/jsonfile,1,0.001893939393939394,6.577841251298354,False
npm::honey-scripts,1,0.001893939393939394,6.577841251298354,False
npm::babel-preset-honey,1,0.001893939393939394,6.577841251298354,False
npm::@types/webpack-bundle-analyzer,1,0.001893939393939394,6.577841251298354,False
npm::packages/babel-plugin-transform-honey-jsx,1,0.001893939393939394,6.577841251298354,False
npm::@types/axios,1,0.001893939393939394,6.577841251298354,False
npm::packages/honey-scripts,1,0.001893939393939394,6.577841251298354,False
npm::packages/babel-preset-honey,1,0.001893939393939394,6.577841251298354,False
github_actions::elgohr/publish-docker-github-action,1,0.001893939393939394,6.577841251298354,False
github_actions::anothrNick/github-tag-action,1,0.001893939393939394,6.577841251298354,False
pypi::seaborn,1,0.001893939393939394,6.577841251298354,False
pypi::textstat,1,0.001893939393939394,6.577841251298354,False
maven::net.luckperms/api,1,0.001893939393939394,6.577841251298354,False
maven::org.spigotmc/spigot-api,1,0.001893939393939394,6.577841251298354,False
npm::owl.carousel,1,0.001893939393939394,6.577841251298354,False
npm::v-owl-carousel,1,0.001893939393939394,6.577841251298354,False
npm::fibers,1,0.001893939393939394,6.577841251298354,False
github_actions::actions/upload-pages-artifact,1,0.001893939393939394,6.577841251298354,False
github_actions::actions/deploy-pages,1,0.001893939393939394,6.577841251298354,False
github_actions::actions/configure-pages,1,0.001893939393939394,6.577841251298354,False
maven::com.auth0/auth0-spring-security-api,1,0.001893939393939394,6.577841251298354,False
maven::com.auth0/auth0,1,0.001893939393939394,6.577841251298354,False
golang::github.com/whencome/xlog,1,0.001893939393939394,6.577841251298354,False
golang::github.com/axgle/mahonia,1,0.001893939393939394,6.577841251298354,False
maven::org.springframework/spring-tx,1,0.001893939393939394,6.577841251298354,False
maven::org.apache.activemq/activemq-spring,1,0.001893939393939394,6.577841251298354,False
maven::org.springframework.data/spring-data-jpa,1,0.001893939393939394,6.577841251298354,False
maven::org.hibernate/hibernate-core,1,0.001893939393939394,6.577841251298354,False
maven::org.springframework/spring-jms,1,0.001893939393939394,6.577841251298354,False
maven::org.springframework/spring-orm,1,0.001893939393939394,6.577841251298354,False
maven::org.hibernate/hibernate-entitymanager,1,0.001893939393939394,6.577841251298354,False
npm::prettier-plugin-tailwindcss,1,0.001893939393939394,6.577841251298354,False
npm::zustand,1,0.001893939393939394,6.577841251298354,False
npm::react-paginate,1,0.001893939393939394,6.577841251298354,False
npm::@types/spotify-api,1,0.001893939393939394,6.577841251298354,False
npm::prettier-plugin-classnames,1,0.001893939393939394,6.577841251298354,False
github_actions::docker/build-push-action,1,0.001893939393939394,6.577841251298354,False
npm::coalescy,1,0.001893939393939394,6.577841251298354,False
nuget::monogame.framework.desktopgl,1,0.001893939393939394,6.577841251298354,False
nuget::monogame.content.builder.task,1,0.001893939393939394,6.577841251298354,False
nuget::monogame.extended.content.pipeline,1,0.001893939393939394,6.577841251298354,False
npm::multispinner,1,0.001893939393939394,6.577841251298354,False
npm::electron,1,0.001893939393939394,6.577841251298354,False
npm::vue-html-loader,1,0.001893939393939394,6.577841251298354,False
npm::mariadb,1,0.001893939393939394,6.577841251298354,False
npm::eslint-plugin-html,1,0.001893939393939394,6.577841251298354,False
npm::electron-builder,1,0.001893939393939394,6.577841251298354,False
npm::babili-webpack-plugin,1,0.001893939393939394,6.577841251298354,False
npm::devtron,1,0.001893939393939394,6.577841251298354,False
npm::iview,1,0.001893939393939394,6.577841251298354,False
npm::vue-baidu-map,1,0.001893939393939394,6.577841251298354,False
npm::electron-debug,1,0.001893939393939394,6.577841251298354,False
npm::electron-devtools-installer,1,0.001893939393939394,6.577841251298354,False
npm::node-loader,1,0.001893939393939394,6.577841251298354,False
npm::csv-stringify,1,0.001893939393939394,6.577841251298354,False
npm::cfonts,1,0.001893939393939394,6.577841251298354,False
npm::vue-electron,1,0.001893939393939394,6.577841251298354,False
npm::point-in-polygon,1,0.001893939393939394,6.577841251298354,False
npm::hyperlinker,1,0.001893939393939394,6.577841251298354,False
npm::@oclif/errors,1,0.001893939393939394,6.577841251298354,False
npm::@heroku-cli/plugin-local,1,0.001893939393939394,6.577841251298354,False
npm::@heroku-cli/color,1,0.001893939393939394,6.577841251298354,False
npm::@oclif/linewrap,1,0.001893939393939394,6.577841251298354,False
npm::sparkline,1,0.001893939393939394,6.577841251298354,False
npm::@oclif/command,1,0.001893939393939394,6.577841251298354,False
npm::@oclif/screen,1,0.001893939393939394,6.577841251298354,False
npm::github-url-to-object,1,0.001893939393939394,6.577841251298354,False
npm::treeify,1,0.001893939393939394,6.577841251298354,False
npm::@heroku-cli/plugin-pg-v5,1,0.001893939393939394,6.577841251298354,False
npm::@heroku-cli/plugin-certs-v5,1,0.001893939393939394,6.577841251298354,False
npm::@heroku-cli/plugin-oauth-v5,1,0.001893939393939394,6.577841251298354,False
npm::@heroku-cli/plugin-git,1,0.001893939393939394,6.577841251298354,False
npm::iterm2-version,1,0.001893939393939394,6.577841251298354,False
npm::shell-escape,1,0.001893939393939394,6.577841251298354,False
npm::@oclif/color,1,0.001893939393939394,6.577841251298354,False
npm::object-treeify,1,0.001893939393939394,6.577841251298354,False
npm::@oclif/plugin-warn-if-update-available,1,0.001893939393939394,6.577841251298354,False
npm::@heroku-cli/plugin-container-registry-v5,1,0.001893939393939394,6.577841251298354,False
npm::@heroku-cli/plugin-ps-exec,1,0.001893939393939394,6.577841251298354,False
npm::@heroku-cli/plugin-spaces,1,0.001893939393939394,6.577841251298354,False
npm::@heroku-cli/plugin-buildpacks,1,0.001893939393939394,6.577841251298354,False
npm::log-chopper,1,0.001893939393939394,6.577841251298354,False
npm::@oclif/plugin-legacy,1,0.001893939393939394,6.577841251298354,False
npm::@heroku-cli/plugin-config,1,0.001893939393939394,6.577841251298354,False
npm::@heroku-cli/plugin-redis-v5,1,0.001893939393939394,6.577841251298354,False
npm::netrc-parser,1,0.001893939393939394,6.577841251298354,False
npm::@heroku-cli/command,1,0.001893939393939394,6.577841251298354,False
npm::@oclif/plugin-help,1,0.001893939393939394,6.577841251298354,False
npm::term-img,1,0.001893939393939394,6.577841251298354,False
npm::@oclif/parser,1,0.001893939393939394,6.577841251298354,False
npm::@oclif/plugin-commands,1,0.001893939393939394,6.577841251298354,False
npm::@heroku-cli/notifications,1,0.001893939393939394,6.577841251298354,False
npm::@heroku/socksv5,1,0.001893939393939394,6.577841251298354,False
npm::heroku,1,0.001893939393939394,6.577841251298354,False
npm::lodash.keyby,1,0.001893939393939394,6.577841251298354,False
npm::heroku-cli-util,1,0.001893939393939394,6.577841251298354,False
npm::@heroku-cli/plugin-ci-v5,1,0.001893939393939394,6.577841251298354,False
npm::extract-stack,1,0.001893939393939394,6.577841251298354,False
npm::here,1,0.001893939393939394,6.577841251298354,False
npm::cli-ux,1,0.001893939393939394,6.577841251298354,False
npm::@heroku-cli/plugin-run,1,0.001893939393939394,6.577841251298354,False
npm::@oclif/plugin-plugins,1,0.001893939393939394,6.577841251298354,False
npm::true-myth,1,0.001893939393939394,6.577841251298354,False
npm::@heroku-cli/plugin-addons-v5,1,0.001893939393939394,6.577841251298354,False
npm::@heroku-cli/plugin-webhooks,1,0.001893939393939394,6.577841251298354,False
npm::co-wait,1,0.001893939393939394,6.577841251298354,False
npm::@heroku-cli/plugin-autocomplete,1,0.001893939393939394,6.577841251298354,False
npm::foreman,1,0.001893939393939394,6.577841251298354,False
npm::@oclif/plugin-which,1,0.001893939393939394,6.577841251298354,False
npm::@heroku-cli/plugin-addons,1,0.001893939393939394,6.577841251298354,False
npm::@heroku/buildpack-registry,1,0.001893939393939394,6.577841251298354,False
npm::@oclif/config,1,0.001893939393939394,6.577841251298354,False
npm::@oclif/plugin-update,1,0.001893939393939394,6.577841251298354,False
npm::@heroku-cli/schema,1,0.001893939393939394,6.577841251298354,False
npm::heroku-client,1,0.001893939393939394,6.577841251298354,False
npm::phoenix,1,0.001893939393939394,6.577841251298354,False
npm::app-path,1,0.001893939393939394,6.577841251298354,False
npm::@heroku-cli/plugin-auth,1,0.001893939393939394,6.577841251298354,False
npm::@heroku-cli/plugin-ci,1,0.001893939393939394,6.577841251298354,False
npm::smooth-progress,1,0.001893939393939394,6.577841251298354,False
npm::http-call,1,0.001893939393939394,6.577841251298354,False
npm::async-file,1,0.001893939393939394,6.577841251298354,False
npm::ssh2-streams,1,0.001893939393939394,6.577841251298354,False
npm::scss,1,0.001893939393939394,6.577841251298354,False
npm::printf,1,0.001893939393939394,6.577841251298354,False
npm::@heroku-cli/plugin-apps-v5,1,0.001893939393939394,6.577841251298354,False
npm::@oclif/plugin-not-found,1,0.001893939393939394,6.577841251298354,False
npm::heroku-exec-util,1,0.001893939393939394,6.577841251298354,False
npm::natural-orderby,1,0.001893939393939394,6.577841251298354,False
npm::@heroku-cli/plugin-pipelines,1,0.001893939393939394,6.577841251298354,False
npm::@heroku-cli/plugin-ps,1,0.001893939393939394,6.577841251298354,False
npm::edit-string,1,0.001893939393939394,6.577841251298354,False
npm::ometa,1,0.001893939393939394,6.577841251298354,False
npm::tunnel-ssh,1,0.001893939393939394,6.577841251298354,False
npm::strftime,1,0.001893939393939394,6.577841251298354,False
npm::cli-progress,1,0.001893939393939394,6.577841251298354,False
npm::axios-https-proxy-fix,1,0.001893939393939394,6.577841251298354,False
npm::@heroku/eventsource,1,0.001893939393939394,6.577841251298354,False
npm::@heroku-cli/plugin-run-v5,1,0.001893939393939394,6.577841251298354,False
npm::@heroku-cli/plugin-orgs-v5,1,0.001893939393939394,6.577841251298354,False
npm::@heroku-cli/plugin-status,1,0.001893939393939394,6.577841251298354,False
npm::@heroku-cli/plugin-apps,1,0.001893939393939394,6.577841251298354,False
npm::@heroku-cli/plugin-certs,1,0.001893939393939394,6.577841251298354,False
npm::init,1,0.001893939393939394,6.577841251298354,False
npm::daemon,1,0.001893939393939394,6.577841251298354,False
npm::weak,1,0.001893939393939394,6.577841251298354,False
npm::sync-exec,1,0.001893939393939394,6.577841251298354,False
npm::metro-bundler,1,0.001893939393939394,6.577841251298354,False
npm::copy-paste,1,0.001893939393939394,6.577841251298354,False
maven::com.itextpdf/kernel,1,0.001893939393939394,6.577841251298354,False
maven::org.codehaus.jackson/jackson-mapper-asl,1,0.001893939393939394,6.577841251298354,False
maven::org.springframework.boot/spring-boot-starter-data-rest,1,0.001893939393939394,6.577841251298354,False
maven::com.itextpdf/itextpdf,1,0.001893939393939394,6.577841251298354,False
maven::org.springframework.security/spring-security-config,1,0.001893939393939394,6.577841251298354,False
maven::com.google.firebase/firebase-server-sdk,1,0.001893939393939394,6.577841251298354,False
maven::com.itextpdf/layout,1,0.001893939393939394,6.577841251298354,False
maven::com.notnoop.apns/apns,1,0.001893939393939394,6.577841251298354,False
maven::com.itextpdf/zugferd,1,0.001893939393939394,6.577841251298354,False
npm::lodash.shuffle,1,0.001893939393939394,6.577841251298354,False
npm::@types/lodash.shuffle,1,0.001893939393939394,6.577841251298354,False
npm::printful-request,1,0.001893939393939394,6.577841251298354,False
npm::classcat,1,0.001893939393939394,6.577841251298354,False
npm::next-seo,1,0.001893939393939394,6.577841251298354,False
npm::detect-element-overflow,1,0.001893939393939394,6.577841251298354,False
npm::react-prop-types,1,0.001893939393939394,6.577841251298354,False
npm::date-arithmetic,1,0.001893939393939394,6.577841251298354,False
npm::merge-class-names,1,0.001893939393939394,6.577841251298354,False
npm::react-day-picker,1,0.001893939393939394,6.577841251298354,False
npm::react-materialize,1,0.001893939393939394,6.577841251298354,False
npm::react-calendar,1,0.001893939393939394,6.577841251298354,False
npm::get-user-locale,1,0.001893939393939394,6.577841251298354,False
npm::spy-on-component,1,0.001893939393939394,6.577841251298354,False
npm::fork-ts-checker-webpack-plugin-alt,1,0.001893939393939394,6.577841251298354,False
npm::react-date-picker,1,0.001893939393939394,6.577841251298354,False
npm::make-event-props,1,0.001893939393939394,6.577841251298354,False
npm::react-widgets,1,0.001893939393939394,6.577841251298354,False
npm::react-component-managers,1,0.001893939393939394,6.577841251298354,False
npm::tsx,1,0.001893939393939394,6.577841251298354,False
github_actions::superfly/flyctl-actions/setup-flyctl,1,0.001893939393939394,6.577841251298354,False
npm::drizzle-kit,1,0.001893939393939394,6.577841251298354,False
npm::tailwindcss-animate,1,0.001893939393939394,6.577841251298354,False
npm::class-variance-authority,1,0.001893939393939394,6.577841251298354,False
npm::@radix-ui/react-label,1,0.001893939393939394,6.577841251298354,False
npm::@clerk/clerk-react,1,0.001893939393939394,6.577841251298354,False
npm::@tanstack/react-router,1,0.001893939393939394,6.577841251298354,False
npm::@clerk/clerk-sdk-node,1,0.001893939393939394,6.577841251298354,False
npm::@tanstack/router-devtools,1,0.001893939393939394,6.577841251298354,False
npm::@hookform/resolvers,1,0.001893939393939394,6.577841251298354,False
npm::drizzle-orm,1,0.001893939393939394,6.577841251298354,False
npm::@tanstack/router-cli,1,0.001893939393939394,6.577841251298354,False
npm::@tanstack/router-vite-plugin,1,0.001893939393939394,6.577841251298354,False
npm::@tsconfig/vite-react,1,0.001893939393939394,6.577841251298354,False
npm::drizzle-zod,1,0.001893939393939394,6.577841251298354,False
npm::lucide-react,1,0.001893939393939394,6.577841251298354,False
npm::postgres,1,0.001893939393939394,6.577841251298354,False
npm::http-status-codes,1,0.001893939393939394,6.577841251298354,False
maven::org.thymeleaf.extras/thymeleaf-extras-springsecurity5,1,0.001893939393939394,6.577841251298354,False
npm::rebound,1,0.001893939393939394,6.577841251298354,False
npm::jest-file-exists,1,0.001893939393939394,6.577841251298354,False
npm::settle-promise,1,0.001893939393939394,6.577841251298354,False
pypi::virtualenv,1,0.001893939393939394,6.577841251298354,False
pypi::imageio,1,0.001893939393939394,6.577841251298354,False
pypi::toml,1,0.001893939393939394,6.577841251298354,False
maven::ro.isdc.wro4j/wro4j-maven-plugin,1,0.001893939393939394,6.577841251298354,False
maven::com.chunyue/pet-clinic-data,1,0.001893939393939394,6.577841251298354,False
maven::javax.activation/activation,1,0.001893939393939394,6.577841251298354,False
maven::org.springframework.boot/spring-boot-starter-webflux,1,0.001893939393939394,6.577841251298354,False
maven::org.glassfish.jaxb/jaxb-runtime,1,0.001893939393939394,6.577841251298354,False
nuget::microsoft.extensions.hosting,1,0.001893939393939394,6.577841251298354,False
nuget::quartz,1,0.001893939393939394,6.577841251298354,False
nuget::microsoft.extensions.hosting.windowsservices,1,0.001893939393939394,6.577841251298354,False
npm::lodash.startswith,1,0.001893939393939394,6.577841251298354,False
npm::lodash.endswith,1,0.001893939393939394,6.577841251298354,False
github_actions::softprops/action-gh-release,1,0.001893939393939394,6.577841251298354,False
pypi::pymysql,1,0.001893939393939394,6.577841251298354,False
maven::commons-dbcp/commons-dbcp,1,0.001893939393939394,6.577841251298354,False
maven::com.wordnik/swagger-annotations,1,0.001893939393939394,6.577841251298354,False
maven::org.hibernate/hibernate-validator,1,0.001893939393939394,6.577841251298354,False
maven::org.bouncycastle/bcprov-jdk15on,1,0.001893939393939394,6.577841251298354,False
maven::com.fasterxml/classmate,1,0.001893939393939394,6.577841251298354,False
maven::com.mangofactory/swagger-models,1,0.001893939393939394,6.577841251298354,False
maven::aopalliance/aopalliance,1,0.001893939393939394,6.577841251298354,False
maven::commons-fileupload/commons-fileupload,1,0.001893939393939394,6.577841251298354,False
maven::com.github.pagehelper/pagehelper,1,0.001893939393939394,6.577841251298354,False
maven::com.aliyun.oss/aliyun-sdk-oss,1,0.001893939393939394,6.577841251298354,False
maven::com.mangofactory/swagger-springmvc,1,0.001893939393939394,6.577841251298354,False
